experiment_name,feature_count,train_rows,rows_removed,R2,MAPE,MdAPE,MAE,RMSE
baseline_reference,13,59345,0,0.6370951692075499,0.19541444856865672,0.08243243340516983,176134.1128455535,1010179.0949797271
train_closeprice_ge_100000_livingarea_ge_400,13,59270,75,0.6370797404788011,0.19567913513969887,0.08266574393795348,176290.09334977035,1010200.5683968184
train_closeprice_ge_100000,13,59276,69,0.6370782766329256,0.19567891110000565,0.08256636083807821,176288.40682339857,1010202.6057265148
baseline_plus_list_price_per_sqft,14,59345,0,0.6360252532668765,0.20373849447801406,0.08663871775213093,181397.95679525004,1011667.103940488
