ClosePrice,predicted,residual,ape
8712500.0,5510921.265592347,3201578.734407653,0.367469582141481
1100000.0,835233.924342443,264766.075657557,0.24069643241596092
1625000.0,829671.1480214798,795328.8519785202,0.48943313967908936
1560000.0,876872.826956445,683127.173043555,0.43790203400227884
605000.0,1408778.6908697896,-803778.6908697896,1.328559819619487
377500.0,568482.604467015,-190982.60446701501,0.5059141840185828
400000.0,944935.0784928217,-544935.0784928217,1.3623376962320541
595000.0,557392.0439655554,37607.95603444462,0.06320664879738593
595000.0,956801.50430593,-361801.50430593,0.6080697551360168
2400000.0,963935.6479095122,1436064.3520904877,0.5983601467043699
260000.0,786413.0581072913,-526413.0581072913,2.0246656081049665
379900.0,518172.18933945557,-138272.18933945557,0.36396996404173615
775000.0,344672.61875071493,430327.38124928507,0.5552611370958517
240000.0,625808.6169979413,-385808.6169979413,1.6075359041580888
1890000.0,958771.3437794332,931228.6562205668,0.49271357471987665
351000.0,643671.7939997015,-292671.7939997015,0.8338227749279246
4550000.0,1765381.39065694,2784618.6093430603,0.6120040899655077
633400.0,1039832.8124236675,-406432.8124236675,0.6416684755662575
1100000.0,657544.8429427742,442455.1570572258,0.4022319609611144
465000.0,862199.583992181,-397199.583992181,0.8541926537466258
1240000.0,1228907.9579927959,11092.042007204145,0.008945195167100116
347000.0,554496.0475348453,-207496.0475348453,0.5979713185442228
1400000.0,1103076.2763797475,296923.72362025245,0.21208837401446604
609000.0,502536.3681713836,106463.63182861637,0.17481712943943575
660000.0,775305.7911492046,-115305.7911492046,0.1747057441654615
1350000.0,814291.1000691518,535708.8999308482,0.3968214073561838
4200000.0,1310540.7836853382,2889459.216314662,0.6879664800749195
1070000.0,432267.65563703707,637732.344362963,0.5960115367878159
525000.0,789335.7308957884,-264335.7308957884,0.5034966302776922
3995000.0,1059484.1907468063,2935515.8092531934,0.7347974491247042
4663750.0,5441283.137930047,-777533.1379300468,0.16671844286894597
2510000.0,754212.7797329617,1755787.2202670383,0.6995168208235213
1100000.0,823383.5421028947,276616.45789710525,0.2514695071791866
635000.0,650477.285911066,-15477.285911065992,0.024373678600103924
1365000.0,955888.8575233341,409111.1424766659,0.2997151226935281
2789000.0,1150383.4083947663,1638616.5916052337,0.5875283584099081
1200000.0,937651.6670425326,262348.3329574674,0.2186236107978895
10998000.0,3968766.4802888054,7029233.519711195,0.6391374358711761
1132500.0,819569.5144722202,312930.4855277798,0.27631830951680336
6063320.0,5450199.614316178,613120.3856838224,0.10111958228888174
292500.0,574197.8061166527,-281697.8061166527,0.9630694226210348
1175000.0,957665.6315042307,217334.36849576933,0.18496541999639943
1310000.0,803192.7435727717,506807.25642722833,0.3868757682650598
710000.0,667402.738214703,42597.261785296956,0.05999614335957318
725812.0,671383.7115070454,54428.28849295457,0.07498951311490382
1065000.0,1050599.7506253826,14400.249374617357,0.013521360915133668
35000000.0,3622738.176106926,31377261.823893074,0.8964931949683735
2875000.0,1026159.0015447749,1848840.998455225,0.6430751298974696
310000.0,574197.8061166527,-264197.8061166527,0.8522509874730732
465000.0,867095.7359567888,-402095.73595678876,0.8647220128102984
3012500.0,1354439.7066039762,1658060.2933960238,0.5503934583887216
450000.0,618107.9422978865,-168107.94229788647,0.3735732051064144
530000.0,1173393.455511297,-643393.4555112971,1.2139499160590512
7095000.0,2371804.542209984,4723195.457790016,0.6657076050443997
1360000.0,870448.8312313017,489551.16876869835,0.35996409468286644
2265000.0,2155213.588460413,109786.41153958719,0.04847082187178243
587000.0,797382.6094698887,-210382.60946988873,0.3584030825722125
1175000.0,784711.2480663827,390288.7519336173,0.3321606399435041
2700000.0,850890.7386729287,1849109.2613270713,0.6848552819729894
3400000.0,1954345.4250857208,1445654.5749142792,0.4251925220336115
211000.0,904843.8388785573,-693843.8388785573,3.2883594259647264
935000.0,595235.2866034139,339764.7133965861,0.36338472021025253
1500000.0,1084001.6557575674,415998.3442424326,0.27733222949495506
1175000.0,842848.7251486778,332151.2748513222,0.2826819360436785
2550000.0,3290772.8496856326,-740772.8496856326,0.29049915673946375
660000.0,805844.7260723402,-145844.72607234016,0.22097685768536388
899000.0,1701935.5860889459,-802935.5860889459,0.8931430323570032
1200000.0,602113.6899363347,597886.3100636653,0.49823859171972107
3100000.0,1621927.7635118503,1478072.2364881497,0.4767974956413386
780000.0,800762.4704735454,-20762.47047354537,0.026618551889160732
2475000.0,3448105.64408609,-973105.6440860899,0.3931739976105414
589000.0,526899.9752327973,62100.024767202674,0.10543297923124392
400000.0,941889.6036220674,-541889.6036220674,1.3547240090551684
1632000.0,1004136.8305301744,627863.1694698256,0.384720079332001
545000.0,730125.0869503489,-185125.08695034892,0.33967905862449344
2150000.0,816659.9014253172,1333340.0985746828,0.6201581853835734
2995000.0,942739.4267094833,2052260.5732905166,0.6852289059400724
1325000.0,1002174.4990219263,322825.5009780737,0.24364188753062166
690000.0,947212.6932632567,-257212.6932632567,0.3727720192221111
4500000.0,4140506.0438701613,359493.9561298387,0.07988754580663082
1230000.0,951240.6179842327,278759.3820157673,0.22663364391525795
2715000.0,1701860.2260871236,1013139.7739128764,0.37316382096238543
350000.0,805417.967032591,-455417.967032591,1.3011941915216885
394750.0,1149486.0939897872,-754736.0939897872,1.9119343736283398
815000.0,708934.1345020076,106065.86549799237,0.13014216625520536
1250000.0,794416.4251414677,455583.5748585323,0.3644668598868258
1555200.0,915093.0570304182,640106.9429695818,0.4115913985143916
1059000.0,1207860.299440778,-148860.2994407781,0.14056685499601332
600000.0,677565.2434666345,-77565.24346663454,0.12927540577772423
1800000.0,1960845.7315628107,-160845.73156281072,0.08935873975711707
3270000.0,2446312.5026152,823687.4973848001,0.25189220103510707
480000.0,898760.7134534107,-418760.71345341066,0.8724181530279389
930000.0,1426803.2310185754,-496803.2310185754,0.5341970226006186
10700000.0,7336989.660538898,3363010.339461102,0.31430003172533666
1155000.0,947075.1180862767,207924.8819137233,0.18002154278244442
1100000.0,863600.0382083342,236399.96179166576,0.2149090561742416
1495000.0,1029222.1561882668,465777.8438117332,0.3115570861616944
1023000.0,1251241.0995776001,-228241.09957760014,0.2231095792547411
1000000.0,998826.9645579914,1173.035442008637,0.001173035442008637
2650000.0,822241.2997227565,1827758.7002772435,0.6897202642555635
1125000.0,1510829.0282270703,-385829.02822707035,0.3429591362018403
1550000.0,1270162.5785182614,279837.42148173857,0.1805402719237023
464000.0,549371.1589030329,-85371.15890303289,0.18398956660136398
509900.0,916642.7966216318,-406742.79662163183,0.7976913053964146
694900.0,1141754.632193989,-446854.6321939889,0.6430488303266497
359000.0,447115.52107844234,-88115.52107844234,0.24544713392323772
500000.0,802810.6607093984,-302810.66070939845,0.6056213214187969
1000000.0,860141.5418693604,139858.45813063963,0.13985845813063963
800000.0,857479.8451317828,-57479.845131782815,0.07184980641472852
1410000.0,803192.7435727717,606807.2564272283,0.43035975633136764
630000.0,884802.1762228078,-254802.17622280784,0.40444789876636167
3900000.0,2841875.572130221,1058124.427869779,0.2713139558640459
600000.0,804399.5180302016,-204399.51803020155,0.3406658633836693
822000.0,826209.5756982978,-4209.57569829782,0.0051211383190971045
250000.0,724171.0867901967,-474171.0867901967,1.8966843471607868
1245000.0,899032.180227757,345967.81977224303,0.2778857990138498
2837500.0,1217512.3484983535,1619987.6515016465,0.5709207582384658
725000.0,459236.43973533565,265763.56026466435,0.36657042795126116
1200000.0,549477.9882523604,650522.0117476396,0.5421016764563663
2520000.0,1178266.0465387073,1341733.9534612927,0.532434108516386
2650000.0,2540644.666809928,109355.33319007186,0.041266163467951644
1380000.0,1565202.815309024,-185202.81530902395,0.1342049386297275
2300000.0,790141.9415679332,1509858.0584320668,0.6564600254052464
1500000.0,1040082.2045841973,459917.79541580274,0.30661186361053516
1865000.0,1131037.0858579183,733962.9141420817,0.3935457984676042
3750000.0,1662130.4404829221,2087869.5595170779,0.5567652158712207
980000.0,844601.2210072725,135398.77899272752,0.1381620193803342
1200000.0,1232084.3240206437,-32084.32402064372,0.026736936683869766
14500000.0,6957650.947323427,7542349.052676573,0.5201620036328671
270000.0,448365.5134564955,-178365.51345649548,0.6606130128018352
288000.0,626972.502414799,-338972.50241479895,1.1769878556069409
1400000.0,1041490.5222472611,358509.47775273887,0.2560781983948135
1220300.0,920470.545050344,299829.45494965604,0.24570142993497995
1475000.0,626866.5881552276,848133.4118447724,0.5750057029456084
1775000.0,1695893.437502524,79106.56249747612,0.04456707746336683
275000.0,674934.2570874506,-399934.2570874506,1.4543063894089112
850000.0,800733.2373230723,49266.76267692773,0.057960897266973795
1189000.0,404695.73237458087,784304.2676254192,0.6596335303830271
420000.0,569499.7732594842,-149499.7732594842,0.35595184109401
4200000.0,3177373.4310634173,1022626.5689365827,0.24348251641347207
218000.0,404695.73237458087,-186695.73237458087,0.8564024420852333
1175000.0,952315.0479820196,222684.9520179804,0.18951910810040884
1515000.0,974772.5294697931,540227.4705302069,0.3565857891288495
2300000.0,756063.0337146192,1543936.9662853808,0.6712769418632091
1962500.0,980350.7148032488,982149.2851967512,0.5004582344951599
630000.0,687075.8496726087,-57075.84967260866,0.09059658678191851
2350000.0,1877429.8858393023,472570.1141606977,0.20109366560029687
875000.0,746210.9666572602,128789.0333427398,0.14718746667741692
3995000.0,1651338.5770483655,2343661.4229516345,0.5866486665711226
1480000.0,1461827.0537574573,18172.946242542705,0.012279017731447774
1065000.0,1166242.4183774246,-101242.41837742459,0.09506330364077427
1550000.0,1763900.8331285603,-213900.83312856033,0.138000537502297
4995000.0,2127424.8480916596,2867575.1519083404,0.5740891195011693
3400000.0,985171.721120326,2414828.278879674,0.7102436114351983
3000000.0,803173.2476861201,2196826.75231388,0.7322755841046266
3100000.0,2100470.5322410497,999529.4677589503,0.32242886056740333
715000.0,1166170.3482367797,-451170.3482367797,0.6310074800514401
2000000.0,760127.5654716758,1239872.4345283243,0.6199362172641621
560000.0,1260651.2230416615,-700651.2230416615,1.2511628982886813
821000.0,751042.4694454878,69957.53055451217,0.08521014683862627
990000.0,928014.6011151621,61985.398884837865,0.06261151402508876
2750000.0,716186.8670312765,2033813.1329687235,0.7395684119886268
2350000.0,1768121.288061274,581878.711938726,0.24760796252711745
1650000.0,690051.507894598,959948.492105402,0.5817869649123649
640000.0,870255.3854878983,-230255.38548789825,0.359774039824841
3750000.0,2199226.0807366017,1550773.9192633983,0.41353971180357285
1210000.0,1090005.656938907,119994.34306109301,0.09916887856288678
4300000.0,701900.6663243982,3598099.3336756015,0.8367672869013026
570000.0,771215.2664861247,-201215.26648612472,0.3530092394493416
1500000.0,913129.450851411,586870.549148589,0.39124703276572603
950000.0,577540.06868278,372459.93131722,0.39206308559707365
2250000.0,600646.8122154844,1649353.1877845156,0.7330458612375624
2750000.0,918757.2782127985,1831242.7217872015,0.6659064442862551
955000.0,1505459.1728980434,-550459.1728980434,0.5763970396838151
1600000.0,2663400.147477253,-1063400.1474772529,0.664625092173283
699000.0,710862.941255025,-11862.941255024984,0.016971303655257487
680000.0,1051898.0298942395,-371898.0298942395,0.5469088674915287
1337000.0,869310.598832093,467689.40116790705,0.3498050868869911
1900000.0,763143.2135639153,1136856.7864360847,0.5983456770716234
700000.0,969493.0746290747,-269493.07462907466,0.3849901066129638
5300000.0,541334.007054951,4758665.992945049,0.8978615081028394
1430000.0,1033919.4950720439,396080.50492795615,0.27697937407549383
826000.0,1060295.9470788846,-234295.94707888458,0.28365126764998133
3500000.0,1229363.0541684483,2270636.9458315517,0.648753413094729
1075000.0,1094786.7795269084,-19786.779526908416,0.018406306536658992
345000.0,540804.1755833796,-195804.17558337958,0.5675483350242886
1049000.0,922055.3778561722,126944.62214382784,0.12101489241546982
900000.0,455168.37292608275,444831.62707391725,0.4942573634154636
3200000.0,1004530.5109464726,2195469.4890535274,0.6860842153292273
1625000.0,816120.8617429255,808879.1382570745,0.49777177738896894
18277380.0,12316666.749444874,5960713.250555126,0.3261251476171708
650000.0,1007294.114169599,-357294.114169599,0.5496832525686138
1000000.0,1035448.175578545,-35448.175578544964,0.03544817557854497
5000000.0,2797433.4521392803,2202566.5478607197,0.44051330957214396
310000.0,605000.5341558411,-295000.5341558411,0.9516146263091648
1300000.0,634389.9487291084,665610.0512708916,0.5120077317468397
2520000.0,1477837.6006952901,1042162.3993047099,0.41355650766059915
1350000.0,1214257.6827263304,135742.31727366964,0.1005498646471627
3600000.0,4320023.459026788,-720023.4590267884,0.2000065163963301
5200000.0,4828865.267763716,371134.73223628383,0.07137206389159305
270000.0,454910.88298324554,-184910.88298324554,0.6848551221601686
1800000.0,1168418.732287804,631581.2677121961,0.3508784820623312
1150000.0,747291.3031027121,402708.69689728785,0.350181475562859
688000.0,857479.8451317828,-169479.84513178281,0.2463369842031727
2100000.0,1325767.0506238886,774232.9493761114,0.36868235684576733
2400000.0,1037956.2802301621,1362043.7197698378,0.5675182165707657
162000.0,684784.4015341739,-522784.40153417387,3.227064207001073
585000.0,932348.2488566446,-347348.2488566446,0.5937576903532387
1105000.0,665038.6161076729,439961.3838923271,0.3981550985450924
1200000.0,1166992.8816881562,33007.118311843835,0.02750593192653653
1580000.0,773448.6928068695,806551.3071931305,0.5104755108817282
1612500.0,1029595.3190470943,582904.6809529057,0.3614912750095539
895000.0,458859.2281598028,436140.7718401972,0.4873081249611142
410000.0,880927.905665601,-470927.905665601,1.1486046479648806
1675000.0,1161219.4982629512,513780.50173704885,0.3067346279027157
1190000.0,836948.6235862242,353051.37641377584,0.29668182891913936
1705000.0,886324.9014898398,818675.0985101602,0.4801613480998007
840000.0,1110794.2166908206,-270794.21669082064,0.3223740674890722
1425000.0,766358.6164687739,658641.3835312261,0.46220447967103584
600000.0,586063.0102259247,13936.989774075337,0.02322831629012556
6000000.0,6285737.129194697,-285737.12919469737,0.047622854865782896
1075000.0,1276778.746661898,-201778.74666189798,0.1877011596854865
2000000.0,1418388.6534705441,581611.3465294559,0.29080567326472795
3200000.0,980071.7953042977,2219928.2046957025,0.6937275639674071
5995000.0,1140348.3626065596,4854651.63739344,0.8097834257537014
1240000.0,787800.5872749845,452199.41272501554,0.36467694574598025
650000.0,491717.21793353505,158282.78206646495,0.24351197240994607
1000000.0,953214.5784463263,46785.42155367369,0.04678542155367369
515000.0,867883.8460260164,-352883.8460260164,0.685211351506828
3440000.0,893896.596172249,2546103.403827751,0.7401463383220207
600000.0,978941.30345219,-378941.30345219,0.6315688390869834
2680000.0,1783847.4314304888,896152.5685695112,0.33438528677966833
303000.0,562018.2594638292,-259018.25946382922,0.8548457408047169
3200000.0,1553585.4837432841,1646414.5162567159,0.5145045363302237
2700000.0,2725207.0345995775,-25207.034599577542,0.009335938740584275
1050000.0,1927185.5431233956,-877185.5431233956,0.8354148029746625
2450000.0,2934228.874547023,-484228.87454702286,0.19764443859062159
1415000.0,990252.3383158649,424747.6616841351,0.3001750259251838
730000.0,693488.850875546,36511.14912445401,0.05001527277322467
3060000.0,1535360.8079606718,1524639.1920393282,0.49824810197363667
415000.0,491588.3217380684,-76588.32173806842,0.18455017286281547
1360000.0,777671.1483932964,582328.8516067036,0.4281829791225762
1502125.0,1330431.7900913698,171693.20990863023,0.11430021463502055
5100000.0,2290354.293329682,2809645.706670318,0.5509109228765329
900000.0,790817.0268376711,109182.97316232894,0.12131441462480994
1050000.0,498612.3229580064,551387.6770419936,0.5251311209923748
1430000.0,1445285.491624812,-15285.491624811897,0.010689154982385943
700000.0,758182.4375371723,-58182.43753717234,0.0831177679102462
785000.0,861251.6384853923,-76251.63848539232,0.09713584520432143
3000000.0,1338559.8710719696,1661440.1289280304,0.5538133763093435
2845000.0,1040082.2045841973,1804917.7954158029,0.634417502782356
1800000.0,1611605.8553484692,188394.14465153078,0.10466341369529487
490000.0,775305.7911492046,-285305.7911492046,0.5822567166310297
3265000.0,756962.4714691695,2508037.5285308305,0.7681585079726893
499900.0,631052.5297791851,-131152.52977918508,0.2623575310645831
975000.0,1157377.7618394466,-182377.7618394466,0.18705411470712474
4188000.0,1792326.5640277655,2395673.4359722342,0.5720328166122813
820000.0,647904.1447267928,172095.85527320718,0.2098729942356185
927000.0,544908.3726862518,382091.62731374823,0.41218082773867126
1078000.0,885858.6094645213,192141.3905354787,0.17823876673049974
248012.1,728774.8900567528,-480762.79005675286,1.938465058990077
950000.0,1012578.6896693759,-62578.68966937589,0.06587230491513252
1300000.0,988151.0777315587,311848.9222684413,0.23988378636033947
1275000.0,567580.66571052,707419.33428948,0.5548386935603765
1300000.0,721486.1212403356,578513.8787596644,0.4450106759689726
3650000.0,1833694.5080409856,1816305.4919590144,0.4976179430024697
1850000.0,902080.0943727675,947919.9056272325,0.5123891381768825
675000.0,689036.4960526631,-14036.496052663075,0.02079480896690826
1250000.0,810371.4059972669,439628.5940027331,0.3517028752021865
970000.0,783082.2370127558,186917.76298724418,0.1926987247291177
2330000.0,856527.7245626257,1473472.2754373741,0.6323915345224782
611000.0,559640.6126751928,51359.387324807234,0.08405791706187764
3000000.0,882263.1093554473,2117736.8906445527,0.7059122968815176
790000.0,797642.8961311511,-7642.896131151123,0.009674552064748257
875000.0,704839.0624293596,170160.93757064035,0.1944696429378747
825000.0,516189.8004883209,308810.1995116791,0.37431539334748987
930000.0,653200.6496135183,276799.35038648173,0.2976337100929911
1005000.0,899658.9719471814,105341.02805281861,0.10481694333613792
3800000.0,1128530.1771528525,2671469.8228471475,0.7030183744334598
1400000.0,1142181.1433892655,257818.85661073448,0.18415632615052463
1600000.0,1029030.1320079278,570969.8679920722,0.3568561674950452
450000.0,838365.5041414808,-388365.5041414808,0.863034453647735
2190000.0,2117661.324020707,72338.67597929295,0.03303135889465431
670000.0,829160.8431420056,-159160.84314200561,0.23755349722687405
1113000.0,1031175.4770686876,81824.52293131244,0.07351709158249096
661000.0,663764.9272421696,-2764.9272421696223,0.004182945903433619
750000.0,1279182.2068465005,-529182.2068465005,0.705576275795334
405000.0,894793.8524679412,-489793.85246794124,1.2093675369578796
725000.0,867883.8460260164,-142883.8460260164,0.1970811669324364
728000.0,830652.7577680323,-102652.75776803226,0.1410065353956487
270000.0,854736.2091580825,-584736.2091580825,2.1656896635484535
1300000.0,830294.9923850296,469705.00761497044,0.36131154431920803
750000.0,976901.6923281524,-226901.69232815236,0.3025355897708698
470000.0,1060482.7156285597,-590482.7156285597,1.2563462034650206
890000.0,654656.2678591071,235343.73214089288,0.26443115970886844
1100000.0,1031889.0717392385,68110.92826076155,0.061919025691601404
3200000.0,2478216.318247872,721783.6817521281,0.22555740054754003
3100000.0,3167459.0578148277,-67459.05781482765,0.02176098639187989
2601000.0,974814.200348023,1626185.7996519771,0.6252156092472039
239900.0,810778.5637705427,-570878.5637705427,2.379652204128982
525000.0,937458.8287336957,-412458.8287336957,0.7856358642546584
742000.0,1576208.8617379921,-834208.8617379921,1.124270703150933
1185000.0,1055980.097577409,129019.90242259111,0.10887755478699672
1975000.0,1013255.0910417556,961744.9089582444,0.4869594475737946
2477000.0,1266367.898591597,1210632.101408403,0.4887493344402111
785000.0,769251.9357983004,15748.06420169957,0.020061228282419834
1450000.0,1168940.4083502856,281059.5916497144,0.19383420113773406
1675000.0,1035289.6256175429,639710.3743824571,0.3819166414223625
1550000.0,1667455.040040702,-117455.0400407021,0.07577744518754974
988000.0,989128.160032449,-1128.1600324490573,0.001141862381021313
1305000.0,897946.1092224368,407053.8907775632,0.31191869025100627
297000.0,422844.49734641955,-125844.49734641955,0.4237188462842409
2808000.0,980039.9133812641,1827960.086618736,0.6509829368300342
430500.0,1347413.684620039,-916913.6846200391,2.1298808005111245
1075000.0,562664.4683046178,512335.5316953822,0.47659119227477414
5895000.0,1605442.543001123,4289557.456998877,0.7276602980490038
960900.0,1134077.7699376668,-173177.76993766683,0.1802245498362648
1280000.0,902104.0308507599,377895.96914924006,0.2952312258978438
1250000.0,1075163.6744124852,174836.3255875148,0.13986906047001182
694900.0,914013.4648100738,-219113.46481007384,0.3153165416751674
860000.0,779528.4791631603,80471.52083683969,0.09357153585679033
685000.0,714162.5637263043,-29162.56372630433,0.04257308573183114
550000.0,747677.5735921804,-197677.5735921804,0.3594137701676007
1875000.0,1317598.945963822,557401.0540361779,0.2972805621526282
1100000.0,1401295.7863853609,-301295.7863853609,0.2739052603503281
600000.0,677565.2434666345,-77565.24346663454,0.12927540577772423
1300000.0,713516.643133071,586483.356866929,0.45114104374379155
2600000.0,2317865.1399472863,282134.86005271366,0.10851340771258218
8130000.0,3017060.5697734156,5112939.430226585,0.6288978388962589
3134171.0,4677217.705462812,-1543046.7054628124,0.4923300947723696
1200000.0,702185.2815237815,497814.7184762185,0.4148455987301821
687000.0,653160.8950841872,33839.104915812844,0.04925633903320647
850000.0,755093.9919099612,94906.00809003878,0.11165412716475151
1400000.0,478128.49828272144,921871.5017172785,0.6584796440837704
302202.0,742968.1991221365,-440766.19912213646,1.4585151624480859
1460000.0,992787.9309048097,467212.06909519027,0.32000826650355496
625000.0,618951.4454620074,6048.554537992575,0.009677687260788121
1300000.0,747385.2184702714,552614.7815297286,0.4250882934844066
950000.0,721268.6662892706,228731.33371072938,0.2407698249586625
2000000.0,1001571.3327432213,998428.6672567787,0.49921433362838935
1330000.0,918757.2782127985,411242.7217872015,0.30920505397533943
789000.0,1425649.5324134366,-636649.5324134366,0.8069068851881326
238000.0,759715.7277035078,-521715.72770350776,2.192082889510537
740000.0,821319.1358697844,-81319.1358697844,0.1098907241483573
2200000.0,1091327.4333198778,1108672.5666801222,0.5039420757636919
3925000.0,1300270.0215029889,2624729.978497011,0.6687210136298117
1565000.0,1077321.650505205,487678.3494947951,0.31161555878261665
821000.0,882091.0410253882,-61091.04102538817,0.07441052500047281
3300000.0,755268.2470696319,2544731.7529303683,0.7711308342213238
850000.0,1017948.3102011048,-167948.31020110485,0.19758624729541746
1400000.0,602222.6049050433,797777.3950949567,0.5698409964963976
343500.0,634934.417616454,-291434.41761645395,0.8484262521585267
1730625.0,1029595.3190470943,701029.6809529057,0.405073127311177
527600.0,1148621.3695736409,-621021.3695736409,1.1770685549159228
1185000.0,852867.0953207623,332132.90467923775,0.28028093221876604
2168000.0,1818634.2425246038,349365.75747539615,0.16114656710119749
2300000.0,1049685.7485751526,1250314.2514248474,0.5436148919238467
2625000.0,943310.4723078131,1681689.5276921869,0.6406436295970236
1600000.0,1065339.7460305966,534660.2539694034,0.33416265873087714
1700000.0,951590.8226591196,748409.1773408804,0.44024069255345905
305000.0,639035.2963281388,-334035.2963281388,1.0951976928791436
3312500.0,3201000.3986627413,111499.6013372587,0.033660257007474326
4550000.0,1631131.7170450622,2918868.282954938,0.6415095127373489
313700.0,409888.61673127266,-96188.61673127266,0.30662612920392945
2911500.0,1317598.945963822,1593901.054036178,0.547450130185876
1950000.0,1387633.5510010354,562366.4489989646,0.2883930507686998
660000.0,413080.9563227623,246919.0436772377,0.37411976314732986
1510000.0,937160.4526173753,572839.5473826247,0.3793639386639899
1350000.0,1090753.138319786,259246.86168021406,0.19203471235571412
1298000.0,998856.652807721,299143.34719227895,0.23046482834536128
1425000.0,998856.652807721,426143.34719227895,0.29904796294195013
5200000.0,1367515.513770959,3832484.4862290407,0.7370162473517385
400000.0,483740.55159072834,-83740.55159072834,0.20935137897682085
2242500.0,1179402.7623782489,1063097.2376217511,0.4740678874567452
824000.0,764386.3634647254,59613.63653527456,0.07234664628067301
2285000.0,1125152.1767951702,1159847.8232048298,0.5075920451662275
900000.0,767273.4519995452,132726.5480004548,0.14747394222272753
3500000.0,3564985.318115415,-64985.31811541505,0.018567233747261443
599000.0,941336.5928263768,-342336.5928263768,0.571513510561564
1355000.0,918318.9806649531,436681.0193350469,0.32227381500741464
1600000.0,1474704.0164425035,125295.98355749645,0.07830998972343528
330000.0,741771.1400128296,-411771.14001282956,1.2477913333722108
1410000.0,909171.8163831311,500828.1836168689,0.3551972933452971
1850000.0,732989.2681726548,1117010.7318273452,0.603789584771538
1625000.0,1105470.8332256742,519529.1667743258,0.3197102564765082
1710000.0,970257.7826642895,739742.2173357105,0.4325977879156202
1185000.0,791544.7042778902,393455.29572210985,0.33202978541950195
900000.0,783645.4174715427,116354.58252845728,0.12928286947606366
1925000.0,1303544.7895199205,621455.2104800795,0.3228338755740673
1300000.0,758691.5059671197,541308.4940328803,0.41639114925606174
1530000.0,1448068.9716226282,81931.02837737184,0.05354969174991624
28000000.0,5912299.313303653,22087700.686696347,0.7888464530962981
4000000.0,1073893.5033679747,2926106.4966320256,0.7315266241580064
825000.0,706564.8251410166,118435.17485898337,0.14355778770785863
2408888.0,1272133.2497559395,1136754.7502440605,0.47190020882833095
3150000.0,1107964.1178189924,2042035.8821810076,0.6482653594225422
1900000.0,964759.6988324758,935240.3011675242,0.49223173745659166
1648000.0,918729.0941998577,729270.9058001423,0.4425187535195038
1020000.0,695436.6794067154,324563.32059328456,0.31819933391498484
649990.0,951240.6179842327,-301250.6179842327,0.46346961950835047
1765000.0,1121599.5375206992,643400.4624793008,0.36453283993161517
1260000.0,1098968.6484821634,161031.35151783656,0.12780265993479092
1225000.0,694644.2380761141,530355.7619238859,0.4329434791215395
3625000.0,1716426.5927925117,1908573.4072074883,0.5265030088848244
2008000.0,998675.0329225212,1009324.9670774788,0.5026518760346009
2670000.0,1094810.2650217393,1575189.7349782607,0.589958702239049
630000.0,637696.1588620977,-7696.1588620976545,0.012216125177932784
2010777.0,727833.4047524859,1282943.595247514,0.6380337527470794
735000.0,799037.639962901,-64037.63996290101,0.08712604076585172
4250000.0,1248624.737758337,3001375.262241663,0.7062059440568619
2050000.0,793418.5006939222,1256581.4993060778,0.612966585027355
1310800.0,965750.640946285,345049.359053715,0.26323570266533036
580000.0,835536.9326102989,-255536.93261029886,0.44058091829361873
1810000.0,1204211.443620591,605788.556379409,0.33468981015436966
1030000.0,804049.7945997675,225950.20540023246,0.21936913145653636
1920000.0,1475633.2231150167,444366.7768849833,0.23144102962759547
335000.0,425988.1343152176,-90988.13431521761,0.2716063710902018
1700000.0,1929461.0005183138,-229461.00051831384,0.1349770591284199
1400000.0,905256.0268155186,494743.9731844814,0.35338855227462956
950000.0,752423.7965055015,197576.2034944985,0.20797495104684052
1300000.0,816659.9014253172,483340.09857468284,0.3718000758266791
2092500.0,1278126.2707594538,814373.7292405462,0.3891869673789946
2111000.0,1468877.080371452,642122.919628548,0.30417949769234864
1550000.0,1163295.121032584,386704.878967416,0.2494870186886555
1928888.0,988429.273657407,940458.726342593,0.48756523258094453
990000.0,833646.6312364961,156353.36876350385,0.15793269572071095
2825000.0,3539508.5105810235,-714508.5105810235,0.2529233665773535
3570000.0,1188253.5857604686,2381746.4142395314,0.6671558583304009
3700000.0,2191790.405234102,1508209.5947658978,0.407624214801594
950000.0,1008276.9283351358,-58276.9283351358,0.061344135089616635
480000.0,788976.3683097035,-308976.36830970354,0.6437007673118824
1850000.0,974629.6983291837,875370.3016708163,0.47317313603827904
1895000.0,1402911.262167345,492088.73783265497,0.25967743421248285
1130000.0,879978.8456176305,250021.15438236948,0.22125765874545972
1600000.0,789643.03949966,810356.96050034,0.5064731003127125
550000.0,970698.429932303,-420698.429932303,0.764906236240551
1800000.0,550304.7349021191,1249695.2650978807,0.6942751472766004
1675000.0,1017494.3961456767,657505.6038543233,0.39254065901750645
2100000.0,1110677.1184518964,989322.8815481036,0.47110613407052554
530000.0,604828.6309379543,-74828.6309379543,0.14118609610934774
950000.0,863186.878132131,86813.12186786905,0.09138223354512531
3175000.0,1140206.377750474,2034793.622249526,0.6408798810234727
1400000.0,1287553.4397999893,112446.56020001066,0.08031897157143618
749000.0,731487.455469891,17512.544530109037,0.023381234352615535
5350000.0,677565.2434666345,4672434.756533366,0.873352290940816
2551000.0,1753589.2085258765,797410.7914741235,0.3125875309581041
1470000.0,971795.3311685545,498204.6688314455,0.3389147407016636
595000.0,785344.2535853987,-190344.25358539866,0.3199063085468885
420000.0,849039.0152708164,-429039.0152708164,1.0215214649305153
1650000.0,851958.3142986463,798041.6857013537,0.48366162769779014
900000.0,986221.9419790838,-86221.94197908381,0.09580215775453757
3500000.0,782670.7570949141,2717329.242905086,0.7763797836871674
659243.0,649617.6000069607,9625.399993039318,0.014600685927706959
875000.0,887283.4141547233,-12283.414154723287,0.014038187605398041
311750.0,524925.3782527946,-213175.37825279462,0.6838023360153797
1850000.0,999778.771495339,850221.228504661,0.4595790424349519
920000.0,647590.5409833294,272409.4590166706,0.2960972380615985
1220000.0,1154054.0176434538,65945.98235654621,0.05405408389880837
1325000.0,983273.7428495621,341726.2571504379,0.2579066091701418
750000.0,763382.3014093683,-13382.301409368287,0.017843068545824382
950000.0,727581.679417368,222418.32058263198,0.23412454798171786
2715000.0,1509496.2709609203,1205503.7290390797,0.44401610646006623
1255000.0,894793.8524679412,360206.14753205876,0.2870168506231544
800000.0,716603.2859189569,83396.71408104314,0.10424589260130393
2510000.0,1572713.1729207463,937286.8270792537,0.373421046645121
1850000.0,575799.8801154875,1274200.1198845124,0.6887568215591959
1190000.0,663003.7074482597,526996.2925517403,0.4428540273544036
1525000.0,652706.0117047493,872293.9882952507,0.571996057898525
890000.0,1113064.6654096218,-223064.66540962178,0.250634455516429
1875000.0,1020014.8901193126,854985.1098806874,0.4559920586030333
455000.0,677565.2434666345,-222565.24346663454,0.48915438124535066
2542800.0,900094.4417821614,1642705.5582178386,0.6460223211490634
1900000.0,1286986.8713526102,613013.1286473898,0.32263848876178414
2237000.0,879690.9986288624,1357309.0013711376,0.606754135615171
700000.0,1033261.1125644099,-333261.11256440985,0.47608730366344265
910000.0,810762.0155537897,99237.98444621032,0.10905273016067069
1000000.0,805245.6791948103,194754.32080518967,0.19475432080518967
1475000.0,1260029.1552238807,214970.84477611934,0.14574294561092838
4008888.0,1439061.8269176332,2569826.1730823666,0.6410321697893198
556500.0,668183.3874263722,-111683.38742637215,0.20068892619294187
7800000.0,11348384.66962687,-3548384.6696268693,0.45492111149062425
425000.0,511965.62549418746,-86965.62549418746,0.20462500116279403
750000.0,1041940.3736645557,-291940.3736645557,0.38925383155274096
610000.0,1364844.8561816013,-754844.8561816013,1.2374505839042644
1200000.0,977700.5272954265,222299.47270457353,0.18524956058714462
1900000.0,908500.4206909903,991499.5793090097,0.5218418838468473
955000.0,821244.0675080598,133755.9324919402,0.14005856805438766
1475000.0,816019.5081459114,658980.4918540886,0.44676643515531433
2670000.0,1401295.7863853609,1268704.2136146391,0.47517011745866633
2800000.0,1790122.828740906,1009877.171259094,0.3606704183068193
4050000.0,956801.50430593,3093198.49569407,0.7637527149861901
1100000.0,958140.5506430195,141859.4493569805,0.12896313577907317
4075000.0,1524638.6299875185,2550361.3700124817,0.6258555509233084
540000.0,1387332.3584142707,-847332.3584142707,1.5691339970634641
4300000.0,2927862.2098883544,1372137.7901116456,0.3191018116538711
1995000.0,1061053.7005892412,933946.2994107588,0.4681435084765708
291000.0,735691.2846661955,-444691.2846661955,1.528148744557373
2800000.0,1455354.6596295289,1344645.3403704711,0.4802304787037397
760000.0,656046.6345950314,103953.36540496862,0.13678074395390608
876000.0,810762.0155537897,65237.98444621032,0.07447258498425836
365000.0,705613.3322829742,-340613.33228297415,0.9331872117341757
540000.0,1085692.4722479158,-545692.4722479158,1.0105416152739182
1600000.0,924483.3932791103,675516.6067208897,0.42219787920055607
1350000.0,955390.5120669398,394609.48793306015,0.2923033243948594
1895000.0,937612.8954550452,957387.1045449548,0.5052174694168627
650000.0,963294.3945142666,-313294.39451426663,0.4819913761757948
5000000.0,4793105.548347136,206894.451652864,0.0413788903305728
3500000.0,1078902.6230803279,2421097.376919672,0.6917421076913348
3103000.0,930203.0953269015,2172796.9046730986,0.7002245906133092
4060000.0,1217478.1758549458,2842521.8241450544,0.7001285281145454
675000.0,756698.5783743145,-81698.57837431447,0.12103493092491033
375000.0,639009.1288756612,-264009.1288756612,0.7040243436684298
785000.0,710025.8274592485,74974.17254075152,0.09550850005191276
600000.0,393613.43964671204,206386.56035328796,0.34397760058881327
1383000.0,743094.0548521909,639905.9451478091,0.46269410350528495
1250000.0,886279.1202619435,363720.87973805645,0.29097670379044516
580000.0,827964.2843998044,-247964.28439980443,0.4275246282755249
3450000.0,1131129.2613331939,2318870.7386668064,0.6721364459903787
2040000.0,910694.7301171047,1129305.2698828953,0.5535810146484781
680000.0,852123.1870181867,-172123.18701818667,0.2531223338502745
2350000.0,958140.5506430195,1391859.4493569806,0.5922806167476513
612500.0,512697.2736341136,99802.7263658864,0.1629432267198145
1850000.0,813474.3841207279,1036525.6158792721,0.5602841166914985
1150000.0,763606.0333845278,386393.9666154722,0.3359947535786715
995000.0,1084539.680994445,-89539.68099444499,0.08998962914014572
1700000.0,1113829.370077043,586170.6299229569,0.34480625289585703
1950000.0,757605.4037957023,1192394.5962042976,0.6114844083098963
2050000.0,1187905.4106624753,862094.5893375247,0.42053394601830474
1675000.0,3594488.605182875,-1919488.605182875,1.1459633463778358
1850000.0,360291.07632513385,1489708.923674866,0.8052480668512789
625000.0,471018.46033938776,153981.53966061224,0.24637046345697958
3500000.0,1147183.8510975968,2352816.148902403,0.6722331854006867
1900000.0,1141754.632193989,758245.3678060111,0.3990765093715848
615000.0,1268075.0121698868,-653075.0121698868,1.061910588894125
400000.0,389950.7666249026,10049.233375097392,0.02512308343774348
1840000.0,1105470.8332256742,734529.1667743258,0.3992006341164814
3490500.0,1914623.0979701455,1575876.9020298545,0.45147597823516816
1325000.0,1300459.456131613,24540.543868386885,0.018521165183688217
1275000.0,1801948.3499431557,-526948.3499431557,0.413292823484828
880000.0,626010.7572296561,253989.2427703439,0.2886241395117544
840000.0,672942.2412293844,167057.75877061556,0.1988782842507328
699000.0,641839.5645675845,57160.435432415456,0.0817745857402224
746360.0,1035510.1305914146,-289150.13059141464,0.38741375554881646
3200000.0,1645331.0003777142,1554668.9996222858,0.4858340623819643
1780000.0,958660.4472670908,821339.5527329092,0.4614267150184883
1588000.0,965750.640946285,622249.359053715,0.3918446845426417
1475000.0,2289154.858175564,-814154.8581755641,0.5519693953732638
615000.0,868083.3845539088,-253083.38455390884,0.4115176984616404
605000.0,780421.5883710729,-175421.5883710729,0.28995303862987254
910000.0,1699544.6706625463,-789544.6706625463,0.8676315062225783
3698000.0,2651651.0489619123,1046348.9510380877,0.28294995971824977
457000.0,1085645.4456520423,-628645.4456520423,1.3755917847965915
1348888.0,1261420.231535711,87467.7684642889,0.06484435213619583
700000.0,929965.6081684682,-229965.60816846823,0.32852229738352606
5500000.0,2316296.4722515587,3183703.5277484413,0.578855186863353
1725000.0,2050587.5483822955,-325587.5483822955,0.18874640485930175
1230000.0,896460.6524029293,333539.34759707074,0.2711702012984315
1575000.0,1693887.1817943081,-118887.18179430813,0.07548392494876706
1630000.0,778732.6120018654,851267.3879981346,0.5222499312871991
1452750.0,1123551.2827455143,329198.7172544857,0.22660383221785282
11000000.0,13821700.347663473,-2821700.3476634733,0.25651821342395215
4200000.0,1019310.0221190436,3180689.9778809566,0.757307137590704
2250000.0,490273.8344661539,1759726.1655338462,0.7821005180150428
1905500.0,1154701.706795978,750798.2932040221,0.3940164225683664
3625000.0,1780706.6164323003,1844293.3835676997,0.5087705885703999
605000.0,695907.3164080237,-90907.3164080237,0.15026002712070033
2000000.0,1166049.2629461875,833950.7370538125,0.41697536852690625
745000.0,623599.320092014,121400.67990798596,0.16295393276239725
1150000.0,832101.2261721652,317898.77382783475,0.27643371637203024
725000.0,830132.0730091883,-105132.07300918829,0.14500975587474246
1050500.0,1330183.8032636016,-279683.8032636016,0.26623874656221
1115000.0,851129.6481044794,263870.3518955206,0.23665502412154313
315000.0,612547.3166940222,-297547.31669402216,0.944594656171499
3595000.0,1213703.089462932,2381296.910537068,0.6623913520270007
1050000.0,760954.9910764637,289045.0089235363,0.2752809608795584
519000.0,628005.0416593843,-109005.04165938427,0.21002898200266717
910000.0,929965.6081684682,-19965.60816846823,0.021940228756558492
1255000.0,536478.086230641,718521.913769359,0.5725274213301665
1320000.0,918220.3223296042,401779.6776703958,0.3043785436896938
3650000.0,1791464.2257876522,1858535.7742123478,0.5091878833458487
800000.0,853638.0776830444,-53638.077683044365,0.06704759710380545
705000.0,949490.2131950046,-244490.21319500462,0.3467946286453966
285000.0,676253.0605580382,-391253.0605580382,1.3728177563439936
1866042.0,739888.7754499826,1126153.2245500174,0.6034983266989796
1575000.0,897773.2379264785,677226.7620735215,0.42998524576096603
2152000.0,569432.5832338574,1582567.4167661425,0.7353937810251592
1400000.0,732510.9723887909,667489.0276112091,0.47677787686514933
4800000.0,2803053.321264392,1996946.6787356078,0.4160305580699183
650000.0,744066.2240962016,-94066.2240962016,0.14471726784031014
1072758.0,883857.5449153221,188900.4550846779,0.17608860067664647
2320000.0,1472926.5440358073,847073.4559641927,0.3651178689500831
1240000.0,896460.6524029293,343539.34759707074,0.27704786096537964
655000.0,1247503.1392372525,-592503.1392372525,0.9045849454003856
840000.0,664359.5010522561,175640.4989477439,0.2090958320806475
1645000.0,1116068.9062991259,528931.0937008741,0.32153865878472593
2480000.0,947651.0060398105,1532348.9939601896,0.6178826588549152
3777000.0,2369152.215926072,1407847.784073928,0.372742330970063
1060000.0,1152851.839279112,-92851.83927911194,0.08759607479161503
1175000.0,758691.5059671197,416308.4940328803,0.354305101304579
830000.0,744519.1888842529,85480.81111574708,0.10298892905511697
588000.0,569377.9896612723,18622.010338727734,0.03167008561008118
2700000.0,1155070.7491066803,1544929.2508933197,0.5721960188493777
530000.0,1014067.9001926972,-484067.9001926972,0.9133356607409381
1960000.0,1000762.5071283926,959237.4928716074,0.4894068841181671
250000.0,696693.0963843003,-446693.09638430027,1.786772385537201
800000.0,1025815.0635423955,-225815.06354239548,0.28226882942799436
925000.0,826209.5756982978,98790.42430170218,0.1068004587045429
2550000.0,1393140.0625365104,1156859.9374634896,0.45367056371117237
1700000.0,1694121.9463571121,5878.053642887855,0.003457678613463444
995000.0,756954.4991786516,238045.5008213484,0.23924170936818934
829000.0,986221.9419790838,-157221.94197908381,0.18965252349708542
680000.0,816019.5081459114,-136019.5081459114,0.20002868844986968
625000.0,920733.9385645381,-295733.93856453814,0.473174301703261
3285000.0,1065270.4025080446,2219729.5974919554,0.6757167724480838
1525000.0,1013475.8936759469,511524.10632405314,0.33542564349118237
290000.0,465113.50292100664,-175113.50292100664,0.6038396652448504
1475000.0,1131854.2834582978,343145.71654170216,0.2326411637570862
870000.0,861251.6384853923,8748.361514607677,0.010055587947824917
1520000.0,936072.3394522527,583927.6605477473,0.38416293457088635
1230000.0,905655.840450387,324344.159549613,0.26369443865822195
410000.0,576892.1999812254,-166892.19998122542,0.40705414629567177
390000.0,719208.5594311554,-329208.55943115545,0.844124511361937
3420500.0,1272133.2497559395,2148366.7502440605,0.628085586973852
1158000.0,630786.8694962126,527213.1305037874,0.4552790418858268
1235000.0,633418.7998314997,601581.2001685003,0.4871102835372472
3005000.0,1041103.0116859588,1963896.9883140412,0.6535430909530919
1274000.0,973641.2439941753,300358.75600582466,0.23576040502811982
565000.0,643895.6986860426,-78895.69868604257,0.13963840475405764
3125000.0,830688.0386854117,2294311.9613145883,0.7341798276206682
4388000.0,999349.0326127707,3388650.967387229,0.772254094664364
1565000.0,1083936.0636889043,481063.9363110957,0.3073890966844062
1550777.0,771948.5299903934,778828.4700096066,0.5022182235160868
2800000.0,3078289.8759816578,-278289.87598165777,0.09938924142202063
869000.0,1030347.3640759087,-161347.36407590867,0.1856701542875819
1235000.0,988188.5567596682,246811.44324033184,0.19984732246180714
1710000.0,1047469.2269315966,662530.7730684034,0.38744489653123004
1180000.0,792782.9495345277,387217.0504654723,0.3281500427673494
987000.0,2212849.6395526836,-1225849.6395526836,1.2419955821202469
975000.0,705363.2697864553,269636.7302135447,0.2765504925267125
930000.0,702870.2383241926,227129.76167580741,0.24422555018904024
4250000.0,1670510.7044953848,2579489.295504615,0.6069386577657918
1253000.0,763411.9080116635,489588.0919883365,0.3907327150744904
1000000.0,1164583.6507090495,-164583.65070904954,0.16458365070904954
2300000.0,1261420.231535711,1038579.7684642889,0.45155642107142996
808000.0,826689.4678597972,-18689.46785979718,0.023130529529451955
835000.0,900868.0646064454,-65868.06460644538,0.07888390970831781
469000.0,982353.589945026,-513353.589945026,1.0945705542537867
1557000.0,920895.4393808056,636104.5606191944,0.4085449971863805
845000.0,798136.0018400121,46863.99815998785,0.05546035285205663
4305000.0,1187889.8407329794,3117110.1592670204,0.7240674005266017
1080000.0,772003.7515186544,307996.2484813456,0.2851817115568015
915000.0,738652.0287645378,176347.97123546223,0.19273002320815544
10325000.0,4603783.8570760125,5721216.1429239875,0.5541129436245993
1520000.0,1007388.1338642952,512611.8661357048,0.33724464877349
970000.0,878755.3093207746,91244.69067922537,0.09406669142188183
365000.0,782229.9241854132,-417229.92418541317,1.143095682699762
560000.0,749972.3628071626,-189972.36280716257,0.33923636215564745
1410000.0,1049758.234752185,360241.76524781506,0.2554906136509327
1725000.0,1062255.8190294341,662744.1809705659,0.3841995252003281
769000.0,694195.6929615024,74804.30703849765,0.0972747815845223
950000.0,956191.6476666244,-6191.647666624398,0.0065175238596046296
2700000.0,2297908.751792502,402091.2482074979,0.1489226845212955
585000.0,1136576.7500777903,-551576.7500777903,0.9428662394492142
890000.0,1017310.5840981572,-127310.58409815724,0.14304560011028902
893000.0,859590.0287649464,33409.971235053614,0.03741318167419218
1505000.0,676253.0605580382,828746.9394419618,0.5506624182338616
3100000.0,929499.5389183062,2170500.461081694,0.700161439058611
1650000.0,1060524.0213587803,589475.9786412197,0.35725816887346645
1300000.0,791587.2492386622,508412.7507613378,0.39108673135487526
2800000.0,718112.5725039411,2081887.4274960589,0.7435312241057354
710000.0,823267.6792283234,-113267.6792283234,0.15953194257510336
1050000.0,920325.293570435,129674.70642956498,0.1234997204091095
695000.0,656695.1727495128,38304.82725048717,0.05511485935321895
435000.0,838212.8711649905,-403212.8711649905,0.9269261406091736
1765000.0,1281796.18048309,483203.81951691,0.2737698694146799
2995000.0,1777628.0501861013,1217371.9498138987,0.4064680967659094
620000.0,947199.6922109227,-327199.6922109227,0.5277414390498754
950000.0,805554.4284401557,144445.5715598443,0.152047970062994
4278000.0,1481571.414276799,2796428.585723201,0.6536766212536701
1475000.0,815244.2897645249,659755.7102354751,0.44729200693930515
2225000.0,906925.4801997193,1318074.5198002807,0.5923930426068678
1455000.0,914046.0018149149,540953.9981850851,0.3717896894742853
1750000.0,927841.4142858725,822158.5857141275,0.4698049061223586
1086000.0,865473.6181786639,220526.3818213361,0.20306296668631318
1265000.0,768346.8655035889,496653.1344964111,0.39261117351494945
815000.0,818943.5385149184,-3943.538514918415,0.004838697564317073
765000.0,712060.8529470277,52939.147052972345,0.06920149941565013
2209150.0,1006257.5604710355,1202892.4395289645,0.5445046463703074
1635000.0,1148123.7789825082,486876.2210174918,0.29778362141742615
1478880.0,847691.1948877815,631188.8051122185,0.42680190760049397
940000.0,965720.5414800005,-25720.54148000048,0.027362278170213278
1330000.0,790873.5980256714,539126.4019743286,0.4053581969731794
741000.0,900540.9750112237,-159540.9750112237,0.21530495952931672
390000.0,478177.6678375682,-88177.66783756821,0.22609658419889284
1366500.0,1060524.0213587803,305975.97864121967,0.22391216878245127
1245000.0,852948.9288074926,392051.0711925074,0.31490045878916256
2450000.0,1229759.2219318794,1220240.7780681206,0.4980574604359676
200000.0,348201.31217399245,-148201.31217399245,0.7410065608699623
1978990.0,2920643.3860451784,-941653.3860451784,0.4758252371387316
1317000.0,627746.0686122241,689253.9313877759,0.5233515044705968
1400000.0,1251241.0995776001,148758.90042239986,0.10625635744457133
1050000.0,763666.7987044416,286333.20129555836,0.27269828694815085
550000.0,442634.72599355894,107365.27400644106,0.19520958910262012
970000.0,720827.0607119075,249172.93928809254,0.25687931885370363
4200000.0,1361737.379339891,2838262.620660109,0.6757768144428831
2925000.0,1035448.175578545,1889551.8244214552,0.6460006237338308
866000.0,728656.2669755267,137343.7330244733,0.1585955346702925
892000.0,673356.0254399541,218643.97456004587,0.24511656340812318
1400000.0,1716613.2345279981,-316613.23452799814,0.22615231037714154
1999000.0,951240.6179842327,1047759.3820157673,0.5241417618888281
1660000.0,908904.4715707079,751095.5284292921,0.4524671858007784
850000.0,972644.936441167,-122644.93644116702,0.14428816051902002
1255000.0,1149095.2209075063,105904.7790924937,0.08438627816134957
1805000.0,767200.6218575693,1037799.3781424307,0.5749581042340336
1850000.0,1236013.9717921438,613986.0282078562,0.3318843395718142
1310000.0,804573.3095168531,505426.69048314693,0.38582190113217324
3620000.0,819047.1591057753,2800952.8408942246,0.773743878700062
1575000.0,1452526.9424788516,122473.05752114835,0.07776067144199895
5825000.0,1416061.937319774,4408938.062680226,0.7568992382283649
775000.0,1131256.6388775718,-356256.6388775718,0.45968598564847973
1335000.0,1048409.850842628,286590.14915737195,0.21467426903173928
2515000.0,994462.2549832461,1520537.745016754,0.6045875725712739
1130000.0,1004916.984057944,125083.01594205596,0.11069293446199643
1175000.0,843481.0938668832,331518.9061331168,0.28214374990052493
845000.0,867993.2237249713,-22993.223724971293,0.027210915650853602
5450000.0,1314885.7206985815,4135114.2793014185,0.7587365650094345
3510000.0,1224546.6003254787,2285453.3996745213,0.6511263246935958
1075000.0,1002785.4192173039,72214.58078269614,0.06717635421646152
585000.0,881876.4244300053,-296876.42443000525,0.5074810674017184
1903000.0,747752.3539321534,1155247.6460678466,0.6070665507450587
3600000.0,971433.1705549858,2628566.8294450142,0.7301574526236151
479000.0,979408.3674683035,-500408.36746830354,1.0446938778043915
805000.0,575241.1568127463,229758.8431872537,0.2854147120338555
799950.0,792631.3541092556,7318.645890744403,0.009148879168378527
1525000.0,1117532.5280602423,407467.4719397577,0.2671917848785296
2925000.0,1224753.0930564841,1700246.9069435159,0.5812809938268431
500000.0,891701.5701528174,-391701.5701528174,0.7834031403056348
2190000.0,971858.4653642168,1218141.5346357832,0.5562290112492161
865000.0,906035.2808612202,-41035.280861220206,0.04743963105343377
1080000.0,1743568.1985817486,-663568.1985817486,0.6144149986868043
1600000.0,1031831.8727276319,568168.1272723681,0.35510507954523
850000.0,779101.91916248,70898.08083751996,0.08340950686767054
2520000.0,1518780.3865045307,1001219.6134954693,0.39730937043471004
3930000.0,741130.5481650458,3188869.4518349543,0.8114171633167823
855000.0,830643.3922008302,24356.60779916984,0.028487260583824375
1470000.0,990079.664848058,479920.335151942,0.32647641847070885
1080000.0,795626.3696019028,284373.6303980972,0.2633089170352752
867000.0,902104.0308507599,-35104.03085075994,0.040489078259238684
944000.0,675195.0771203727,268804.9228796273,0.28475097762672386
2920000.0,1662604.7600090276,1257395.2399909724,0.43061480821608644
858000.0,737524.9153097759,120475.08469022415,0.14041385162030787
1586500.0,1113012.6448922264,473487.35510777356,0.2984477498315623
750000.0,740063.2567703875,9936.743229612475,0.013248990972816633
908000.0,1114098.3784519243,-206098.3784519243,0.22698059300872722
1730000.0,1329026.7292252462,400973.27077475376,0.2317764570952334
1055000.0,695218.2045351847,359781.79546481534,0.34102539854484865
3277000.0,720377.6914273555,2556622.3085726444,0.7801715924847862
2025000.0,1131573.732930257,893426.267069743,0.4411981565776509
805000.0,575241.1568127463,229758.8431872537,0.2854147120338555
1249000.0,1186777.0437692837,62222.956230716314,0.04981821956022123
2265000.0,618920.921600746,1646079.078399254,0.7267457299775956
825000.0,918757.2782127985,-93757.27821279853,0.11364518571248307
1325000.0,1032469.6008423845,292530.3991576155,0.2207776597415966
1200000.0,963264.0114904222,236735.98850957782,0.19727999042464817
1390000.0,988476.5452890319,401523.4547109681,0.28886579475609214
1900000.0,847271.3555854826,1052728.6444145176,0.5540677075865882
945000.0,657064.3291407314,287935.67085926863,0.30469383159710967
1998800.0,1644480.6622244564,354319.33777554356,0.17726602850487472
480000.0,724766.5394878191,-244766.53948781907,0.509930290599623
879990.0,937612.8954550452,-57622.89545504516,0.06548130712285953
1000000.0,723637.2013142178,276362.79868578224,0.27636279868578223
2578000.0,1971268.5687530818,606731.4312469182,0.23534966301276888
1320000.0,963322.6171650928,356677.38283490716,0.2702101385112933
597500.0,435062.9226714067,162437.0773285933,0.2718612172863486
2325000.0,1407845.9727716073,917154.0272283927,0.39447485042081404
767000.0,774669.7354794848,-7669.735479484778,0.009999655123187455
1050000.0,637856.5127603761,412143.4872396239,0.3925176068948799
1210000.0,751037.9315701509,458962.0684298491,0.37930749457012325
660000.0,672491.7270877302,-12491.727087730193,0.018926859223833626
2420000.0,1016460.2890663621,1403539.7109336378,0.5799750871626602
1162000.0,928014.6011151621,233985.39888483786,0.20136437081311348
699888.0,923161.9563283878,-223273.95632838784,0.3190138369687548
1300000.0,1142534.982593754,157465.01740624593,0.12112693646634302
1725000.0,1023288.4644495404,701711.5355504596,0.40678929597128094
935000.0,586783.0809076371,348216.91909236286,0.37242451239824903
990000.0,1107964.1178189924,-117964.11781899235,0.11915567456463874
3500000.0,1412850.4372068273,2087149.5627931727,0.5963284465123351
620000.0,560667.9552281749,59332.04477182508,0.09569684640616949
1210000.0,998745.4261032683,211254.57389673172,0.1745905569394477
710000.0,600207.5301133783,109792.4698866217,0.15463728153045309
440000.0,1004916.984057944,-564916.984057944,1.2839022364953274
840000.0,787449.9995180208,52550.00048197922,0.0625595243833086
1960000.0,570207.8057507674,1389792.1942492328,0.7090776501271596
1550000.0,950630.3587591103,599369.6412408897,0.3866900911231546
1085000.0,1158158.0445327375,-73158.04453273746,0.06742676915459674
1080000.0,1187763.5065079376,-107763.50650793756,0.09978102454438663
990000.0,852086.1414155997,137913.85858440027,0.13930692786303056
840500.0,1145336.6717887218,-304836.6717887218,0.3626849158699843
815000.0,993274.9132261771,-178274.9132261771,0.21874222481739522
718000.0,723427.579377917,-5427.579377916991,0.00755930275475904
895000.0,986221.9419790838,-91221.94197908381,0.1019239575185294
1725000.0,898879.4462706078,826120.5537293922,0.47891046593008246
1275511.0,485384.95013099856,790126.0498690014,0.6194584365552327
4200000.0,2138310.973102962,2061689.0268970379,0.49087833973739
2720000.0,781799.934651095,1938200.065348905,0.7125735534370975
240000.0,643190.7292759883,-403190.7292759883,1.6799613719832847
865000.0,1614894.9559371164,-749894.9559371164,0.8669305848984005
4950000.0,2062198.19088639,2887801.80911361,0.5833943048714364
1000000.0,840745.6369532862,159254.36304671376,0.15925436304671375
1000000.0,1286193.2417350165,-286193.24173501646,0.2861932417350165
380000.0,642228.7806289473,-262228.7806289473,0.6900757384972298
925000.0,798205.2598075774,126794.74019242264,0.13707539480261907
2370000.0,1774732.6411085138,595267.3588914862,0.25116766197953005
1680001.0,1090944.8212902392,589056.1787097608,0.350628469096007
1080000.0,821275.4650173875,258724.53498261247,0.23955975461353007
590000.0,491607.15659701417,98392.84340298583,0.16676753119150142
1710000.0,1239961.6691771043,470038.33082289575,0.27487621685549457
465000.0,550566.0770666002,-85566.0770666002,0.18401306896043054
595000.0,942294.6234183251,-347294.6234183251,0.5836884427198741
1390000.0,955200.8014981258,434799.1985018742,0.3128051787783268
910000.0,850705.3520783316,59294.647921668366,0.06515895376007513
1080000.0,1033919.4950720439,46080.50492795615,0.04266713419255199
970000.0,1287865.178278102,-317865.1782781021,0.3276960600805176
1750000.0,950162.7162227042,799837.2837772958,0.45704987644416906
1400000.0,973884.3895502435,426115.6104497565,0.3043682931783975
675000.0,742019.6481712777,-67019.64817127772,0.09928836766115218
1520000.0,1206087.2687600588,313912.7312399412,0.20652153371048762
950000.0,909680.1378372216,40319.86216277839,0.04244196017134567
685000.0,870290.117704802,-185290.11770480196,0.27049652219679116
2960000.0,826316.332967862,2133683.667032138,0.7208390767000467
1420000.0,780777.0792015879,639222.9207984121,0.450156986477755
1735000.0,1134244.1536139958,600755.8463860042,0.3462569719804059
3080000.0,976374.2215123442,2103625.778487656,0.6829953826258622
1173600.0,924175.8073469469,249424.1926530531,0.21252913484411476
1852500.0,1331674.872017417,520825.1279825829,0.2811471676019341
4300000.0,1142361.5898196863,3157638.4101803135,0.7343345139954217
1758888.0,750557.9300319656,1008330.0699680344,0.5732770193258664
1299000.0,1030762.2570799397,268237.7429200603,0.20649556806779085
1325000.0,1198250.1042021168,126749.89579788316,0.09566029871538352
2838255.0,732210.192436452,2106044.807563548,0.7420209979595026
2050000.0,935570.2880957436,1114429.7119042564,0.5436242497093934
1757008.0,957463.8820105888,799544.1179894112,0.4550600327314453
1815000.0,1590916.5454094596,224083.45459054038,0.12346195845208836
2150000.0,1536655.015362042,613344.984637958,0.2852767370409107
700000.0,764792.642707882,-64792.64270788198,0.09256091815411711
2700000.0,1279206.0061861668,1420793.9938138332,0.5262199977088271
3188000.0,953214.5784463263,2234785.4215536737,0.7009991912025325
487000.0,957740.5290394174,-470740.5290394174,0.9666129959741631
485000.0,948772.0690465277,-463772.06904652773,0.9562310701990262
1620000.0,791824.0343395425,828175.9656604575,0.5112197318891712
456000.0,892034.1436942918,-436034.1436942918,0.9562152273997627
410000.0,581532.7292998658,-171532.72929986578,0.41837251048747753
975000.0,1127925.0294854683,-152925.0294854683,0.15684618408765977
1935000.0,571156.303680649,1363843.696319351,0.7048287836275715
1725000.0,1258682.3240330555,466317.67596694455,0.2703290875170693
580000.0,650349.8437819264,-70349.84378192644,0.12129283410676972
1955000.0,1080964.4496706596,874035.5503293404,0.44707700784109483
760000.0,760384.1188612173,-384.1188612172846,0.0005054195542332692
2050000.0,901208.5059459511,1148791.4940540488,0.5603860946605116
1075000.0,569015.1570630886,505984.8429369114,0.47068357482503387
1300000.0,1498222.4259384708,-198222.42593847075,0.15247878918343905
935000.0,1083802.2364889611,-148802.23648896115,0.15914677699354132
2325000.0,1388963.9432459408,936036.0567540592,0.4025961534426061
451000.0,574812.957255656,-123812.95725565602,0.27452983870433706
1700000.0,1357765.365688959,342234.6343110411,0.20131449077120064
1130000.0,970481.6259068699,159518.3740931301,0.1411667027372833
1850000.0,1202270.9709712355,647729.0290287645,0.3501237994750078
1140000.0,942510.6085086468,197489.39149135316,0.17323630832574838
587000.0,575732.5721719627,11267.427828037296,0.01919493667468023
4750000.0,4144596.253252985,605403.746747015,0.12745342036779264
1290000.0,798521.9870731004,491478.0129268996,0.380990707695271
850000.0,632845.7309900947,217154.26900990529,0.25547561059988855
688000.0,840745.6369532862,-152745.63695328624,0.22201400719954395
2249000.0,1578637.3600239013,670362.6399760987,0.29807142729039515
1390000.0,593714.2426376183,796285.7573623817,0.572867451339843
1235000.0,732680.0761634392,502319.9238365608,0.4067367804344622
1420000.0,1055923.6832050623,364076.3167949377,0.2563917723908012
500000.0,830929.7240651513,-330929.7240651513,0.6618594481303026
1250000.0,814435.6544705512,435564.3455294488,0.34845147642355906
585000.0,748359.2596653466,-163359.2596653466,0.27924659771854116
760000.0,726945.2303526299,33054.76964737009,0.04349311795706591
840000.0,810762.0155537897,29237.98444621032,0.034807124340726574
649000.0,1207475.6631899057,-558475.6631899057,0.8605172006007792
750000.0,1041103.0116859588,-291103.01168595883,0.38813734891461177
1172790.0,943700.6618739319,229089.33812606812,0.19533704936609975
1300000.0,904843.8388785573,395156.1611214427,0.30396627778572516
1765000.0,1339401.1183662163,425598.8816337837,0.24113251084067064
930000.0,918609.2630259816,11390.736974018393,0.012248104273138057
595990.0,987266.0956854133,-391276.09568541334,0.6565145315951834
847500.0,1124319.5037753,-276819.5037753,0.32663068292070796
1370000.0,930115.3748927013,439884.6251072987,0.3210836679615319
860500.0,1187889.8407329794,-327389.84073297936,0.3804646609331544
1410000.0,1189695.2980614852,220304.70193851483,0.15624446945993958
1700000.0,739363.035835447,960636.964164553,0.5650805671556194
24000000.0,13393826.185116582,10606173.814883418,0.4419239089534758
665000.0,775794.4583580622,-110794.4583580622,0.1666082080572364
1365000.0,1002797.2461770952,362202.7538229048,0.26535000280066284
1925000.0,1487633.34051664,437366.6594833599,0.22720345947187526
1348888.0,1341714.8097711112,7173.190228888765,0.005317854580134722
650000.0,954079.0745785234,-304079.0745785234,0.467813960890036
1354000.0,1124585.3337217318,229414.6662782682,0.169434760914526
610000.0,808998.1141755882,-198998.11417558824,0.3262264166812922
1230000.0,793349.0651629992,436650.9348370008,0.35500076003008196
1777500.0,1615042.6999990044,162457.30000099563,0.0913965119555531
1100000.0,919605.5600015301,180394.4399984699,0.16399494545315446
1755000.0,1301966.314693485,453033.6853065151,0.25813885202650433
700000.0,646067.0947179813,53932.905282018706,0.07704700754574101
975000.0,745564.6689540814,229435.33104591863,0.23531828825222423
465000.0,810569.9508747079,-345569.9508747079,0.7431611846767912
2680000.0,1006202.864858564,1673797.135141436,0.624551169828894
1950000.0,1263821.2881574319,686178.7118425681,0.35188651889362466
2265000.0,1410687.7597138635,854312.2402861365,0.3771797970358219
327500.0,740348.3271424312,-412848.32714243117,1.2606055790608586
1700000.0,917682.0019126745,782317.9980873255,0.46018705769842677
2128000.0,1265426.6945311588,862573.3054688412,0.40534459843460585
1800000.0,1117801.328899184,682198.671100816,0.37899926172267556
683000.0,1095176.4409164109,-412176.4409164109,0.6034794156902062
570000.0,1249886.9307957767,-679886.9307957767,1.1927840891153976
1257000.0,855775.5766915977,401224.4233084023,0.3191920630933988
461000.0,627687.3379202964,-166687.33792029636,0.36157773952341943
1225000.0,896460.6524029293,328539.34759707074,0.26819538579352714
1325000.0,937151.2579408755,387848.7420591245,0.29271603174273547
585000.0,792945.8798008219,-207945.8798008219,0.35546304239456733
1400000.0,1081314.62629954,318685.37370045995,0.22763240978604282
650000.0,824000.270478158,-174000.27047815803,0.2676927238125508
420000.0,597615.39676631,-177615.39676630998,0.42289380182454755
1200000.0,781393.0641016994,418606.9358983006,0.34883911324858385
920000.0,1140549.1941280845,-220549.19412808446,0.23972738492183093
880000.0,782658.6361185436,97341.36388145643,0.11061518622892777
1073000.0,984381.151498349,88618.84850165097,0.08258979357097014
1250000.0,805844.7260723402,444155.27392765984,0.35532421914212786
1850000.0,965853.7090885114,884146.2909114886,0.47791691400621006
1508250.0,653660.8660119278,854589.1339880722,0.5666097357785992
925000.0,820015.1037302816,104984.89626971842,0.11349718515645234
2850000.0,1109100.9695264609,1740899.0304735391,0.6108417650784348
1355500.0,1026284.2217691256,329215.77823087445,0.24287405254952008
535000.0,750560.9382803679,-215560.93828036787,0.40291764164554744
430000.0,520692.77537537547,-90692.77537537547,0.21091343110552435
855000.0,999778.771495339,-144778.771495339,0.1693318964857766
1360000.0,993985.0717167113,366014.9282832887,0.2691286237377123
589900.0,747337.1019342951,-157437.10193429515,0.26688778086844406
1210000.0,1406255.004365772,-196255.004365772,0.1621942184841091
1365000.0,752154.2343992755,612845.7656007245,0.4489712568503476
625000.0,945391.5665549024,-320391.56655490235,0.5126265064878438
563000.0,779226.8466153344,-216226.8466153344,0.38406189452102024
2325000.0,1156772.90672715,1168227.09327285,0.5024632659238064
1410000.0,1366523.773871713,43476.226128286915,0.03083420292786306
1940000.0,1187008.2086332932,752991.7913667068,0.3881400986426324
665000.0,790809.1293456275,-125809.1293456275,0.18918666067011655
1440000.0,1120709.0909241808,319290.9090758192,0.22172979796931888
1580000.0,1245883.4527246538,334116.54727534624,0.21146616916161154
560000.0,826209.5756982978,-266209.5756982978,0.475374242318389
810000.0,786838.8649975267,23161.135002473253,0.028593993830213892
945000.0,1005895.6477973468,-60895.64779734681,0.06443983893899134
530000.0,1102656.3220922612,-572656.3220922612,1.080483626589172
1460888.0,905380.5634903872,555507.4365096128,0.3802532682242669
3850000.0,1276038.673142548,2573961.3268574523,0.6685613835993383
325000.0,437692.4501250702,-112692.45012507017,0.3467460003848313
429000.0,595063.4197394972,-166063.41973949724,0.38709421850698655
640000.0,480176.94215826737,159823.05784173263,0.24972352787770724
1175000.0,967450.9009155873,207549.09908441268,0.17663753113567038
2525000.0,1804948.8509106375,720051.1490893625,0.2851687719165792
1575000.0,960481.8141231008,614518.1858768992,0.3901702767472376
539000.0,960666.9137108582,-421666.9137108582,0.7823133835080858
2826675.0,1909534.5025131418,917140.4974868582,0.32445912511585456
1100000.0,768781.3455938732,331218.6544061268,0.3011078676419335
390000.0,429277.3967568765,-39277.39675687649,0.10071127373558075
825000.0,826209.5756982978,-1209.57569829782,0.0014661523615731153
15900000.0,6985462.759061362,8914537.240938637,0.5606627195558892
3600000.0,602597.2943563929,2997402.7056436073,0.8326118626787798
685000.0,607096.9369316129,77903.0630683871,0.11372709936990817
835000.0,854736.2091580825,-19736.209158082493,0.023636178632434123
850000.0,667717.0515194456,182282.9484805544,0.21445052762418162
1585000.0,1121041.1743543313,463958.82564566866,0.292718501984649
1075000.0,1001286.7985189831,73713.20148101693,0.06857041998234134
1800500.0,1259631.8731689393,540868.1268310607,0.3003988485593228
1375000.0,1102112.4677597182,272887.5322402818,0.19846365981111405
1180000.0,827024.5505179339,352975.4494820661,0.2991317368492086
552953.0,857959.9857475611,-305006.9857475611,0.5515965837016186
800000.0,936845.1982507166,-136845.19825071655,0.17105649781339569
1180000.0,807374.4406187348,372625.5593812652,0.3157843723570044
932000.0,666392.3241717252,265607.6758282748,0.28498677663977984
1810000.0,1161080.0029617304,648919.9970382696,0.3585193353802595
1375000.0,633418.7998314997,741581.2001685003,0.5393317819407275
1500005.0,705363.2697864553,794641.7302135447,0.5297593876110711
685000.0,797642.8961311511,-112642.89613115112,0.16444218413306733
4200000.0,1381759.5226169531,2818240.477383047,0.671009637472154
2085000.0,1167240.8727576088,917759.1272423912,0.4401722432817224
897500.0,920923.3649179316,-23423.364917931613,0.026098456733071436
440000.0,746210.9666572602,-306210.9666572602,0.6959340151301369
431000.0,536134.4541459623,-105134.45414596226,0.2439314481344832
475000.0,570707.775895828,-95707.77589582803,0.20149005451753269
795000.0,816019.5081459114,-21019.508145911386,0.026439632887938852
720000.0,567903.2454388812,152096.75456111878,0.2112454924459983
445000.0,431231.8241297629,13768.175870237115,0.030939721056712617
880000.0,868182.4834361016,11817.516563898418,0.013428996095339112
1619000.0,1127448.7431941545,491551.25680584554,0.3036141178541356
777777.0,644495.2951471849,133281.70485281514,0.17136236331598279
685000.0,818530.5617926437,-133530.56179264374,0.1949351267045894
2231000.0,1030762.2570799397,1200237.7429200602,0.5379819555894487
3390000.0,4144596.253252985,-754596.253252985,0.222594764971382
700000.0,741837.4225619226,-41837.422561922576,0.059767746517032254
725000.0,1077722.5345942215,-352722.5345942215,0.48651384081961585
2201785.0,1204091.0048663737,997693.9951336263,0.45312961762098763
1580000.0,1278644.4976248557,301355.5023751443,0.19073133061717992
930000.0,918757.2782127985,11242.721787201473,0.012088948158281154
745000.0,663595.6721590704,81404.32784092962,0.10926755414889881
787000.0,764554.4349253683,22445.56507463171,0.02852041305544055
729000.0,1387541.9681392945,-658541.9681392945,0.9033497505340117
2050000.0,998859.3721227084,1051140.6278772918,0.5127515257938009
1400000.0,979572.4628295478,420427.5371704522,0.3003053836931801
879990.0,917503.4507303955,-37513.4507303955,0.042629405709605224
1750000.0,922260.308056188,827739.691943812,0.47299410968217825
744000.0,652065.4536879943,91934.54631200572,0.12356793859140554
550000.0,793135.6937421546,-243135.69374215463,0.44206489771300844
1025000.0,1033919.4950720439,-8919.49507204385,0.008701946411750098
905000.0,868014.2674640991,36985.7325359009,0.04086821274685182
460000.0,987661.8253659129,-527661.8253659129,1.1470909247085062
1300000.0,1002174.4990219263,297825.5009780737,0.22909653921390283
1600000.0,1094608.1829838431,505391.81701615686,0.31586988563509805
842222.0,648593.3309663136,193628.6690336864,0.22990217428859183
861000.0,801035.1224717668,59964.87752823322,0.06964561849969016
1005000.0,764590.2715126284,240409.72848737158,0.2392136601864394
1400000.0,653513.0220233051,746486.9779766949,0.5332049842690678
615000.0,775624.9204773377,-160624.92047733767,0.2611787324834759
670000.0,504121.9598892991,165878.04011070088,0.24757916434432967
975000.0,642493.501920258,332506.49807974196,0.34103230572281223
1500000.0,1060186.1103574135,439813.88964258647,0.2932092597617243
460000.0,570183.2212213702,-110183.22122137016,0.2395287417855873
4150000.0,945765.6468517403,3204234.3531482597,0.7721046634092192
560000.0,747371.4055896257,-187371.4055896257,0.3345917956957602
875000.0,1159046.2819902997,-284046.2819902997,0.32462432227462823
638000.0,796057.8864428544,-158057.88644285442,0.2477396339229693
1190000.0,857959.9857475611,332040.0142524389,0.27902522206087305
730000.0,771433.0899569779,-41433.08995697787,0.056757657475312154
545000.0,704492.8889008415,-159492.88890084147,0.2926475025703513
1365000.0,877462.0150976188,487537.9849023812,0.3571706849101694
11000000.0,6611573.042268051,4388426.957731949,0.398947905248359
3500000.0,4034833.124671695,-534833.1246716948,0.1528094641919128
3100000.0,1095211.0150348784,2004788.9849651216,0.6467061241822973
625000.0,1030165.745841169,-405165.74584116903,0.6482651933458704
1225000.0,923359.8867364282,301640.11326357175,0.24623682715393613
225000.0,798232.6515789476,-573232.6515789476,2.5477006736842114
445000.0,840061.4433954448,-395061.4433954448,0.8877785244841455
1315000.0,1346531.3534390845,-31531.353439084487,0.023978215543030028
1700000.0,918318.9806649531,781681.0193350469,0.45981236431473343
2520000.0,2043726.993008059,476273.006991941,0.188997224996802
1550000.0,1031111.2073223272,518888.7926776728,0.3347669630178534
2620000.0,625808.6169979413,1994191.3830020586,0.761141749237427
240000.0,560466.0299905844,-320466.02999058436,1.3352751249607682
1450000.0,780448.9870734522,669551.0129265478,0.4617593192596881
1800000.0,972008.9657412411,827991.0342587589,0.45999501903264384
2250000.0,1164630.9980650996,1085369.0019349004,0.482386223082178
622500.0,498612.3229580064,123887.6770419936,0.1990163486618371
608000.0,710944.3758105261,-102944.37581052608,0.1693164075831021
1320000.0,1033989.3035112174,286010.69648878265,0.21667477006725958
1340000.0,732974.1228707219,607025.8771292781,0.45300438591737174
1100000.0,1167670.3405187165,-67670.34051871649,0.06151849138065135
489000.0,690300.8021428518,-201300.80214285175,0.4116580820917214
830000.0,890292.9864890552,-60292.98648905521,0.07264215239645207
968000.0,910499.3600324614,57500.63996753865,0.05940148756977133
1260000.0,1237557.017490505,22442.982509494992,0.01781189088055158
900000.0,1177929.0322357765,-277929.03223577654,0.30881003581752947
1410000.0,912197.8119384015,497802.18806159846,0.3530511972068074
650000.0,1006196.31577998,-356196.31577998004,0.5479943319692001
965000.0,2314162.182339003,-1349162.1823390028,1.3980955257398993
1000000.0,1275071.234440507,-275071.2344405069,0.2750712344405069
2050000.0,1094608.1829838431,955391.8170161569,0.4660447887883692
600000.0,792931.6221045121,-192931.62210451206,0.3215527035075201
1685000.0,813719.5452652334,871280.4547347666,0.5170803885666271
3926000.0,1160311.1576667195,2765688.8423332805,0.7044546210731738
430000.0,679675.1730237843,-249675.1730237843,0.5806399372646146
635000.0,1031111.2073223272,-396111.2073223272,0.6237971768855546
1600000.0,1264190.9114445841,335809.08855541586,0.20988068034713492
1010000.0,1169083.9060186045,-159083.90601860452,0.1575088178402025
825000.0,804399.5180302016,20600.48196979845,0.02497028117551327
2760000.0,992508.1610627616,1767491.8389372383,0.64039559381784
945000.0,900868.0646064454,44131.935393554624,0.046700460733920236
1200000.0,693488.850875546,506511.149124454,0.42209262427037836
2360000.0,1776418.336128297,583581.663871703,0.24728036604733178
1875000.0,1035905.7667167115,839094.2332832885,0.44751692441775387
1290000.0,865183.4892199117,424816.51078008825,0.3293151246357273
1585000.0,784071.0006382448,800928.9993617552,0.5053179806698771
2200000.0,1166220.2598038367,1033779.7401961633,0.46989988190734694
1995000.0,2725207.0345995775,-730207.0345995775,0.36601856370906144
420000.0,765129.8544515843,-345129.8544515843,0.8217377486942483
3050000.0,1391605.1854107557,1658394.8145892443,0.5437360047833588
1299000.0,1000107.311278849,298892.688721151,0.23009444859211006
968000.0,846401.6848867695,121598.31511323049,0.1256180941252381
3525000.0,1101062.229739339,2423937.770260661,0.6876419206413222
1550000.0,1234999.1789399404,315000.8210600596,0.20322633616778038
1750000.0,919605.5600015301,830394.4399984699,0.47451110857055423
560000.0,891994.5028042574,-331994.50280425744,0.592847326436174
900000.0,750389.949817824,149610.05018217606,0.16623338909130672
570000.0,1065014.6770175837,-495014.67701758374,0.8684468017852346
2350000.0,1074008.4476534862,1275991.5523465138,0.5429751286580909
2350000.0,873777.4546868079,1476222.545313192,0.6281798065162519
1119120.0,843408.3236663511,275711.67633364885,0.24636471185721714
618000.0,1183283.2546469418,-565283.2546469418,0.9146978230533038
1650000.0,1289270.7841292408,360729.2158707592,0.21862376719439952
905000.0,832522.51098476,72477.48901523999,0.08008562322125966
395000.0,532556.4688688717,-137556.46886887169,0.34824422498448526
2005000.0,810371.4059972669,1194628.594002733,0.5958247351634579
740000.0,1232048.5229555778,-492048.5229555778,0.6649304364264566
1235000.0,882595.1662975219,352404.8337024781,0.28534804348378795
860000.0,1073960.256231784,-213960.2562317839,0.24879099561835336
708500.0,926027.0234231771,-217527.02342317707,0.30702473313080747
2225000.0,1686479.37000844,538520.62999156,0.24203174381643147
625000.0,619747.0489744615,5252.951025538496,0.008404721640861593
834000.0,621557.6425151966,212442.35748480342,0.254727047343889
100000.0,360342.73234594427,-260342.73234594427,2.6034273234594427
1080000.0,867811.278971379,212188.72102862096,0.19647103798946386
1750000.0,973892.5400246052,776107.4599753948,0.443489977128797
1600000.0,1133686.6851467264,466313.31485327356,0.291445821783296
880000.0,714536.1793940683,165463.8206059317,0.18802706887037693
2951000.0,1419108.0283232597,1531891.9716767403,0.5191094448243783
1350000.0,868542.4597321087,481457.54026789125,0.3566352150132528
1265000.0,1094828.0104823438,170171.98951765615,0.13452331187166494
1690000.0,1189817.20148296,500182.79851704,0.2959661529686627
820000.0,930782.6397995825,-110782.63979958254,0.13510078024339334
1315000.0,1089755.2482481706,225244.7517518294,0.17128878460215163
1390000.0,1174611.6516078184,215388.34839218156,0.15495564632531048
1464725.0,1328186.176898552,136538.8231014479,0.09321806011466173
925000.0,786413.0581072913,138586.94189270865,0.14982372096509045
950000.0,1135331.0619105622,-185331.06191056222,0.1950853283269076
3200000.0,1846115.1292274643,1353884.8707725357,0.4230890221164174
595000.0,857959.9857475611,-262959.9857475611,0.4419495558782539
1008000.0,644495.2951471849,363504.70485281514,0.3606197468777928
2050000.0,1326254.2188857784,723745.7811142216,0.3530467224947422
956000.0,610254.9400050524,345745.05999494763,0.36165801254701635
938000.0,711746.4510439949,226253.54895600514,0.24120847436674323
350000.0,836948.6235862242,-486948.62358622416,1.391281781674926
999950.0,1187889.8407329794,-187939.84073297936,0.1879492381948891
622000.0,733552.6556506746,-111552.6556506746,0.17934510554770836
744000.0,797717.4435240589,-53717.44352405891,0.07220086495169208
590000.0,1915402.3096709603,-1325402.3096709603,2.2464445926626446
480000.0,482069.54068861104,-2069.540688611043,0.004311543101273007
1015000.0,653944.9681642178,361055.0318357822,0.3557192431879628
1476000.0,556090.3448552027,919909.6551447973,0.6232450238108382
810000.0,1121917.6651669745,-311917.66516697453,0.38508353724317845
604000.0,677565.2434666345,-73565.24346663454,0.12179676070634857
600000.0,810762.0155537897,-210762.01555378968,0.3512700259229828
1535000.0,591688.9287794213,943311.0712205787,0.6145348998179666
2495000.0,1077156.6971222726,1417843.3028777274,0.5682738688888687
1200000.0,2052294.9186135589,-852294.9186135589,0.710245765511299
2925000.0,1454444.8459450211,1470555.1540549789,0.502753898822215
1780000.0,960241.0296789289,819758.9703210711,0.4605387473713883
1000000.0,964645.2842329509,35354.715767049114,0.035354715767049114
1375000.0,903560.4018849803,471439.59811501973,0.34286516226546887
640000.0,1067151.8472380883,-427151.84723808826,0.6674247613095129
1800000.0,1447879.0829046376,352120.91709536244,0.1956227317196458
946000.0,782026.4725956056,163973.52740439435,0.17333353848244645
1750000.0,958140.5506430195,791859.4493569805,0.45249111391827457
1425000.0,1001286.7985189831,423713.20148101693,0.2973425975305382
4850000.0,3631579.5628809244,1218420.4371190756,0.2512207086843455
950000.0,1033989.3035112174,-83989.30351121735,0.08840979316970247
3586995.0,1094585.7716762726,2492409.2283237274,0.6948460280328597
525000.0,1353579.9990696027,-828579.9990696027,1.5782476172754336
1350000.0,1113012.6448922264,236987.35510777356,0.17554618896872115
610000.0,686407.7407393798,-76407.74073937978,0.12525859137603243
808888.0,689501.9451117171,119386.0548882829,0.14759281246387992
3110000.0,1541430.2196181857,1568569.7803818143,0.504363273434667
1425000.0,1343031.1048295149,81968.89517048514,0.05752203169858606
673000.0,825727.3638509607,-152727.36385096074,0.22693516173991196
840000.0,1017310.5840981572,-177310.58409815724,0.21108402868828244
1560000.0,878126.4436899279,681873.5563100721,0.4370984335320975
1751300.0,2134394.2335785506,-383094.23357855063,0.21874849173673877
736000.0,745564.6689540814,-9564.668954081368,0.012995474122393163
825000.0,883286.6449130253,-58286.64491302532,0.07065047868245493
1405000.0,686013.6008428572,718986.3991571428,0.5117340919267921
1750000.0,754152.9652794718,995847.0347205282,0.5690554484117304
765000.0,765212.128202854,-212.1282028539572,0.00027729176843654534
1245000.0,1057833.7029202613,187166.2970797387,0.15033437516444875
740000.0,560262.9550087122,179737.04499128775,0.24288789863687535
2900000.0,1422080.759326895,1477919.240673105,0.5096273243700362
455000.0,544833.6027702682,-89833.60277026822,0.19743648960498508
850000.0,763998.2078881701,86001.79211182985,0.10117857895509394
985000.0,829160.8431420056,155839.15685799439,0.15821234198781156
1475000.0,1068839.2844351167,406160.7155648833,0.2753631969931412
1500000.0,903387.945192066,596612.054807934,0.39774136987195596
2100000.0,974611.9532339483,1125388.0467660516,0.5358990698885959
1525000.0,1272133.2497559395,252866.75024406053,0.16581426245512165
865830.0,819981.3240060981,45848.67599390191,0.052953438889738066
1208000.0,584584.1322931352,623415.8677068648,0.5160727381679344
470000.0,746449.9897185292,-276449.98971852916,0.5881914674862323
745000.0,669103.2884445556,75896.7115554444,0.10187478061133477
1040000.0,852448.2873987108,187551.71260128915,0.18033818519354727
5350000.0,3752316.619162512,1597683.380837488,0.29863240763317533
1301000.0,896460.6524029293,404539.34759707074,0.31094492513226035
810000.0,643495.2710546347,166504.7289453653,0.20556139375971025
675000.0,1017552.1907326633,-342552.19073266326,0.5074847270113529
733000.0,695334.8720666973,37665.12793330266,0.051384894861258745
1524000.0,866299.6874893791,657700.3125106209,0.4315618848494888
1875000.0,1021654.6329740885,853345.3670259115,0.45511752908048614
950000.0,1105227.217606135,-155227.21760613495,0.16339707116435256
4100000.0,2056759.4263839705,2043240.5736160295,0.49835135941854375
800000.0,695907.3164080237,104092.6835919763,0.13011585448997037
1017000.0,825727.3638509607,191272.63614903926,0.188075355112133
1010000.0,983844.4955871005,26155.504412899492,0.025896539022672766
761000.0,438501.3495859384,322498.6504140616,0.42378272064922684
1740000.0,1398336.1222105403,341663.87778945966,0.19635855045371245
915000.0,677300.0091395801,237699.99086041993,0.2597814107764152
989000.0,1709878.3031678365,-720878.3031678365,0.7288961609381562
1450000.0,771376.044591723,678623.955408277,0.46801652097122554
1088000.0,882091.0410253882,205908.95897461183,0.18925455788107706
1120000.0,805974.3105776425,314025.6894223575,0.28038007984139063
980000.0,741638.0020745893,238361.99792541075,0.2432265284953171
799000.0,1508953.6943151795,-709953.6943151795,0.8885528089051057
801000.0,506334.96872106753,294665.03127893247,0.36787144978643255
975000.0,916488.5838450055,58511.41615499451,0.06001170887691745
1935000.0,1087619.521738217,847380.478261783,0.4379227277838672
318000.0,408655.3902849711,-90655.3902849711,0.28507984366343114
1370000.0,755744.5249792854,614255.4750207146,0.44836166059906174
547000.0,548160.5674483872,-1160.5674483871553,0.0021216955180752384
530000.0,607879.9031086328,-77879.90310863277,0.14694321341251468
500000.0,679956.9240390904,-179956.9240390904,0.3599138480781808
3338000.0,1602664.8272518413,1735335.1727481587,0.5198727300024442
1460000.0,1389066.3847363866,70933.6152636134,0.04858466798877631
7172500.0,2116143.524027568,5056356.475972433,0.7049643047713395
835000.0,937083.1769599271,-102083.17695992708,0.12225530174841566
2050000.0,1043225.6105771251,1006774.3894228749,0.4911094582550609
4950000.0,2182613.05994009,2767386.94005991,0.5590680686989717
1370000.0,1120355.53315252,249644.46684748004,0.18222223857480296
2150000.0,968693.08604057,1181306.91395943,0.5494450762602
425000.0,491877.0064925515,-66877.00649255147,0.15735766233541523
1044000.0,1380207.771079357,-336207.771079357,0.3220380949035987
3650000.0,2982411.86359952,667588.1364004798,0.1829008592878027
652000.0,626572.612684045,25427.387315955013,0.0389990603005445
2300000.0,843345.446112523,1456654.5538874771,0.6333280669075988
613000.0,582215.6750022501,30784.324997749878,0.050219127239396213
3800000.0,3591358.653378643,208641.3466213569,0.05490561753193603
1379000.0,782645.6841590331,596354.3158409669,0.43245418117546547
353000.0,634389.9487291084,-281389.94872910844,0.7971386649549814
3060880.0,719208.5594311554,2341671.440568845,0.7650320955309731
5341000.0,2563548.7371095964,2777451.2628904036,0.5200245764632847
6000000.0,8764151.60756451,-2764151.607564511,0.46069193459408514
1725000.0,1203124.4055972013,521875.5944027987,0.30253657646539056
470500.0,986251.2061143895,-515751.20611438947,1.0961768461517312
875000.0,818007.7753806484,56992.22461935156,0.06513397099354463
1050000.0,880797.897442907,169202.10255709302,0.16114485957818384
1160000.0,825811.5238133736,334188.47618662636,0.28809351395398825
1250000.0,885146.0995870214,364853.9004129786,0.2918831203303829
1500000.0,718918.382291632,781081.617708368,0.5207210784722454
1057650.0,633418.7998314997,424231.2001685003,0.4011073608173784
775500.0,937258.9859537982,-161758.98595379817,0.20858670013384678
390000.0,623237.7844558661,-233237.7844558661,0.5980456011688874
900000.0,691614.5096269924,208385.4903730076,0.23153943374778624
2140000.0,584561.3984552649,1555438.601544735,0.7268404680115584
850000.0,850778.9675713661,-778.9675713661127,0.0009164324369013091
417000.0,612554.4969370344,-195554.49693703442,0.4689556281463655
4149500.0,1222957.1555622783,2926542.8444377217,0.7052760198669048
775000.0,816019.5081459114,-41019.508145911386,0.052928397607627596
2000000.0,1235828.2824350575,764171.7175649425,0.38208585878247125
3300000.0,1487987.753208166,1812012.246791834,0.5490946202399497
371000.0,684179.2162458118,-313179.2162458118,0.8441488308512447
1225000.0,1142802.7819126507,82197.21808734932,0.06709976986722394
4422300.0,2013614.7006289137,2408685.299371086,0.5446680006718418
695000.0,717264.8354453663,-22264.835445366334,0.03203573445376451
1395000.0,796057.8864428544,598942.1135571456,0.42934918534562405
515000.0,693659.0891048191,-178659.0891048191,0.34691085263071675
910000.0,851765.6834220046,58234.31657799543,0.06399375448131366
2000000.0,1236571.19291049,763428.8070895099,0.38171440354475494
1550000.0,1205370.706991961,344629.293008039,0.22234147936002516
825000.0,807797.2572286346,17202.742771365447,0.020851809419836904
930000.0,751588.1129992072,178411.88700079278,0.19184073871052987
1125000.0,1032513.7051060665,92486.29489393346,0.08221003990571864
5550000.0,2228412.388304731,3321587.611695269,0.5984842543595079
540000.0,973414.6110920833,-433414.6110920833,0.8026196501705246
370000.0,676253.0605580382,-306253.0605580382,0.8277109744811842
4850000.0,1318074.5775675003,3531925.4224325,0.7282320458623711
1588888.0,844072.9151272697,744815.0848727303,0.4687650009772434
696180.0,1227514.9380560676,-531334.9380560676,0.763214884162239
887000.0,858292.7296586019,28707.270341398078,0.03236445359796852
1500000.0,808945.2672572827,691054.7327427173,0.4607031551618115
1515000.0,1157128.8411445655,357871.1588554345,0.2362185867032571
3500000.0,2244085.679354811,1255914.320645189,0.35883266304148254
635000.0,530418.2243228734,104581.7756771266,0.16469570972775843
765000.0,773609.3875407085,-8609.387540708529,0.011254101360403305
1185000.0,958140.5506430195,226859.4493569805,0.19144257329702996
510625.0,487013.42924618727,23611.57075381273,0.04624053024002493
1277500.0,868003.2148843193,409496.78511568066,0.32054542866198094
1365000.0,1260029.1552238807,104970.84477611934,0.07690171778470281
1675000.0,922055.3778561722,752944.6221438278,0.4495191773993002
1380000.0,651418.2219212758,728581.7780787242,0.5279578102019741
1782000.0,971639.3575386425,810360.6424613575,0.45474783527573376
480000.0,650501.884399987,-170501.88439998694,0.35521225916663945
1360000.0,1080671.7384444424,279328.2615555576,0.2053884276143806
811000.0,679956.9240390904,131043.0759609096,0.16158209119717584
1165000.0,825976.0187111581,339023.9812888419,0.29100770926080854
1530000.0,928549.9204238219,601450.0795761781,0.3931046271739726
1580000.0,1159940.614347195,420059.385652805,0.2658603706663323
2670000.0,1398228.0385017726,1271771.9614982274,0.47631908670345596
890000.0,1213324.9710510597,-323324.97105105966,0.3632864843270333
3300000.0,2114453.498234392,1185546.5017656079,0.3592565156865478
659000.0,665086.4860430317,-6086.486043031677,0.009235942402172499
1200000.0,752664.3428701282,447335.6571298718,0.37277971427489315
1240000.0,676253.0605580382,563746.9394419618,0.45463462858222725
3600000.0,2891539.006872357,708460.9931276431,0.1967947203132342
555000.0,944723.609705778,-389723.60970577796,0.7022047021725729
793000.0,803192.7435727717,-10192.743572771666,0.012853396686975618
1260000.0,1311837.0516025391,-51837.05160253914,0.04114051714487233
4230000.0,1096121.983280733,3133878.016719267,0.7408695074986447
4728750.0,1160311.1576667195,3568438.8423332805,0.7546262421006145
1492718.0,948811.9848903001,543906.0151096999,0.3643729191379081
820000.0,1072912.5212534463,-252912.52125344635,0.3084299039676175
1220000.0,812141.8982615795,407858.10173842055,0.33430991945772176
3975000.0,868003.2148843193,3106996.7851156807,0.7816344113498568
2430000.0,1897355.7305127038,532644.2694872962,0.21919517262851695
765900.0,918092.2463998019,-152192.24639980192,0.198710336074947
1045000.0,928411.2961276441,116588.70387235587,0.11156813767689557
975000.0,1038368.9797046733,-63368.979704673286,0.06499382533812645
1793300.0,685115.0064901335,1108184.9935098665,0.6179585086209036
305000.0,636604.3880222095,-331604.3880222095,1.0872275017121624
1600000.0,939563.8700441876,660436.1299558124,0.41277258122238275
938000.0,831113.6279348617,106886.3720651383,0.11395135614620289
815000.0,801376.3731339116,13623.626866088365,0.016716106584157505
2300000.0,1455814.9251648865,844185.0748351135,0.367036989058745
1130000.0,746449.9897185292,383550.01028147084,0.3394247878597087
499000.0,617851.7575334653,-118851.75753346528,0.2381798748165637
1120000.0,1028813.8656190136,91186.13438098645,0.08141619141159505
3608888.0,998856.652807721,2610031.347192279,0.7232231499543015
1120000.0,1000907.5551318503,119092.4448681497,0.10633254006084794
1200000.0,937442.652530455,262557.34746954497,0.21879778955795415
1020000.0,1067520.6233450614,-47520.62334506144,0.0465888464167269
990000.0,591301.1302205068,398698.8697794932,0.4027261310903972
1575000.0,1031367.8099226113,543632.1900773887,0.3451632952872309
3477000.0,1518704.6177193604,1958295.3822806396,0.5632140875124071
4900000.0,558234.1168370736,4341765.883162927,0.8860746700332504
655000.0,616658.0537231948,38341.94627680525,0.05853732256000801
11150000.0,1044950.1549408743,10105049.845059127,0.9062824973147199
1025000.0,1087636.5821095025,-62636.58210950252,0.061108860594636605
3500000.0,692998.9418005212,2807001.058199479,0.8020003023427082
1051000.0,1076109.6477460975,-25109.64774609753,0.023891196713698885
779900.0,863321.444520312,-83421.44452031201,0.1069642832674856
1595000.0,743069.3107806946,851930.6892193054,0.534125823961947
1580000.0,908910.796458205,671089.203541795,0.42474000224164243
716000.0,911963.2530200918,-195963.2530200918,0.2736916941621394
795000.0,919474.0499872377,-124474.04998723767,0.15657113205941844
785000.0,876489.4260898505,-91489.42608985049,0.11654703960490508
1225000.0,830688.0386854117,394311.9613145883,0.3218873153588476
1365000.0,867636.7230163522,497363.27698364784,0.3643687010869215
975000.0,788267.5255176944,186732.47448230558,0.19152048664851853
550000.0,606425.1236709114,-56425.12367091142,0.10259113394711167
3140000.0,2064045.2503685544,1075954.7496314456,0.3426607482902693
815000.0,857834.9487870107,-42834.94878701074,0.052558219370565325
865000.0,904788.5654909192,-39788.565490919165,0.04599834160799904
3110000.0,2139711.0376286763,970288.9623713237,0.311990020055088
2220000.0,1158044.1438510797,1061955.8561489203,0.4783584937607749
875000.0,1065784.4359087523,-190784.43590875226,0.2180393553242883
590000.0,791355.2423062224,-201355.24230622244,0.34128007170546176
1645000.0,1177888.1362707312,467111.8637292688,0.28395857977463146
1400000.0,790765.3030516128,609234.6969483872,0.4351676406774194
1050000.0,879876.8758136551,170123.1241863449,0.1620220230346142
5390000.0,2806020.9673770517,2583979.0326229483,0.4794024179263355
2100000.0,1321699.5185313637,778300.4814686363,0.3706192768898268
875000.0,836921.9389263438,38078.061073656194,0.04351778408417851
715000.0,817324.8105307278,-102324.81053072785,0.14311162311989908
2145000.0,1432385.441116964,712614.558883036,0.332221239572511
1295000.0,955304.4486944235,339695.55130557646,0.26231316703133317
627000.0,786950.980703546,-159950.98070354597,0.25510523238205096
948000.0,1343031.1048295149,-395031.10482951486,0.41669947766826465
870000.0,677565.2434666345,192434.75653336546,0.22118937532570743
1555000.0,612549.761042751,942450.238957249,0.606077324088263
1025000.0,1015318.3353051891,9681.664694810868,0.009445526531522799
644000.0,760664.7273243205,-116664.72732432047,0.18115640888869639
5855000.0,1266835.0319510747,4588164.9680489255,0.7836319330570325
620000.0,801163.0499446434,-181163.0499446434,0.2921984676526506
1315000.0,1044244.8494286072,270755.15057139285,0.20589745290600217
815000.0,800341.2363628683,14658.763637131662,0.01798621305169529
1650000.0,1363576.8481470915,286423.15185290854,0.17358978900176275
1150000.0,986658.4958735004,163341.50412649964,0.1420360905447823
2525000.0,724471.0782335033,1800528.9217664967,0.7130807610956422
800000.0,890404.7124518307,-90404.71245183074,0.11300589056478842
590000.0,491070.86202618445,98929.13797381555,0.16767650504036535
1280000.0,885882.0366982907,394117.9633017093,0.3079046588294604
1775000.0,2127153.9649752625,-352153.9649752625,0.1983965999860634
1217500.0,712465.5209930004,505034.47900699964,0.4148127137634494
250000.0,619460.8860930738,-369460.88609307376,1.477843544372295
1100000.0,873503.6697499078,226496.3302500922,0.2059057547728111
1005000.0,695436.6794067154,309563.32059328456,0.3080232045704324
1570000.0,2373592.670142972,-803592.6701429719,0.5118424650592178
1495000.0,1187889.8407329794,307110.15926702064,0.20542485569700378
1200000.0,2033737.0561304176,-833737.0561304176,0.6947808801086813
1330000.0,809103.6329949581,520896.3670050419,0.3916514037631894
830550.0,860477.1312371268,-29927.13123712677,0.036032907395252264
1219000.0,1126229.006584021,92770.99341597897,0.07610417835601228
1500000.0,1023152.6285162324,476847.37148376764,0.31789824765584507
585000.0,811878.1677144028,-226878.16771440278,0.3878259277169278
508888.0,710632.4887879444,-201744.48878794443,0.3964418276476247
530000.0,600218.425019657,-70218.425019657,0.13248759437671134
2438018.0,1011096.6761901353,1426921.3238098647,0.5852792406823348
1280000.0,552189.3912868118,727810.6087131882,0.5686020380571782
3500000.0,2127424.8480916596,1372575.1519083404,0.3921643291166687
1950000.0,1543054.0291135712,406945.97088642884,0.20869024148021992
1375000.0,800762.4704735454,574237.5295264546,0.41762729420105793
1180000.0,926772.2942933104,253227.70570668962,0.2145997505988895
690000.0,1177888.1362707312,-487888.1362707312,0.7070842554648279
1615000.0,915093.0570304182,699906.9429695818,0.43337891205546863
1842500.0,1397740.8209072207,444759.1790927793,0.24138897101372012
775000.0,821456.8572325584,-46456.857232558425,0.05994433191297861
610000.0,712622.2545133741,-102622.25451337406,0.16823320412028536
1675000.0,1035757.1093313316,639242.8906686684,0.38163754666786176
810000.0,563758.1818943365,246241.81810566352,0.3040022445748932
861000.0,1085645.4456520423,-224645.44565204228,0.2609122481440677
1500000.0,1311172.05456121,188827.9454387899,0.12588529695919326
660000.0,768253.9404782988,-108253.94047829881,0.1640211219368164
835000.0,867577.2860492826,-32577.286049282644,0.03901471383147622
1757500.0,1193102.0491780948,564397.9508219052,0.3211368141234169
475000.0,553181.1585245448,-78181.1585245448,0.16459191268325218
1050000.0,888197.7142377803,161802.2857622197,0.1540974150116378
1835000.0,1048746.8321354608,786253.1678645392,0.428475840798114
500000.0,854963.4944320387,-354963.49443203874,0.7099269888640775
980000.0,804399.5180302016,175600.48196979845,0.17918416527530454
1200000.0,940268.9242456221,259731.07575437787,0.21644256312864824
2800000.0,1216640.4048730736,1583359.5951269264,0.565485569688188
765000.0,1574697.7390725908,-809697.7390725908,1.058428417088354
1390000.0,1091262.9752501948,298737.0247498052,0.2149187228415865
430000.0,678932.0147670738,-248932.0147670738,0.5789116622490088
1250000.0,937258.9859537982,312741.01404620183,0.25019281123696147
2200000.0,2285249.934016477,-85249.93401647685,0.038749970007489476
955000.0,1271565.138329224,-316565.13832922396,0.3314818202400251
660000.0,1263193.6152384013,-603193.6152384013,0.9139297200581838
664000.0,934615.7967816298,-270615.7967816298,0.4075539108157075
730000.0,761547.0211943178,-31547.021194317844,0.0432150975264628
300000.0,603253.7550337462,-303253.75503374625,1.0108458501124875
860000.0,651261.0577833775,208738.94221662253,0.24271970025188666
999000.0,767763.5353808745,231236.46461912547,0.23146793255167714
2160000.0,2912996.176235671,-752996.1762356712,0.34860934084984774
3620000.0,2478767.4155841046,1141232.5844158954,0.315257620004391
1600000.0,1319917.3101419038,280082.6898580962,0.17505168116131012
4410000.0,1250450.609039928,3159549.390960072,0.7164511090612409
580000.0,987189.0568328457,-407189.0568328457,0.7020500979876649
1500000.0,1024509.4018155234,475490.5981844766,0.31699373212298443
1290000.0,896460.6524029293,393539.34759707074,0.3050692617031556
3785000.0,1593042.323699565,2191957.6763004353,0.5791169554294413
480000.0,514606.75522975513,-34606.75522975513,0.07209740672865653
900200.0,1075029.429040093,-174829.42904009297,0.1942117629861064
770000.0,821962.1957839079,-51962.1957839079,0.06748337114793233
935000.0,705613.3322829742,229386.66771702585,0.24533333445671213
900000.0,924377.3567297723,-24377.35672977229,0.027085951921969213
675000.0,1067115.6231673898,-392115.6231673898,0.580912034322059
615000.0,572152.5737353158,42847.42626468418,0.0696706118124946
1696000.0,970963.9338664955,725036.0661335045,0.4274976805032456
1050000.0,790850.2507856637,259149.74921433628,0.24680928496603455
885000.0,770978.2604147176,114021.7395852824,0.12883812382517784
1682000.0,1071762.6813758672,610237.3186241328,0.3628045889560837
650000.0,498612.3229580064,151387.6770419936,0.23290411852614398
2600000.0,1115767.467702812,1484232.532297188,0.5708586662681492
1350000.0,1076510.0481836316,273489.9518163684,0.2025851494936062
1010000.0,931626.0319800838,78373.96801991621,0.0775979881385309
765000.0,654804.6129489366,110195.38705106336,0.14404625758308937
3600000.0,1736920.3731647134,1863079.6268352866,0.5175221185653573
475000.0,1061211.8669839003,-586211.8669839003,1.2341302462818955
4550000.0,3129558.249096497,1420441.750903503,0.3121850001985721
1320000.0,1076510.0481836316,243489.95181636838,0.18446208470936998
660000.0,690436.7388745577,-30436.73887455766,0.046116271022057065
1050000.0,1562039.886726312,-512039.8867263121,0.4876570349774401
1000000.0,1061416.465364855,-61416.465364855016,0.06141646536485502
689000.0,812223.0384403538,-123223.03844035382,0.1788433068800491
1240000.0,848878.8304826316,391121.1695173684,0.31542029799787774
925000.0,1396047.234627266,-471047.23462726595,0.5092402536510984
21450000.0,4127921.8499689493,17322078.150031053,0.8075560909105386
710000.0,867883.8460260164,-157883.8460260164,0.22237161412114986
400000.0,448196.1022710006,-48196.10227100062,0.12049025567750156
443900.0,569408.3111502106,-125508.31115021056,0.28274005665737906
850000.0,928014.6011151621,-78014.60111516214,0.09178188366489663
1110000.0,1210009.4959786006,-100009.49597860058,0.09009864502576628
2225000.0,1380859.1616025383,844140.8383974617,0.3793891408527918
1500000.0,1113263.6111505849,386736.3888494151,0.2578242592329434
530000.0,737464.3019048787,-207464.3019048787,0.39144207906580886
1310000.0,994562.6503510763,315437.34964892373,0.24079186996101049
1152000.0,810418.4433794154,341581.55662058457,0.296511767899813
1065000.0,742844.4507755123,322155.54922448774,0.3024934734502232
880000.0,882091.0410253882,-2091.041025388171,0.002376182983395649
819000.0,1272133.2497559395,-453133.24975593947,0.5532762512282533
800000.0,787988.1466381992,12011.853361800779,0.015014816702250973
1100000.0,773448.6928068695,326551.3071931305,0.2968648247210277
1615000.0,1013255.0910417556,601744.9089582444,0.3725974668472101
2070000.0,1038399.4535906143,1031600.5464093857,0.49835775188859216
795000.0,899536.6280711603,-104536.62807116029,0.1314926139259878
1750000.0,3753066.818646688,-2003066.818646688,1.1446096106552504
3100000.0,1110013.6880768451,1989986.3119231549,0.6419310683623081
1316400.0,891705.9700555794,424694.02994442056,0.322617768113355
1275000.0,1745721.1713158956,-470721.1713158956,0.3691930755418789
4211000.0,1657431.2176243817,2553568.7823756183,0.6064043653231105
2400000.0,1993401.6615290323,406598.3384709677,0.1694159743629032
843000.0,781799.934651095,61200.065348905046,0.07259794228814359
1230000.0,768578.819151812,461421.180848188,0.37513917142129105
2550000.0,1161814.9787220058,1388185.0212779942,0.5443862828541154
625000.0,766879.4334483696,-141879.43344836961,0.22700709351739137
1341539.0,746449.9897185292,595089.0102814708,0.44358681356372853
775000.0,636931.6073964143,138068.39260358573,0.17815276464978805
1600000.0,1085668.8921574824,514331.10784251755,0.32145694240157346
745000.0,746449.9897185292,-1449.989718529163,0.0019462949242002186
3200000.0,1155811.3020129784,2044188.6979870216,0.6388089681209442
2650000.0,1397714.2436902118,1252285.7563097882,0.47256066275841063
3120000.0,1171400.1438860293,1948599.8561139707,0.624551235933965
374900.0,560667.9552281749,-185767.95522817492,0.49551335083535586
955000.0,664744.0171699269,290255.9828300731,0.3039329663142127
455000.0,866065.9671096759,-411065.96710967587,0.9034416859553316
1100000.0,716690.1096406309,383309.8903593691,0.34846353669033553
1975625.0,1178266.0465387073,797358.9534612927,0.403598331394517
1150000.0,988151.0777315587,161848.9222684413,0.14073819327690548
580000.0,692632.7747616686,-112632.77476166864,0.19419443924425628
680000.0,1279427.7496362596,-599427.7496362596,0.8815113965239112
3660000.0,1046039.7891459086,2613960.2108540917,0.7141967789218829
1290000.0,896460.6524029293,393539.34759707074,0.3050692617031556
1000000.0,746025.2028374556,253974.79716254445,0.25397479716254445
357000.0,602112.3486288262,-245112.3486288262,0.6865892118454515
624900.0,581046.049605908,43853.95039409201,0.07017754903839336
1930000.0,929785.5490852355,1000214.4509147645,0.5182458294895153
1600000.0,1081970.0150058735,518029.9849941265,0.32376874062132904
755000.0,753693.5799667371,1306.4200332629262,0.0017303576599508957
1000000.0,921440.3967904702,78559.60320952977,0.07855960320952977
310000.0,458657.7939742777,-148657.79397427768,0.4795412708847667
1925000.0,946158.2321147793,978841.7678852207,0.5084892300702445
1190000.0,1354353.7988206283,-164353.79882062832,0.13811243598372128
1410000.0,688783.216836677,721216.783163323,0.511501264654839
1075000.0,1352902.179221427,-277902.17922142707,0.2585136550896996
1500000.0,1133673.488972423,366326.5110275771,0.24421767401838473
625000.0,1070539.415875565,-445539.415875565,0.712863065400904
1735500.0,800603.3763056104,934896.6236943896,0.5386900741540707
915000.0,982130.0957302018,-67130.0957302018,0.07336622484175061
455000.0,698742.5573028037,-243742.55730280373,0.5356979281380302
365000.0,645062.7776890297,-280062.7776890297,0.7672952813398074
470000.0,723427.579377917,-253427.579377917,0.5392076156976957
1600000.0,1029623.7951423774,570376.2048576226,0.3564851280360141
2635500.0,1171775.6684666527,1463724.3315333473,0.5553877182824312
760000.0,625808.6169979413,134191.38300205872,0.17656760921323517
1080000.0,1205328.1360340088,-125328.13603400881,0.11604457040186002
895000.0,1240597.36772046,-345597.36772046005,0.38614231030219
1900000.0,1080109.0134364632,819890.9865635368,0.4315215718755457
1500000.0,748715.4274252855,751284.5725747145,0.5008563817164764
950000.0,897876.0250735378,52123.974926462164,0.05486734202785491
900000.0,779847.009754329,120152.99024567101,0.13350332249519
2200000.0,1604742.8994441913,595257.1005558087,0.27057140934354945
1100000.0,912345.5759106535,187654.42408934655,0.17059493099031503
2105000.0,1054487.9695572297,1050512.0304427703,0.49905559640986713
815000.0,876361.7230358421,-61361.723035842064,0.07529045771268965
875000.0,1029222.1561882668,-154222.15618826682,0.17625389278659065
3250000.0,490273.8344661539,2759726.1655338462,0.8491465124719527
1625000.0,1327902.4120518009,297097.5879481991,0.18282928489119946
622990.0,1197802.785953832,-574812.7859538321,0.9226677570327486
290000.0,770400.4979110974,-480400.49791109737,1.6565534410727496
700000.0,713662.0154485893,-13662.015448589344,0.019517164926556207
3054893.0,2140340.7470635287,914552.2529364713,0.2993729249883617
1171500.0,857288.1796302154,314211.8203697846,0.26821324828833515
775000.0,838092.7464105337,-63092.74641053367,0.08140999536843053
1750000.0,1927146.3890229063,-177146.3890229063,0.10122650801308931
367500.0,478769.97857976245,-111269.97857976245,0.30277545191772093
1150000.0,1203814.3531628768,-53814.353162876796,0.04679508970684939
1050000.0,595703.9871622414,454296.01283775864,0.43266286936929393
735000.0,716809.3844037921,18190.615596207906,0.024749136865588987
1650000.0,767273.4519995452,882726.5480004548,0.5349857866669423
1765000.0,657811.9662383201,1107188.03376168,0.6273020021312634
751535.0,911487.4487351216,-159952.44873512164,0.21283433071662883
2900000.0,1061258.524791578,1838741.475208422,0.6340487845546282
295500.0,665038.6161076729,-369538.6161076729,1.2505536924117526
355000.0,659277.7754094182,-304277.77540941816,0.8571204941110371
1095000.0,913514.2013772208,181485.7986227792,0.16574045536326867
910000.0,624429.9346400248,285570.0653599752,0.3138132586373354
785000.0,748852.502937523,36147.49706247705,0.04604776695856949
615000.0,897946.1092224368,-282946.1092224368,0.46007497434542566
455000.0,695855.563645208,-240855.56364520802,0.5293528871323253
960000.0,389950.7666249026,570049.2333750974,0.5938012847657265
1090000.0,1006689.8750019483,83310.12499805167,0.07643130733766208
830000.0,625532.1982636284,204467.8017363716,0.24634674907996576
745000.0,695907.3164080237,49092.683591976296,0.06589621958654536
2100000.0,1080105.5443721171,1019894.4556278829,0.48566402648946805
2450000.0,2025452.173532067,424547.8264679329,0.17328482712976853
1010000.0,1248990.7244193219,-238990.72441932186,0.23662447962309097
1598000.0,1029888.6546648643,568111.3453351357,0.3555139833136018
940000.0,582832.2504730602,357167.7495269398,0.3799656909861062
362000.0,756195.1655348442,-394195.16553484416,1.0889369213669728
800000.0,575981.4459308971,224018.55406910286,0.2800231925863786
1300000.0,1779086.888809039,-479086.888809039,0.3685283760069531
1125000.0,867189.0072139315,257810.99278606847,0.22916532692094976
985000.0,1031169.2622689441,-46169.26226894406,0.04687234748116148
1988888.0,2583107.685338881,-594219.6853388809,0.2987698077211391
830000.0,588773.8599008231,241226.1400991769,0.2906339037339481
1598000.0,855257.0879333733,742742.9120666267,0.46479531418437214
1247000.0,759715.7277035078,487284.27229649224,0.3907652544478687
3608000.0,998134.4467109505,2609865.5532890493,0.7233551976965215
670000.0,752897.6445702049,-82897.6445702049,0.12372782771672372
560000.0,830261.1565682516,-270261.15656825155,0.48260920815759206
1051670.0,804399.5180302016,247270.48196979845,0.23512174158224391
610000.0,940599.2331130678,-330599.2331130678,0.541965955923062
1450000.0,791378.7622839342,658621.2377160658,0.45422154325245917
705000.0,480176.94215826737,224823.05784173263,0.31889795438543633
440000.0,1048549.0134742958,-608549.0134742958,1.3830659397143088
1000000.0,805370.4700094691,194629.52999053092,0.19462952999053093
1601000.0,704492.8889008415,896507.1110991585,0.5599669650837967
1770000.0,1169083.9060186045,600916.0939813955,0.339500618068585
4600000.0,3425588.9843715252,1174411.0156284748,0.2553067425279293
990000.0,734367.2575523627,255632.74244763725,0.25821489136124975
3100000.0,1370844.7465244054,1729155.2534755946,0.5577920172501918
635000.0,733498.1825495202,-98498.18254952016,0.15511524810948057
955000.0,883508.5504408889,71491.44955911115,0.07486015660639911
1125000.0,941280.5544032165,183719.44559678354,0.16330617386380758
2389000.0,1030691.1457972365,1358308.8542027636,0.568567959063526
2650000.0,1177736.3706191438,1472263.6293808562,0.5555711808984363
3800000.0,3599506.2275907435,200493.77240925655,0.05276151905506751
1890000.0,1042302.3858786416,847697.6141213584,0.44851725614886684
930000.0,921435.0077828419,8564.992217158084,0.009209669050707617
1550000.0,1196316.046623595,353683.95337640494,0.22818319572671286
1375000.0,1917399.8620205484,-542399.8620205484,0.39447262692403523
2634180.0,1246736.8243029453,1387443.1756970547,0.5267078087666958
3851000.0,926858.5678337701,2924141.43216623,0.7593200291265204
540000.0,855901.3637090594,-315901.3637090594,0.5850025253871471
346500.0,623003.7638828399,-276503.76388283994,0.7979906605565366
1500000.0,1326770.349032983,173229.65096701705,0.11548643397801137
1090000.0,960064.2373316182,129935.7626683818,0.11920712171411174
1350000.0,2270228.916187617,-920228.916187617,0.6816510490278644
740000.0,580908.9556781893,159091.0443218107,0.21498789773217664
2980000.0,1850826.4866983406,1129173.5133016594,0.3789172863428387
469000.0,464958.6003985117,4041.399601488316,0.008617056719591292
600000.0,720377.6914273555,-120377.69142735552,0.2006294857122592
829000.0,786983.4690122537,42016.530987746315,0.050683390817546824
2010000.0,1278050.447420456,731949.552579544,0.3641540062584796
805000.0,816019.5081459114,-11019.508145911386,0.013688829994920977
1310000.0,891165.0966287893,418834.9033712107,0.3197213002833669
1100000.0,822644.4757181135,277355.5242818865,0.2521413857108059
2325000.0,1174611.6516078184,1150388.3483921816,0.4947906874805082
915000.0,811597.0227301953,103402.97726980469,0.1130087183276554
1600000.0,751669.0430913228,848330.9569086772,0.5302068480679233
890000.0,788432.602907044,101567.397092956,0.1141206708909618
1242000.0,773067.1814843493,468932.8185156507,0.37756265580970266
1100000.0,1500872.0261529856,-400872.02615298564,0.3644291146845324
1050000.0,934615.7967816298,115384.20321837021,0.10988971735082877
1580000.0,982255.1831934787,597744.8168065213,0.3783195043079248
790000.0,826209.5756982978,-36209.57569829782,0.04583490594721243
250000.0,688295.665755057,-438295.665755057,1.753182663020228
1780000.0,752739.62531552,1027260.37468448,0.5771125700474606
950888.0,847541.9120239574,103346.08797604265,0.10868376504492921
1300000.0,1055833.430694423,244166.56930557708,0.187820437927367
7300000.0,1462656.6991950874,5837343.300804913,0.7996360686034127
925000.0,1019580.2469431425,-94580.2469431425,0.10224891561420811
3150000.0,923241.2938561758,2226758.7061438244,0.7069075257599442
4300000.0,2292318.0138645107,2007681.9861354893,0.4669027874733696
820000.0,919325.2059429779,-99325.20594297792,0.12112829993046087
550000.0,786838.8649975267,-236838.86499752675,0.43061611817732137
2250000.0,1232084.3240206437,1017915.6759793563,0.4524069671019361
975000.0,1030723.7056198305,-55723.70561983052,0.057152518584441564
965000.0,887777.9853976096,77222.01460239035,0.08002281305947187
970000.0,575473.8288835622,394526.17111643776,0.4067280114602451
1222000.0,889115.3407215328,332884.6592784672,0.2724097048105296
507000.0,588994.5040827569,-81994.50408275693,0.16172486012378093
675000.0,1039713.4415002693,-364713.44150026934,0.5403162096300287
942000.0,748925.1487156348,193074.85128436517,0.2049626871383919
3200000.0,1232819.9497549983,1967180.0502450017,0.614743765701563
490000.0,1090944.8212902392,-600944.8212902392,1.2264180026331413
525000.0,536269.1993305662,-11269.199330566218,0.021465141582030892
475000.0,965750.640946285,-490750.640946285,1.033159244097442
465000.0,1017310.5840981572,-552310.5840981572,1.1877646969852844
867000.0,1063360.5929251458,-196360.59292514576,0.22648280614203664
130000.0,656661.4709882452,-526661.4709882452,4.051242084524963
658000.0,744268.2980810669,-86268.29808106693,0.1311068359894634
1700000.0,2130066.5640563085,-430066.5640563085,0.25298033179782853
811100.0,538867.552301668,272232.447698332,0.33563364282866726
985000.0,1331404.5514304496,-346404.5514304496,0.3516797476451265
660000.0,727459.774045984,-67459.77404598403,0.10221177885755156
316000.0,1023214.8646875947,-707214.8646875947,2.23802172369492
300000.0,557099.5890201338,-257099.58902013383,0.8569986300671127
1750000.0,1079756.287101692,670243.712898308,0.3829964073704617
779000.0,1157501.3785807742,-378501.3785807742,0.4858811021576048
667000.0,1154929.4509035312,-487929.45090353116,0.7315284121492222
1780000.0,998826.9645579914,781173.0354420086,0.438861255866297
1800000.0,836715.7920066232,963284.2079933768,0.5351578933296538
3128000.0,804399.0086774498,2323600.99132255,0.7428391915992807
2100000.0,2114659.0543523924,-14659.054352392443,0.00698050207256783
630000.0,1189694.4254662618,-559694.4254662618,0.8884038499464473
1100000.0,1043515.8614628948,56484.13853710517,0.05134921685191379
1150000.0,953970.97568386,196029.02431613998,0.17046002114446956
2705000.0,945471.7856104731,1759528.2143895268,0.6504725376671079
2385000.0,1218817.6429217986,1166182.3570782014,0.488965348879749
620000.0,722672.6379390189,-102672.6379390189,0.16560102893390144
550000.0,432408.89291286154,117591.10708713846,0.2138020128857063
1350000.0,597405.9626198667,752594.0373801333,0.5574770647260247
1438000.0,1049897.675624044,388102.3243759561,0.2698903507482309
533000.0,711210.905361583,-178210.905361583,0.33435441906488367
1350000.0,784711.2480663827,565288.7519336173,0.4187324088397165
1575000.0,1232750.0623532184,342249.93764678156,0.21730154771224225
2575000.0,1277979.9311930558,1297020.0688069442,0.5036971140997841
870000.0,1028160.5135813227,-158160.51358132274,0.18179369377163535
712500.0,574844.456572822,137655.54342717805,0.1932007627048113
2050000.0,904855.7927796794,1145144.2072203206,0.5586069303513759
575000.0,533336.3222857112,41663.67771428882,0.0724585699378936
2030643.0,835606.4559265876,1195036.5440734124,0.5885015456057083
719990.0,804399.5180302016,-84409.51803020155,0.11723707000125218
660000.0,1016977.5354814006,-356977.53548140055,0.5408750537596978
2018578.0,1328513.6477171297,690064.3522828703,0.3418566695380958
1205000.0,938224.3028744973,266775.69712550275,0.2213906200211641
1150000.0,1257934.8418249593,-107934.84182495927,0.09385638419561675
487000.0,713555.2775856139,-226555.2775856139,0.46520590880002854
820000.0,991575.1645998652,-171575.1645998652,0.20923800560959172
1750000.0,1560265.279702145,189734.7202978551,0.10841984017020291
1050000.0,1749081.3459607875,-699081.3459607875,0.6657917580578928
990000.0,899288.4475907933,90711.55240920675,0.09162783071637046
499000.0,574020.1196645873,-75020.11966458731,0.15034092117151765
2650000.0,1059313.9341028258,1590686.0658971742,0.6002588927913864
600000.0,643930.2501930117,-43930.250193011714,0.07321708365501953
275000.0,563519.7212480892,-288519.7212480892,1.0491626227203243
1000000.0,853664.9998185437,146335.00018145633,0.14633500018145634
1030000.0,914674.0546346213,115325.94536537875,0.11196693724794053
269000.0,557524.5171843367,-288524.51718433667,1.0725818482689096
800000.0,955711.155673183,-155711.15567318304,0.1946389445914788
4075000.0,2784755.726060163,1290244.2739398368,0.31662436170302743
755000.0,508738.940085492,246261.05991450802,0.3261735892907391
2050000.0,1174611.6516078184,875388.3483921816,0.4270187065327715
625000.0,580908.9556781893,44091.04432181071,0.07054567091489714
1449000.0,907258.4994982746,541741.5005017254,0.3738726711537097
927000.0,473420.81360161275,453579.18639838725,0.4892979357048406
1470000.0,1059503.9109241625,410496.0890758375,0.27924904018764457
885000.0,1387633.5510010354,-502633.5510010354,0.5679475152554072
2620000.0,1325767.0506238886,1294232.9493761114,0.4939820417466074
1030000.0,1018595.1728265783,11404.827173421741,0.011072647741186157
980000.0,823768.9691872112,156231.03081278875,0.15941941919672323
770000.0,875263.2915317911,-105263.2915317911,0.1367055734179105
1291000.0,1068161.6352680703,222838.36473192973,0.17260911288298197
916000.0,779101.91916248,136898.08083751996,0.1494520533160698
1805000.0,1079003.044017426,725996.955982574,0.4022143800457474
330000.0,846061.6688675659,-516061.6688675659,1.563823238992624
1800000.0,844601.2210072725,955398.7789927275,0.5307770994404042
1645000.0,1261420.231535711,383579.7684642889,0.23317919055579872
2355000.0,2370013.058119606,-15013.058119606227,0.006374971600682049
2400000.0,1293113.158956513,1106886.841043487,0.46120285043478626
31000000.0,12211160.078877226,18788839.921122774,0.6060916103587992
643500.0,656366.7860036889,-12866.786003688932,0.019995005444738045
2475000.0,2251868.2980919476,223131.70190805243,0.0901542229931525
1625000.0,955711.155673183,669288.844326817,0.411870058047272
1140000.0,935570.2880957436,204429.71190425637,0.1793243086879442
1435000.0,875687.2212739047,559312.7787260953,0.3897650025965821
1257300.0,1157182.8543913,100117.14560870011,0.07962868496675425
2314750.0,1425548.6778663914,889201.3221336086,0.3841457272420817
796000.0,796933.3061568644,-933.3061568643898,0.0011724951719401882
920000.0,1042415.4926164853,-122415.49261648534,0.13306031806139712
1900000.0,1128253.2581214004,771746.7418785996,0.40618249572557874
400000.0,794212.2192280057,-394212.21922800574,0.9855305480700144
760000.0,852704.0538103022,-92704.05381030217,0.12197901817145022
4075000.0,1101629.7640080713,2973370.2359919287,0.7296614076053812
2340000.0,1070961.8849008363,1269038.1150991637,0.5423239808116084
1475000.0,905450.4758283682,569549.5241716318,0.3861352706248351
905000.0,916368.4533304187,-11368.453330418677,0.012561826884440528
810000.0,884512.5427266462,-74512.54272664618,0.09199079348968664
1075000.0,967665.8095812027,107334.19041879731,0.09984575852911377
1230000.0,781799.934651095,448200.06534890505,0.3643902970316301
371000.0,470742.2582802669,-99742.25828026689,0.26884705735920994
625000.0,968335.4410615732,-343335.4410615732,0.5493367056985171
1151000.0,1004916.984057944,146083.01594205596,0.12691834573593047
719900.0,1010331.9362224517,-290431.93622245174,0.40343372165919117
1225000.0,1067866.471701072,157133.52829892794,0.12827226799912483
1403000.0,1391702.1169313956,11297.883068604395,0.008052660775911899
1025000.0,894654.4883727441,130345.51162725594,0.12716635280707897
1300000.0,944301.6366134511,355698.36338654894,0.2736141256819607
4451000.0,1495468.974753715,2955531.025246285,0.6640150584691721
7550000.0,2140340.7470635287,5409659.252936471,0.716511159329334
1400000.0,875152.8987967202,524847.1012032798,0.3748907865737713
6150000.0,1393268.7657936984,4756731.234206302,0.7734522332042768
3080000.0,1097194.6027213796,1982805.3972786204,0.6437679861294222
2880000.0,1155175.181695089,1724824.818304911,0.5988975063558719
510000.0,442184.14278309164,67815.85721690836,0.1329722690527615
1025000.0,1881875.493371026,-856875.4933710259,0.8359760910936838
1500000.0,771326.3652302446,728673.6347697554,0.48578242317983694
718000.0,803192.7435727717,-85192.74357277167,0.11865284620163184
799000.0,698742.5573028037,100257.44269719627,0.12547865168610298
755000.0,560262.9550087122,194737.04499128775,0.25792986091561293
415000.0,806852.3179227903,-391852.3179227903,0.9442224528260007
1200000.0,996457.6523510637,203542.34764893632,0.16961862304078026
3650000.0,1462543.0005572676,2187456.9994427324,0.5993032875185569
905000.0,1334836.9347867481,-429836.93478674814,0.4749579389908819
940000.0,848112.5144976116,91887.48550238844,0.09775264415147707
887000.0,898287.4260316374,-11287.426031637355,0.012725395751564098
620000.0,1115997.3617252843,-495997.36172528425,0.7999957447182005
1220000.0,885146.0995870214,334853.9004129786,0.27447041017457263
690000.0,665636.5668063428,24363.433193657198,0.035309323469068406
750000.0,851765.6834220046,-101765.68342200457,0.1356875778960061
695000.0,654013.2224592871,40986.77754071285,0.05897378063411921
757000.0,474482.0275061842,282517.9724938158,0.3732073612864146
4205000.0,1459131.054626759,2745868.945373241,0.6530009382576079
1140000.0,494562.17089868203,645437.829101318,0.5661735342994018
1327500.0,1246736.8243029453,80763.17569705471,0.06083855043092634
820000.0,652706.0117047493,167293.9882952507,0.20401705889664717
434000.0,501693.9830194432,-67693.98301944323,0.15597691939963879
415000.0,830688.0386854117,-415688.0386854117,1.0016579245431607
1678000.0,962131.7632504816,715868.2367495184,0.42661992654917663
1965525.0,1280812.74968851,684712.2503114899,0.3483609978562928
1791216.0,1224753.0930564841,566462.9069435159,0.316244890031976
1270000.0,795536.0335683443,474463.9664316557,0.3735936743556344
87000.0,444444.6120111045,-357444.6120111045,4.108558758748328
1393000.0,760931.238935445,632068.761064555,0.45374641856751974
540000.0,509350.3746842928,30649.625315707177,0.056758565399457735
1130000.0,992010.048744534,137989.95125546597,0.12211500111103184
1400000.0,681970.4105325805,718029.5894674195,0.512878278191014
915000.0,858012.5877579517,56987.4122420483,0.062281324854697596
4890000.0,1256249.011273833,3633750.988726167,0.7430983617026926
565286.0,1201176.548726066,-635890.548726066,1.1249005790450604
1450000.0,1047469.2269315966,402530.77306840336,0.27760742970234714
750000.0,777224.1918015989,-27224.191801598878,0.03629892240213184
1500000.0,1314487.3700036616,185512.6299963384,0.1236750866642256
958888.0,1145074.5786215225,-186186.57862152252,0.19416926546324756
565000.0,569130.6857230491,-4130.6857230491005,0.007310948182387788
4350000.0,1470885.9157264822,2879114.084273518,0.6618653067295444
545000.0,796549.8264522867,-251549.82645228668,0.4615593145913517
2000000.0,1196889.8695183813,803110.1304816187,0.40155506524080936
3188000.0,2127424.8480916596,1060575.1519083404,0.33267727475167513
985000.0,949677.8843650426,35322.115634957445,0.03586001587305324
1423000.0,947075.1180862767,475924.8819137233,0.3344517792787936
4595000.0,1552014.0217180885,3042985.9782819115,0.6622385154041157
535000.0,795252.3916135534,-260252.3916135534,0.4864530684365484
600000.0,844601.2210072725,-244601.22100727248,0.4076687016787875
1200000.0,886457.151534155,313542.848465845,0.2612857070548708
1370000.0,1518806.7294687647,-148806.72946876474,0.10861805070712754
1250000.0,1122114.684176465,127885.31582353497,0.10230825265882798
840000.0,1035448.175578545,-195448.17557854496,0.23267639949826782
725000.0,796933.3061568644,-71933.30615686439,0.09921835331981295
6960000.0,3753066.818646688,3206933.181353312,0.4607662616886943
1085000.0,605000.5341558411,479999.4658441589,0.44239582105452435
810186.0,1504220.3306017555,-694034.3306017555,0.8566357979547358
1260000.0,1227744.2973382315,32255.702661768533,0.025599764017276615
2050000.0,983739.670004499,1066260.3299955009,0.5201269902417077
757428.0,952767.73993425,-195339.73993425,0.25789875728683126
645000.0,705957.7846943358,-60957.78469433577,0.09450819332455158
1300000.0,545022.9783866131,754977.0216133869,0.5807515550872208
1350000.0,785344.2535853987,564655.7464146013,0.41826351586266763
1325000.0,788976.3683097035,536023.6316902965,0.40454613712475207
575000.0,862260.7186441069,-287260.7186441069,0.49958385851149023
365000.0,521099.32919327426,-156099.32919327426,0.42766939505006646
1275000.0,989831.7924164783,285168.2075835217,0.2236613392811935
2325000.0,852194.180331965,1472805.819668035,0.6334648686744236
1075000.0,1158888.0480049003,-83888.04800490034,0.07803539349293055
1200000.0,982346.4828817998,217653.5171182002,0.1813779309318335
920000.0,918729.0941998577,1270.9058001423255,0.0013814193479807885
642500.0,591096.2089580434,51403.79104195663,0.08000590045440721
970000.0,1334449.4053161957,-364449.4053161957,0.37572103640844917
445000.0,617187.3041318345,-172187.30413183453,0.3869377620940102
2120000.0,1604592.5556277013,515407.44437229866,0.2431167190435371
730000.0,751241.3988805639,-21241.39888056391,0.029097806685703984
1700000.0,1206981.4792421907,493018.5207578093,0.2900108945634172
1425000.0,1140206.377750474,284793.622249526,0.1998551735084393
366000.0,560667.9552281749,-194667.95522817492,0.5318796590933741
980000.0,727833.4047524859,252166.59524751408,0.2573128522933817
290000.0,480176.94215826737,-190176.94215826737,0.6557825591664392
1505000.0,1351607.5552941612,153392.4447058388,0.10192189016999256
1135000.0,1056552.3628479228,78447.63715207716,0.06911686092694024
2125000.0,2568871.1716406643,-443871.17164066434,0.20888055136031264
3700000.0,2874156.056239517,825843.9437604831,0.22320106588121164
650000.0,565051.0771499408,84948.92285005923,0.13069065053855267
750000.0,741271.104095418,8728.895904581994,0.011638527872775991
419000.0,797642.8961311511,-378642.8961311511,0.9036823296686184
325000.0,696377.5451885266,-371377.5451885266,1.1427001390416205
1600000.0,1207428.309728926,392571.69027107395,0.24535730641942122
505000.0,693568.4883460412,-188568.48834604118,0.37340294721988354
912500.0,790263.7358304302,122236.26416956983,0.13395754977487104
635000.0,710856.6134580846,-75856.61345808464,0.11945923379225928
1070000.0,1211727.1269787017,-141727.12697870168,0.1324552588585997
1035000.0,953513.2140750387,81486.78592496132,0.07873119413039742
675000.0,501693.9830194432,173306.01698055677,0.25674965478601003
965000.0,851054.976409613,113945.02359038696,0.11807774465325074
655000.0,874322.3402861032,-219322.3402861032,0.33484326761237126
600000.0,538171.78470404,61828.21529595996,0.10304702549326661
856000.0,767273.4519995452,88726.54800045479,0.10365250934632568
1169000.0,1465643.9205209608,-296643.9205209608,0.253758700189017
308000.0,900540.9750112237,-592540.9750112237,1.923834334452025
725000.0,897946.1092224368,-172946.1092224368,0.23854635754818868
1460000.0,1118124.280345472,341875.71965452796,0.23416145181816983
2300000.0,1274089.0406921126,1025910.9593078874,0.4460482431773423
1515000.0,1102370.3913569034,412629.60864309664,0.272362777982242
4875000.0,1176571.155086911,3698428.8449130887,0.7586520707514028
3500000.0,2223392.249532694,1276607.750467306,0.3647450715620874
410000.0,487466.7245903491,-77466.72459034913,0.1889432307081686
665000.0,856527.7245626257,-191527.72456262575,0.28801161588364776
378000.0,1245849.385148202,-867849.3851482021,2.295897844307413
810000.0,908904.4715707079,-98904.47157070786,0.12210428588976278
1550000.0,1066456.8052183015,483543.1947816985,0.31196335147206355
3850000.0,3780931.5570631507,69068.44293684931,0.01793985530827255
620000.0,807640.276118447,-187640.27611844696,0.3026456066426564
625000.0,728459.9367447983,-103459.93674479832,0.16553589879167732
450000.0,596832.2212112548,-146832.22121125483,0.32629382491389963
2850000.0,931498.0669546635,1918501.9330453365,0.6731585729983637
1415000.0,741631.9032015777,673368.0967984223,0.47587851363846095
1105000.0,764568.9078497883,340431.0921502117,0.3080824363350332
576000.0,915625.2900499739,-339625.2900499739,0.5896272396700936
4350000.0,2855098.2885250817,1494901.7114749183,0.3436555658563031
327500.0,582485.7996929853,-254985.79969298525,0.7785825944823977
675000.0,732213.5965640271,-57213.59656402713,0.08476088379855871
1175000.0,1126134.8382475474,48865.16175245261,0.04158737170421498
910000.0,950700.0949542323,-40700.094954232336,0.044725379070584985
1415000.0,956801.50430593,458198.49569407,0.32381519130322967
1215000.0,442156.69281075,772843.30718925,0.6360850264932099
1300000.0,2730533.4898277284,-1430533.4898277284,1.1004103767905602
474990.0,770966.3809309867,-295976.3809309867,0.6231212887239452
865000.0,973884.3895502435,-108884.3895502435,0.12587790699450116
1645500.0,1021806.4930835473,623693.5069164527,0.379029782386176
1450000.0,1045568.4476194448,404431.5523805552,0.2789183119865898
2950000.0,984817.2861053161,1965182.7138946839,0.6661636318287064
650000.0,1754723.9813644637,-1104723.9813644637,1.6995753559453288
805000.0,787800.5872749845,17199.412725015543,0.02136573009318701
1725000.0,1533101.0348923667,191898.96510763327,0.1112457768739903
1250000.0,875234.6411721394,374765.35882786056,0.29981228706228846
5050000.0,1627739.7521064777,3422260.2478935225,0.6776752966125787
1350000.0,757657.7302845072,592342.2697154928,0.43877205164110583
350000.0,908945.5493923493,-558945.5493923493,1.596987283978141
1435000.0,976836.8069958999,458163.1930041001,0.31927748641400705
1070000.0,1082639.9395710637,-12639.939571063733,0.01181302763650816
790000.0,887689.2419348174,-97689.2419348174,0.12365726827192076
1300000.0,938413.7974688306,361586.2025311694,0.27814323271628416
593000.0,570500.7562850357,22499.24371496425,0.037941389064020656
410000.0,541225.1356767492,-131225.13567674917,0.3200613065286565
459000.0,739007.4475128838,-280007.4475128838,0.6100380120106401
705000.0,841502.9713382451,-136502.9713382451,0.19362123594077318
1850000.0,1418313.5874721785,431686.4125278215,0.2333440067717954
718000.0,636218.8208088557,81781.1791911443,0.11390136377596699
1710000.0,1903308.8620280768,-193308.86202807678,0.11304611814507413
717000.0,666999.0036727955,50000.99632720451,0.06973639655119179
535000.0,718664.5879552151,-183664.58795521513,0.3432982952433928
825000.0,633110.1185821068,191889.88141789322,0.23259379565805238
2250000.0,1089115.2906690931,1160884.7093309069,0.5159487597026253
1375000.0,920923.3649179316,454076.6350820684,0.3302375527869588
1880000.0,3096343.2982450956,-1216343.2982450956,0.6469911160878168
799000.0,882327.1476702485,-83327.14767024852,0.10428929620807074
521900.0,469640.4298608686,52259.57013913139,0.1001333016653217
2595000.0,2459617.1999593806,135382.80004061945,0.05217063585380326
1799000.0,1308199.3586869314,490800.64131306857,0.27281858883439053
2300000.0,2226472.3990209172,73527.60097908275,0.03196852216481859
680000.0,763717.7001284529,-83717.70012845285,0.12311426489478361
799000.0,901715.8463883857,-102715.84638838575,0.1285555023634365
1020000.0,826593.4478298007,193406.55217019934,0.18961426683352878
465000.0,463140.93970068736,1859.0602993126377,0.003997979138306748
2550000.0,929965.6081684682,1620034.3918315317,0.6353076046398163
690000.0,650349.8437819264,39650.156218073564,0.057463994518947195
607000.0,915817.1181219829,-308817.1181219829,0.5087596674167758
940000.0,1213189.8042301536,-273189.80423015356,0.290627451308674
1055000.0,1053861.3349975583,1138.6650024417322,0.001079303319849983
910000.0,754409.1667936626,155590.8332063374,0.17097893758938176
750000.0,753784.8084037283,-3784.808403728297,0.0050464112049710625
1487500.0,1020360.3772477037,467139.6227522963,0.31404344386708993
650000.0,603616.387666113,46383.612333887024,0.07135940359059542
1069450.0,985638.0485263473,83811.95147365273,0.07836920984959814
1650000.0,1965620.9917065813,-315620.9917065813,0.1912854495191402
4635000.0,3208805.938040096,1426194.0619599042,0.307700984241619
299900.0,415218.4913814567,-115318.49138145673,0.3845231456534069
2200000.0,761822.58047431,1438177.41952569,0.6537170088753136
900000.0,781033.7209169943,118966.27908300573,0.13218475453667303
4500000.0,1722086.42995232,2777913.5700476803,0.6173141266772623
2505000.0,787800.5872749845,1717199.4127250155,0.6855087475948166
775000.0,650897.817596252,124102.18240374804,0.1601318482629007
899000.0,627520.8289045058,271479.1710954942,0.3019790557235753
4700000.0,924742.2451012519,3775257.7548987484,0.8032463308295209
1675000.0,1189695.2980614852,485304.70193851483,0.2897341504110536
2500000.0,1236571.19291049,1263428.80708951,0.505371522835804
2525000.0,1050444.968154392,1474555.031845608,0.5839821908299437
835000.0,974772.5294697931,-139772.52946979308,0.16739225086202764
750000.0,1108014.4004704284,-358014.4004704284,0.4773525339605712
900000.0,968183.1834225872,-68183.18342258723,0.07575909269176359
795000.0,746962.0072601517,48037.99273984833,0.06042514810043815
2900000.0,1443788.866574795,1456211.133425205,0.5021417701466224
1325000.0,915093.0570304182,409906.9429695818,0.30936373054308064
1650000.0,766663.4120313211,883336.5879686789,0.5353555078598053
2000000.0,1563519.4597938596,436480.5402061404,0.21824027010307018
775000.0,560950.171360193,214049.82863980695,0.2761933272771703
2650000.0,1047532.5016337996,1602467.4983662004,0.6047047163646039
1925500.0,1215548.5991948233,709951.4008051767,0.3687101536251242
2450000.0,1990956.6048386544,459043.3951613456,0.18736465108626352
905000.0,1081050.3075208934,-176050.3075208934,0.19453072654242365
1100000.0,976374.2215123442,123625.7784876558,0.11238707135241437
1300000.0,727368.6439723951,572631.3560276049,0.440485658482773
4400000.0,2761739.986818518,1638260.013181482,0.37233182117760955
1259500.0,747651.3212454099,511848.6787545901,0.4063903761449703
1115000.0,1828827.1273758782,-713827.1273758782,0.6402037016824019
780000.0,422292.63356280944,357707.36643719056,0.4585991877399879
844000.0,797821.0353387354,46178.96466126456,0.05471441310576369
550000.0,943416.5521882238,-393416.5521882238,0.715302822160407
850000.0,529782.1758853543,320217.8241146457,0.3767268518995832
1450000.0,1230723.722619844,219276.2773801561,0.15122501888286627
520000.0,936072.3394522527,-416072.3394522527,0.8001391143312553
1988888.0,939473.251777101,1049414.7482228992,0.5276389360400883
1650000.0,713835.7451849986,936164.2548150014,0.5673722756454553
780000.0,767273.4519995452,12726.548000454786,0.01631608718007024
1202000.0,749053.9661354173,452946.03386458266,0.37682698324840486
315000.0,590379.3109630093,-275379.31096300925,0.874220034803204
1400000.0,974629.6983291837,425370.30167081626,0.3038359297648688
1135000.0,1449511.5760882962,-314511.57608829625,0.27710271020995264
855000.0,803192.7435727717,51807.256427228334,0.06059328237102729
1695000.0,818910.6541777364,876089.3458222636,0.516866870691601
645000.0,793135.6937421546,-148135.69374215463,0.22966774223589864
535000.0,979400.8390920762,-444400.8390920762,0.8306557740038807
1450000.0,1168008.8030785955,281991.19692140445,0.19447668753200306
1709675.0,721728.3470971123,987946.6529028877,0.5778564071550953
1758000.0,802810.6607093984,955189.3392906016,0.5433386457853251
368000.0,769280.0091318912,-401280.0091318912,1.0904348074236174
1484000.0,810993.4260495699,673006.5739504301,0.45350847301241926
815000.0,864090.0971748522,-49090.097174852155,0.060233248067303256
473880.0,917175.5367649284,-443295.5367649284,0.9354594765867484
710000.0,1087765.2603361441,-377765.2603361441,0.5320637469523156
750333.0,1047650.8554111044,-297317.8554111044,0.3962478731591232
1800000.0,2871728.8678731937,-1071728.8678731937,0.5954049265962187
867000.0,666054.5452198558,200945.45478014415,0.23177099743961263
395000.0,760414.5401739181,-365414.5401739181,0.9251001017061219
1010000.0,904064.6562691208,105935.34373087925,0.1048864789414646
1450000.0,1006523.3450551912,443476.6549448088,0.30584596892745436
875000.0,739728.8013501421,135271.1986498579,0.1545956555998376
374250.0,729558.7411623241,-355308.7411623241,0.9493887539407457
1435000.0,937151.2579408755,497848.7420591245,0.34693292129555714
2900000.0,1172251.8922167383,1727748.1077832617,0.5957752095804351
3488000.0,1604592.5556277013,1883407.4443722987,0.5399677306113242
680000.0,1110891.2490257586,-430891.2490257586,0.6336636015084686
5052081.0,3036785.2532181507,2015295.7467818493,0.3989040846300464
480000.0,951957.5641967012,-471957.56419670116,0.9832449254097941
1025000.0,1138836.03111016,-113836.03111016005,0.11105954254649761
435000.0,463443.8954371119,-28443.895437111903,0.06538826537267105
595000.0,991259.7448765466,-396259.74487654655,0.6659827644983976
3100000.0,855775.5766915977,2244224.4233084023,0.7239433623575491
1180000.0,787800.5872749845,392199.41272501554,0.3323723836652674
660000.0,551237.3635677043,108762.63643229567,0.16479187338226617
875000.0,772865.0722449862,102134.9277550138,0.11672563172001578
1650000.0,848257.6895335873,801742.3104664127,0.48590443058570465
1203663.0,828138.9448796143,375524.0551203857,0.3119843802795182
630000.0,671006.0094334711,-41006.00943347113,0.06508890386265259
733000.0,427298.2872740526,305701.7127259474,0.41705554260020106
435000.0,698526.946198907,-263526.946198907,0.6058090717216252
3200000.0,1235531.318250675,1964468.681749325,0.6138964630466641
1560000.0,795192.6156767133,764807.3843232867,0.49026114379697866
4850000.0,1387118.0019703307,3462881.9980296693,0.7139962882535401
1040000.0,750540.4626344193,289459.5373655807,0.27832647823613527
1622500.0,1126962.4707614025,495537.5292385975,0.30541604267402
1299000.0,786859.1517746304,512140.8482253696,0.3942577738455501
9000000.0,4668195.940729967,4331804.059270033,0.48131156214111476
605000.0,754045.8688983326,-149045.86889833258,0.2463568080964175
470000.0,498612.3229580064,-28612.322958006407,0.060877282889375335
2189888.0,1215628.4393728296,974259.5606271704,0.4448901316538427
1220000.0,767414.026967329,452585.973032671,0.37097210904317296
1205000.0,1009105.3784065843,195894.62159341574,0.16256815069993008
520000.0,951227.0328910253,-431227.0328910253,0.829282755559664
1489000.0,640533.3125549142,848466.6874450858,0.5698231614809173
15500000.0,5554051.845232371,9945948.154767629,0.6416740745011373
1038000.0,895260.4200860772,142739.57991392282,0.13751404615984858
722500.0,715886.5689443555,6613.431055644527,0.009153537793279622
1567500.0,945403.0222597566,622096.9777402434,0.39687207511339295
1020000.0,823383.5421028947,196616.45789710525,0.19276123323245614
730000.0,1360721.369148923,-630721.3691489231,0.86400187554647
730000.0,787800.5872749845,-57800.58727498446,0.0791788866780609
885000.0,987214.7822432247,-102214.78224322468,0.11549692908838946
430000.0,627250.238097382,-197250.238097382,0.45872148394740003
1150000.0,761747.5219719172,388252.47802808275,0.3376108504592024
1900000.0,1216319.2375785476,683680.7624214524,0.35983198022181706
886900.0,982888.8703692604,-95988.87036926043,0.10822964299161172
745000.0,970963.9338664955,-225963.9338664955,0.3033072937805309
1100000.0,1344716.6480086208,-244716.64800862083,0.22246968000783712
5800000.0,1739461.7070001627,4060538.2929998375,0.7000928091379031
961250.0,641054.4026329296,320195.5973670704,0.33310335226743343
2375000.0,2005658.776314637,369341.2236853631,0.15551209418331077
435000.0,724456.4753892747,-289456.47538927465,0.6654171848029302
4100000.0,3030751.6180876438,1069248.3819123562,0.2607922882713064
2510000.0,963927.861467259,1546072.138532741,0.615964995431371
820000.0,892271.5755063734,-72271.57550637343,0.0881360676906993
846500.0,715886.5689443555,130613.43105564453,0.1542982056180089
805000.0,733572.5474065451,71427.45259345486,0.08872975477447809
340000.0,608349.2110080149,-268349.21100801486,0.7892623853176908
825000.0,1325767.0506238886,-500767.0506238886,0.6069903643925922
980000.0,837292.9435669449,142707.05643305508,0.14561944533985213
1573000.0,1381783.3184282319,191216.68157176813,0.12156178103736054
1685000.0,1859629.387492511,-174629.38749251096,0.10363761868991749
2550000.0,1391561.9773704018,1158438.0226295982,0.4542894206390581
2870000.0,2502888.3002288723,367111.69977112766,0.12791348424081103
720000.0,567574.0572479838,152425.94275201624,0.21170269826668922
1999000.0,1166535.4033519286,832464.5966480714,0.41644051858332737
1125000.0,879876.8758136551,245123.1241863449,0.21788722149897324
868000.0,879639.2845585063,-11639.284558506333,0.013409314007495775
890000.0,897946.1092224368,-7946.109222436789,0.00892821260947954
1725000.0,1256637.1038563189,468362.89614368114,0.271514722402134
820000.0,736667.2692260399,83332.73077396012,0.10162528143165869
1455000.0,1127105.0609959483,327894.93900405173,0.22535734639453728
1020000.0,788808.1415246023,231191.8584753977,0.22665868477980167
699800.0,883634.3202729842,-183834.32027298422,0.26269551339380426
2800000.0,3878885.389946857,-1078885.389946857,0.3853162106953061
850000.0,625084.6439290767,224915.35607092327,0.26460630125990975
1226500.0,1263821.2881574319,-37321.288157431874,0.03042909756007491
1258000.0,737816.5820834833,520183.41791651666,0.413500332207088
2700000.0,1468938.9647910187,1231061.0352089813,0.45594853155888193
955000.0,499591.07448244444,455408.92551755556,0.4768679848351367
1775000.0,1244478.1912065684,530521.8087934316,0.29888552608080654
687000.0,626010.7572296561,60989.2427703439,0.08877619034984556
972000.0,892460.576169289,79539.42383071105,0.08183068295340643
2097000.0,1035448.175578545,1061551.8244214552,0.5062240459806653
900000.0,723427.579377917,176572.420622083,0.1961915784689811
510000.0,711132.7580656011,-201132.7580656011,0.39437795699137473
600000.0,1106878.4155504464,-506878.41555044637,0.844797359250744
2575000.0,1286471.219731429,1288528.780268571,0.5003995263178916
2717000.0,1265002.750670371,1451997.249329629,0.5344119430731059
2150000.0,1091519.6257524488,1058480.3742475512,0.4923164531383959
3005000.0,1027506.0254561886,1977493.9745438113,0.6580678783839639
2700000.0,1037705.4670733307,1662294.5329266693,0.6156646418246924
995000.0,724915.7401929722,270084.25980702776,0.2714414671427415
570000.0,840517.7861804215,-270517.7861804215,0.47459260733407277
774000.0,755622.2037834881,18377.796216511866,0.023743922760351248
887000.0,624429.9346400248,262570.0653599752,0.29602036680944216
2625000.0,1094115.4648516474,1530884.5351483526,0.5831941086279439
986000.0,1169083.9060186045,-183083.90601860452,0.18568347466389912
2600000.0,2555972.0167567143,44027.98324328568,0.01693383970895603
539000.0,855901.3637090594,-316901.3637090594,0.5879431608702401
1180000.0,825811.5238133736,354188.47618662636,0.30015972558188675
1225000.0,831697.4594651386,393302.5405348614,0.3210632983958052
695000.0,753955.7060504131,-58955.70605041308,0.08482835402937133
780000.0,652203.4183011036,127796.58169889636,0.16384177140884149
1170000.0,772003.7515186544,397996.2484813456,0.34016773374473985
2210000.0,2178068.513451223,31931.486548777204,0.0144486364474105
830000.0,1121456.9589138897,-291456.9589138897,0.3511529625468551
1650000.0,982244.1711017438,667755.8288982562,0.4047005023625795
2200000.0,951216.5890932491,1248783.410906751,0.5676288231394322
800000.0,951271.5330472722,-151271.53304727224,0.1890894163090903
1750000.0,831152.909076979,918847.090923021,0.5250554805274406
2380000.0,1293141.0848163003,1086858.9151836997,0.4566634097410503
38000.0,479507.2542333592,-441507.2542333592,11.618611953509452
1355000.0,1124585.3337217318,230414.6662782682,0.17004772419060385
1350000.0,525636.0975564612,824363.9024435388,0.6106399277359547
365000.0,546305.453921658,-181305.453921658,0.49672727101824105
850000.0,799037.639962901,50962.36003709899,0.059955717690704693
3165000.0,1098707.213145798,2066292.786854202,0.6528571206490369
1275000.0,1035448.175578545,239551.82442145504,0.18788378385996474
390000.0,434108.75924113346,-44108.75924113346,0.11309938266957298
375000.0,537564.2317855116,-162564.2317855116,0.4335046180946976
624000.0,934899.8401738503,-310899.8401738503,0.4982369233555293
2600000.0,942043.1845124715,1657956.8154875285,0.637675698264434
345000.0,661019.762001492,-316019.76200149197,0.9159993101492521
940000.0,620182.1340336325,319817.86596636754,0.3402317723046463
435000.0,804399.5180302016,-369399.51803020155,0.8491942943223024
424950.0,539966.8407462086,-115016.84074620856,0.2706597028973022
2270000.0,836115.2710663519,1433884.7289336482,0.6316672814685675
850000.0,844601.2210072725,5398.778992727515,0.006351504697326488
575000.0,1105420.7191329014,-530420.7191329014,0.9224708158833068
475000.0,704746.7958158184,-229746.79581581836,0.4836774648754071
990000.0,716697.5027663558,273302.49723364424,0.2760631285188326
665000.0,760672.2055046409,-95672.20550464094,0.14386797820246758
1700000.0,1201618.713859538,498381.2861404619,0.29316546243556585
1269900.0,1108206.525907802,161693.47409219807,0.12732772194046624
1725000.0,1251241.0995776001,473758.90042239986,0.2746428408245796
3066000.0,734770.2450789954,2331229.7549210046,0.760348908976192
790000.0,1343380.5696729135,-553380.5696729135,0.7004817337631817
1355000.0,857443.3378156202,497556.66218437976,0.36720048869695926
1750000.0,1218095.6534998734,531904.3465001266,0.30394534085721525
1590000.0,704839.0624293596,885160.9375706404,0.5567049921827927
2185000.0,1470856.0370647735,714143.9629352265,0.3268393423044515
871000.0,955888.8575233341,-84888.8575233341,0.0974613748832768
1390000.0,867189.0072139315,522810.99278606847,0.376123016392855
760000.0,801489.2012895832,-41489.20128958323,0.05459105432839899
109999.0,450655.8670648418,-340656.8670648418,3.096908763396411
3590000.0,1323434.7511321197,2266565.2488678806,0.6313552225258721
495000.0,654086.8964158667,-159086.89641586668,0.3213876695270034
1100000.0,1287553.4397999893,-187553.43979998934,0.1705031270908994
649900.0,1020605.7388322642,-370705.7388322642,0.5704042757843732
1805000.0,1034667.439616398,770332.560383602,0.42677704176376846
1090000.0,858198.6692136814,231801.33078631863,0.21266177136359507
775000.0,1054179.8437454589,-279179.8437454589,0.3602320564457534
1300000.0,1111353.8645968996,188646.1354031004,0.14511241184853876
1100000.0,1166992.8816881562,-66992.88168815617,0.0609026197165056
8415000.0,7953273.758273072,461726.2417269284,0.054869428606883944
800000.0,695218.2045351847,104781.79546481534,0.13097724433101918
1900000.0,882595.1662975219,1017404.8337024781,0.5354762282644622
433000.0,983008.5117694015,-550008.5117694015,1.2702275098600497
579000.0,570183.2212213702,8816.778778629843,0.015227597199706119
555000.0,1046857.9723939237,-491857.9723939237,0.8862305808899525
790000.0,763663.3696240475,26336.63037595246,0.033337506805003116
825000.0,842208.7707148562,-17208.77071485622,0.020859116018007537
549000.0,754045.8688983326,-205045.86889833258,0.37348974298421234
1080000.0,734674.1264934074,345325.8735065926,0.31974617917277093
375000.0,620495.4779395838,-245495.47793958383,0.6546546078388902
408800.0,450428.29029689817,-41628.290296898165,0.10183045571648279
655000.0,1155671.133043178,-500671.1330431779,0.7643834092262258
3464000.0,1138192.3354834067,2325807.6645165933,0.6714225359458987
3520000.0,2785962.526629806,734037.473370194,0.2085333731165324
1800000.0,977303.2487912267,822696.7512087733,0.45705375067154075
1180000.0,1380207.771079357,-200207.77107935701,0.1696676026096246
449000.0,657220.4057002891,-208220.40570028906,0.4637425516710224
1430000.0,962279.6511515364,467720.3488484636,0.32707716702689765
1203000.0,856527.7245626257,346472.27543737425,0.2880068790003111
640000.0,1309523.6042994196,-669523.6042994196,1.0461306317178432
955500.0,1119409.2547306432,-163909.25473064324,0.1715429144224419
400000.0,525376.4748394968,-125376.47483949678,0.3134411870987419
1000000.0,825811.5238133736,174188.47618662636,0.17418847618662636
1575150.0,934973.1433396537,640176.8566603463,0.40642278935996334
799000.0,1774732.6411085138,-975732.6411085138,1.2211922917503302
910000.0,798239.3642991221,111760.63570087787,0.12281388538558008
240000.0,723427.579377917,-483427.579377917,2.014281580741321
575000.0,926027.0234231771,-351027.0234231771,0.610481779866395
889000.0,756702.5979433161,132297.4020566839,0.14881597531685478
930000.0,780421.5883710729,149578.4116289271,0.1608370017515345
1555000.0,2584737.084038979,-1029737.0840389789,0.662210343433427
230000.0,405244.7993021169,-175244.7993021169,0.761933910009204
670000.0,912197.8119384015,-242197.81193840154,0.36148927154985305
1460000.0,1477428.2052406562,-17428.205240656156,0.01193712687716175
830000.0,618107.9422978865,211892.05770211353,0.2552916357856789
1150000.0,867883.8460260164,282116.1539739836,0.24531839475998574
330000.0,795592.2454215884,-465592.2454215884,1.4108855921866317
1475000.0,1011934.1140018791,463065.8859981209,0.31394297355804807
965000.0,931183.5007721137,33816.49922788632,0.03504300438122935
588000.0,639391.4780006554,-51391.47800065542,0.0874004727902303
590000.0,1083114.9365653386,-493114.93656533863,0.8357880280768452
1553000.0,947590.0373221859,605409.9626778141,0.3898325580668474
745000.0,694589.0080515856,50410.99194841436,0.06766576100458303
988800.0,773424.0804616162,215375.91953838384,0.21781545260758883
1510000.0,919474.0499872377,590525.9500127623,0.39107678808792207
730000.0,890292.9864890552,-160292.9864890552,0.21957943354665097
2025000.0,1112800.3338134554,912199.6661865446,0.4504689709563183
2970000.0,2175854.5268321857,794145.4731678143,0.26738904820465126
800000.0,648189.5930912452,151810.40690875484,0.18976300863594356
1350000.0,674361.406825631,675638.593174369,0.500473031981014
2400000.0,770673.0846575019,1629326.915342498,0.6788862147260408
1049000.0,1176635.2442714286,-127635.24427142856,0.12167325478687184
870000.0,767200.6218575693,102799.37814243068,0.11816020476141458
575000.0,844601.2210072725,-269601.2210072725,0.4688716887083
3100000.0,1252517.461685158,1847482.538314842,0.59596210913382
539000.0,872727.4913035224,-333727.4913035224,0.6191604662403013
2860000.0,995907.7247005308,1864092.2752994692,0.6517805158389752
930000.0,928978.6130549076,1021.3869450923521,0.0010982655323573678
1630000.0,1075708.9733910894,554291.0266089106,0.34005584454534393
1180000.0,833558.2711476372,346441.72885236284,0.2935946854681041
2153000.0,947651.0060398105,1205348.9939601896,0.5598462582258196
975000.0,987867.0760007509,-12867.07600075088,0.01319700102641116
1730000.0,971599.0115149876,758400.9884850124,0.43838207426879333
890000.0,918220.3223296042,-28220.322329604183,0.031708227336633914
860000.0,935410.2188667142,-75410.21886671416,0.08768630100780717
965000.0,937138.2081130688,27861.79188693117,0.028872323198892404
585000.0,828780.2789036168,-243780.27890361683,0.4167184254762681
440000.0,881371.6978749669,-441371.6978749669,1.0031174951703794
2099000.0,677745.5988086311,1421254.401191369,0.677110243540433
3000000.0,1974010.2920038423,1025989.7079961577,0.3419965693320526
525000.0,1021806.4930835473,-496806.49308354734,0.9462980820638996
1850000.0,1050309.9122849007,799690.0877150993,0.43226491227843206
2353000.0,821414.6448782405,1531585.3551217595,0.6509075032391668
865000.0,883765.7893956159,-18765.789395615924,0.021694554214584882
2000000.0,2443541.3291978394,-443541.32919783937,0.2217706645989197
1118000.0,896460.6524029293,221539.34759707074,0.19815684042671802
1510000.0,1188620.5043599794,321379.4956400206,0.21283410307286132
2880000.0,2786338.882841008,93661.11715899222,0.032521221235761184
1760000.0,1119041.9994924862,640958.0005075138,0.3641806821065419
875000.0,804399.5180302016,70600.48196979845,0.08068626510834108
860000.0,742019.6481712777,117980.35182872228,0.13718645561479334
470000.0,453420.3939314381,16579.6060685619,0.0352757575926849
850000.0,885833.4556615491,-35833.45566154912,0.04215700666064602
899500.0,764020.3928348734,135479.6071651266,0.15061657272387616
1727000.0,1093816.3209198574,633183.6790801426,0.36663791492770276
735000.0,819576.0530427024,-84576.05304270238,0.11506945992204405
875000.0,953311.9980734691,-78311.99807346915,0.08949942636967903
951000.0,526725.9272181646,424274.07278183545,0.4461346716948848
1660000.0,899226.6437860692,760773.3562139308,0.4582972025385125
600000.0,479964.7074768263,120035.29252317367,0.20005882087195612
1851000.0,2511363.2752505075,-660363.2752505075,0.3567602783633212
419500.0,588773.8599008231,-169273.8599008231,0.4035133728267535
175000.0,505596.41123894346,-330596.41123894346,1.8891223499368197
1269000.0,1765227.944404104,-496227.944404104,0.39103856927037356
770000.0,979456.7382150169,-209456.7382150169,0.2720217379415804
927000.0,908736.6406691738,18263.359330826206,0.019701574251160956
2950000.0,1234359.4504070734,1715640.5495929266,0.5815730676586192
650000.0,684697.4222598912,-34697.42225989117,0.0533806496306018
1180000.0,958140.5506430195,221859.4493569805,0.18801648250591568
3020000.0,1187545.4118097152,1832454.5881902848,0.6067730424471142
684000.0,575837.7341582882,108162.26584171178,0.15813196760484177
1875000.0,1760502.9798216575,114497.02017834247,0.06106507742844932
1785000.0,1030917.2173866939,754082.7826133061,0.42245534039961125
5150000.0,2318538.150272427,2831461.849727573,0.5497984174228296
975000.0,679914.883080263,295085.11691973696,0.302651401968961
885000.0,941336.5928263768,-56336.592826376786,0.063657167035454
2825000.0,2711575.0438408954,113424.9561591046,0.040150426958975076
2400000.0,992787.9309048097,1407212.0690951901,0.586338362122996
925000.0,746210.9666572602,178789.0333427398,0.19328544145161058
2210000.0,1173864.9152485824,1036135.0847514176,0.46883940486489484
479000.0,810828.6117049704,-331828.61170497036,0.6927528428078713
735000.0,769962.1962191381,-34962.1962191381,0.047567613903589254
730000.0,937458.8287336957,-207458.82873369567,0.2841901763475283
3500000.0,1283718.9877315052,2216281.012268495,0.633223146362427
2185000.0,809304.4868900218,1375695.5131099783,0.6296089304851159
1400000.0,824000.270478158,575999.729521842,0.41142837822988715
749000.0,647776.1443132873,101223.85568671266,0.1351453346952105
1190000.0,899837.6050269759,290162.39497302414,0.24383394535548247
4650000.0,1801948.3499431557,2848051.6500568446,0.6124842258186762
1293600.0,1001679.125890258,291920.874109742,0.22566548709782158
1461580.0,742072.2540168195,719507.7459831805,0.4922807824294123
1650000.0,908945.5493923493,741054.4506076507,0.44912390945918224
2098000.0,3940372.6984665976,-1842372.6984665976,0.8781566722910379
1560000.0,984844.3360368911,575155.6639631089,0.36868952818148004
613000.0,702842.6052406054,-89842.60524060542,0.14656216189332044
1385000.0,1234359.4504070734,150640.54959292663,0.10876573977828638
3230000.0,905470.0594819849,2324529.940518015,0.7196687122346795
1220670.0,751041.8907780645,469628.1092219355,0.38472978710211236
1300000.0,560707.9827844413,739292.0172155587,0.5686861670888913
2605000.0,1282165.9617962062,1322834.0382037938,0.5078057728229535
850502.0,616138.2116345536,234363.78836544638,0.2755593618421196
1025000.0,1054345.8372953534,-29345.837295353413,0.02863008516619845
520000.0,652002.6544615813,-132002.65446158126,0.25385125857996393
1590000.0,861251.6384853923,728748.3615146077,0.45833230283937587
699000.0,829962.6703450191,-130962.67034501908,0.18735718218171543
635000.0,1038399.4535906143,-403399.45359061426,0.6352747300639594
619000.0,965207.3742632946,-346207.3742632946,0.5593010892783435
1090000.0,1270644.9906817705,-180644.9906817705,0.16572934924933072
995000.0,1341911.5899249725,-346911.5899249725,0.3486548642462035
3400000.0,1493496.4663579916,1906503.5336420084,0.5607363334241201
445000.0,809096.6146307795,-364096.6146307795,0.8181946396197292
1800000.0,536134.4541459623,1263865.5458540376,0.7021475254744654
810000.0,842297.1761640653,-32297.176164065255,0.039873056992673156
1993365.0,1229460.0671180822,763904.9328819178,0.3832238114353958
505000.0,1136863.3333634525,-631863.3333634525,1.2512145215117871
6175000.0,2226472.3990209172,3948527.6009790828,0.6394376681747502
1700000.0,1807863.5084580118,-107863.50845801178,0.06344912262235987
425000.0,830261.1565682516,-405261.15656825155,0.9535556625135331
927000.0,968164.410447373,-41164.410447373055,0.044406052262538354
2512000.0,1391278.1069216686,1120721.8930783314,0.44614725042927206
1285000.0,731613.2931441953,553386.7068558047,0.4306511337399258
922000.0,1007177.9697493888,-85177.96974938875,0.09238391512948889
2060000.0,1082466.3447830987,977533.6552169013,0.4745309005907288
900000.0,993215.6557018175,-93215.65570181748,0.1035729507797972
980000.0,937458.8287336957,42541.17126630433,0.043409358435004416
2270000.0,1173997.3820536747,1096002.6179463253,0.48282053654023144
1475000.0,982471.5392258564,492528.4607741436,0.3339176005248431
2385000.0,1069197.7148461586,1315802.2851538414,0.5516990713433297
2580000.0,948772.0690465277,1631227.9309534724,0.6322588879664621
1115000.0,949490.2131950046,165509.78680499538,0.1484392706771259
875000.0,687588.6821447187,187411.3178552813,0.2141843632631786
874000.0,1309749.2555103588,-435749.25551035884,0.49856894223153186
1470000.0,739363.035835447,730636.964164553,0.4970319484112605
2050000.0,1642362.4796001941,407637.52039980586,0.19884757092673455
520000.0,560667.9552281749,-40667.95522817492,0.07820760620802869
1000000.0,826209.5756982978,173790.42430170218,0.1737904243017022
520000.0,848303.6966884487,-328303.69668844866,0.6313532628624012
730000.0,628040.8593447123,101959.14065528766,0.13967005569217486
1130000.0,983008.5117694015,146991.4882305985,0.1300809630359279
1205000.0,801244.8634468883,403755.1365531117,0.3350665033635782
1299900.0,994613.4081231384,305286.59187686164,0.2348539055903236
2620000.0,2285249.934016477,334750.06598352315,0.1277672007570699
875000.0,661778.0842393115,213221.91576068848,0.24368218944078684
1395000.0,1043486.9349512842,351513.0650487158,0.25198069179119414
1127500.0,904843.8388785573,222656.16112144268,0.19747774822300904
950000.0,1026284.2217691256,-76284.22176912555,0.08029918080960584
536000.0,575241.1568127463,-39241.15681274631,0.07321111345661625
1330000.0,1040082.2045841973,289917.79541580274,0.21798330482391184
4200000.0,1105227.217606135,3094772.7823938653,0.7368506624747299
1533500.0,1094786.7795269084,438713.2204730916,0.2860862213714324
1450000.0,990538.042074123,459461.95792587695,0.3168703158109496
1675000.0,1331386.0754901697,343613.9245098303,0.20514264149840616
1250000.0,1122370.1381886504,127629.86181134963,0.10210388944907971
1160000.0,846779.7169901384,313220.2830098616,0.270017485353329
1463000.0,745682.8965457359,717317.1034542641,0.4903056072824772
1557500.0,1127194.7795498746,430305.2204501254,0.27627943528097937
1485000.0,915371.7255366747,569628.2744633253,0.38358806361166686
1040000.0,882210.9710210199,157789.02897898015,0.1517202201720963
805000.0,775770.2764350525,29229.72356494749,0.036310215608630424
350000.0,674399.4820376192,-324399.4820376192,0.9268556629646264
650000.0,851863.4887399627,-201863.4887399627,0.31055921344609644
660000.0,461116.7889851193,198883.21101488068,0.30133819850739496
159000.0,389753.8452659086,-230753.84526590857,1.4512820456975382
865000.0,791378.7622839342,73621.23771606584,0.08511125747522062
1350000.0,751072.5313171458,598927.4686828542,0.4436499768021142
975000.0,1269401.461258485,-294401.461258485,0.3019502166753692
801000.0,577266.5135788701,223733.4864211299,0.2793177108878026
780726.0,867883.8460260164,-87157.8460260164,0.11163692002830237
320000.0,558636.0001271792,-238636.0001271792,0.745737500397435
773567.0,770084.5015015939,3482.498498406145,0.004501870553431241
2125000.0,1246611.2171602664,878388.7828397336,0.41335942721869817
3100000.0,1232084.3240206437,1867915.6759793563,0.6025534438643084
677000.0,649222.3309363591,27777.669063640875,0.04103053037465417
1275750.0,871136.798043616,404613.201956384,0.3171571247943437
1023750.0,843710.1933498667,180039.80665013334,0.17586305899890925
805000.0,602290.7476501759,202709.25234982406,0.2518127358382908
1185000.0,1064227.5072380858,120772.49276191415,0.10191771541089802
1585000.0,984112.8876215896,600887.1123784104,0.379108588251363
560000.0,576353.6079428054,-16353.607942805393,0.0292028713264382
1000000.0,988429.273657407,11570.72634259297,0.011570726342592971
1600000.0,516511.1357558924,1083488.8642441076,0.6771805401525672
4295000.0,3081392.958174818,1213607.0418251818,0.28256275711878504
1097000.0,862260.7186441069,234739.28135589312,0.21398293651403202
1405000.0,1043796.5518828103,361203.4481171897,0.2570843047097435
1280888.0,746260.8068652111,534627.1931347889,0.4173879317588961
2100000.0,1612166.1751263202,487833.8248736798,0.23230182136841895
1700000.0,1089881.9221523793,610118.0778476207,0.35889298696918864
1480000.0,1187889.8407329794,292110.15926702064,0.1973717292344734
1260000.0,718918.382291632,541081.617708368,0.4294298553241016
1395000.0,937702.5863784275,457297.41362157254,0.32781176603696954
1813500.0,782496.7739255717,1031003.2260744283,0.5685157022742918
1950000.0,1352502.0748679393,597497.9251320607,0.3064091923754157
1150000.0,821319.1358697844,328680.8641302156,0.2858094470697527
615000.0,650270.4720067418,-35270.472006741795,0.05735036098657202
650000.0,756954.4991786516,-106954.4991786516,0.16454538335177168
1230000.0,1021493.2812990141,208506.7187009859,0.16951765748047634
1280000.0,804399.5180302016,475600.48196979845,0.371562876538905
2005000.0,765352.186271279,1239647.8137287209,0.6182782113360203
799000.0,568033.3927195863,230966.60728041374,0.2890695960956367
4900000.0,1451966.3269584994,3448033.6730415006,0.703680341437041
1000000.0,1002200.5431033236,-2200.543103323551,0.002200543103323551
650000.0,582841.1884586868,67158.81154131319,0.10332124852509722
419999.0,523104.6862825907,-103105.68628259067,0.2454903137450105
930000.0,991575.1645998652,-61575.16459986521,0.06620985440845721
425000.0,875687.2212739047,-450687.22127390467,1.0604405206444816
561000.0,761776.1839280783,-200776.18392807827,0.3578898109234907
775000.0,1176460.4138677048,-401460.4138677048,0.5180134372486513
1550000.0,1101265.4117739478,448734.58822605223,0.2895061859522918
1525000.0,826209.5756982978,698790.4243017022,0.4582232290502965
349500.0,457414.2274739042,-107914.2274739042,0.3087674605834169
1450000.0,1330278.2606787747,119721.73932122532,0.08256671677325884
1000000.0,779847.009754329,220152.990245671,0.220152990245671
630000.0,1050864.3229859006,-420864.32298590057,0.6680386079141278
355000.0,657261.4774276696,-302261.47742766957,0.8514407814863931
1190000.0,1081955.5213815982,108044.4786184018,0.09079367951126202
3600000.0,1143535.499448164,2456464.500551836,0.6823512501532878
1101575.0,828675.3317778043,272899.6682221957,0.24773589471637947
1495000.0,1156801.5324996416,338198.46750035835,0.22621971070258085
1763000.0,1028905.0036730639,734094.9963269361,0.4163896746040477
1755000.0,1191485.8419021927,563514.1580978073,0.32109068837481897
675000.0,1045868.6549884124,-370868.6549884124,0.5494350444272776
807500.0,896460.6524029293,-88960.65240292926,0.11016799059186286
850000.0,656437.1864497636,193562.8135502364,0.22772095711792517
3650000.0,2771950.4528544736,878049.5471455264,0.24056151976589765
1125000.0,1665481.3232606507,-540481.3232606507,0.4804278428983562
5000000.0,940982.7575336995,4059017.2424663007,0.8118034484932601
1065000.0,736931.430093996,328068.569906004,0.30804560554554367
580000.0,408178.7852785782,171821.21472142183,0.2962434736576238
800000.0,695855.563645208,104144.43635479198,0.13018054544348998
863000.0,688983.2664812641,174016.73351873585,0.20164163791278777
1019230.0,675906.5745000548,343323.4254999452,0.33684587924211923
480000.0,682633.7109422459,-202633.7109422459,0.4221535644630123
505000.0,739363.035835447,-234363.03583544702,0.46408521947613274
870000.0,1399676.377480759,-529676.377480759,0.6088234223916771
880000.0,724171.0867901967,155828.9132098033,0.17707831046568556
500000.0,522238.12559627264,-22238.125596272643,0.04447625119254529
1050000.0,714454.205651369,335545.79434863105,0.3195674231891724
1265000.0,979408.3674683035,285591.63253169646,0.22576413638869286
1888000.0,1221018.0071715002,666981.9928284998,0.3532743606083156
2475000.0,967445.9025359658,1507554.0974640343,0.6091127666521351
690000.0,746025.2028374556,-56025.20283745555,0.08119594614123993
2600000.0,867819.0096813841,1732180.990318616,0.6662234578148523
575000.0,679589.1721058186,-104589.17210581864,0.18189421235794545
830000.0,1090944.8212902392,-260944.82129023923,0.31439135095209547
390000.0,718341.934443895,-328341.934443895,0.8419023960099872
930000.0,888928.1406649973,41071.85933500272,0.044163289607529806
1450000.0,827024.5505179339,622975.4494820661,0.42963824102211456
1450000.0,1169782.1472461591,280217.85275384085,0.193253691554373
685000.0,676253.0605580382,8746.939441961818,0.012769254659798276
824900.0,985638.0485263473,-160738.04852634727,0.19485761731888382
1270000.0,1075371.787624751,194628.21237524902,0.15325056092539294
2735000.0,1515087.9585196865,1219912.0414803135,0.44603730949920056
1071000.0,722331.4323269173,348668.5676730827,0.32555421818215
630000.0,625808.6169979413,4191.383002058719,0.006652988892156697
715000.0,460737.0857230082,254262.9142769918,0.35561246752026826
2010000.0,1204091.0048663737,805908.9951336263,0.4009497488226996
800000.0,831944.0451253068,-31944.045125306817,0.039930056406633524
412000.0,638881.8823104257,-226881.88231042575,0.550684180365111
1349999.0,996823.2448209345,353175.7551790655,0.2616118642895776
836000.0,710025.8274592485,125974.17254075152,0.15068680925927216
1550000.0,846727.8669633459,703272.1330366541,0.45372395679784133
2251235.0,1459137.3421773356,792097.6578226644,0.3518502767692686
1405000.0,988679.1552839549,416320.8447160451,0.29631376848117086
1015000.0,1103076.2763797475,-88076.27637974755,0.08677465653177098
649000.0,1032729.9114783257,-383729.9114783257,0.5912633458833987
1510000.0,992751.1114464318,517248.88855356816,0.34254893281693255
1140000.0,911487.4487351216,228512.55126487836,0.20044960637270032
470000.0,563574.8113943384,-93574.81139433838,0.19909534339220933
1175000.0,594988.748264137,580011.251735863,0.4936265972220111
785000.0,1212661.46337232,-427661.46337231994,0.5447916730857579
740000.0,765990.6980962036,-25990.698096203618,0.03512256499486975
915000.0,803025.1426262746,111974.85737372539,0.12237689330461791
3420000.0,774345.4742819034,2645654.5257180966,0.7735831946544143
1060000.0,974391.0576618783,85608.9423381217,0.08076315314917142
1760000.0,726771.4007921555,1033228.5992078445,0.5870617040953662
1280000.0,771386.9987917333,508613.0012082667,0.39735390719395836
1050000.0,765212.128202854,284787.87179714604,0.27122654456871054
525000.0,774039.8480816346,-249039.8480816346,0.47436161539358973
1200000.0,2388699.4671632615,-1188699.4671632615,0.9905828893027179
775000.0,535408.0387746305,239591.96122536948,0.3091509177101542
802000.0,1141812.993171914,-339812.993171914,0.423706974029818
1150000.0,893137.7845346776,256862.21546532237,0.2233584482307151
1165000.0,780187.458273557,384812.541726443,0.3303111946149725
1199000.0,792933.9175542278,406066.08244577225,0.33867062756111116
650000.0,725972.9308596214,-75972.93085962138,0.1168814320917252
1039200.0,958793.1999783283,80406.80002167169,0.07737374905857552
965000.0,1030165.745841169,-65165.74584116903,0.06752927030172956
1400000.0,964739.2588735708,435260.7411264292,0.31090052937602086
1250000.0,1001286.7985189831,248713.20148101693,0.19897056118481354
3450000.0,2062198.19088639,1387801.80911361,0.40226139394597393
850000.0,580369.5850327152,269630.41496728477,0.31721225290268795
2205000.0,1512213.4188238159,692786.5811761841,0.31418892570348483
424000.0,913519.058804719,-489519.058804719,1.1545260820866015
527000.0,569499.7732594842,-42499.77325948421,0.08064473104266454
1010000.0,1118968.6531568307,-108968.6531568307,0.10788975560082247
1100000.0,908736.6406691738,191263.3593308262,0.173875781209842
1000000.0,786548.1662562289,213451.83374377107,0.21345183374377108
1299990.0,2202131.655290784,-902141.6552907838,0.6939604576118154
2016000.0,2318345.1661766,-302345.1661765999,0.14997280068283725
515000.0,598888.9657005091,-83888.96570050914,0.1628911955349692
1085000.0,1035757.1093313316,49242.890668668435,0.04538515269001699
2050000.0,1015203.5303066319,1034796.4696933681,0.504778765704082
399500.0,894439.6559904522,-494939.65599045216,1.238897762178854
810000.0,876141.3430699602,-66141.34306996025,0.08165597909871636
605000.0,750053.0988567511,-145053.0988567511,0.23975718819297703
790000.0,859516.1519410929,-69516.15194109292,0.08799512903935812
569900.0,867927.6381334444,-298027.63813344436,0.5229472506289601
920000.0,840061.4433954448,79938.55660455523,0.08688973543973394
722000.0,816019.5081459114,-94019.50814591139,0.13022092540984956
1120000.0,1333796.4950063438,-213796.49500634382,0.19088972768423554
665000.0,1209823.0699866784,-544823.0699866784,0.8192828120100427
1395000.0,1166170.3482367797,228829.65176322032,0.16403559266180667
2620000.0,756954.4991786516,1863045.5008213483,0.7110860690157818
540000.0,591811.8607568938,-51811.86075689376,0.095947890290544
880000.0,937458.8287336957,-57458.82873369567,0.06529412356101781
2130000.0,1022918.6550820104,1107081.3449179896,0.5197564999614974
1517000.0,1186600.549582933,330399.4504170669,0.21779792380821814
500000.0,706102.9903311688,-206102.99033116875,0.4122059806623375
1208000.0,913089.580631122,294910.419368878,0.24413114186165397
1150000.0,1197802.785953832,-47802.78595383209,0.04156763995985399
374000.0,745682.8965457359,-371682.8965457359,0.9938045362185451
1055000.0,853664.9998185437,201335.00018145633,0.19083886273123823
1870000.0,1018330.9526307426,851669.0473692574,0.4554379932455922
1122540.0,977700.5272954265,144839.47270457353,0.1290283399296003
1300000.0,908385.5748037412,391614.4251962588,0.3012418655355837
1375021.0,876634.0166935298,498386.9833064702,0.362457724868544
3330000.0,1702760.0058705823,1627239.9941294177,0.48866065889772303
890000.0,538992.8345987948,351007.1654012052,0.3943900734845002
1379000.0,1023131.2201063441,355868.7798936559,0.2580629295820565
790000.0,758729.4999527643,31270.50004723575,0.03958291145219715
1950000.0,1224546.6003254787,725453.3996745213,0.37202738444847244
545000.0,931109.1943602234,-386109.19436022337,0.708457237358208
975000.0,971771.2150472024,3228.7849527975777,0.0033115743105616184
793000.0,1053649.7215568242,-260649.72155682417,0.3286881734638388
870000.0,766158.333908442,103841.66609155806,0.11935823688684834
720000.0,748035.2381544934,-28035.23815449339,0.03893783077012971
4300000.0,1555411.3704757066,2744588.6295242934,0.6382764254707659
350000.0,785344.2535853987,-435344.25358539866,1.2438407245297105
1030000.0,1116848.2243672782,-86848.22436727816,0.08431866443425064
505000.0,842793.6669789118,-337793.66697891185,0.6688983504532908
519000.0,722331.4323269173,-203331.4323269173,0.3917753994738291
925000.0,958002.0410469797,-33002.04104697972,0.03567788221295105
1960000.0,1156264.8862639375,803735.1137360625,0.41006893557962376
1210000.0,810762.0155537897,399237.9844462103,0.3299487474762069
1170000.0,1049758.234752185,120241.76524781506,0.10277073952804705
1700000.0,1117245.1739518163,582754.8260481837,0.3427969564989316
2850000.0,1641492.8344350283,1208507.1655649717,0.4240376019526217
628579.0,1024018.9589874723,-395439.95898747235,0.6291014478489932
1300000.0,1073242.782789833,226757.2172101671,0.17442862862320546
2150000.0,1327343.4343672423,822656.5656327577,0.3826309607594222
790000.0,578894.6875613263,211105.3124386737,0.2672219144793338
1720000.0,1131037.0858579183,588962.9141420817,0.34242029891981496
800000.0,1084428.0473084557,-284428.0473084557,0.3555350591355696
515000.0,444773.6531216602,70226.34687833983,0.13636183859871812
465000.0,679956.9240390904,-214956.9240390904,0.46227295492277504
1720000.0,1701860.2260871236,18139.77391287638,0.01054638018190487
625000.0,719273.8048463273,-94273.80484632729,0.15083808775412366
960000.0,495868.62134192546,464131.37865807454,0.48347018610216097
549000.0,1155033.6731689181,-606033.6731689181,1.103886472074532
1276000.0,1582010.577136214,-306010.5771362139,0.23982020151740902
736000.0,776624.9900870231,-40624.99008702312,0.05519699740084663
1250000.0,1113012.6448922264,136987.35510777356,0.10958988408621885
3150000.0,2140340.7470635287,1009659.2529364713,0.3205267469639591
790000.0,569886.2547046969,220113.74529530306,0.27862499404468744
2000000.0,1518809.6515867496,481190.3484132504,0.2405951742066252
1350000.0,891828.5163707451,458171.48362925486,0.3393862841698184
780000.0,756195.1655348442,23804.834465155844,0.030519018545071594
789990.0,856738.8159468905,-66748.8159468905,0.08449324161937558
1160000.0,1021264.8309762271,138735.16902377293,0.11959928364118357
2050000.0,1094585.7716762726,955414.2283237274,0.46605572113352556
850000.0,1261420.231535711,-411420.2315357111,0.48402380180671895
1100000.0,991575.1645998652,108424.83540013479,0.09856803218194071
550000.0,1010601.4353422448,-460601.4353422448,0.8374571551677178
757500.0,821275.4650173875,-63775.46501738753,0.08419203302625416
420000.0,947199.6922109227,-527199.6922109227,1.2552373624069588
782000.0,926772.2942933104,-144772.29429331038,0.1851308111167652
3685000.0,2249252.0039741537,1435747.9960258463,0.38961953759181717
1050000.0,1133679.5104798784,-83679.5104798784,0.07969477188559848
419000.0,965726.7798987743,-546726.7798987743,1.3048371835292945
1287000.0,687956.5425943682,599043.4574056318,0.46545723186140775
1860000.0,1110620.7006331,749379.2993669,0.4028920964338172
1625000.0,1311837.0516025391,313162.94839746086,0.19271566055228362
775000.0,752031.7055917246,22968.294408275397,0.029636508913903736
735000.0,713152.4761446613,21847.523855338688,0.02972452225216148
910000.0,790091.3930582893,119908.60694171069,0.1317676999359458
1590000.0,1073803.2510262667,516196.7489737333,0.3246520433797065
981000.0,1040348.621341063,-59348.62134106294,0.06049808495521197
1150000.0,1322748.912002741,-172748.9120027409,0.1502164452197747
1670050.0,977666.9722220559,692383.0277779441,0.4145882026154571
1300000.0,712780.4861119934,587219.5138880066,0.4517073183753897
1600000.0,954491.0960107404,645508.9039892596,0.40344306499328725
2454000.0,1739461.7070001627,714538.2929998373,0.29117289853294104
1000000.0,1388963.9432459408,-388963.94324594084,0.38896394324594086
930000.0,875257.3207012231,54742.6792987769,0.058863096020190214
1410000.0,1206087.2687600588,203912.7312399412,0.14461895832619945
650000.0,789643.03949966,-139643.03949966002,0.21483544538409236
890000.0,855456.4565377318,34543.54346226819,0.03881297018232381
1250000.0,1097067.431004801,152932.56899519893,0.12234605519615915
1225000.0,901198.1600646669,323801.8399353331,0.26432803260027193
1615000.0,1110677.1184518964,504322.88154810364,0.3122742300607453
2150000.0,1196446.8821501,953553.1178498999,0.4435130780697209
1650000.0,692692.9846810702,957307.0153189298,0.5801860698902604
1150000.0,715313.4869611934,434686.5130388066,0.3779882722076579
1600000.0,657177.8859457257,942822.1140542743,0.5892638212839214
1030000.0,755174.5577727382,274825.44222726184,0.2668208176963707
1876875.0,1312789.2810240977,564085.7189759023,0.30054517161553235
1850000.0,899988.8061987453,950011.1938012547,0.5135195642168945
1445000.0,1019202.3442237161,425797.65577628394,0.2946696579766671
1500000.0,705367.1281537435,794632.8718462565,0.5297552478975044
2030000.0,1031277.8501824598,998722.1498175402,0.49198135458992126
1120000.0,1123658.6538676322,-3658.6538676321507,0.0032666552389572774
1548000.0,1166829.2296143973,381170.7703856027,0.246234347794317
850000.0,607096.9369316129,242903.0630683871,0.2857683094922201
3330000.0,1342502.3624968794,1987497.6375031206,0.5968461373883245
817000.0,908485.0954681507,-91485.09546815068,0.11197686103812814
1765000.0,1108184.9974346973,656815.0025653027,0.37213314592934993
1875000.0,1311137.4754787516,563862.5245212484,0.3007266797446658
1315000.0,1485562.9782928252,-170562.97829282517,0.12970568691469594
835000.0,814781.4833368169,20218.51666318311,0.024213792410997734
1475000.0,941336.5928263768,533663.4071736232,0.3618056997787276
1520000.0,805417.967032591,714582.032967409,0.47011975853119015
935000.0,687956.5425943682,247043.45740563178,0.2642176015033495
1499000.0,1391605.1854107557,107394.81458924431,0.07164430593011628
2400000.0,1383895.081002974,1016104.918997026,0.4233770495820942
1325000.0,1000762.5071283926,324237.4928716074,0.2447075417898924
437000.0,935263.6670193046,-498263.6670193046,1.1401914577100791
980000.0,983026.2045019451,-3026.2045019450597,0.003087963777494959
1695000.0,1218294.9366171788,476705.06338282116,0.2812419252995995
1600000.0,769233.4235218297,830766.5764781703,0.5192291102988564
1800000.0,1034667.439616398,765332.560383602,0.4251847557686678
895000.0,804399.5180302016,90600.48196979845,0.1012295887930709
675000.0,1138078.5792192796,-463078.5792192796,0.6860423395841179
3888888.0,1773532.1200616336,2115355.8799383664,0.5439487791724438
1285000.0,1212567.2753529542,72432.72464704583,0.0563678791027594
550000.0,508738.940085492,41261.05991450802,0.07502010893546912
950000.0,947075.1180862767,2924.8819137233077,0.003078823067077166
5710000.0,1320976.2982805711,4389023.701719429,0.768655639530548
655000.0,593687.8179759202,61312.18202407984,0.09360638476958755
630000.0,514322.2405513276,115677.75944867241,0.1836154911883689
1445000.0,823383.5421028947,621616.4578971053,0.43018439992879254
1207500.0,745564.6689540814,461935.33104591863,0.38255513958254134
850000.0,1372167.8544134907,-522167.85441349074,0.6143151228394009
2400000.0,1079230.9367237168,1320769.0632762832,0.5503204430317846
735000.0,667116.1592052426,67883.84079475736,0.09235896706769708
925000.0,1378343.7077441849,-453343.7077441849,0.4901013056693891
1166000.0,686612.6206791721,479387.3793208279,0.41113840422026404
3000000.0,1083156.84053149,1916843.15946851,0.6389477198228366
860000.0,787659.4686966724,72340.53130332765,0.08411689686433448
1925000.0,1002174.4990219263,922825.5009780737,0.47938987063796035
1415000.0,1804948.8509106375,-389948.8509106375,0.27558222679197
1235000.0,1110891.2490257586,124108.75097424141,0.10049291576861653
850000.0,1101246.119457514,-251246.11945751403,0.2955836699500165
77000.0,1027543.6377945541,-950543.6377945541,12.344722568760442
4300000.0,1007294.114169599,3292705.885830401,0.7657455548442793
3350000.0,3494182.617359171,-144182.61735917116,0.043039587271394376
1255000.0,1528328.2798523274,-273328.2798523274,0.2177914580496633
528000.0,791415.2518551977,-263415.2518551977,0.49889252245302596
1100000.0,825727.3638509607,274272.63614903926,0.24933876013549022
1500000.0,1096121.983280733,403878.016719267,0.269252011146178
926000.0,793827.3945285727,132172.60547142732,0.14273499510953275
515000.0,698510.5548804539,-183510.55488045386,0.3563311745251531
1575000.0,784071.0006382448,790928.9993617552,0.502177142451908
900000.0,801376.3731339116,98623.62686608837,0.10958180762898707
670000.0,598667.939512586,71332.06048741401,0.10646576192151345
4275000.0,2142072.80497812,2132927.19502188,0.498930338016814
1225000.0,1150824.7019960114,74175.29800398857,0.060551263676725364
1390000.0,893803.1470974489,496196.85290255107,0.3569761531673029
642000.0,789712.7264601579,-147712.7264601579,0.23008212844261355
465000.0,495868.62134192546,-30868.621341925464,0.06638413191811927
522500.0,548036.604690108,-25536.604690107983,0.04887388457436934
800000.0,733107.5809570136,66892.41904298635,0.08361552380373294
1300000.0,1460085.4733244583,-160085.47332445835,0.12314267178804489
899888.0,1040082.2045841973,-140194.20458419726,0.15579072571719732
575000.0,1055533.328815911,-480533.32881591097,0.8357101370711495
875000.0,942043.1845124715,-67043.18451247155,0.07662078229996748
1170000.0,940982.7575336995,229017.2424663005,0.1957412328771799
1670000.0,1347770.805939983,322229.1940600169,0.19295161320959095
600000.0,634225.9406031958,-34225.940603195806,0.057043234338659675
565000.0,1197694.4671239764,-632694.4671239764,1.119813216148631
1120000.0,970698.429932303,149301.57006769697,0.13330497327472943
930000.0,1054881.108480639,-124881.10848063906,0.13428076180713877
984000.0,938224.3028744973,45775.697125502746,0.046520017403966205
585000.0,694947.782271987,-109947.78227198694,0.18794492696066145
1176330.0,646584.9104329576,529745.0895670424,0.4503371414203858
928800.0,1400898.5602867194,-472098.56028671935,0.508288716932299
2615000.0,1592742.6462475422,1022257.3537524578,0.3909205941691999
1138000.0,880398.3810644976,257601.61893550237,0.2263634612790003
850000.0,1087636.5821095025,-237636.58210950252,0.2795724495405912
1325000.0,725116.134696932,599883.865303068,0.45274253985137203
1030000.0,1131037.0858579183,-101037.08585791825,0.09809425811448375
435000.0,512825.3907230477,-77825.39072304772,0.1789089441909143
3200000.0,1410677.6315809865,1789322.3684190135,0.5591632401309417
1400000.0,918729.0941998577,481270.9058001423,0.34376493271438735
1940000.0,892034.1436942918,1047965.8563057082,0.5401885857245918
4015000.0,1428568.6555241446,2586431.344475855,0.6441921156851445
929888.0,1237957.0963664479,-308069.09636644786,0.33129699099939763
582000.0,1272179.17226641,-690179.17226641,1.1858748664371306
1815000.0,600391.0392771806,1214608.9607228194,0.6692060389657407
2350000.0,865513.790699976,1484486.209300024,0.631696259276606
875000.0,1440235.1205481598,-565235.1205481598,0.6459829949121827
1650000.0,1201924.402839085,448075.5971609149,0.2715609679763121
552750.0,733170.3729715219,-180420.37297152192,0.32640501668298855
891000.0,892034.1436942918,-1034.1436942918226,0.0011606551002152892
2500000.0,3708949.047498564,-1208949.0474985638,0.48357961899942553
1875000.0,1077321.650505205,797678.3494947951,0.4254284530638907
3800000.0,1041009.5611414063,2758990.438858594,0.7260501154891036
8458394.0,2128363.8091013744,6330030.190898625,0.7483725859659204
471111.0,556987.1234928205,-85876.12349282054,0.18228426738671044
2175000.0,1407840.0878646993,767159.9121353007,0.35271720098174747
960000.0,591869.2226431625,368130.7773568375,0.38346955974670577
665000.0,954787.9610845881,-289787.9610845881,0.43577137005201216
1888000.0,826209.5756982978,1061790.424301702,0.5623889959225117
1750000.0,1590429.7912156559,159570.20878434414,0.09118297644819665
1125000.0,642904.9610684211,482095.03893157886,0.42852892349473676
630000.0,801347.0937031414,-171347.09370314144,0.27197951381451024
920000.0,911283.6321177763,8716.367882223683,0.009474312915460525
599999.0,1021813.7054923637,-421814.70549236366,0.7030256808634076
651000.0,1454298.5343131816,-803298.5343131816,1.233945521218405
912000.0,902838.4428173661,9161.5571826339,0.010045567086221383
1650000.0,1055859.7363859052,594140.2636140948,0.36008500825096657
780000.0,905380.5634903872,-125380.56349038717,0.16074431216716303
2050000.0,1185252.8185142628,864747.1814857372,0.4218278934076767
970000.0,600985.162972732,369014.837027268,0.3804276670384206
1220000.0,1373425.5983057627,-153425.59830576275,0.1257586871358711
3900000.0,989011.7440429404,2910988.2559570596,0.7464072451171948
1830000.0,1100051.88483112,729948.11516888,0.39887875145840435
875000.0,756942.4756218519,118057.52437814814,0.13492288500359786
2488000.0,1062800.1686856474,1425199.8313143526,0.5728295141938716
705000.0,877506.1954347943,-172506.1954347943,0.24468963891460183
1815000.0,1072958.4082307909,742041.5917692091,0.408838342572567
680000.0,834723.3580272512,-154723.3580272512,0.2275343500400753
1775000.0,1317598.945963822,457401.0540361779,0.25769073466826925
600000.0,756593.5590682196,-156593.55906821962,0.26098926511369935
1180000.0,1387118.0019703307,-207118.00197033072,0.17552373048333111
2850000.0,2667917.895307173,182082.10469282698,0.06388845778695683
1590000.0,1119688.395722255,470311.6042777449,0.29579346180990246
3152500.0,2013614.7006289137,1138885.2993710863,0.3612641710931281
1368000.0,917503.4507303955,450496.5492696045,0.3293103430333366
412000.0,824336.5532791957,-412336.5532791957,1.0008168768912515
825000.0,985395.7176317344,-160395.71763173444,0.19441905167482962
1250000.0,752101.149319218,497898.850680782,0.3983190805446256
1038000.0,1094828.0104823438,-56828.010482343845,0.05474760162075515
770000.0,810762.0155537897,-40762.01555378968,0.052937682537389195
420000.0,923965.5094448266,-503965.50944482663,1.1999178796305396
900000.0,1306879.7669882185,-406879.76698821853,0.45208862998690946
800000.0,682734.7249683223,117265.27503167768,0.1465815937895971
3750000.0,5781811.916982709,-2031811.9169827094,0.5418165111953892
1286800.0,937258.9859537982,349541.01404620183,0.27163585176111427
1320000.0,1105721.4406460992,214278.55935390084,0.16233224193477336
1500000.0,1050309.9122849007,449690.08771509933,0.2997933918100662
1060000.0,1115911.2479145518,-55911.24791455176,0.05274646029674694
760000.0,955577.8504231474,-195577.85042314744,0.2573392768725624
5060000.0,5157924.367187168,-97924.36718716845,0.019352641736594556
880000.0,914584.1149313375,-34584.114931337535,0.03930013060379265
822000.0,808743.0034760439,13256.99652395607,0.016127732997513466
725000.0,791782.3193089177,-66782.31930891774,0.09211354387436929
1980000.0,1233424.3072988722,746575.6927011278,0.3770584306571353
941500.0,692569.4221117352,248930.5778882648,0.26439785224457224
2200000.0,1179916.5566405724,1020083.4433594276,0.4636742924361035
1510000.0,714738.5735470648,795261.4264529352,0.5266631963264472
1625000.0,1011741.1951247125,613258.8048752875,0.37739003376940766
1850000.0,728459.9367447983,1121540.0632552016,0.6062378720298387
1830000.0,1323760.2964804543,506239.7035195457,0.2766337177702436
2000000.0,923900.1839322903,1076099.8160677096,0.5380499080338548
755000.0,748462.6658879323,6537.334112067707,0.008658720678235374
796000.0,1064086.0600074257,-268086.0600074257,0.3367915326726454
309000.0,550412.6964747345,-241412.69647473446,0.7812708623777814
1875000.0,1157128.8411445655,717871.1588554345,0.38286461805623173
1888888.0,935122.1782645157,953765.8217354843,0.504935084417649
680000.0,811114.7170172009,-131114.7170172009,0.19281576031941308
675000.0,756942.4756218519,-81942.47562185186,0.12139626018052127
1015000.0,976901.6923281524,38098.30767184764,0.03753527849443117
460000.0,710990.6559825959,-250990.65598259587,0.5456318608317301
2680000.0,974137.8742810049,1705862.125718995,0.6365157185518638
1750000.0,860562.7183759979,889437.2816240021,0.5082498752137156
570000.0,596862.889672872,-26862.88967287203,0.047127876619073736
777000.0,622021.7569985234,154978.24300147663,0.19945719820009863
1200000.0,1479809.7003069595,-279809.70030695945,0.23317475025579953
650000.0,688328.0576063939,-38328.05760639394,0.05896624247137529
2600000.0,1173863.2959587823,1426136.7040412177,0.5485141169389299
1314500.0,1075957.3474359734,238542.65256402665,0.18147025680032458
1344500.0,1237348.343232084,107151.65676791593,0.07969628617918627
1089000.0,720942.6067538678,368057.3932461322,0.33797740426642076
385000.0,654103.8785490694,-269103.8785490694,0.698971113114466
1675000.0,1283320.8404741837,391679.1595258163,0.2338383041945172
950000.0,1141812.993171914,-191812.99317191401,0.20190841386517264
1070000.0,620821.9079766464,449178.09202335356,0.41979260936762014
587000.0,570500.7562850357,16499.24371496425,0.028107740570637564
1594000.0,1147045.0958749533,446954.9041250467,0.28039830873591387
1275000.0,1156153.6572424509,118846.34275754914,0.09321281784905815
970000.0,791378.7622839342,178621.23771606584,0.18414560589285137
840000.0,1495174.1542557916,-655174.1542557916,0.7799692312568948
730000.0,998307.3295709643,-268307.3295709643,0.3675442870835128
1155000.0,866299.6874893791,288700.3125106209,0.24995698052867613
1200000.0,825727.3638509607,374272.63614903926,0.3118938634575327
800000.0,938224.3028744973,-138224.30287449725,0.17278037859312156
850000.0,653831.7838723661,196168.21612763393,0.2307861366207458
980000.0,841409.3620974929,138590.6379025071,0.14141901826786438
1945000.0,1189695.2980614852,755304.7019385148,0.38833146629229554
2000000.0,2088276.0570422478,-88276.05704224785,0.044138028521123925
1250000.0,753832.7737745112,496167.2262254888,0.39693378098039106
1080000.0,715232.3931293185,364767.6068706815,0.33774778413951995
1695000.0,1354439.7066039762,340560.2933960238,0.20092052707730018
705000.0,596605.7059567326,108394.29404326738,0.15375077169257784
520000.0,694195.6929615024,-174195.69296150235,0.3349917172336584
960000.0,908855.6212401596,51144.37875984039,0.053275394541500404
729000.0,818530.5617926437,-89530.56179264374,0.12281284196521774
1215000.0,1533101.0348923667,-318101.03489236673,0.26181155135174217
460000.0,1025111.5624659475,-565111.5624659475,1.228503396665103
1530000.0,872114.1076250196,657885.8923749804,0.42999077933005253
4150000.0,1235375.91343799,2914624.08656201,0.702319057002894
649000.0,476425.6253406291,172574.37465937092,0.2659081273642079
915000.0,1047332.2726983863,-132332.27269838634,0.14462543464304517
885000.0,797343.0320274543,87656.96797254565,0.0990474214379047
1650000.0,957463.8820105888,692536.1179894112,0.41971885938752196
2760000.0,1715620.6981166392,1044379.3018833608,0.3783982977838264
1230000.0,752739.62531552,477260.37468448,0.3880165647841301
2798000.0,616273.5163533192,2181726.4836466806,0.7797449905813726
992500.0,800762.4704735454,191737.52952645463,0.1931864277344631
4500000.0,2202032.541519205,2297967.458480795,0.5106594352179544
1250000.0,1115472.3111387652,134527.6888612348,0.10762215108898784
640000.0,537438.5695938653,102561.43040613469,0.16025223500958546
1200000.0,908855.6212401596,291144.3787598404,0.24262031563320033
1800000.0,1206334.0784938675,593665.9215061325,0.32981440083674024
1960000.0,1229319.654522608,730680.345477392,0.3727960946313224
1850000.0,1227514.9380560676,622485.0619439324,0.3364784118615851
1240000.0,843481.0938668832,396518.9061331168,0.31977331139767484
1605000.0,1066456.8052183015,538543.1947816985,0.3355409313281611
3805000.0,1199731.0796344755,2605268.9203655245,0.6846961682958015
525000.0,1021806.4930835473,-496806.49308354734,0.9462980820638996
727000.0,667122.4540370308,59877.54596296919,0.08236251164094799
710000.0,843020.3362964109,-133020.33629641088,0.18735258633297308
1455000.0,590735.0034285751,864264.9965714249,0.5939965612174741
800000.0,914630.1951380037,-114630.19513800368,0.1432877439225046
10100000.0,12011458.96716299,-1911458.967162989,0.18925336308544446
975000.0,1234126.143870139,-259126.14387013903,0.26577040396937335
795000.0,753536.8105682796,41463.18943172041,0.05215495526002568
130000.0,584127.5482396018,-454127.5482396018,3.4932888326123215
930000.0,852624.2181613327,77375.78183866735,0.08319976541792187
699000.0,666103.4728661604,32896.527133839554,0.04706227057773899
1780000.0,879281.0830597571,900718.9169402429,0.5060218634495747
1810000.0,1080109.0134364632,729890.9865635368,0.40325468870913633
3890450.0,2732743.157457049,1157706.842542951,0.29757658948012466
1135000.0,1113263.6111505849,21736.388849415118,0.01915100339155517
859000.0,974593.9831264096,-115593.98312640958,0.13456808280140814
1085000.0,764137.0617762947,320862.9382237053,0.2957262103444288
115000.0,1101062.229739339,-986062.2297393391,8.574454171646426
1250000.0,943252.0103957689,306747.9896042311,0.24539839168338487
348000.0,677001.5912947851,-329001.59129478515,0.945406871536739
4250000.0,1148123.7789825082,3101876.221017492,0.729853228474704
1000000.0,711849.9652743174,288150.0347256826,0.28815003472568257
2500000.0,1314487.3700036616,1185512.6299963384,0.47420505199853535
1325000.0,1354439.7066039762,-29439.7066039762,0.022218646493566942
1200013.0,884200.2669292133,315812.7330707867,0.2631744265027018
790000.0,911880.3117267285,-121880.31172672845,0.15427887560345374
3325000.0,2225089.4637513245,1099910.5362486755,0.33080016127779716
2542500.0,1131380.4272636515,1411119.5727363485,0.5550126146455648
1010000.0,930994.6503634807,79005.34963651933,0.07822311845199933
1500000.0,1075688.7915315023,424311.20846849773,0.2828741389789985
3050000.0,1539341.1590280454,1510658.8409719546,0.4952979806465425
2300000.0,1047332.2726983863,1252667.7273016137,0.5446381423050494
680000.0,746855.0079179269,-66855.00791792688,0.09831618811459836
675000.0,892402.6580401005,-217402.65804010048,0.32207801191125995
805000.0,747677.5735921804,57322.426407819614,0.07120798311530387
730000.0,620687.3535887692,109312.64641123079,0.14974335124826135
417000.0,651796.4718098972,-234796.47180989722,0.5630610834769717
1300000.0,775305.7911492046,524694.2088507954,0.40361092988522723
1635000.0,1205651.274252751,429348.7257472491,0.2625986090197242
1600000.0,980845.6112930838,619154.3887069162,0.38697149294182265
6500000.0,3009312.903752571,3490687.096247429,0.537028784038066
3895000.0,1559318.7804877749,2335681.219512225,0.5996614170763094
440000.0,799011.8648167821,-359011.86481678206,0.8159360564017775
700000.0,667384.6832846962,32615.31671530381,0.04659330959329115
1200000.0,837308.952151695,362691.04784830497,0.30224253987358746
350000.0,425921.5638261478,-75921.56382614782,0.21691875378899375
565000.0,741433.9256415756,-176433.9256415756,0.31227243476385064
3473600.0,3281825.322643485,191774.67735651508,0.055209200068089326
379900.0,795564.0111905041,-415664.01119050407,1.0941405927625798
1360000.0,687067.8191691298,672932.1808308702,0.4948030741403457
659900.0,968154.8277385702,-308254.82773857017,0.4671235455956511
1010000.0,955711.155673183,54288.844326816965,0.05375133101665046
8499000.0,1026964.6415201366,7472035.358479863,0.8791664146934772
2225000.0,1464359.9066307535,760640.0933692465,0.34186071612100966
565000.0,764018.7595243731,-199018.7595243731,0.35224559207853645
799000.0,702842.6052406054,96157.39475939458,0.1203471774210195
990000.0,1098271.5868233873,-108271.5868233873,0.10936523921554273
1700000.0,831697.4594651386,868302.5405348614,0.5107662003146244
7300000.0,3324388.240722013,3975611.759277987,0.5446043505860256
1500000.0,2261696.617413938,-761696.617413938,0.5077977449426254
1250000.0,1850826.4866983406,-600826.4866983406,0.4806611893586725
5150000.0,3572838.2937673703,1577161.7062326297,0.3062449915014815
899000.0,956621.0128174091,-57621.01281740912,0.06409456375685108
2120000.0,849810.0475916341,1270189.952408366,0.5991462039662103
1119000.0,690993.9659058005,428006.03409419954,0.3824897534353883
1762500.0,1173393.455511297,589106.5444887029,0.3342448479368527
698000.0,795564.0111905041,-97564.01119050407,0.13977652033023505
849000.0,717264.8354453663,131735.16455463367,0.1551650937039266
1750000.0,972196.9071230539,777803.0928769461,0.44445891021539774
1600000.0,522665.7693369035,1077334.2306630965,0.6733338941644353
625000.0,1151052.5053465595,-526052.5053465595,0.8416840085544951
855000.0,919237.7263499778,-64237.72634997778,0.07513184368418453
751000.0,497569.4708569146,253430.5291430854,0.3374574289521777
1273000.0,881876.4244300053,391123.57556999475,0.3072455424744656
1975000.0,1475524.3284023742,499475.6715976258,0.252899074226646
615990.0,993438.6017192458,-377448.6017192458,0.6127511838166947
313000.0,569001.1894679528,-256001.18946795282,0.8178951740190186
715000.0,498435.49006580416,216564.50993419584,0.3028874264813928
630000.0,790041.3220131868,-160041.32201318676,0.2540338444653758
4250000.0,2166821.036867874,2083178.9631321258,0.4901597560310884
715000.0,932816.8638506116,-217816.8638506116,0.3046389704204358
1280000.0,941336.5928263768,338663.4071736232,0.2645807868543931
1530000.0,1040176.8907851331,489823.1092148669,0.3201458230162529
1210000.0,873342.9404641631,336657.0595358369,0.27822897482300574
667000.0,667402.738214703,-402.7382147030439,0.0006038054193448935
660000.0,868182.4834361016,-208182.48343610158,0.3154280052062145
925000.0,916368.4533304187,8631.546669581323,0.009331401804952781
556000.0,947075.1180862767,-391075.1180862767,0.7033725145436631
810000.0,718608.4767080185,91391.52329198155,0.11282904110121178
965000.0,782876.7153569821,182123.28464301792,0.18872879237618437
1200000.0,968183.1834225872,231816.81657741277,0.1931806804811773
369000.0,573816.761093675,-204816.76109367504,0.5550589731535909
1380000.0,804399.5180302016,575600.4819697984,0.41710179852883944
1785000.0,1032694.0049013735,752305.9950986265,0.42145994123172353
2045000.0,1236760.4368683617,808239.5631316383,0.39522717023551995
2070000.0,1059503.9109241625,1010496.0890758375,0.48816236187238526
790000.0,773729.1250829767,16270.87491702335,0.020596044198763732
353000.0,409623.1901176427,-56623.19011764269,0.16040563772703312
539000.0,800378.2741720101,-261378.27417201013,0.48493186302784813
250000.0,576659.8240093917,-326659.8240093917,1.3066392960375668
685000.0,975780.6732642677,-290780.67326426774,0.42449733323250766
1750000.0,692999.6337380762,1057000.3662619237,0.6040002092925278
455000.0,641449.0677120223,-186449.06771202234,0.4097781707956535
2075000.0,1069371.350460621,1005628.6495393789,0.484640313031026
1750000.0,928945.498552036,821054.501447964,0.469174000827408
1100000.0,580854.8979496433,519145.1020503567,0.47195009277305155
635000.0,819194.7939915997,-184194.7939915997,0.29007054171905466
1100000.0,796883.7320932618,303116.2679067382,0.2755602435515802
3400000.0,1166220.2598038367,2233779.7401961633,0.6569940412341657
1850000.0,992246.186855841,857753.813144159,0.46365070980765355
925000.0,574225.2055636912,350774.7944363088,0.3792159939851987
860000.0,724171.0867901967,135828.9132098033,0.15794059675558522
1600000.0,990757.2303356372,609242.7696643628,0.38077673104022675
5275000.0,2770961.6474693315,2504038.3525306685,0.47469921374988977
3220000.0,1229467.523477987,1990532.476522013,0.6181777877397556
543000.0,790809.1293456275,-247809.1293456275,0.45637040395143186
1460000.0,930916.3006378423,529083.6993621577,0.3623860954535327
4650000.0,2712304.6890252824,1937695.3109747176,0.41670866902682097
2400000.0,962448.4617156766,1437551.5382843234,0.5989798076184681
7500000.0,4144596.253252985,3355403.746747015,0.44738716623293534
899000.0,808822.9552660945,90177.04473390547,0.10030816989310953
835000.0,568838.426095534,266161.573904466,0.3187563759334922
1608000.0,1090944.8212902392,517055.1787097608,0.3215517280533338
725000.0,1524910.1954997957,-799910.1954997957,1.1033244075859252
619000.0,276389.1179025493,342610.8820974507,0.5534909242285149
2800000.0,1239069.716106467,1560930.283893533,0.5574751013905476
1045000.0,847033.8124144821,197966.18758551788,0.18944132783303147
760000.0,2126611.0530121136,-1366611.0530121136,1.7981724381738335
1530000.0,940857.128390057,589142.871609943,0.38506070039865553
2350000.0,1199731.0796344755,1150268.9203655245,0.4894761363257551
725000.0,960481.8141231008,-235481.81412310083,0.3248025022387598
145000.0,648426.3734498408,-503426.3734498408,3.4719060237920054
1121000.0,989546.7746955511,131453.22530444886,0.11726425094063235
960000.0,947075.1180862767,12924.881913723308,0.013463418660128446
1250000.0,1014067.9001926972,235932.09980730282,0.18874567984584226
3350000.0,1463857.9500492965,1886142.0499507035,0.5630274775972249
660000.0,718719.3794017173,-58719.379401717335,0.08896875666926869
1100000.0,1142549.9024018457,-42549.90240184567,0.038681729456223335
1140000.0,544908.3726862518,595091.6273137482,0.5220101993980247
755000.0,908291.7593982499,-153291.7593982499,0.2030354429115893
535000.0,582215.6750022501,-47215.67500225012,0.08825359813504696
396000.0,572562.1268590582,-176562.12685905816,0.44586395671479334
795000.0,785344.2535853987,9655.746414601337,0.012145592974341304
788250.0,836945.2781192848,-48695.278119284776,0.06177643909836318
916000.0,908760.0945333621,7239.905466637923,0.007903826928644022
3990000.0,1075688.7915315023,2914311.2084684977,0.73040381164624
1874000.0,829931.7711485578,1044068.2288514422,0.5571335266016234
1818000.0,1130274.5638397262,687725.4361602738,0.3782868185700076
700000.0,772061.1518446747,-72061.15184467472,0.1029445026352496
875000.0,876489.4260898505,-1489.4260898504872,0.001702201245543414
1711300.0,611605.6687532344,1099694.3312467656,0.6426075680750105
880000.0,1173887.1455101278,-293887.14551012777,0.3339626653524179
1845000.0,1283320.8404741837,561679.1595258163,0.3044331487944804
975000.0,722059.6433540214,252940.35664597864,0.25942600681638833
2655000.0,982353.589945026,1672646.410054974,0.6299986478549808
1100000.0,687354.0017733567,412645.9982266433,0.3751327256605848
510000.0,712780.4861119934,-202780.48611199344,0.39760879629802637
2080000.0,1022901.5212574378,1057098.4787425622,0.5082204224723856
459900.0,784605.1118436188,-324705.1118436188,0.7060341636086515
3245000.0,3081392.958174818,163607.0418251818,0.050418194707297935
1950000.0,923161.9563283878,1026838.0436716122,0.5265836121392883
6900000.0,1394916.3161235298,5505083.68387647,0.7978382150545609
412500.0,953161.5907510939,-540661.5907510939,1.3106947654571974
736000.0,818394.7951075153,-82394.7951075153,0.11194944987434144
1350000.0,854177.602216133,495822.39778386697,0.3672758502102718
597000.0,574911.3030068217,22088.69699317834,0.03699949245088499
755000.0,1552549.2677492527,-797549.2677492527,1.0563566460255003
3450000.0,2771605.3770630574,678394.6229369426,0.19663612259041816
1230000.0,990897.6971020161,239102.30289798393,0.1943921161772227
3625000.0,2649506.9515421726,975493.0484578274,0.26910153060905584
459000.0,589458.7054128244,-130458.7054128244,0.2842237590693342
1911000.0,854096.2735274876,1056903.7264725124,0.5530631745015763
1190000.0,879245.4364383268,310754.56356167316,0.2611382887072884
1500000.0,1033261.1125644099,466738.88743559015,0.3111592582903934
1030000.0,797821.0353387354,232178.96466126456,0.22541647054491704
1625000.0,833313.9036102373,791686.0963897627,0.4871914439321617
200000.0,444833.8515058685,-244833.8515058685,1.2241692575293424
963000.0,947934.7186572438,15065.281342756236,0.01564411354387979
750000.0,923161.9563283878,-173161.95632838784,0.23088260843785044
920000.0,929785.5490852355,-9785.549085235456,0.01063646639699506
329000.0,680286.9049601143,-351286.9049601143,1.0677413524623534
1425000.0,625808.6169979413,799191.3830020587,0.5608360582470587
860000.0,971433.1705549858,-111433.17055498576,0.12957345413370436
268125.0,615086.284912259,-346961.28491225897,1.2940281022368634
1110000.0,1044982.3856100107,65017.61438998929,0.05857442737836873
6700000.0,1419108.0283232597,5280891.971676741,0.7881928315935434
1280000.0,1021475.9381367947,258524.06186320528,0.20197192333062913
575000.0,813414.361669668,-238414.361669668,0.4146336724689878
950000.0,543645.4548437763,406354.5451562237,0.42774162648023545
11450000.0,3774598.270516793,7675401.729483208,0.6703407624002802
362500.0,824648.2109238375,-462148.2109238375,1.2748916163416206
1027000.0,650897.817596252,376102.18240374804,0.36621439377190657
220000.0,713246.7866872421,-493246.7866872421,2.242030848578373
1350000.0,1028884.5607045908,321115.43929540925,0.23786328836696982
1795000.0,2560042.5134423184,-765042.5134423184,0.42620752838012166
3025000.0,1498023.3975953753,1526976.6024046247,0.5047856536874792
445000.0,1019368.8644767337,-574368.8644767337,1.2907165493859185
1165000.0,741178.8581066723,423821.1418933277,0.36379497158225554
1835000.0,721906.7782984737,1113093.2217015263,0.6065903115539653
2910000.0,2157918.1926059746,752081.8073940254,0.2584473564927922
4625000.0,1137101.307409698,3487898.692590302,0.7541402578573626
695000.0,562038.4034686093,132961.59653139068,0.19131164968545422
1250000.0,2049928.698573915,-799928.698573915,0.639942958859132
1025000.0,746449.9897185292,278550.01028147084,0.27175610759167884
490000.0,676037.3246363252,-186037.32463632524,0.3796680094618882
1306700.0,556987.1234928205,749712.8765071795,0.5737452181121753
425000.0,588267.890683977,-163267.89068397705,0.3841597427858284
2000000.0,957534.4527571945,1042465.5472428055,0.5212327736214027
518000.0,595331.4986847357,-77331.49868473574,0.14928860749948983
139000.0,819727.6169899481,-680727.6169899481,4.897320985539195
825000.0,804399.5180302016,20600.48196979845,0.02497028117551327
2450000.0,1650465.5335356852,799534.4664643148,0.3263405985568632
3000000.0,1306074.8736974092,1693925.1263025908,0.5646417087675303
4155000.0,1867490.5312514366,2287509.4687485634,0.550543795126008
565000.0,602972.8658804654,-37972.86588046537,0.0672086121778148
725000.0,991274.8763967687,-266274.8763967687,0.36727569158174994
3590000.0,2365269.240306774,1224730.7596932258,0.34115062944101
1500000.0,1019975.1189148035,480024.8810851965,0.320016587390131
600000.0,843912.6004876436,-243912.60048764362,0.40652100081273934
1372000.0,1111050.535269838,260949.46473016194,0.19019640286454953
370000.0,648757.9010559119,-278757.9010559119,0.7533997325835456
1200000.0,1016834.1210029861,183165.8789970139,0.1526382324975116
4800000.0,1605892.5286129005,3194107.4713870995,0.6654390565389791
2438220.0,1181047.6255022874,1257172.3744977126,0.5156107219601647
4425000.0,6285737.129194697,-1860737.1291946974,0.4205055659197056
725000.0,816019.5081459114,-91019.50814591139,0.12554414916677434
1300000.0,873720.3761340594,426279.6238659406,0.32790740297380044
1384000.0,866344.0470088205,517655.95299117954,0.37402886776819333
1625000.0,2112743.7729951413,-487743.77299514133,0.3001500141508562
2950000.0,822051.2341492785,2127948.7658507214,0.7213385646951598
575000.0,782506.5688147927,-207506.56881479267,0.3608809892431177
966000.0,734686.6782168179,231313.3217831821,0.23945478445463986
8822500.0,3926348.192913747,4896151.807086254,0.5549619503639845
340000.0,593630.8921774561,-253630.89217745606,0.7459732122866355
4380000.0,2377081.784679973,2002918.215320027,0.45728726377169565
590000.0,902838.4428173661,-312838.4428173661,0.5302346488429934
1558000.0,1094161.5450890285,463838.45491097146,0.29771402754234366
2410000.0,1039705.6623010155,1370294.3376989844,0.5685868621157611
385000.0,673459.3566634563,-288459.3566634563,0.7492450822427437
1050000.0,920157.313122553,129842.68687744695,0.12365970178804471
565900.0,815243.9233726016,-249343.92337260162,0.4406148142297254
1175000.0,903893.2546512801,271106.7453487199,0.23072914497763394
1025000.0,695436.6794067154,329563.32059328456,0.32152519082271663
1270000.0,1081955.5213815982,188044.4786184018,0.14806651859716677
3800000.0,1144839.6028918696,2655160.39710813,0.6987264202916132
1800000.0,1050309.9122849007,749690.0877150993,0.41649449317505516
2000000.0,1160161.742307203,839838.2576927971,0.41991912884639854
1350000.0,1028662.242483095,321337.75751690497,0.23802796853104072
1215000.0,1509517.721275789,-294517.72127578896,0.24240141668789214
3300000.0,2156899.2452614373,1143100.7547385627,0.34639416810259477
1670000.0,895276.3370220333,774723.6629779667,0.4639063850167465
4400000.0,3289055.784574355,1110944.215425645,0.2524873216876466
880000.0,861251.6384853923,18748.361514607677,0.021304956266599635
430000.0,805526.5214305172,-375526.5214305172,0.8733174916988772
380000.0,882210.9710210199,-502210.97102101985,1.321607818476368
1525000.0,1094388.9525934777,430611.0474065223,0.28236789993870315
3400000.0,3191802.071461467,208197.92853853293,0.06123468486427439
1585000.0,1606921.3314282282,-21921.33142822818,0.013830493014655002
810000.0,875290.7875600281,-65290.78756002814,0.08060591056793598
615000.0,945202.1867965366,-330202.18679653655,0.5369141248724172
5500000.0,3090168.9361559423,2409831.0638440577,0.43815110251710143
385000.0,569709.8825444503,-184709.88254445035,0.479765928686884
730000.0,973884.3895502435,-243884.3895502435,0.3340882048633473
560000.0,678535.232539931,-118535.23253993096,0.21167005810701958
749000.0,1064906.1451005118,-315906.14510051184,0.42177055420629084
1370000.0,756195.1655348442,613804.8344651558,0.44803272588697507
2385000.0,862097.608584144,1522902.3914158558,0.6385334974489961
4050000.0,880797.897442907,3169202.102557093,0.782519037668418
453000.0,591237.7773263118,-138237.7773263118,0.30516065634947415
625000.0,1043486.9349512842,-418486.9349512842,0.6695790959220547
895000.0,896820.7524545729,-1820.7524545729393,0.0020343602844390385
685000.0,676090.9051266972,8909.094873302849,0.013005977917230436
826000.0,732250.2669481839,93749.73305181612,0.1134984661644263
2180000.0,1652427.7209383668,527572.2790616332,0.24200563259707944
1500000.0,1236571.19291049,263428.8070895099,0.17561920472633993
1905000.0,803822.6608742117,1101177.3391257883,0.5780458473101251
755000.0,963178.3353707304,-208178.33537073038,0.2757328945307687
455000.0,653179.6836628078,-198179.6836628078,0.4355597443138633
1000000.0,634954.3191747819,365045.6808252181,0.3650456808252181
785000.0,1886910.13279881,-1101910.13279881,1.4037071755398853
1470000.0,1384036.3011972508,85963.69880274916,0.05847870666853684
1650000.0,1075667.2016733878,574332.7983266122,0.34808048383431045
765000.0,786266.4632777751,-21266.463277775096,0.027799298402320385
1385000.0,1192692.4307528872,192307.56924711284,0.13885023050333056
1450000.0,2141193.0935420673,-691193.0935420673,0.4766848920979775
1250000.0,773890.1491072767,476109.8508927233,0.3808878807141786
820000.0,604662.118020933,215337.881979067,0.26260717314520365
1205000.0,1000652.7452526458,204347.2547473542,0.16958278402270058
949000.0,828578.6042293385,120421.39577066153,0.12689293548014913
1745000.0,831722.9979814863,913277.0020185137,0.5233679094661969
1850000.0,851084.8131297525,998915.1868702475,0.5399541550649987
1200000.0,1164932.0240850819,35067.97591491812,0.029223313262431765
1580000.0,1368846.9641562488,211153.03584375116,0.13364116192642478
1475000.0,2732743.157457049,-1257743.157457049,0.8527072253946095
1600000.0,2134607.0305781704,-534607.0305781704,0.3341293941113565
670000.0,1116294.8076915448,-446294.80769154476,0.6661116532709623
1550000.0,775578.9100019634,774421.0899980366,0.4996265096761527
1200000.0,885733.5267127657,314266.4732872343,0.26188872773936195
1850000.0,958140.5506430195,891859.4493569805,0.4820861888416111
2175000.0,2054312.1764464395,120687.82355356053,0.055488654507384154
1600000.0,1064709.7901290185,535290.2098709815,0.3345563811693634
690000.0,892034.1436942918,-202034.14369429182,0.2928031068033215
765000.0,993241.4230785612,-228241.4230785612,0.2983548014098839
1199990.0,1863336.1001646216,-663346.1001646216,0.5527930234123798
1500000.0,1126577.0658259965,373422.93417400355,0.24894862278266902
973200.0,868876.5703192282,104323.42968077178,0.10719629025973261
2575000.0,1444744.091876887,1130255.908123113,0.43893433325169434
735000.0,887304.7945529362,-152304.79455293622,0.20721740755501528
495000.0,927071.862605622,-432071.86260562204,0.8728724497083273
1875000.0,1014414.984309073,860585.015690927,0.4589786750351611
1150000.0,734770.2450789954,415229.75492100464,0.36106935210522145
1160000.0,1056552.3628479228,103447.63715207716,0.08917899754489411
420000.0,835526.2886034041,-415526.2886034041,0.9893483061985812
644000.0,592211.685525034,51788.31447496603,0.08041663738348762
300000.0,423883.359929875,-123883.359929875,0.41294453309958334
115000.0,426499.07135369553,-311499.07135369553,2.7086875769886567
1160000.0,736771.9271799128,423228.0728200872,0.36485178691386827
325000.0,558111.4088639832,-233111.40886398323,0.7172658734276407
755000.0,899988.8061987453,-144988.80619874527,0.19203815390562287
775000.0,654623.1677253889,120376.83227461111,0.15532494487046594
355000.0,305355.5372689809,49644.46273101913,0.13984355698878628
355000.0,423421.63815842447,-68421.63815842447,0.19273700889697032
2180000.0,1149715.8179381546,1030284.1820618454,0.47260742296414926
749000.0,780234.1445388858,-31234.144538885797,0.041701127555254736
1125000.0,784329.5403310524,340670.4596689476,0.3028181863723979
999000.0,752628.3479822362,246371.65201776382,0.24661827028805186
429489.0,879829.585609756,-450340.58560975594,1.0485497547312177
500000.0,818943.5385149184,-318943.5385149184,0.6378870770298368
720000.0,1089500.905987104,-369500.90598710394,0.5131957027598666
1020000.0,914584.1149313375,105415.88506866246,0.10334890693006124
1350000.0,893485.4088241304,456514.5911758696,0.33815895642657007
850000.0,903683.8570629747,-53683.85706297471,0.0631574788976173
436000.0,435062.9226714067,937.0773285932955,0.0021492599279662743
609000.0,605863.6216475668,3136.3783524332102,0.005150046555719557
1810000.0,1045512.3341860761,764487.6658139239,0.42236887614028945
1998000.0,1871645.6803332968,126354.31966670323,0.0632404002335852
2517500.0,1410677.6315809865,1106822.3684190135,0.43965138765402717
950000.0,917973.3613921081,32026.63860789186,0.033712251166201954
1150000.0,1052806.1956378752,97193.80436212476,0.08451635161923893
4400000.0,1733029.31199269,2666970.68800731,0.6061297018198432
755000.0,925346.6822279274,-170346.68222792738,0.22562474467275148
890000.0,1133679.5104798784,-243679.5104798784,0.2737972027863802
1120000.0,1592225.115640441,-472225.11564044096,0.421629567536108
2799000.0,1721072.7150195602,1077927.2849804398,0.3851115701966559
878000.0,1116908.652359418,-238908.6523594181,0.27210552660525983
715000.0,653157.2192625215,61842.78073747852,0.08649339963283709
1675000.0,1652932.3296136528,22067.67038634722,0.013174728588864013
1020000.0,917474.6471679586,102525.35283204145,0.10051505179611907
1475000.0,1081955.5213815982,393044.4786184018,0.2664708329616283
979900.0,804399.5180302016,175500.48196979845,0.17910040000999944
1020000.0,592211.685525034,427788.314474966,0.4194003083087902
443000.0,570183.2212213702,-127183.22122137016,0.28709530749744955
440000.0,466176.3966331091,-26176.396633109078,0.05949181052979336
850000.0,829284.9780127492,20715.021987250773,0.02437061410264797
1710150.0,1034318.0732684515,675831.9267315485,0.39518868329184487
2075000.0,977443.2929889945,1097556.7070110054,0.528942991330605
380000.0,598564.4491074167,-218564.44910741667,0.5751696029142545
415000.0,700297.0262534353,-285297.0262534353,0.6874627138636995
3380000.0,1157297.5713219831,2222702.428678017,0.6576042688396501
595000.0,755295.0370760942,-160295.0370760942,0.26940342365730113
1410000.0,1088949.6680931288,321050.3319068712,0.227695270855937
1600000.0,1164348.3914125615,435651.6085874385,0.27228225536714906
2750000.0,2981226.058233805,-231226.058233805,0.08408220299411091
975000.0,1053649.7215568242,-78649.72155682417,0.08066638108392223
595000.0,863875.0062697779,-268875.0062697779,0.4518907668399628
1550000.0,1154186.080576941,395813.9194230591,0.2553638189826188
1235000.0,904204.3958852568,330795.6041147432,0.26785069159088515
420000.0,592211.685525034,-172211.68552503397,0.4100278226786523
551500.0,683096.694659395,-131596.69465939503,0.2386159467985404
650000.0,1181634.399951681,-531634.399951681,0.8178990768487401
1350000.0,1341714.8097711112,8285.190228888765,0.006137177947325011
3700000.0,1771533.540800318,1928466.459199682,0.5212071511350492
3600000.0,1588983.8007122297,2011016.1992877703,0.5586156109132695
1060000.0,1090366.2337166949,-30366.23371669487,0.028647390298768748
2150000.0,863851.2451751875,1286148.7548248125,0.5982087231743314
760000.0,560707.9827844413,199292.01721555868,0.2622263384415246
3950000.0,1486252.0876605792,2463747.912339421,0.6237336486935243
1900000.0,2056759.4263839705,-156759.42638397054,0.08250496125472133
1560000.0,911831.2915909251,648168.7084090749,0.41549276180068906
860000.0,547599.3830993016,312400.6169006984,0.36325653127988183
1385000.0,956801.50430593,428198.49569407,0.309168588948787
878250.0,590973.0135243654,287276.9864756346,0.327101607145613
1245000.0,1371319.7786458246,-126319.77864582464,0.10146166959503987
725000.0,795029.7330828634,-70029.73308286339,0.09659273528670811
843000.0,626528.5382384732,216471.46176152676,0.2567870246281456
775000.0,902314.8535431838,-127314.85354318377,0.16427723037830164
966000.0,1370446.5941456475,-404446.5941456475,0.41868177447789595
1242000.0,1040082.2045841973,201917.79541580274,0.16257471450547725
345000.0,830704.960530407,-485704.960530407,1.4078404653055276
1105000.0,804399.5180302016,300600.48196979845,0.27203663526678595
600000.0,562341.0613573649,37658.93864263513,0.06276489773772521
720000.0,745717.5445951611,-25717.544595161104,0.035718811937723756
1200000.0,1041103.0116859588,158896.98831404117,0.13241415692836764
820000.0,927837.0583067345,-107837.05830673454,0.1315086076911397
2202802.0,1093318.3230720856,1109483.6769279144,0.5036692707414985
1290000.0,1428683.279541625,-138683.27954162494,0.10750641824932167
1075000.0,955577.8504231474,119422.14957685256,0.11109037169939773
390000.0,602597.2943563929,-212597.29435639293,0.5451212675804947
990000.0,792940.7173893059,197059.28261069406,0.19904978041484248
1257900.0,844881.2696701674,413018.73032983264,0.3283398762459914
1375000.0,1021806.4930835473,353193.50691645266,0.2568680050301474
2955025.0,1451792.0900140642,1503232.9099859358,0.5087039568145568
880000.0,760672.2055046409,119327.79449535906,0.13559976647199892
2000000.0,1072912.5212534463,927087.4787465537,0.4635437393732768
644000.0,804399.5180302016,-160399.51803020155,0.2490675745810583
1750000.0,1095152.3484605877,654847.6515394123,0.37419865802252134
490000.0,595331.4986847357,-105331.49868473574,0.2149622422137464
1510000.0,457810.7286131681,1052189.271386832,0.696814087011147
870000.0,700324.5483891506,169675.45161084936,0.1950292547251142
3050000.0,2977227.7288548914,72772.27114510862,0.023859761031183153
975000.0,927837.0583067345,47162.94169326546,0.04837224789052867
742500.0,590719.7808965192,151780.2191034808,0.20441780350637145
435000.0,926027.0234231771,-491027.0234231771,1.1287977549958093
2250000.0,1735424.624705007,514575.37529499293,0.22870016679777463
672000.0,574777.7482881029,97222.25171189709,0.14467596980937067
925000.0,540804.1755833796,384195.8244166204,0.4153468372071572
1530000.0,1155007.6102772972,374992.3897227028,0.24509306517823712
1400000.0,942739.4267094833,457260.57329051674,0.32661469520751196
1340000.0,917363.9384235322,422636.0615764678,0.3154000459525879
3258888.0,905705.0337965512,2353182.966203449,0.7220815708313538
1260000.0,1085555.2386016164,174444.76139838365,0.1384482233320505
2450000.0,1111388.3204307286,1338611.6795692714,0.5463721141099067
525000.0,585735.9774373582,-60735.97743735823,0.11568757607115854
555000.0,1063097.053670794,-508097.053670794,0.9154901867942234
230000.0,421070.7945053577,-191070.79450535768,0.830742584805903
3427500.0,1388477.8805578963,2039022.1194421037,0.5949006913033125
405531.0,660412.4692287743,-254881.4692287743,0.6285129107978781
355000.0,899032.180227757,-544032.180227757,1.532485014726076
855000.0,977125.4874927755,-122125.48749277554,0.14283682747693047
1165000.0,830261.1565682516,334738.84343174845,0.2873294793405566
560000.0,781488.5721209247,-221488.5721209247,0.39551530735879414
1400000.0,1110322.8223830012,289677.1776169988,0.2069122697264277
721700.0,778215.879726097,-56515.87972609699,0.07830938024954551
780000.0,516016.03661224566,263983.96338775434,0.33844097870224915
1988000.0,1044530.0563074389,943469.9436925611,0.4745824666461575
799000.0,992303.6613125497,-193303.66131254972,0.24193199163022494
1300000.0,2179809.381636835,-879809.3816368352,0.6767764474129502
2650000.0,617111.7645970844,2032888.2354029156,0.7671276360011002
580000.0,1147045.0958749533,-567045.0958749533,0.9776639584050919
933500.0,1244478.1912065684,-310978.1912065684,0.3331314313942886
340000.0,511347.97477248946,-171347.97477248946,0.5039646316837925
755000.0,674091.7922524373,80908.20774756267,0.10716318906961943
460000.0,760538.371038113,-300538.371038113,0.6533442848654631
1588000.0,1052393.3157834506,535606.6842165494,0.33728380618170617
515000.0,616658.0537231948,-101658.05372319475,0.19739427907416457
4525000.0,1535360.8079606718,2989639.192039328,0.6606937440970891
572056.0,857959.9857475611,-285903.9857475611,0.4997832130902588
977500.0,652203.4183011036,325296.58169889636,0.33278422680194003
785000.0,1321699.5185313637,-536699.5185313637,0.6836936541800811
1200000.0,1251241.0995776001,-51241.09957760014,0.04270091631466678
667990.0,1347979.4019335117,-679989.4019335117,1.0179634454610273
1135000.0,810901.3008185264,324098.6991814736,0.28554951469733353
589000.0,829535.7099905084,-240535.7099905084,0.4083798132266696
920000.0,884304.5513513845,35695.44864861551,0.038799400705016855
525000.0,804399.5180302016,-279399.51803020155,0.5321895581527648
2500000.0,2695601.8001015102,-195601.80010151025,0.0782407200406041
3650000.0,2989009.3604466105,660990.6395533895,0.1810933259050382
810000.0,810762.0155537897,-762.015553789679,0.0009407599429502209
2250000.0,905655.840450387,1344344.159549613,0.5974862931331614
1420000.0,1004136.8305301744,415863.1694698256,0.2928613869505814
2520000.0,740317.4255661642,1779682.5744338357,0.7062232438229507
1054500.0,784817.0845740554,269682.9154259446,0.25574482259454207
570000.0,696033.857325265,-126033.85732526495,0.22111203039520166
1325000.0,775963.3521707581,549036.6478292419,0.41436728138055995
671000.0,977219.3950563286,-306219.3950563286,0.45636273480823936
240000.0,581664.9324795402,-341664.93247954024,1.4236038853314177
1620000.0,1007807.3458522133,612192.6541477867,0.37789670009122633
323000.0,487631.3172670875,-164631.31726708752,0.5096944807030573
890000.0,570521.6944979557,319478.30550204427,0.3589643882045441
740000.0,918757.2782127985,-178757.27821279853,0.24156388947675478
41000.0,879511.9857171428,-838511.9857171428,20.45151184675958
910000.0,1514712.536489285,-604712.5364892851,0.6645192708673462
1025000.0,798145.3036283462,226854.69637165382,0.22132165499673542
1475000.0,818847.026919995,656152.973080005,0.4448494732745797
1585000.0,845257.1130108101,739742.8869891899,0.4667147551982271
560000.0,727590.9551258855,-167590.95512588555,0.2992695627247956
1470000.0,1048395.5913086096,421604.4086913904,0.28680572019822476
1450000.0,995665.7216113099,454334.2783886901,0.31333398509564836
1010000.0,955711.155673183,54288.844326816965,0.05375133101665046
840000.0,823338.190713037,16661.80928696296,0.019835487246384478
969000.0,998899.049296978,-29899.049296978046,0.030855572029905104
454000.0,810418.4433794154,-356418.44337941543,0.7850626506154524
1255000.0,1244478.1912065684,10521.808793431614,0.008383911389188536
1100000.0,844601.2210072725,255398.77899272752,0.23218070817520683
1150000.0,793918.4794061617,356081.5205938383,0.30963610486420723
1150000.0,751042.4694454878,398957.53055451217,0.3469195917865323
805000.0,805654.4370974399,-654.4370974398917,0.0008129653384346481
825000.0,1055833.430694423,-230833.43069442292,0.27979809781142173
1180000.0,910694.7301171047,269305.2698828953,0.2282248049855045
1750000.0,928549.9204238219,821450.0795761781,0.4694000454721018
1210000.0,1120355.53315252,89644.46684748004,0.07408633623758681
1165000.0,668152.9187451159,496847.08125488413,0.4264781813346645
3390000.0,2954579.488812185,435420.5111878151,0.12844262866897202
1400000.0,1061409.4108237138,338590.58917628624,0.24185042084020447
1236750.0,600647.0162159057,636102.9837840943,0.5143343309351884
1220000.0,611605.6687532344,608394.3312467656,0.4986838780711193
1600000.0,1563894.254260879,36105.74573912099,0.02256609108695062
799000.0,656417.9813312168,142582.01866878325,0.17845058656919055
610000.0,487535.29057445267,122464.70942554733,0.20076181873040547
585000.0,1192309.3151788192,-607309.3151788192,1.038135581502255
1180000.0,857479.8451317828,322520.1548682172,0.2733221651425569
4650000.0,1139836.2809645827,3510163.7190354173,0.7548739180721328
575000.0,944301.6366134511,-369301.63661345106,0.64226371584948
420000.0,480602.6506217453,-60602.65062174533,0.14429202528986984
780000.0,1018232.7405761525,-238232.74057615246,0.30542659048224674
1975000.0,1013659.6159573647,961340.3840426353,0.4867546248317141
1470000.0,844601.2210072725,625398.7789927275,0.4254413462535561
1475000.0,2730735.7739920355,-1255735.7739920355,0.8513462874522275
4330000.0,6524205.575637802,-2194205.5756378016,0.5067449366369057
1605000.0,1088161.5343306724,516838.46566932765,0.3220177356195188
2850000.0,1598113.3105709956,1251886.6894290044,0.4392584875189489
2025000.0,1547252.3509975215,477747.64900247846,0.23592476493949555
440000.0,672917.4699043643,-232917.46990436432,0.5293578861462825
858000.0,951216.5890932491,-93216.58909324906,0.10864404323222501
2830000.0,1206147.199361993,1623852.800638007,0.5737995761971756
1200000.0,1560084.439538934,-360084.43953893404,0.30007036628244504
948000.0,915140.9858164267,32859.01418357331,0.03466140736663851
2307500.0,5001793.912849948,-2694293.912849948,1.167624664290335
1010000.0,1014067.9001926972,-4067.9001926971832,0.0040276239531655275
500000.0,739512.4393712915,-239512.43937129155,0.4790248787425831
760000.0,1070727.3529603388,-310727.3529603388,0.4088517802109721
1585000.0,971433.1705549858,613566.8294450142,0.38710840974448846
405000.0,723637.2013142178,-318637.20131421776,0.7867585217635007
1450000.0,1279445.5516054297,170554.44839457027,0.11762375751349674
360000.0,837388.4968507861,-477388.49685078615,1.3260791579188504
980000.0,1050044.6816167275,-70044.6816167275,0.07147416491502806
2120000.0,950175.565074913,1169824.434925087,0.5518039787382486
1600000.0,1039220.3867244325,560779.6132755675,0.3504872582972297
2695000.0,1133679.5104798784,1561320.4895201216,0.5793396992653512
1205000.0,671158.0964694335,533841.9035305665,0.44302232658138296
2385000.0,1059735.4585898295,1325264.5414101705,0.5556664743858157
2535000.0,1397780.0632338633,1137219.9367661367,0.44860747012470875
1115000.0,1275347.5810065456,-160347.58100654557,0.14380948969196913
1299000.0,580621.6049237212,718378.3950762788,0.5530241686499452
1865000.0,1131256.6388775718,733743.3611224282,0.3934280756688623
1860000.0,1623466.9353939919,236533.06460600812,0.12716831430430545
950000.0,827313.2040805728,122686.79591942718,0.1291439957046602
551000.0,607986.5326135784,-56986.53261357837,0.10342383414442535
700000.0,852622.1125679058,-152622.1125679058,0.21803158938272257
1700000.0,1004916.984057944,695083.015942056,0.40887236231885643
1635000.0,1017986.7860864775,617013.2139135225,0.37737811248533487
1975000.0,902104.0308507599,1072895.96914924,0.5432384653920203
2850000.0,1748108.6554779564,1101891.3445220436,0.38662854193755913
380000.0,494956.93906015944,-114956.93906015944,0.3025182606846301
1570000.0,852622.1125679058,717377.8874320942,0.4569285907210791
3200000.0,1645058.9969484464,1554941.0030515536,0.4859190634536105
900000.0,1019564.551163918,-119564.55116391799,0.13284950129324222
1375000.0,816019.5081459114,558980.4918540886,0.4065312668029735
1299000.0,892698.4250004804,406301.5749995196,0.31278027328677416
1300000.0,634410.5033448169,665589.4966551831,0.511991920503987
382000.0,653157.2192625215,-271157.2192625215,0.7098356525196897
950000.0,967167.2118173864,-17167.211817386444,0.018070749281459415
1435000.0,852622.1125679058,582377.8874320942,0.40583824908159877
2050000.0,911880.3117267285,1138119.6882732715,0.5551803357430593
460000.0,658758.5688835043,-198758.56888350425,0.4320838453989223
503000.0,754439.3666490985,-251439.36664909846,0.49987945655884386
2147250.0,1183704.5170188888,963545.4829811112,0.4487346526865112
3500000.0,1209729.0259625409,2290270.974037459,0.654363135439274
3265000.0,1705638.8878045373,1559361.1121954627,0.4775991155269411
2100000.0,1113446.942175579,986553.057824421,0.46978717039258144
2565000.0,2780027.5896403776,-215027.58964037756,0.08383141896311015
1900000.0,844462.6888646288,1055537.3111353712,0.5555459532291428
1150000.0,682633.7109422459,467366.2890577541,0.40640546874587313
1100000.0,779847.009754329,320152.990245671,0.29104817295061003
740000.0,738528.0395955192,1471.9604044808075,0.001989135681730821
2976000.0,1405095.1344653526,1570904.8655346474,0.5278578177199756
1405000.0,881035.5638820822,523964.43611791776,0.3729284242832155
557000.0,691614.5096269924,-134614.5096269924,0.2416777551651569
575000.0,854203.6638813984,-279203.6638813984,0.4855715893589537
775000.0,1019368.8644767337,-244368.86447673372,0.31531466384094675
1250000.0,1639109.8452497001,-389109.8452497001,0.3112878761997601
1960000.0,930156.593437624,1029843.406562376,0.5254303094706
1725000.0,1169083.9060186045,555916.0939813955,0.32227019940950463
580000.0,810173.0487539279,-230173.04875392793,0.3968500840584964
1125000.0,1131932.0422911188,-6932.042291118763,0.0061618153698833455
2710000.0,1653579.5704356055,1056420.4295643945,0.389823036739629
890000.0,1189384.9892838467,-299384.9892838467,0.33638762840881653
905000.0,1401295.7863853609,-496295.7863853609,0.5483931341274706
750000.0,731487.455469891,18512.544530109037,0.02468339270681205
885000.0,646584.9104329576,238415.08956704242,0.26939558143168635
1560000.0,1237963.5749212287,322036.4250787713,0.2064336058197252
840000.0,905655.840450387,-65655.84045038698,0.07816171482188926
2075000.0,656366.7860036889,1418633.2139963112,0.6836786573476199
1050000.0,1140549.1941280845,-90549.19412808446,0.08623732774103282
500000.0,619279.7021132396,-119279.70211323956,0.23855940422647912
3180000.0,1393140.0625365104,1786859.9374634896,0.5619056407117892
2188000.0,1815603.9343435024,372396.0656564976,0.17019929874611409
4300000.0,1127644.335336003,3172355.664663997,0.7377571313172087
680000.0,801850.8559681446,-121850.8559681446,0.1791924352472715
1900000.0,1032863.7732800259,867136.2267199741,0.45638748774735477
2025000.0,2091813.4847745232,-66813.48477452318,0.03299431346890034
650000.0,582039.2033468821,67960.79665311787,0.1045550717740275
760000.0,844601.2210072725,-84601.22100727248,0.11131739606220063
1100000.0,908855.6212401596,191144.3787598404,0.17376761705440036
350000.0,626572.612684045,-276572.612684045,0.7902074648115571
1758855.0,1759533.752882805,-678.7528828049544,0.0003859061052815351
1107000.0,851765.6834220046,255234.31657799543,0.23056397161517203
635000.0,989745.0331985116,-354745.0331985116,0.5586535955882073
737000.0,558636.0001271792,178363.9998728208,0.24201356834846785
830000.0,691614.5096269924,138385.4903730076,0.16672950647350313
1300000.0,839892.7134780905,460107.2865219095,0.3539286819399304
750000.0,584212.6522046127,165787.34779538726,0.22104979706051636
1060000.0,1522694.735559295,-462694.73555929493,0.4365044675087688
1260000.0,852086.1414155997,407913.85858440027,0.3237411576066669
1004000.0,1203705.308807487,-199705.3088074869,0.198909670126979
1155000.0,1003244.1882727894,151755.81172721065,0.13139031318373215
3010000.0,1277955.4678463878,1732044.5321536122,0.5754300771274459
3550000.0,2463765.169089266,1086234.830910734,0.3059816425100659
800100.0,1166454.6751162817,-366354.6751162817,0.45788610813183567
902000.0,703514.2445311267,198485.7554688733,0.22005072668389503
959000.0,585153.477648176,373846.522351824,0.38982953321358077
1700000.0,1132094.77665369,567905.22334631,0.3340618960860647
1900000.0,826462.3757451752,1073537.6242548248,0.5650198022393815
482000.0,839720.6364024399,-357720.6364024399,0.74215899668556
790000.0,756195.1655348442,33804.834465155844,0.042790929702728915
470000.0,393613.43964671204,76386.56035328796,0.16252459649635737
382000.0,437152.1945068331,-55152.1945068331,0.14437747253097669
560000.0,557289.6885876176,2710.3114123824053,0.004839841807825724
755000.0,938807.3828413785,-183807.38284137845,0.2434534872071238
1350000.0,982021.9981043481,367978.0018956519,0.2725762977004829
1546000.0,1058864.7009024182,487135.29909758177,0.3150939838923556
1760000.0,434108.75924113346,1325891.2407588665,0.7533472958857196
1659000.0,1025175.3751843065,633824.6248156935,0.38205221507877846
345000.0,385780.2552056076,-40780.255205607624,0.11820363827712355
1350000.0,1066185.6951552688,283814.30484473123,0.2102328184035046
1236000.0,448189.420450028,787810.579549972,0.6373872002831489
1600000.0,1290437.1096393638,309562.8903606362,0.1934768064753976
1000000.0,771355.6585870176,228644.34141298244,0.22864434141298243
1075000.0,803192.7435727717,271807.25642722833,0.2528439594671891
870000.0,726581.0718361647,143418.9281638353,0.1648493427170521
2100000.0,1768121.288061274,331878.711938726,0.1580374818755838
925000.0,1543758.149719544,-618758.149719544,0.668927729426534
1700000.0,1246253.2765342852,453746.72346571484,0.26690983733277346
618000.0,978547.2707999723,-360547.27079997235,0.5834098233009262
860000.0,1133679.5104798784,-273679.5104798784,0.3182319889300912
1545000.0,613656.2712635784,931343.7287364216,0.6028114749103052
1200000.0,1169543.5960684484,30456.403931551613,0.025380336609626346
1300000.0,1014414.984309073,285585.01569092704,0.2196807813007131
1505000.0,713555.2775856139,791444.7224143861,0.5258768919696918
820000.0,740063.2567703875,79936.74322961248,0.09748383320684448
1305000.0,553665.0580291966,751334.9419708034,0.5757355877170908
715000.0,508229.27631505585,206770.72368494415,0.28918982333558624
1410000.0,1097239.7407134664,312760.2592865336,0.221815786728038
470000.0,847582.7650676052,-377582.7650676052,0.8033675852502238
720000.0,756954.4991786516,-36954.499178651604,0.051325693303682786
1600000.0,977125.4874927755,622874.5125072245,0.3892965703170153
285710.0,605311.4308353517,-319601.4308353517,1.1186217872505397
1050000.0,865842.0516865795,184157.94831342052,0.17538852220325765
559950.0,962433.9823241378,-402483.9823241378,0.7187855742908078
842000.0,571858.1585865142,270141.8414134858,0.3208335408711233
726000.0,591869.2226431625,134130.77735683753,0.1847531368551481
1550000.0,894654.4883727441,655345.5116272559,0.42280355588855223
2300000.0,1127459.3191341506,1172540.6808658494,0.5098002960286302
1650000.0,666265.4322271035,983734.5677728965,0.59620276834721
1755000.0,1562362.8100303235,192637.18996967655,0.1097647806095023
1510000.0,927055.922298342,582944.077701658,0.38605568059712453
560000.0,911772.2006499917,-351772.20064999175,0.6281646440178424
297000.0,567105.4595094598,-270105.4595094598,0.9094459916143427
489900.0,675348.0954586365,-185448.09545863653,0.37854275455937236
750000.0,682736.362683672,67263.63731632801,0.089684849755104
950000.0,848878.8304826316,101121.16951736843,0.10644333633407203
3610000.0,2919017.092338473,690982.9076615269,0.19140800766247285
675000.0,1050148.562634946,-375148.5626349461,0.5557756483480683
2100000.0,1251241.0995776001,848758.9004223999,0.40417090496304753
850000.0,846126.6943289771,3873.3056710228557,0.00455683020120336
1050000.0,659306.8900476343,390693.10995236575,0.3720886761451102
711000.0,770474.6186078696,-59474.618607869605,0.08364925261303742
1208000.0,949762.8413439136,258237.15865608642,0.21377248233119736
430000.0,613371.6798355621,-183371.67983556213,0.4264457670594468
1252000.0,1011096.6761901353,240903.3238098647,0.1924147953752913
975000.0,579494.4867015533,395505.51329844666,0.4056466803060991
1210000.0,1413698.9103623577,-203698.91036235774,0.16834620691103946
1000000.0,881512.298923437,118487.70107656298,0.11848770107656298
1075000.0,1305533.474515171,-230533.47451517102,0.2144497437350428
1650000.0,583876.8618955802,1066123.1381044197,0.6461352352147998
1465000.0,879876.8758136551,585123.1241863449,0.3994014499565494
1299950.0,1052599.6757447629,247350.32425523712,0.19027679853474144
2740000.0,1370236.4836095404,1369763.5163904596,0.49991369211330644
680000.0,674091.7922524373,5908.207747562672,0.008688540805239224
1345000.0,917363.9384235322,427636.0615764678,0.3179450271943999
1800000.0,944395.8314526058,855604.1685473942,0.4753356491929968
4700000.0,4197576.427258634,502423.572741366,0.10689863249816298
800000.0,726825.3820113848,73174.61798861518,0.09146827248576897
825000.0,715785.1400362765,109214.85996372346,0.1323816484408769
1050000.0,734367.2575523627,315632.74244763725,0.3006026118548926
1750000.0,1055833.430694423,694166.5693055771,0.3966666110317583
1680000.0,1136863.3333634525,543136.6666365475,0.32329563490270685
1855000.0,1095133.3414194784,759866.6585805216,0.409631621876292
3935000.0,917051.7141723859,3017948.2858276144,0.7669500091048576
850000.0,1552908.6466845889,-702908.6466845889,0.8269513490406928
1290000.0,1020967.173645352,269032.826354648,0.20855257856949455
2415000.0,1659388.005623142,755611.994376858,0.3128828134065665
1915000.0,1055833.430694423,859166.5693055771,0.448650950029022
2425000.0,1333796.4950063438,1091203.5049936562,0.4499808268015077
850000.0,664943.580314019,185056.419685981,0.21771343492468354
338500.0,726152.1741273433,-387652.17412734334,1.1452058319862433
1349000.0,1257934.8418249593,91065.15817504073,0.0675056769273838
1475000.0,745254.4477355334,729745.5522644666,0.4947427472979435
1250000.0,947075.1180862767,302924.8819137233,0.24233990553097864
1300000.0,1106884.5727032095,193115.42729679053,0.14855032868983886
3100000.0,1448720.6737897682,1651279.3262102318,0.5326707503903974
717500.0,564019.0530480148,153480.94695198524,0.21391072745921288
735000.0,756954.4991786516,-21954.499178651604,0.029870066909730073
775000.0,851933.6592921459,-76933.65929214587,0.09926923779631724
475000.0,1003244.1882727894,-528244.1882727894,1.1120930279427144
4100088.0,1722086.42995232,2378001.5700476803,0.5799879344169394
1525000.0,1084406.6082172282,440593.3917827718,0.28891369952968643
727150.0,891647.3815805712,-164497.38158057118,0.2262220746483823
545000.0,883765.7893956159,-338765.7893956159,0.6215886043956256
1187000.0,1235375.91343799,-48375.913437990006,0.040754771219873635
1000000.0,754725.2617963877,245274.73820361227,0.24527473820361229
1165000.0,708511.4766240178,456488.5233759822,0.3918356423828173
1315000.0,758232.6020130168,556767.3979869832,0.4233972608266032
1760000.0,924961.8779299774,835038.1220700226,0.4744534784488765
412000.0,773635.3616117148,-361635.3616117148,0.877755732067269
1379000.0,1033261.1125644099,345738.88743559015,0.2507171047393692
695000.0,1050309.9122849007,-355309.91228490067,0.5112372838631665
910000.0,879281.0830597571,30718.916940242867,0.033757051582684466
870000.0,593630.8921774561,276369.10782254394,0.31766564117533785
1900000.0,1030723.7056198305,869276.2943801695,0.45751383914745763
745000.0,1715719.5204309653,-970719.5204309653,1.302979222054987
545000.0,776291.0475856226,-231291.04758562264,0.42438724327637184
750000.0,606743.7713029552,143256.22869704477,0.19100830492939302
699950.0,798521.9870731004,-98571.9870731004,0.14082718347467735
1000000.0,811897.5066542816,188102.49334571837,0.18810249334571835
2220000.0,799097.5697692428,1420902.4302307572,0.6400461397435844
1080000.0,1182777.7588405379,-102777.75884053786,0.09516459151901654
675000.0,1067136.284240394,-392136.2842403939,0.5809426433191021
660000.0,1025028.8042188192,-365028.80421881925,0.5530739457860898
1167000.0,937514.6796553996,229485.32034460036,0.196645518718595
1099000.0,1522840.2261348725,-423840.22613487253,0.3856598963920587
530000.0,561613.5171940207,-31613.51719402068,0.05964814564909562
690000.0,1169083.9060186045,-479083.9060186045,0.6943245014762385
1550000.0,1084342.982804182,465657.017195818,0.3004238820618181
460000.0,353617.9779904049,106382.02200959512,0.23126526523825028
1249888.0,1031816.1959387653,218071.8040612347,0.17447307603660064
565000.0,1171908.0530883707,-606908.0530883707,1.0741735452891517
1225000.0,904409.6471940479,320590.3528059521,0.2617064104538384
2537000.0,1627802.652361903,909197.3476380969,0.35837498921485883
1300000.0,729297.4277213087,570702.5722786913,0.4390019786759164
640000.0,552189.3912868118,87810.60871318821,0.1372040761143566
5773000.0,6018212.903985869,-245212.90398586914,0.04247581915570226
1715000.0,1217941.9350814994,497058.0649185006,0.28982977546268257
2998000.0,1564004.6915039076,1433995.3084960924,0.47831731437494746
1888119.0,1032458.8554259078,855660.1445740922,0.4531812584768716
2218000.0,1136766.426865824,1081233.573134176,0.48748132242298287
590000.0,762876.0136547262,-172876.0136547262,0.2930101926351292
486000.0,1094828.0104823438,-608828.0104823438,1.2527325318566747
2885000.0,1535360.8079606718,1349639.1920393282,0.4678125449009803
1651000.0,1816604.559727939,-165604.55972793908,0.10030560855720114
625000.0,786548.1662562289,-161548.16625622893,0.2584770660099663
3710000.0,5447121.93786465,-1737121.93786465,0.4682269374298248
1256000.0,882210.9710210199,373789.02897898015,0.29760273007880583
658000.0,618755.0815060228,39244.918493977166,0.05964273327352153
1650000.0,1082515.6986390394,567484.3013609606,0.3439298796127034
1350000.0,861251.6384853923,488748.3615146077,0.36203582334415385
1010000.0,833818.3353303749,176181.6646696251,0.17443729175210407
1107000.0,758431.7999450173,348568.2000549827,0.31487642281389583
729900.0,732366.2304280833,-2466.230428083334,0.0033788607043202276
3500000.0,1155801.5288796725,2344198.4711203277,0.6697709917486651
4250000.0,1642778.6736152247,2607221.3263847753,0.6134638415023
1339000.0,830261.1565682516,508738.84343174845,0.3799393901656075
715000.0,1706763.441520678,-991763.4415206781,1.3870817363925567
950000.0,816019.5081459114,133980.4918540886,0.14103209668851432
1300000.0,806393.196629577,493606.80337042303,0.3796975410541716
550000.0,806797.3140574642,-256797.31405746425,0.4669042073772077
1700000.0,1094810.2650217393,605189.7349782607,0.35599396175191805
1075000.0,805245.6791948103,269754.32080518967,0.25093425191180435
1318675.0,851765.6834220046,466909.3165779954,0.3540745950124143
405000.0,535408.0387746305,-130408.03877463052,0.3219951574682235
2180000.0,832591.8573990234,1347408.1426009766,0.6180771296334755
2350000.0,1156153.6572424509,1193846.3427575491,0.5080197203223613
898000.0,870175.9114272419,27824.088572758134,0.030984508432915517
1229000.0,987850.5457228683,241149.4542771317,0.19621599208879717
4200000.0,2875238.6284478097,1324761.3715521903,0.31541937417909294
1080000.0,915093.0570304182,164906.9429695818,0.1526916138607239
3700000.0,1355172.699513991,2344827.300486009,0.6337371082394619
3525000.0,2908426.12347853,616573.87652147,0.1749145748997078
6320000.0,1916603.4598205588,4403396.540179441,0.696739958889152
1714000.0,846482.04581793,867517.95418207,0.5061364960222112
869000.0,905529.5170476282,-36529.51704762818,0.042036268179088815
1790000.0,2138310.973102962,-348310.97310296213,0.1945871358117107
3760000.0,2988876.022460933,771123.9775390672,0.2050861642391136
2450000.0,962749.0699259493,1487250.9300740506,0.6070411959485921
590000.0,714389.218568465,-124389.21856846497,0.21082918401434741
840000.0,675602.7393053062,164397.26069469377,0.19571102463654022
965000.0,828386.8435996901,136613.15640030988,0.14156803772052837
2680000.0,1988336.5297711818,691663.4702288182,0.2580833844137381
1378000.0,967450.9009155873,410549.0990844127,0.29793113141103966
1720000.0,982712.3394796024,737287.6605203976,0.4286556165816265
835000.0,757104.624788738,77895.37521126203,0.09328787450450542
785000.0,745720.3735418338,39279.62645816617,0.050037740711039704
1750000.0,1475862.9712935335,274137.02870646655,0.15664973068940946
2550000.0,1311837.0516025391,1238162.9483974609,0.48555409741076894
385000.0,860655.9191034941,-475655.91910349415,1.2354699197493355
760000.0,1092711.835320096,-332711.835320096,0.4377787306843368
199900.0,676253.0605580382,-476353.0605580382,2.3829567811807815
1800000.0,1082466.3447830987,717533.6552169013,0.39862980845383406
1248000.0,1076094.6106039893,171905.38939601067,0.13774470304167521
1875000.0,2065518.2055581373,-190518.20555813727,0.10160970963100655
870000.0,729096.723100049,140903.27689995104,0.16195778954017362
830000.0,1299525.0315461536,-469525.0315461536,0.5656928090917513
1225000.0,949490.2131950046,275509.7868049954,0.22490594841224112
1480000.0,1080109.0134364632,399890.9865635368,0.27019661254293026
1210000.0,988606.229588023,221393.77041197696,0.1829700581917165
985000.0,992010.048744534,-7010.048744534026,0.0071168007558721075
1800000.0,1106370.6797739193,693629.3202260807,0.3853496223478226
434900.0,621557.6425151966,-186657.64251519658,0.42919669467738925
2299000.0,998008.408774241,1300991.5912257591,0.5658945590368678
404990.0,882210.9710210199,-477220.97102101985,1.178352480360058
690000.0,753955.7060504131,-63955.70605041308,0.09268942905856968
885000.0,951240.6179842327,-66240.61798423273,0.07484815591438726
1793800.0,1212147.5752381473,581652.4247618527,0.3242571216199424
1600000.0,752739.62531552,847260.37468448,0.5295377341778
950000.0,977151.4590202149,-27151.459020214854,0.02858048317917353
370000.0,458859.2281598028,-88859.22815980279,0.24016007610757512
1869000.0,1051898.0298942395,817101.9701057605,0.43718671487734645
650000.0,874322.3402861032,-224322.3402861032,0.3451112927478511
1450000.0,1593865.9784727632,-143865.9784727632,0.09921791618811256
1490000.0,877237.2167557607,612762.7832442393,0.4112501900968049
2900000.0,916368.4533304187,1983631.5466695814,0.6840108781619246
883000.0,1028610.0458976587,-145610.04589765868,0.16490378923857155
1855000.0,1291200.2474955656,563799.7525044344,0.30393517655225577
950000.0,912579.9932199909,37420.006780009135,0.03938948082106225
649900.0,1077698.5307995172,-427798.5307995172,0.6582528555154904
1265000.0,908910.796458205,356089.203541795,0.2814934415350158
485000.0,702924.9813209972,-217924.98132099723,0.44932985839380873
633800.0,877506.5143607997,-243706.5143607997,0.38451643162006893
1275000.0,777413.155386865,497586.844613135,0.3902641918534392
1100000.0,1003811.8489024498,96188.15109755017,0.08744377372504561
555000.0,737538.2219859762,-182538.2219859762,0.3288976972720292
1649000.0,1466048.1405344675,182951.85946553247,0.11094715552791538
792000.0,1291875.013577635,-499875.01357763493,0.6311553201737815
1490000.0,977219.3950563286,512780.6049436714,0.34414805700917545
395000.0,652403.3771470368,-257403.37714703684,0.651654119359587
1325000.0,1033261.1125644099,291738.88743559015,0.220180292404219
1715000.0,854736.2091580825,860263.7908419175,0.5016115398495146
385000.0,546593.6963116041,-161593.69631160412,0.41972388652364706
4100000.0,1375665.162717041,2724334.837282959,0.664471911532429
900000.0,814123.9193272929,85876.08067270706,0.09541786741411895
1325000.0,911527.3517849293,413472.6482150707,0.3120548288415628
1195000.0,1522015.9429523603,-327015.94295236026,0.273653508746745
580000.0,1351901.3870668632,-771901.3870668632,1.330864460460109
925000.0,466120.42900786555,458879.57099213445,0.49608602269419944
1790000.0,1170057.911777271,619942.088222729,0.3463363621356028
970000.0,1060627.699822995,-90627.69982299511,0.09343061837422177
1650000.0,887846.4358942929,762153.5641057071,0.46191125097315583
440000.0,560667.9552281749,-120667.95522817492,0.27424535279130663
885000.0,941889.6036220674,-56889.60362206737,0.06428203799103657
3150000.0,2183109.6325427443,966890.3674572557,0.3069493230023034
855000.0,763022.478049034,91977.52195096598,0.10757604906545729
785000.0,657897.8698904845,127102.1301095155,0.16191354154078408
555000.0,704989.8359242083,-149989.83592420828,0.2702519566201951
795000.0,786548.1662562289,8451.833743771072,0.010631237413548518
965000.0,1011096.6761901353,-46096.6761901353,0.04776857636283451
720000.0,727903.0036170941,-7903.003617094131,0.010976393912630738
810000.0,656366.7860036889,153633.21399631107,0.18967063456334698
852000.0,868876.5703192282,-16876.570319228224,0.019808181125854724
253000.0,409888.61673127266,-156888.61673127266,0.6201131096097734
1200000.0,1076510.0481836316,123489.95181636838,0.10290829318030699
780000.0,1131000.6793725884,-351000.6793725884,0.45000087099049796
1760000.0,1097702.7189247776,662297.2810752224,0.3763052733381946
1400000.0,1003683.1514430253,396316.84855697467,0.2830834632549819
1100000.0,1081970.0150058735,18029.984994126484,0.016390895449205894
2220000.0,1017006.5682445702,1202993.4317554298,0.5418889332231666
1150000.0,1126962.4707614025,23037.52923859749,0.020032634120519557
1470000.0,1287553.4397999893,182446.56020001066,0.12411330625851065
360000.0,719179.0559479834,-359179.0559479834,0.9977195998555095
1300000.0,1023905.6480922964,276094.35190770356,0.2123802706982335
615000.0,406536.9058817482,208463.0941182518,0.3389643806800843
1080000.0,758757.7289087998,321242.2710912002,0.2974465473066668
870000.0,915140.9858164267,-45140.98581642669,0.051886190593593895
215000.0,450056.5823557847,-235056.58235578472,1.0932864295617895
1020000.0,1044950.1549408743,-24950.154940874316,0.024460936216543445
635285.0,1152437.8196373896,-517152.8196373896,0.8140485288294067
1450000.0,863894.2475553495,586105.7524446505,0.40421086375493137
1747250.0,1346738.5283477488,400511.4716522512,0.22922390708384674
2085000.0,1250606.8198407157,834393.1801592843,0.40018857561596366
261800.0,756195.1655348442,-494395.16553484416,1.8884460104463108
1250000.0,1139392.6236243343,110607.37637566566,0.08848590110053252
845000.0,689519.5564801903,155480.44351980975,0.1840005248755145
302500.0,814425.3653835066,-511925.36538350664,1.6923152574661375
1390000.0,725401.5404562183,664598.4595437817,0.478128388160994
667000.0,746961.2014746447,-79961.20147464471,0.1198818612813264
1125000.0,762167.2345236551,362832.76547634485,0.322518013756751
1605860.0,673955.4071363076,931904.5928636924,0.5803149669732682
955000.0,773836.5665500775,181163.43344992248,0.18969993031405497
770000.0,618944.843592353,151055.15640764695,0.1961755278021389
1525000.0,1399648.2305818626,125351.76941813738,0.08219788158566385
1100000.0,1057673.7568322194,42326.24316778057,0.03847840287980052
519000.0,643895.6986860426,-124895.69868604257,0.24064681827753867
156000.0,369948.09440661094,-213948.09440661094,1.3714621436321215
800000.0,763208.6349355765,36791.36506442353,0.045989206330529414
1100000.0,889455.878278802,210544.12172119797,0.19140374701927088
750000.0,751840.9822660096,-1840.9822660095524,0.0024546430213460697
1165000.0,1786984.7494676057,-621984.7494676057,0.5338924888133955
421000.0,876443.2161959256,-455443.2161959256,1.0818128650734575
570000.0,908855.6212401596,-338855.6212401596,0.5944835460353678
1575000.0,880617.1665939873,694382.8334060127,0.4408779894641351
1375000.0,1006220.7873300987,368779.2126699013,0.26820306375992825
997000.0,930156.593437624,66843.40656237595,0.06704454018292473
1649000.0,1066019.611769851,582980.3882301489,0.35353571147977497
692000.0,855236.0217183663,-163236.0217183663,0.23589020479532702
1190000.0,853749.4249538218,336250.5750461782,0.28256350844216654
985000.0,742844.4507755123,242155.54922448774,0.24584319718222106
1380000.0,735896.8026588582,644103.1973411418,0.46674144734865347
845000.0,1243853.6599278138,-398853.6599278138,0.47201616559504594
875000.0,1250606.8198407157,-375606.81984071573,0.42926493696081797
465000.0,895014.8860086284,-430014.8860086284,0.9247631957174804
1495000.0,2004069.2616284257,-509069.2616284257,0.34051455627319444
550000.0,791378.7622839342,-241378.76228393416,0.4388704768798803
1420000.0,1212705.8087359148,207294.19126408524,0.14598182483386285
900000.0,708601.9021908832,191398.09780911682,0.2126645531212409
1893000.0,1032469.6008423845,860530.3991576155,0.4545855251757081
1699000.0,920766.8411335027,778233.1588664973,0.4580536544240714
777500.0,589838.2947002214,187661.7052997786,0.2413655373630593
775000.0,1004136.8305301744,-229136.83053017443,0.29566042649054763
840000.0,906818.8054441377,-66818.80544413766,0.07954619695730673
659000.0,731032.4713945722,-72032.47139457217,0.10930572290526885
1345000.0,822539.6165131063,522460.3834868937,0.3884463817746422
1125000.0,896460.6524029293,228539.34759707074,0.20314608675295176
885000.0,908736.6406691738,-23736.640669173794,0.026821062903021237
980000.0,1175642.360716093,-195642.3607160931,0.19963506195519704
1800000.0,1526976.0501998267,273023.9498001733,0.15167997211120737
1168000.0,1108028.8179581666,59971.18204183341,0.05134519010430943
1960000.0,1197749.1100287132,762250.8899712868,0.3889035152914728
5300000.0,1159952.848508749,4140047.151491251,0.7811409719794813
540364.0,949988.872881101,-409624.872881101,0.7580535951342077
1250000.0,896399.9428043978,353600.0571956022,0.2828800457564818
1375000.0,929108.2076556478,445891.79234435223,0.3242849398868016
1690000.0,1187008.2086332932,502991.79136670684,0.29762827891521115
1950000.0,937258.9859537982,1012741.0140462018,0.5193543661775394
395000.0,469640.4298608686,-74640.42986086861,0.18896311357181925
867500.0,905655.840450387,-38155.84045038698,0.043983677752607475
950000.0,1030165.745841169,-80165.74584116903,0.08438499562228319
1410000.0,1065495.2226588514,344504.7773411486,0.24432962931996352
870000.0,950579.0361061937,-80579.03610619367,0.09261958173125709
2600000.0,740135.357807197,1859864.6421928029,0.7153325546895396
675000.0,777626.9739684985,-102626.97396849853,0.15203996143481263
849000.0,1126134.8382475474,-277134.8382475474,0.3264250156037072
735000.0,1033801.4784799315,-298801.4784799315,0.4065326237822197
1100000.0,922159.4114611488,177840.58853885124,0.16167326230804657
400000.0,891764.7068960313,-491764.7068960313,1.2294117672400782
690000.0,791863.949057758,-101863.94905775797,0.1476289116779101
4618000.0,1302238.7368640834,3315761.2631359166,0.7180080691069547
1194500.0,981957.6249166059,212542.37508339412,0.1779341775499323
1755000.0,829160.8431420056,925839.1568579944,0.5275436791213644
3250000.0,934230.3089637567,2315769.6910362435,0.7125445203188442
3225000.0,2912102.626109331,312897.3738906691,0.09702244151648654
1160000.0,1235375.91343799,-75375.91343799,0.06497923572240517
765000.0,667402.738214703,97597.26178529696,0.12757811998078034
1165000.0,1126577.0658259965,38422.934174003545,0.03298105937682708
900000.0,985469.2905839216,-85469.2905839216,0.09496587842657955
1790000.0,1016630.4364509684,773369.5635490316,0.4320500355022523
760000.0,698037.5423179655,61962.45768203447,0.0815295495816243
1100000.0,992284.666267144,107715.33373285597,0.0979230306662327
788000.0,726285.2452701107,61714.75472988933,0.0783182166622961
1229000.0,1108227.1744632567,120772.82553674327,0.09826918269873333
775000.0,763823.2235637542,11176.776436245767,0.014421647014510668
4300000.0,3607754.983393002,692245.0166069982,0.1609872131644182
765000.0,513008.7679679102,251991.23203208979,0.32940030330992126
3200000.0,1906827.4147744824,1293172.5852255176,0.4041164328829743
1300000.0,896460.6524029293,403539.34759707074,0.3104148827669775
1317000.0,1097592.466793339,219407.533206661,0.16659645649708504
1785000.0,2142072.80497812,-357072.80497812014,0.20004078710258832
1120000.0,820015.1037302816,299984.8962697184,0.26784365738367716
330000.0,524121.7363096634,-194121.7363096634,0.5882476857868588
961240.0,773122.526107874,188117.473892126,0.19570291903387915
249000.0,397755.767802854,-148755.767802854,0.5974127220998153
1100000.0,1027470.8376906688,72529.16230933124,0.06593560209939203
1600000.0,1218095.6534998734,381904.34650012664,0.23869021656257916
811000.0,823383.5421028947,-12383.542102894746,0.015269472383347405
872000.0,851674.4286203044,20325.571379695553,0.023309141490476554
1060000.0,1334544.7052443377,-274544.7052443377,0.2590044389097525
300000.0,506500.6799826688,-206500.67998266878,0.6883355999422293
356000.0,927777.1065143686,-571777.1065143686,1.6061154677369904
525000.0,930203.0953269015,-405203.09532690153,0.7718154196702887
847700.0,633088.8050166444,214611.19498335558,0.2531688038024721
3500000.0,1161219.4982629512,2338780.501737049,0.6682230004962997
675000.0,851765.6834220046,-176765.68342200457,0.2618750865511179
724750.0,1074712.3588446786,-349962.3588446786,0.4828732098581285
1475000.0,677239.1860247038,797760.8139752962,0.540854789135794
1115000.0,899176.8942203148,215823.1057796852,0.1935633235692244
1525000.0,1011812.8287863081,513187.17121369194,0.3365161778450439
767000.0,593333.4120790473,173666.5879209527,0.22642319155274146
737000.0,744473.5617017678,-7473.561701767845,0.010140517912846465
201500.0,478571.96235629776,-277071.96235629776,1.3750469595846042
735000.0,1050864.3229859006,-315864.32298590057,0.4297473782121096
640000.0,758712.6813566671,-118712.68135666708,0.1854885646197923
817000.0,839724.8653791249,-22724.86537912488,0.02781501270394722
705000.0,1262431.3609235878,-557431.3609235878,0.7906827814518976
1249000.0,734277.7441666381,514722.2558333619,0.41210749065921687
2180000.0,1334331.3823615136,845668.6176384864,0.38792138423783784
569900.0,717042.9603390153,-147142.96033901535,0.2581908410932012
500000.0,619279.7021132396,-119279.70211323956,0.23855940422647912
1650000.0,858512.2456902044,791487.7543097956,0.4796895480665428
880000.0,829272.2100893139,50727.789910686086,0.05764521580759782
1675525.0,1074322.0634372137,601202.9365627863,0.35881466200909345
779000.0,661001.298839151,117998.70116084896,0.15147458428863794
2165000.0,1333796.4950063438,831203.5049936562,0.3839277159324047
545000.0,905655.840450387,-360655.840450387,0.6617538356887834
555000.0,813414.361669668,-258414.361669668,0.4656114624678703
1150000.0,834093.958159423,315906.04184057703,0.27470090594832786
700000.0,702942.6286216858,-2942.6286216857843,0.004203755173836835
975000.0,864312.2515944907,110687.74840550928,0.11352589580052233
725000.0,855236.0217183663,-130236.0217183663,0.17963589202533284
785000.0,795010.599721995,-10010.59972199495,0.012752356333751528
750000.0,1140151.0783943199,-390151.07839431986,0.5202014378590931
1851200.0,924909.9855776811,926290.0144223189,0.5003727389921775
747000.0,952827.6377151568,-205827.63771515677,0.2755390063121242
750000.0,723427.579377917,26572.42062208301,0.035429894162777344
780000.0,782670.7570949141,-2670.7570949140936,0.0034240475575821713
1525000.0,1218817.6429217986,306182.35707820137,0.20077531611685337
1050000.0,890423.1881882339,159576.81181176612,0.15197791601120583
615000.0,955982.7309456401,-340982.7309456401,0.5544434649522604
830000.0,804399.5180302016,25600.48196979845,0.03084395418048006
1970000.0,2479935.1461359626,-509935.14613596257,0.2588503279877983
825000.0,552392.7502869505,272607.2497130495,0.3304330299552115
675000.0,698097.7277301528,-23097.72773015278,0.03421885589652263
1258000.0,946645.7504237191,311354.24957628094,0.24749940347876068
1425000.0,1287553.4397999893,137446.56020001066,0.09645372645614783
1385000.0,1068106.2544814912,316893.74551850883,0.22880414838881505
684000.0,687450.9021712757,-3450.902171275695,0.005045178612976162
1142000.0,973414.6110920833,168585.38890791673,0.1476229324937975
685000.0,1404984.9847806273,-719984.9847806273,1.0510729704826676
708000.0,1203814.3531628768,-495814.3531628768,0.7003027587046282
1125000.0,877934.2274383416,247065.7725616584,0.21961402005480749
1150000.0,899176.8942203148,250823.1057796852,0.21810704850407409
1350000.0,1429917.3080860465,-79917.30808604648,0.059198005989664064
600000.0,800568.6461151518,-200568.64611515182,0.3342810768585864
450000.0,830132.0730091883,-380132.0730091883,0.8447379400204185
715000.0,1044982.3856100107,-329982.3856100107,0.461513826027987
845000.0,846754.5070718973,-1754.507071897271,0.0020763397300559423
1200000.0,1123432.7471671747,76567.2528328253,0.06380604402735442
1260000.0,844601.2210072725,415398.7789927275,0.3296815706291488
537000.0,850154.1680486205,-313154.16804862046,0.5831548753233156
1200000.0,844601.2210072725,355398.7789927275,0.2961656491606063
1375000.0,947075.1180862767,427924.8819137233,0.3112180959372533
675000.0,800762.4704735454,-125762.47047354537,0.18631477107191907
1110000.0,946299.2845145687,163700.71548543125,0.1474781220589471
670000.0,883751.9632747528,-213751.96327475284,0.3190327810070938
2240000.0,1514336.596529709,725663.403470291,0.3239568765492371
3000000.0,1551761.791785694,1448238.208214306,0.48274606940476866
660000.0,1143535.499448164,-483535.4994481639,0.7326295446184301
1825000.0,1071326.093365584,753673.906634416,0.4129720036352964
467000.0,591465.74200973,-124465.74200972996,0.2665219314983511
630000.0,723969.5525989374,-93969.55259893741,0.14915801999831335
3830000.0,826316.332967862,3003683.667032138,0.7842516101911587
702500.0,1124699.033625809,-422199.033625809,0.6009950656595147
350000.0,677565.2434666345,-327565.24346663454,0.9359006956189558
885000.0,823508.7405959787,61491.259404021315,0.06948164904409188
2038850.0,1002174.4990219263,1036675.5009780737,0.5084608975540494
1925000.0,3381176.311077404,-1456176.3110774038,0.7564552265337163
1094000.0,919238.0251173022,174761.9748826978,0.1597458636953362
2600000.0,1536115.7607637404,1063884.2392362596,0.40918624586009983
1630000.0,1075032.8806975714,554967.1193024286,0.3404706253389132
665000.0,703726.1669016441,-38726.16690164409,0.058234837446081336
850000.0,683185.1009031635,166814.89909683645,0.19625282246686643
1162500.0,970995.5521899422,191504.44781005778,0.1647350088688669
880000.0,820381.6930400938,59618.306959906244,0.06774807609080255
2200000.0,1198245.2271412488,1001754.7728587512,0.45534307857215967
1921000.0,1067907.333694523,853092.666305477,0.4440878013042567
870000.0,1085563.890732773,-215563.8907327731,0.2477745870491645
2500000.0,2068892.573557494,431107.426442506,0.17244297057700242
610000.0,788714.1043605218,-178714.10436052177,0.29297394157462586
825000.0,1085645.4456520423,-260645.44565204228,0.31593387351762703
1000000.0,1230683.5476175114,-230683.54761751136,0.23068354761751136
2400000.0,1620750.6862543116,779249.3137456884,0.3246872140607035
1629710.0,1168762.6132901653,460947.3867098347,0.2828401290473978
2462000.0,1216296.6438815063,1245703.3561184937,0.505972118650891
1400000.0,1313292.5820736543,86707.41792634572,0.0619338699473898
823800.0,687339.6638100857,136460.33618991426,0.16564740979596293
2288000.0,1181961.4215610519,1106038.5784389481,0.4834084695974424
594990.0,1045366.5870589865,-450376.58705898654,0.7569481622531244
2650000.0,3025408.637127696,-375408.63712769607,0.14166363665196077
1715000.0,1849349.2960705282,-134349.29607052822,0.07833778196532258
1865000.0,1447879.0829046376,417120.91709536244,0.22365732820126671
610000.0,912406.0611223641,-302406.06112236413,0.4957476411842035
812500.0,1014067.9001926972,-201567.90019269718,0.248083569467935
1000000.0,787800.5872749845,212199.41272501554,0.21219941272501555
3160000.0,1344716.6480086208,1815283.3519913792,0.5744567569592972
3302000.0,997376.9862847404,2304623.0137152597,0.6979476116642216
2780000.0,2426890.199142717,353109.8008572832,0.12701791397744
2030000.0,1271472.0533848617,758527.9466151383,0.3736590870025312
435000.0,756123.1495461075,-321123.1495461075,0.7382141368876035
1025000.0,551538.9392073182,473461.06079268176,0.46191323004164075
740000.0,773381.1861129527,-33381.18611295265,0.045109710963449526
2530000.0,997116.127754134,1532883.8722458659,0.6058829534568639
2775000.0,940599.2331130678,1834400.7668869323,0.6610453214006963
852000.0,855811.7107180969,-3811.7107180969324,0.004473838871005789
1000000.0,706357.931304057,293642.068695943,0.293642068695943
1799900.0,2147690.5093638483,-347790.50936384825,0.19322768451794448
925000.0,763749.0206761105,161250.97932388948,0.1743253830528535
800000.0,817642.9244425028,-17642.924442502786,0.022053655553128482
880000.0,673336.4239916827,206663.5760083173,0.2348449727367242
760000.0,955184.3559486659,-195184.35594866588,0.2568215209850867
1555000.0,1003244.1882727894,551755.8117272106,0.35482688857055344
1400000.0,859434.3547880435,540565.6452119565,0.38611831800854035
2659000.0,2122301.6047930894,536698.3952069106,0.20184219451181293
1188000.0,869253.6097701731,318746.3902298269,0.2683050422809991
2990000.0,2663309.782391782,326690.2176082181,0.10926094234388564
552500.0,894654.4883727441,-342154.48837274406,0.6192841418511205
1200000.0,684603.8672992161,515396.1327007839,0.42949677725065327
1541900.0,913089.580631122,628810.419368878,0.4078153053822414
599990.0,830261.1565682516,-230271.15656825155,0.3837916574747105
4710000.0,1314487.3700036616,3395512.6299963384,0.7209156326956132
950000.0,809103.6329949581,140896.36700504192,0.14831196526846518
1180000.0,887777.9853976096,292222.01460239035,0.2476457750867715
750000.0,959319.1314172811,-209319.1314172811,0.27909217522304147
895000.0,1207415.9974744231,-312415.99747442314,0.34906815360270743
690000.0,957690.4520719507,-267690.45207195065,0.3879571769158705
1235000.0,835212.5378592878,399787.4621407122,0.32371454424349166
369000.0,804399.5180302016,-435399.51803020155,1.1799444933067793
1250000.0,880172.803187466,369827.196812534,0.2958617574500272
1508000.0,1222733.5508521139,285266.44914788613,0.18916873285668842
1199888.0,528952.8408318431,670935.1591681569,0.5591648213567907
2190000.0,1250606.8198407157,939393.1801592843,0.42894665760697914
900000.0,845120.8055981232,54879.19440187677,0.06097688266875197
785000.0,865513.790699976,-80513.79069997603,0.10256533847130704
1200000.0,862245.7396272166,337754.2603727834,0.28146188364398617
1049000.0,799097.5697692428,249902.43023075722,0.23822919945734722
1250000.0,1230153.0992767205,19846.900723279454,0.01587752057862356
450000.0,923156.5770193764,-473156.57701937645,1.0514590600430587
535000.0,853536.4109925264,-318536.41099252645,0.5953951607336943
340500.0,565500.694847956,-225000.69484795595,0.6607949922113244
1670000.0,1422762.4031319728,247237.59686802723,0.14804646519043546
2125000.0,1105721.4406460992,1019278.5593539008,0.4796604985194827
1225000.0,965102.3805214294,259897.61947857065,0.21216132202332297
2450000.0,2137094.0236355374,312905.97636446264,0.12771672504671944
905000.0,923161.9563283878,-18161.956328387838,0.020068460031367776
840000.0,1204296.315173279,-364296.315173279,0.4336860894919988
1410000.0,1378452.4989908198,31547.50100918021,0.02237411419090795
1290000.0,745302.7634588829,544697.2365411171,0.4222459197993156
1500000.0,756099.2839841492,743900.7160158508,0.49593381067723386
2200000.0,1081138.8245618169,1118861.1754381831,0.5085732615628105
2000000.0,1144371.3204202596,855628.6795797404,0.4278143397898702
1409000.0,1002200.5431033236,406799.45689667645,0.28871501554057943
880000.0,773381.1861129527,106618.81388704735,0.1211577430534629
582000.0,598667.939512586,-16667.93951258599,0.028639071327467333
520000.0,446617.6086550065,73382.39134499349,0.1411199833557567
1675000.0,1632042.910525573,42957.08947442705,0.025646023566822117
1305000.0,931665.7092496009,373334.2907503991,0.2860799162838307
941500.0,791587.2492386622,149912.7507613378,0.1592275632090683
1784755.0,1064335.094443854,720419.905556146,0.40365198895991106
500000.0,718863.2040287298,-218863.20402872982,0.4377264080574596
1403500.0,938039.7211868091,465460.2788131909,0.3316425214201574
676000.0,972431.0022907177,-296431.0022907177,0.43850739983833975
505000.0,1002200.5431033236,-497200.54310332355,0.9845555308976705
2320000.0,873333.1934095575,1446666.8065904425,0.623563278702777
2600000.0,2744414.8138245996,-144414.8138245996,0.055544159163307544
1308000.0,1339401.1183662163,-31401.11836621631,0.02400697122799412
370000.0,605538.2560948577,-235538.2560948577,0.6365898813374532
1700000.0,929108.2076556478,770891.7923443522,0.45346576020256013
3300000.0,1581072.5168176694,1718927.4831823306,0.5208871161158578
2050000.0,897946.1092224368,1152053.8907775632,0.5619775076963723
716000.0,1212567.2753529542,-496567.27535295417,0.6935297141801036
1045000.0,966178.0202497783,78821.97975022171,0.07542773181839398
1200000.0,734118.8849657159,465881.11503428407,0.3882342625285701
395000.0,881035.5638820822,-486035.56388208224,1.230469781979955
930000.0,893967.7310672306,36032.268932769424,0.038744375196526265
1365000.0,1077321.650505205,287678.3494947951,0.21075336959325647
489999.0,829664.3402452575,-339665.3402452575,0.6931959866147839
1225000.0,824000.270478158,400999.729521842,0.32734671797701387
3200000.0,1642469.769997854,1557530.230002146,0.4867281968756706
1585000.0,825874.9896720547,759125.0103279453,0.478943224181669
1189000.0,884959.7175170829,304040.2824829171,0.2557109188249933
1165000.0,1277760.4240045908,-112760.42400459084,0.09679006352325394
1085000.0,713246.7866872421,371753.2133127579,0.3426296896891778
949000.0,1075001.6623695316,-126001.66236953158,0.1327730899573568
1499000.0,1257934.8418249593,241065.15817504073,0.1608173169946903
1000000.0,1063515.5364168477,-63515.536416847724,0.06351553641684772
1545000.0,1265489.5365403295,279510.46345967054,0.1809129213331201
769500.0,472872.08071596833,296627.91928403167,0.3854813765874356
1145000.0,1642332.3316183994,-497332.33161839936,0.43435138132611295
2055000.0,1762913.7163763046,292086.2836236954,0.14213444458573984
3110000.0,810096.8669816717,2299903.1330183283,0.7395186922888516
1830000.0,1020075.9916458033,809924.0083541967,0.4425814253301621
2138950.0,1182140.3839683456,956809.6160316544,0.44732677997693
1900000.0,853664.9998185437,1046335.0001814563,0.5507026316744507
749000.0,515862.67295668577,233137.32704331423,0.31126478910989885
620000.0,695436.6794067154,-75436.67940671544,0.12167206355921845
1362500.0,1807502.1350197364,-445002.13501973636,0.32660707157411845
3518000.0,1352851.8699747531,2165148.130025247,0.6154485872726683
790000.0,578476.4569767218,211523.54302327824,0.26775132028263066
876500.0,1118526.5706729502,-242026.57067295024,0.27612843202846576
1690000.0,1846491.3457395742,-156491.34573957417,0.0925984294317007
705000.0,982353.589945026,-277353.589945026,0.39340934743975314
1540000.0,1199086.1910231751,340913.80897682486,0.22137260323170446
1988500.0,1072393.3363050118,916106.6636949882,0.46070237047774115
1225000.0,948811.9848903001,276188.0151096999,0.2254596041711836
6800000.0,4306273.379699718,2493726.620300282,0.36672450298533554
960000.0,998325.7877883684,-38325.78778836841,0.039922695612883766
1400000.0,778031.4170286722,621968.5829713278,0.44426327355094847
621000.0,594988.748264137,26011.251735863043,0.04188607364873276
1700000.0,916890.693141021,783109.306858979,0.4606525334464583
3800000.0,1236136.3705226574,2563863.6294773426,0.6747009551256165
3550000.0,1626466.640932401,1923533.359067599,0.5418403828359434
1850000.0,773122.526107874,1076877.473892126,0.5820959318335817
765000.0,687339.6638100857,77660.33618991426,0.10151677933322126
2175000.0,1015497.6454442767,1159502.3545557233,0.5331045308302176
1652000.0,834785.6717836845,817214.3282163155,0.49468179674111107
960000.0,792984.9089760091,167015.09102399088,0.1739740531499905
940000.0,863712.6925132123,76287.30748678767,0.0811567100923273
1655000.0,937258.9859537982,717741.0140462018,0.4336803710248954
764900.0,780675.8544232242,-15775.854423224228,0.020624727968655023
1800000.0,1126577.0658259965,673422.9341740035,0.37412385231889084
9800000.0,4265170.04051773,5534829.95948227,0.5647785672941092
1388500.0,1005625.4516745467,382874.5483254533,0.2757468839218245
450000.0,642934.0630261069,-192934.06302610692,0.4287423622802376
765000.0,1288269.9146161336,-523269.91461613355,0.6840129602825276
975000.0,681665.079147307,293334.92085269303,0.3008563290796852
620000.0,1072067.9722550286,-452067.97225502855,0.729141890733917
1220000.0,937128.2544610215,282871.7455389785,0.23186208650735943
1125000.0,630607.0549341058,494392.94506589416,0.43946039561412814
1850000.0,1072882.474594352,777117.5254056479,0.4200635272462962
390000.0,573973.1440234114,-183973.14402341144,0.47172601031643957
838300.0,686153.1790477096,152146.82095229044,0.18149447805354937
780000.0,629004.4258839953,150995.57411600475,0.19358406937949327
4450000.0,5422907.8678626735,-972907.8678626735,0.2186309815421738
850000.0,1106370.6797739193,-256370.67977391928,0.30161256443990503
835000.0,895722.1772247716,-60722.177224771585,0.07272117032906776
605000.0,582039.2033468821,22960.796653117868,0.0379517300051535
1500000.0,2055753.2802775286,-555753.2802775286,0.37050218685168573
3300000.0,1073960.256231784,2226039.743768216,0.6745574981115806
585000.0,778170.928603647,-193170.92860364704,0.3302067155617898
1350000.0,575639.5778237145,774360.4221762855,0.5736003127231745
2300000.0,1307064.6313840875,992935.3686159125,0.4317110298330054
775000.0,855901.3637090594,-80901.36370905943,0.10438885639878635
1840000.0,632841.3576686726,1207158.6423313273,0.6560644795278953
1905000.0,1140106.2637563783,764893.7362436217,0.4015190216501951
2025000.0,1032275.2600774283,992724.7399225717,0.49023443946793666
980000.0,779847.009754329,200152.990245671,0.2042377451486439
625000.0,1042973.8485659547,-417973.8485659547,0.6687581577055275
790000.0,823508.7405959787,-33508.740595978685,0.04241612733668188
935000.0,563758.1818943365,371241.8181056635,0.3970500728402818
1400000.0,1128253.2581214004,271746.7418785996,0.19410481562757118
1355000.0,858544.2411264629,496455.75887353707,0.36638801392880965
1500000.0,1090490.1188682255,409509.8811317745,0.273006587421183
2390000.0,1477428.2052406562,912571.7947593438,0.38182920282817734
845000.0,785344.2535853987,59655.74641460134,0.07059851646698383
700000.0,830885.0136316956,-130885.01363169565,0.18697859090242236
880000.0,859651.6717904197,20348.32820958027,0.0231231002381594
3500000.0,8334026.085048513,-4834026.085048513,1.3811503100138607
1380000.0,906224.1337467856,473775.8662532144,0.3433158451110249
1400000.0,1391943.5985954723,8056.4014045277145,0.00575457243180551
1351000.0,1354439.7066039762,-3439.7066039761994,0.002546044858605625
1250000.0,970963.9338664955,279036.0661335045,0.2232288529068036
740000.0,541309.2937356234,198690.70626437664,0.26850095441131977
820000.0,1277913.5282556636,-457913.5282556636,0.5584311320191019
987000.0,1377459.5527799425,-390459.5527799425,0.39560238376893875
460000.0,717264.8354453663,-257264.83544536633,0.5592713814029703
2218000.0,1693756.3270072774,524243.6729927226,0.2363587344421653
3500000.0,634270.3403001821,2865729.659699818,0.8187799027713766
587000.0,717264.8354453663,-130264.83544536633,0.2219162443703004
965000.0,1100394.9193314929,-135394.91933149286,0.14030561588755736
1015000.0,733821.5736160303,281178.4263839697,0.27702308018125094
1200000.0,726945.2303526299,473054.7696473701,0.3942123080394751
1400000.0,826593.4478298007,573406.5521701993,0.40957610869299954
1685000.0,935122.1782645157,749877.8217354843,0.4450313482109699
950000.0,919142.2076948838,30857.792305116192,0.03248188663696441
450000.0,781393.0641016994,-331393.0641016994,0.7364290313371098
3298000.0,1157297.5713219831,2140702.428678017,0.6490910942019458
670000.0,764563.123444797,-94563.123444797,0.14113899021611492
1225000.0,1242966.0152023495,-17966.015202349517,0.01466613485906083
557000.0,647307.6338993532,-90307.63389935321,0.1621321973058406
1570000.0,1295377.5056458486,274622.4943541514,0.1749187862128353
950000.0,905428.1213607241,44571.87863927591,0.04691776698871148
1315000.0,1085803.6591667475,229196.34083325253,0.1742937953104582
610000.0,919238.0251173022,-309238.0251173022,0.5069475821595117
710000.0,1459215.1867345572,-749215.1867345572,1.0552326573726156
1450000.0,1002174.4990219263,447825.5009780737,0.3088451730883267
1485000.0,830261.1565682516,654738.8434317484,0.4409015780685175
910000.0,883765.7893956159,26234.210604384076,0.028828802861960524
465000.0,617851.7575334653,-152851.75753346528,0.32871345706121563
1000000.0,865047.3037407809,134952.69625921908,0.13495269625921907
580000.0,1013360.7624686027,-433360.76246860274,0.7471737283941426
970000.0,844601.2210072725,125398.77899272752,0.12927709174507993
1390000.0,750384.267906215,639615.732093785,0.46015520294516904
3225000.0,1260859.683749097,1964140.316250903,0.6090357569770242
840000.0,808717.4262228202,31282.573777179816,0.0372411592585474
1385000.0,1144410.5640259124,240589.43597408757,0.17371078409681412
940000.0,879886.7417701252,60113.25822987477,0.06395027471263273
1501000.0,820110.1394943505,680889.8605056495,0.4536241575653894
1375000.0,917474.6471679586,457525.35283204145,0.3327457111505756
639900.0,608952.1773010117,30947.822698988253,0.048363529768695505
1015000.0,969122.7455790228,45877.2544209772,0.045199265439386405
824900.0,741436.7767871381,83463.22321286192,0.10117980750740929
805000.0,723427.579377917,81572.42062208301,0.1013321995305379
2000000.0,1657431.2176243817,342568.78237561835,0.17128439118780917
2064799.0,1432385.441116964,632413.558883036,0.3062833519790721
2250000.0,883286.6449130253,1366713.3550869748,0.6074281578164332
1275000.0,1224123.1484864138,50876.85151358624,0.03990341295183235
570000.0,692632.7747616686,-122632.77476166864,0.21514521888012042
1950000.0,1057526.3184462911,892473.6815537089,0.45767881105318403
963000.0,1327463.7364420479,-364463.73644204787,0.37846701603535604
3730000.0,1738254.703541047,1991745.296458953,0.5339799722410061
685000.0,613082.3667245397,71917.63327546034,0.10498924565760633
1299000.0,619017.9689395516,679982.0310604484,0.5234657667901835
689000.0,654323.844498215,34676.15550178499,0.05032823730302611
870000.0,872114.1076250196,-2114.10762501962,0.002430008764390368
1880000.0,1102198.244341775,777801.7556582249,0.41372433811607706
5527000.0,3780931.5570631507,1746068.4429368493,0.31591612862979
1350000.0,760793.2539316613,589206.7460683387,0.4364494415321028
1809000.0,848698.8275205139,960301.1724794861,0.5308464192810869
1395000.0,779616.5232607587,615383.4767392413,0.44113510877364964
1350000.0,984087.2971213233,365912.7028786767,0.27104644657679755
520000.0,964084.1100229842,-444084.1100229842,0.8540079038903543
850000.0,1592308.3358977467,-742308.3358977467,0.8733039245855844
680000.0,1201225.2927029736,-521225.2927029736,0.7665077833867259
350000.0,404253.01568193757,-54253.01568193757,0.15500861623410733
989000.0,804399.5180302016,184600.48196979845,0.1866536723658225
685000.0,727205.2432953042,-42205.243295304244,0.061613493861758024
699900.0,1070727.3529603388,-370827.3529603388,0.5298290512363749
925000.0,1144234.505797611,-219234.50579761108,0.23701027653795792
880000.0,1159968.5594701357,-279968.5594701357,0.3181460903069724
880000.0,977219.3950563286,-97219.39505632862,0.11047658529128253
620000.0,733470.7649271209,-113470.76492712088,0.18301736278567884
675000.0,1296456.701320312,-621456.701320312,0.9206765945486104
390000.0,629035.8325925187,-239035.83259251865,0.6129123912628683
1749000.0,1005757.9798829372,743242.0201170628,0.42495255581307195
745000.0,889811.9276315833,-144811.9276315833,0.19437842635111852
790000.0,838532.3031098173,-48532.30310981732,0.06143329507571813
2900000.0,1515434.3885831158,1384565.6114168842,0.4774364177299601
1100000.0,790478.6413410933,309521.35865890665,0.2813830533262788
1606000.0,1144300.1007262128,461699.89927378716,0.2874843706561564
703000.0,1214492.1194271704,-511492.1194271704,0.7275848071510247
755000.0,716809.3844037921,38190.61559620791,0.05058359681616941
935000.0,843710.1933498667,91289.80665013334,0.0976361568450624
1560000.0,1059342.945453026,500657.0545469739,0.3209340093249833
657000.0,623902.3366912395,33097.6633087605,0.050376960896134707
1173000.0,808998.1141755882,364001.88582441176,0.3103170382134798
1850000.0,1475257.4008154175,374742.5991845825,0.20256356712680135
2700000.0,3190010.2303792434,-490010.2303792434,0.18148527051083088
1000000.0,861036.2771172955,138963.72288270446,0.13896372288270445
400000.0,611605.6687532344,-211605.66875323444,0.5290141718830861
1500000.0,1656920.2499921182,-156920.24999211822,0.10461349999474548
1850000.0,1050309.9122849007,799690.0877150993,0.43226491227843206
658000.0,893485.4088241304,-235485.40882413043,0.35788056052299455
1025000.0,924140.9669643259,100859.03303567413,0.09839905662016989
1720777.0,874322.3402861032,846454.6597138968,0.4919025880250008
660000.0,950707.9031704621,-290707.9031704621,0.4404665199552456
425000.0,820358.9627499937,-395358.96274999366,0.9302563829411615
1582000.0,1900346.6164927068,-318346.6164927068,0.20123047818755171
1674000.0,934747.7243198878,739252.2756801122,0.44160828893674564
1442750.0,819047.1591057753,623702.8408942247,0.43230139725816996
1190000.0,1048678.6662764011,141321.33372359886,0.1187574232971419
1100000.0,1081955.5213815982,18044.4786184018,0.016404071471274366
989000.0,677565.2434666345,311434.75653336546,0.314898641590865
1525000.0,1068809.9803646079,456190.0196353921,0.29914099648222436
720000.0,1007854.5105027775,-287854.5105027775,0.39979793125385765
476000.0,692752.3485227807,-216752.3485227807,0.45536207672853085
961000.0,558242.2235466638,402757.77645333624,0.4191027850711095
2000000.0,1147471.7658397772,852528.2341602228,0.4262641170801114
1131000.0,1847260.458600811,-716260.458600811,0.6332983718840062
2220000.0,938755.0303957454,1281244.9696042547,0.5771373736956102
1315000.0,858191.4282364694,456808.5717635306,0.3473829443068674
355000.0,513903.7930323312,-158903.79303233122,0.447616318400933
2550000.0,931827.303041561,1618172.696958439,0.6345775282189957
780000.0,873122.1231251396,-93122.12312513962,0.1193873373399226
1475000.0,646300.3302396077,828699.6697603923,0.5618302845833169
1625000.0,811131.2906818916,813868.7093181084,0.5008422826572975
875000.0,653564.7329586695,221435.26704133046,0.2530688766186634
1180000.0,895276.3370220333,284723.6629779667,0.2412912398118362
625000.0,818273.6414742803,-193273.64147428027,0.30923782635884844
370000.0,754961.0612878427,-384961.0612878427,1.0404353007779532
1020000.0,877237.2167557607,142762.78324423928,0.13996351298454832
2200000.0,1990507.0486391026,209492.9513608974,0.0952240688004079
750000.0,891486.3864043144,-141486.38640431443,0.18864851520575257
800000.0,913778.9032416949,-113778.9032416949,0.14222362905211863
858000.0,850967.7996617269,7032.200338273076,0.008196037690294962
1160000.0,665038.6161076729,494961.3838923271,0.4266908481830406
1000000.0,700799.6134854035,299200.3865145965,0.2992003865145965
725000.0,1080109.0134364632,-355109.0134364632,0.489805535774432
2352500.0,2386465.0831794096,-33965.083179409616,0.014437867451396224
780000.0,722511.4855752162,57488.51442478376,0.07370322362151764
510000.0,782875.3466624608,-272875.3466624608,0.5350496993381585
918000.0,1106489.0779123802,-188489.07791238022,0.20532579293287606
3880000.0,1105839.1866634577,2774160.8133365423,0.7149899003444696
3250000.0,947968.9360094079,2302031.063990592,0.7083172504586437
740000.0,524121.7363096634,215878.2636903366,0.2917273833653197
1300000.0,973884.3895502435,326115.6104497565,0.25085816188442805
950000.0,1009334.5528489866,-59334.55284898658,0.062457424051564826
365000.0,772073.6093519814,-407073.60935198143,1.1152701626081682
725000.0,803666.674934163,-78666.67493416299,0.10850575852987998
1455000.0,559061.7152353832,895938.2847646168,0.6157651441681214
650000.0,774536.7841625005,-124536.78416250052,0.1915950525576931
315000.0,490182.80632639216,-175182.80632639216,0.5561358930996577
1325000.0,1691243.0412733112,-366243.04127331125,0.2764098424704236
995000.0,818205.8869810668,176794.11301893322,0.17768252564716908
455000.0,830166.9613581013,-375166.96135810134,0.8245427722156073
2525000.0,2675545.935016138,-150545.935016138,0.05962215248163882
1995000.0,1697443.4834457864,297556.5165542136,0.1491511361174003
1495000.0,1475728.1772136244,19271.822786375647,0.01289085136212418
740000.0,785344.2535853987,-45344.25358539866,0.06127601835864684
1475000.0,989569.871423338,485430.12857666204,0.32910517191638106
865000.0,740063.2567703875,124936.74322961248,0.14443554130591038
2555000.0,1144146.1252481213,1410853.8747518787,0.5521932973588566
980000.0,892034.1436942918,87965.85630570818,0.08976107786296753
1079000.0,922288.5355461859,156711.4644538141,0.14523768716757562
1062500.0,1018114.9196055473,44385.08039445267,0.041774193312426044
840000.0,1094608.1829838431,-254608.18298384314,0.3031049797426704
1025000.0,849239.941600779,175760.05839922104,0.17147322770655712
3130000.0,746113.7291537802,2383886.2708462197,0.7616250066601341
2699000.0,2019809.5391180029,679190.4608819971,0.2516452244838819
1475000.0,995335.3000369048,479664.69996309525,0.32519640675464084
450000.0,873170.0221521521,-423170.02215215215,0.9403778270047826
1040000.0,1177244.3635689947,-137244.36356899468,0.13196573420095642
750000.0,575814.8067737345,174185.1932262655,0.2322469243016873
865000.0,1000192.3665645621,-135192.36656456208,0.156291753253829
2313125.0,947075.1180862767,1366049.8819137234,0.5905646611893968
1065000.0,1011671.347611061,53328.65238893905,0.050073852008393475
550000.0,600646.8122154844,-50646.812215484446,0.09208511311906263
650000.0,1419108.0283232597,-769108.0283232597,1.1832431204973226
1450000.0,746025.2028374556,703974.7971625444,0.4854998601120996
935000.0,784050.362514603,150949.63748539705,0.1614434625512268
875000.0,796571.779697775,78428.22030222497,0.0896322517739714
2431000.0,1311837.0516025391,1119162.9483974609,0.46037143085045695
1150000.0,767273.4519995452,382726.5480004548,0.33280569391343895
1180000.0,1029834.734981161,150165.26501883904,0.12725869916850766
645000.0,1009105.3784065843,-364105.37840658426,0.5645044626458671
464000.0,461682.6405731906,2317.3594268094166,0.004994309109503053
985000.0,838653.9974399277,146346.00256007235,0.14857462188839832
1750000.0,767273.4519995452,982726.5480004548,0.5615580274288313
868000.0,734686.6782168179,133313.3217831821,0.15358677624790565
1758225.0,1338291.5249249456,419933.47507505445,0.2388394403873534
730000.0,774097.7201279729,-44097.72012797289,0.060407835791743685
740000.0,1025968.1850531187,-285968.18505311874,0.3864434933150253
1070000.0,1042072.3394312877,27927.66056871228,0.02610061735393671
960000.0,832248.6715517351,127751.32844826486,0.13307430046694257
1595000.0,1288269.9146161336,306730.08538386645,0.19230726356355263
629000.0,594988.748264137,34011.25173586304,0.05407194234636414
920000.0,773424.0804616162,146575.91953838384,0.15932165167215634
660000.0,838534.3334805064,-178534.33348050644,0.2705065658795552
945000.0,1260261.6032925046,-315261.60329250456,0.3336101622142905
1950000.0,1105470.8332256742,844529.1667743258,0.4330918803970901
1295000.0,907372.1280022999,387627.8719977001,0.29932654208316606
815000.0,923100.6088549702,-108100.6088549702,0.13263878387112907
305000.0,641522.8833684173,-336522.8833684173,1.103353715962024
790000.0,700324.5483891506,89675.45161084936,0.11351322988715108
850000.0,573816.761093675,276183.23890632496,0.32492145753685286
720000.0,835935.4376931598,-115935.4376931598,0.16102144124049972
1351000.0,982255.1831934787,368744.81680652127,0.27294212939046725
780000.0,856527.7245626257,-76527.72456262575,0.09811246738798172
365000.0,810762.0155537897,-445762.0155537897,1.22126579603778
555000.0,695907.3164080237,-140907.3164080237,0.2538870565910337
1035000.0,600646.8122154844,434353.18778451555,0.41966491573383147
1670000.0,1192692.4307528872,477307.56924711284,0.28581291571683404
1600000.0,843481.0938668832,756518.9061331168,0.472824316333198
930000.0,955711.155673183,-25711.155673183035,0.027646403949659178
1464220.0,992787.9309048097,471432.06909519027,0.32196805746075746
895000.0,833179.148270428,61820.85172957205,0.06907357735147715
940000.0,873777.4546868079,66222.54531319207,0.07044951629062986
1150000.0,1009105.3784065843,140894.62159341574,0.12251706225514412
400000.0,648243.2479432062,-248243.24794320622,0.6206081198580156
1500000.0,1565676.7696233816,-65676.76962338155,0.04378451308225437
1400000.0,859285.8557791337,540714.1442208663,0.3862243887291902
1550000.0,955202.0341858654,594797.9658141346,0.3837406231058933
325000.0,653200.6496135183,-328200.64961351827,1.0098481526569794
671000.0,619747.0489744615,51252.951025538496,0.0763829374449158
795000.0,1207475.6631899057,-412475.6631899057,0.5188373121885607
1450000.0,600441.6426473258,849558.3573526742,0.5859023154156374
432000.0,1105227.217606135,-673227.217606135,1.5583963370512384
1705000.0,1370063.8226547786,334936.1773452214,0.1964435057743234
910000.0,1076184.4230125474,-166184.42301254743,0.18262024506873345
812000.0,815282.8775289592,-3282.8775289591867,0.00404295262187092
997000.0,739127.3346879738,257872.66531202616,0.25864861114546256
735000.0,774841.2868269442,-39841.28682694421,0.05420583241761117
295000.0,545554.1075035351,-250554.1075035351,0.8493359576391021
640000.0,675572.2155504056,-35572.215550405555,0.05558158679750868
480000.0,810371.4059972669,-330371.4059972669,0.6882737624943059
710000.0,651045.4895700132,58954.51042998675,0.0830345217323757
885000.0,1044791.8557121925,-159791.85571219248,0.18055576916631919
1920000.0,914021.3089794994,1005978.6910205006,0.5239472349065107
1362500.0,1073459.6512943257,289040.3487056743,0.21213970547205452
860000.0,958660.4472670908,-98660.44726709079,0.11472145031057068
1750000.0,975274.1157421947,774725.8842578053,0.44270050529017446
1575000.0,1420937.6412073765,154062.3587926235,0.09781737066198318
902000.0,949469.8423236718,-47469.84232367179,0.05262731964930354
700000.0,672283.1278887514,27716.87211124855,0.03959553158749793
2195000.0,1607974.375482099,587025.6245179011,0.2674376421493855
701000.0,548628.8323932018,152371.16760679823,0.21736257861169506
1850000.0,1370664.8195790201,479335.18042097986,0.25910009752485397
1765000.0,572652.5773911707,1192347.4226088293,0.6755509476537277
540000.0,611605.6687532344,-71605.66875323444,0.1326030902837675
399000.0,595014.5079618633,-196014.5079618633,0.49126443098211353
930000.0,602765.7216205198,327234.27837948024,0.3518648154618067
870000.0,767273.4519995452,102726.54800045479,0.11807649195454573
665100.0,731972.4355939857,-66872.43559398572,0.10054493398584531
1200000.0,1587214.3518432118,-387214.3518432118,0.3226786265360098
585000.0,615867.7594959025,-30867.759495902457,0.05276540084769651
705000.0,893485.4088241304,-188485.40882413043,0.2673551898214616
712761.0,1216296.6438815063,-503535.6438815063,0.7064579064812837
1865000.0,1360574.4288948146,504425.57110518543,0.27046947512342384
980000.0,1028278.7854980365,-48278.78549803654,0.04926406683473116
1100000.0,1030762.2570799397,69237.7429200603,0.06294340265460027
830000.0,603869.0257562366,226130.97424376337,0.2724469569201968
538440.0,1189695.2980614852,-651255.2980614852,1.2095225058715644
995000.0,831113.6279348617,163886.3720651383,0.16470992167350584
440000.0,641169.2222973404,-201169.2222973404,0.4572027779485009
998888.0,905655.840450387,93232.15954961302,0.09333594912504006
1625000.0,974133.0381252879,650866.9618747121,0.40053351499982287
2540000.0,1852377.701991517,687622.2980084829,0.27071744016082006
1325000.0,1156413.8850560407,168586.11494395928,0.12723480373129004
945000.0,766238.7761243596,178761.22387564043,0.18916531627051897
480000.0,912197.8119384015,-432197.81193840154,0.9004121082050032
1495000.0,979114.9204796402,515885.07952035975,0.3450736317861938
575000.0,860456.7245639693,-285456.7245639693,0.49644647750255533
975000.0,1127644.335336003,-152644.335336003,0.15655829265231075
1320000.0,826112.4272531734,493887.57274682657,0.3741572520809292
560000.0,530418.2243228734,29581.7756771266,0.05282459942344036
1295000.0,868014.2674640991,426985.7325359009,0.32971871238293504
725000.0,546233.2697004968,178766.7302995032,0.24657480041310786
1390000.0,1707818.4130875291,-317818.41308752913,0.22864634035074038
925000.0,677565.2434666345,247434.75653336546,0.2674970340901248
367000.0,790774.3702457442,-423774.37024574424,1.1546985565279135
935000.0,1822951.551027425,-887951.5510274251,0.9496808032378878
2772163.0,1409643.4724497353,1362519.5275502647,0.4915005097284196
905000.0,854513.3544843458,50486.645515654236,0.05578634863608203
1680000.0,1002081.8089683277,677918.1910316723,0.4035227327569478
1675000.0,1005647.6554005811,669352.3445994189,0.39961334005935456
807000.0,880797.897442907,-73797.89744290698,0.09144720872727011
422000.0,576547.02762026,-154547.02762026002,0.36622518393426545
1982500.0,1055547.7788995102,926952.2211004898,0.4675673246408524
1450000.0,923161.9563283878,526838.0436716122,0.3633365818424911
695000.0,624637.0985121577,70362.90148784232,0.10124158487459327
1265500.0,723807.1079306293,541692.8920693707,0.4280465366016363
660000.0,631161.2200565679,28838.779943432077,0.04369512112641224
441450.0,982255.1831934787,-540805.1831934787,1.2250655412696312
820000.0,577531.7709204897,242468.22907951032,0.29569296229208575
1500000.0,1181502.6768297527,318497.32317024725,0.21233154878016483
680000.0,567580.66571052,112419.33428948,0.16532255042570587
825000.0,1206087.2687600588,-381087.2687600588,0.4619239621334046
467000.0,486456.4917811635,-19456.491781163495,0.04166272330013596
620000.0,709094.8705466352,-89094.87054663524,0.1437014041074762
910000.0,820611.1564891726,89388.8435108274,0.0982294983635466
1250000.0,1222957.1555622783,27042.84443772165,0.021634275550177322
1475000.0,1378941.2295693138,96058.77043068619,0.0651245901224991
925000.0,1461439.7999686114,-536439.7999686114,0.5799349188849854
740000.0,821960.9435206275,-81960.94352062745,0.11075803178463169
1927000.0,870477.6299398366,1056522.3700601636,0.5482731551946879
1420000.0,1049949.4723177056,370050.52768229437,0.26059896315654535
1340000.0,971433.1705549858,368566.82944501424,0.2750498727201599
985000.0,617884.9115221429,367115.08847785706,0.3727056735815808
1165000.0,1029179.4338275723,135820.56617242773,0.11658417697204097
1050000.0,904409.6471940479,145590.35280595208,0.1386574788628115
659000.0,913555.8942758396,-254555.89427583956,0.3862760155930798
370000.0,399880.61229634524,-29880.612296345236,0.08075841161174388
875888.0,614232.2525724631,261655.74742753687,0.298731969643992
1500000.0,947199.6922109227,552800.3077890773,0.36853353852605153
1155000.0,804809.786924827,350190.213075173,0.3031949896754744
440000.0,614182.1073060897,-174182.10730608972,0.39586842569565844
395000.0,878389.5596617997,-483389.5596617997,1.2237710371184802
510000.0,688044.6318985643,-178044.6318985643,0.3491071213697339
700000.0,697216.5000917087,2783.499908291269,0.003976428440416098
3035000.0,1360574.4288948146,1674425.5711051854,0.5517052952570628
882000.0,877529.3837728398,4470.616227160208,0.005068725881134023
890000.0,1294124.2508050064,-404124.25080500636,0.4540721919157375
1925000.0,1156153.6572424509,768846.3427575491,0.3994006975363892
345000.0,651324.8903891506,-306324.8903891506,0.8878982330120307
3800000.0,1403920.5656629405,2396079.4343370595,0.6305472195623841
3600000.0,1785740.8076133947,1814259.1923866053,0.503960886774057
3075000.0,2096233.7382090946,978766.2617909054,0.3182979713141156
610000.0,590973.0135243654,19026.98647563462,0.03119178110759774
1050000.0,855456.4565377318,194543.5434622682,0.18527956520216018
1400000.0,986453.0583943416,413546.9416056584,0.2953906725754703
715000.0,1103795.806914996,-388795.8069149959,0.5437703593216726
2715000.0,1328513.6477171297,1386486.3522828703,0.5106763728482027
1350000.0,974772.5294697931,375227.4705302069,0.27794627446681996
1275000.0,1420149.4380509704,-145149.43805097044,0.11384269651056504
2050000.0,1499860.2295483695,550139.7704516305,0.2683608636349417
380000.0,541204.1344283448,-161204.13442834478,0.42422140639038103
1400000.0,1311035.1096332287,88964.89036677126,0.06354635026197947
670000.0,1040176.8907851331,-370176.8907851331,0.5525028220673629
1525000.0,785344.2535853987,739655.7464146013,0.48502016158334516
2675000.0,1441390.6412776029,1233609.3587223971,0.4611623770924849
465000.0,814291.1000691518,-349291.10006915184,0.7511636560626921
3825000.0,2972546.9471388347,852453.0528611653,0.2228635432316772
505000.0,1382170.2629154455,-877170.2629154455,1.7369708176543475
4395000.0,1631686.4210096493,2763313.5789903505,0.6287402910103187
300000.0,478177.6678375682,-178177.6678375682,0.5939255594585607
1275000.0,1130089.144022513,144910.85597748705,0.11365557331567612
1700000.0,982116.4499079825,717883.5500920175,0.42228444123059855
1040000.0,1031111.2073223272,8888.792677672813,0.008546916036223859
3000000.0,560667.9552281749,2439332.044771825,0.8131106815906083
850000.0,1244061.833774159,-394061.83377415896,0.4636021573813635
3225000.0,1145074.5786215225,2079925.4213784775,0.6449381151561171
1305000.0,1102291.51474888,202708.48525112006,0.15533217260622226
580000.0,667402.738214703,-87402.73821470304,0.15069437623224663
2675000.0,951526.8260175636,1723473.1739824363,0.64428903700278
865000.0,705406.3597086847,159593.64029131527,0.1845013182558558
479000.0,968655.4161554774,-489655.4161554774,1.0222451276732305
1430000.0,1509228.2936611504,-79228.29366115038,0.05540440116164362
1200000.0,882648.6033835844,317351.3966164156,0.26445949718034634
883000.0,720741.688115377,162258.31188462302,0.1837579976043296
920000.0,778413.2616710025,141586.7383289975,0.15389862861847556
1095000.0,1063360.5929251458,31639.407074854244,0.028894435684798395
760000.0,669560.9402676638,90439.0597323362,0.11899876280570552
4800000.0,4580653.359235125,219346.64076487534,0.04569721682601569
785000.0,752702.1568419896,32297.843158010393,0.041143749245873114
2400000.0,1178266.0465387073,1221733.9534612927,0.5090558139422052
1050000.0,816019.5081459114,233980.4918540886,0.2228385636705606
1430000.0,1583872.0277456054,-153872.02774560545,0.1076028166053185
1175000.0,1034318.0732684515,140681.9267315485,0.11972929934599873
657000.0,1417837.019220294,-760837.019220294,1.158047213425105
865000.0,834877.5662322923,30122.43376770767,0.034823622852841234
2285000.0,1437040.5416183677,847959.4583816323,0.3710982312392264
1995000.0,986583.1841128401,1008416.8158871599,0.5054720881639899
1300000.0,979162.1095644779,320837.8904355221,0.2467983772580939
578000.0,987214.7822432247,-409214.7822432247,0.7079840523239181
985000.0,797866.7991545099,187133.2008454901,0.18998294502080212
552000.0,534713.9028331358,17286.0971668642,0.03131539341823225
2210000.0,1124462.8615400777,1085537.1384599223,0.4911932753212318
685000.0,768781.3455938732,-83781.34559387318,0.12230853371368347
625000.0,1171218.3792139029,-546218.3792139029,0.8739494067422446
580000.0,905705.0337965512,-325705.0337965512,0.561560403097502
680000.0,828138.9448796143,-148138.94487961428,0.21785138952884453
3950000.0,2155213.588460413,1794786.4115395872,0.45437630671888285
620000.0,1200918.1191318396,-580918.1191318396,0.9369647082771606
340000.0,418874.5665069341,-78874.56650693412,0.23198401913804154
1430000.0,681117.779046087,748882.220953913,0.5236938608069323
2801000.0,883775.0272919063,1917224.9727080937,0.6844787478429467
489900.0,691725.6045741928,-201825.60457419278,0.41197306506265113
463000.0,711121.9938916271,-248121.99389162706,0.535900634755134
2310000.0,826209.5756982978,1483790.424301702,0.6423335170137239
845000.0,767476.5033574654,77523.49664253462,0.09174378300891671
1010000.0,894880.6297919448,115119.37020805525,0.11397957446342104
2505000.0,1365227.879696943,1139772.120303057,0.454998850420382
585000.0,955564.1565381172,-370564.1565381172,0.6334430026292602
1250000.0,1157297.5713219831,92702.42867801688,0.0741619429424135
1275000.0,873433.1269403032,401566.87305969675,0.3149544102428994
1795000.0,930156.593437624,864843.406562376,0.48180691173391416
2910000.0,1324080.8476323537,1585919.1523676463,0.5449893994390538
1080000.0,841822.8809908915,238177.11900910852,0.22053436945287824
1560000.0,590869.1530892575,969130.8469107425,0.621237722378681
469000.0,1014067.9001926972,-545067.9001926972,1.1621916848458362
279900.0,592330.895657662,-312430.89565766195,1.1162232785196926
408000.0,632432.26992932,-224432.26992931997,0.5500790929640196
760000.0,989887.6188499306,-229887.6188499306,0.30248370901306654
1142000.0,880995.6541852757,261004.34581472434,0.2285502152493208
1120000.0,1157347.3158795717,-37347.31587957172,0.033345817749617604
145000.0,695218.2045351847,-550218.2045351847,3.7946083071392045
800000.0,506334.96872106753,293665.03127893247,0.3670812890986656
1090000.0,1080964.4496706596,9035.550329340389,0.008289495714991182
1950000.0,1635383.5162337718,314616.4837662282,0.1613417865467837
2300000.0,1124790.2629607986,1175209.7370392014,0.5109607552344354
1290000.0,910499.3600324614,379500.63996753865,0.2941865426104951
1600000.0,645756.3551807121,954243.6448192879,0.5964022780120549
2335000.0,906224.1337467856,1428775.8662532144,0.6118954459328542
1300000.0,800762.4704735454,499237.52952645463,0.38402886886650356
644990.0,1251241.0995776001,-606251.0995776001,0.9399387580855519
405000.0,649673.4557995719,-244673.45579957194,0.6041319896285727
745000.0,782266.2479261585,-37266.24792615848,0.05002180929685702
1075000.0,918757.2782127985,156242.72178720147,0.14534206677879208
2468800.0,1008639.7056472654,1460160.2943527345,0.5914453557812437
4720000.0,2697425.140460539,2022574.8595394609,0.4285116227837841
1360000.0,1112800.3338134554,247199.66618654458,0.18176446043128278
1050000.0,930156.593437624,119843.40656237595,0.11413657767845328
928950.0,1570336.9997572892,-641386.9997572892,0.6904429729880932
1510000.0,956801.50430593,553198.49569407,0.36635661966494704
820000.0,974772.5294697931,-154772.52946979308,0.18874698715828425
533990.0,1131037.0858579183,-597047.0858579183,1.1180866418058732
1000000.0,955200.8014981258,44799.19850187423,0.04479919850187423
797500.0,795252.3916135534,2247.6083864466054,0.0028183177259518562
853000.0,1023905.6480922964,-170905.64809229644,0.20035832132742842
1400000.0,848303.6966884487,551696.3033115513,0.39406878807967954
1375000.0,894228.313266972,480771.68673302804,0.3496521358058386
509990.0,1143570.7982208328,-633580.7982208328,1.242339650230069
650000.0,547007.056701097,102992.94329890294,0.15845068199831222
3200000.0,1038192.2069702763,2161807.7930297237,0.6755649353217886
1300000.0,1183274.944848696,116725.055151304,0.08978850396254154
738500.0,830643.3922008302,-92143.39220083016,0.12477101178176055
1230000.0,1570683.3219381263,-340683.32193812635,0.2769783105188019
696000.0,989569.871423338,-293569.87142333796,0.4217957922749109
1094000.0,1327463.7364420479,-233463.73644204787,0.2134037810256379
1812000.0,936350.4107815573,875649.5892184427,0.483250325175741
900000.0,633418.7998314997,266581.2001685003,0.2962013335205559
1183000.0,1097219.709819025,85780.2901809751,0.07251081164917592
1610000.0,1269852.3520641634,340147.6479358366,0.21127183101604757
1106000.0,784711.2480663827,321288.7519336173,0.29049615907198667
3925000.0,760566.385398087,3164433.614601913,0.8062251247393408
785000.0,687075.8496726087,97924.15032739134,0.12474414054444757
499000.0,531450.4441121932,-32450.44411219319,0.06503095012463565
650000.0,705613.3322829742,-55613.33228297415,0.08555897274303716
2075000.0,1178266.0465387073,896733.9534612927,0.432160941427129
890000.0,767068.8088456255,122931.19115437451,0.13812493388131966
1165000.0,1033920.2877479041,131079.71225209592,0.11251477446531839
930000.0,733981.7372129124,196018.2627870876,0.21077232557751355
565000.0,849188.5536776582,-284188.5536776582,0.5029885905799261
1130000.0,946928.0860736286,183071.91392637137,0.16201054329767378
1701000.0,1308800.0219273497,392199.97807265026,0.23057023990161685
515000.0,622693.1827123194,-107693.18271231942,0.20911297614042607
2705000.0,1876518.037937711,828481.962062289,0.3062779896718259
4336426.0,2655725.5379149797,1680700.4620850203,0.3875773418213571
655000.0,1029445.6718876782,-374445.6718876782,0.5716727815079057
555000.0,1209554.8537443876,-654554.8537443876,1.1793781148547524
845000.0,1031111.2073223272,-186111.2073223272,0.22024994949387833
2549000.0,2631942.0163095742,-82942.01630957425,0.03253904131407385
945000.0,802927.8339515118,142072.16604848823,0.1503409164534267
999900.0,873115.0725684935,126784.92743150645,0.1267976071922257
1150000.0,936845.1982507166,213154.80174928345,0.18535200152111606
620000.0,941513.2746960433,-321513.27469604334,0.5185697978968441
2550000.0,1419108.0283232597,1130891.9716767403,0.44348704771636877
1038000.0,830611.7879489701,207388.2120510299,0.19979596536708083
415000.0,501831.50584667246,-86831.50584667246,0.2092325442088493
910000.0,699665.2759447412,210334.7240552588,0.2311370594013833
404670.0,684498.046107814,-279828.04610781395,0.691496889089416
1630000.0,1107964.1178189924,522035.88218100765,0.32026741238098627
1440000.0,1079844.627674888,360155.3723251121,0.2501078974479945
2250000.0,753536.8105682796,1496463.1894317204,0.6650947508585424
1000000.0,938096.0014449334,61903.998555066646,0.06190399855506665
860000.0,929667.426850666,-69667.42685066594,0.08100863587286737
760000.0,1333796.4950063438,-573796.4950063438,0.7549953881662419
118231.0,397245.04441159917,-279014.04441159917,2.359905984146283
825000.0,867129.5070460563,-42129.50704605633,0.05106606914673494
675000.0,1932965.0280471651,-1257965.0280471651,1.8636518934032076
1055000.0,2118577.204727652,-1063577.204727652,1.0081300518745517
2500000.0,1201295.7367615746,1298704.2632384254,0.5194817052953702
1505000.0,1154226.3201669627,350773.6798330373,0.23307221251364604
965000.0,885153.2472961998,79846.75270380022,0.08274274891585515
1455000.0,1181835.927400659,273164.0725993409,0.187741630652468
689000.0,487013.42924618727,201986.57075381273,0.2931590286702652
1600000.0,1148621.3695736409,451378.63042635913,0.2821116440164745
935000.0,900868.0646064454,34131.935393554624,0.036504743736422055
330000.0,931815.0490909929,-601815.0490909929,1.8236819669424027
1000000.0,687339.6638100857,312660.33618991426,0.3126603361899143
1250000.0,1090944.8212902392,159055.17870976077,0.12724414296780862
1300000.0,1133679.5104798784,166320.4895201216,0.12793883809240122
500000.0,604324.4438698903,-104324.4438698903,0.2086488877397806
660000.0,874322.3402861032,-214322.3402861032,0.3247308186153079
2550000.0,1543228.5363759752,1006771.4636240248,0.39481233867608817
765000.0,1025289.4456360899,-260289.4456360899,0.34024764135436586
2051000.0,1327463.7364420479,723536.2635579521,0.3527724346942721
560000.0,645276.3256995333,-85276.32569953334,0.15227915303488096
345000.0,465575.8040481786,-120575.8040481786,0.34949508419761915
950000.0,851765.6834220046,98234.31657799543,0.10340454376631097
925000.0,1094608.1829838431,-169608.18298384314,0.18336019782037097
1418000.0,1048564.2236957757,369435.7763042243,0.2605329875206095
940000.0,733981.7372129124,206018.2627870876,0.21916836466711445
410000.0,819047.1591057753,-409047.1591057753,0.9976759978189641
1175000.0,922453.480188586,252546.51981141395,0.21493320835013954
630000.0,451315.28306420724,178684.71693579276,0.2836265348187187
799900.0,1171218.3792139029,-371318.37921390287,0.4642059997673495
860000.0,1231435.5714569269,-371435.5714569269,0.43190182727549636
720000.0,604347.5087419063,115652.49125809374,0.16062846008068574
509000.0,823508.7405959787,-314508.7405959787,0.6178953646286418
745000.0,759371.3756261058,-14371.375626105815,0.019290437082021227
530000.0,840199.7155111597,-310199.71551115974,0.5852824820965278
945000.0,892034.1436942918,52965.85630570818,0.056048525191225586
500000.0,1130339.7690190282,-630339.7690190282,1.2606795380380564
560000.0,700629.5415389617,-140629.5415389617,0.2511241813195745
630000.0,607951.3326659562,22048.66733404377,0.03499788465721233
2730000.0,2693542.965641737,36457.034358263016,0.013354225039656782
2400000.0,2054615.4216899695,345384.5783100305,0.1439102409625127
1000000.0,1232084.3240206437,-232084.32402064372,0.23208432402064372
2200000.0,1861124.1632738702,338875.83672612975,0.1540344712391499
850000.0,590021.5779736219,259978.4220263781,0.3058569670898566
780500.0,871322.6027163705,-90822.60271637049,0.11636464153282573
909000.0,804399.5180302016,104600.48196979845,0.11507203737051534
2299000.0,2079836.5030375232,219163.49696247675,0.0953299247335697
910000.0,556987.1234928205,353012.87650717946,0.38792623791997743
540000.0,613656.2712635784,-73656.27126357844,0.13640050233996007
2577777.0,959747.1787048046,1618029.8212951953,0.6276841717864637
2800000.0,2734296.5253100144,65703.47468998563,0.023465526674994866
400000.0,583627.5549124047,-183627.55491240474,0.45906888728101186
580000.0,733215.3461196315,-153215.34611963155,0.2641643898614337
1315000.0,883822.5295602013,431177.47043979866,0.32789161250174803
1800000.0,1152380.7989559555,647619.2010440445,0.35978844502446916
920000.0,1056057.7399056416,-136057.73990564165,0.14788884772352354
1775000.0,1271195.230557062,503804.76944293804,0.2838336729255989
775000.0,465309.3305251014,309690.6694748986,0.39960086383857885
685000.0,835935.4376931598,-150935.4376931598,0.22034370466154715
712000.0,739398.8811401259,-27398.881140125915,0.03848157463500831
1280000.0,890185.1230044016,389814.87699559843,0.30454287265281127
820000.0,1354439.7066039762,-534439.7066039762,0.6517557397609466
689000.0,533131.2232753617,155868.7767246383,0.226224639658401
690000.0,882210.9710210199,-192210.97102101985,0.2785666246681447
4900000.0,4302791.372401732,597208.627598268,0.12187931175474857
1350000.0,937530.7678072993,412469.2321927007,0.3055327645871857
417000.0,813474.3841207279,-396474.3841207279,0.9507778995700908
1450000.0,1669999.8170431862,-219999.81704318617,0.1517240117539215
1730000.0,1319319.355598887,410680.64440111304,0.23738765572318674
650000.0,621557.6425151966,28442.35748480342,0.04375747305354372
660000.0,867267.2911967821,-207267.29119678214,0.3140413502981548
1500000.0,1245222.3409008966,254777.65909910342,0.1698517727327356
863000.0,696858.2216920032,166141.7783079968,0.1925165449687101
565000.0,819311.0958015232,-254311.0958015232,0.4501081341619879
430000.0,1030165.745841169,-600165.745841169,1.3957342926538814
1698000.0,1129639.5831096978,568360.4168903022,0.3347234492875749
730000.0,595063.4197394972,134936.58026050276,0.1848446304938394
1325000.0,751209.4295167073,573790.5704832927,0.43304948715720204
943700.0,759659.8106431558,184040.18935684417,0.19501980434125693
680000.0,908150.2945196002,-228150.29451960023,0.3355151389994121
1207000.0,1100065.8298380643,106934.17016193573,0.08859500427666589
2800000.0,2734296.5253100144,65703.47468998563,0.023465526674994866
715000.0,575241.1568127463,139758.8431872537,0.19546691354860657
975000.0,784711.2480663827,190288.75193361728,0.19516795070114593
669500.0,1081881.4396149872,-412381.43961498723,0.6159543534204439
750000.0,830643.3922008302,-80643.39220083016,0.10752452293444022
387500.0,512604.8562295951,-125104.85622959508,0.32285124188282605
380000.0,750644.8394842243,-370644.8394842243,0.9753811565374324
580000.0,778902.7221359008,-198902.72213590075,0.34293572782051857
870000.0,1365218.8398398715,-495218.8398398715,0.5692170572872086
800000.0,1337846.6399930245,-537846.6399930245,0.6723082999912806
625000.0,615002.8861418762,9997.113858123776,0.015995382172998042
976500.0,1137356.0233931404,-160856.0233931404,0.1647271104896471
575000.0,937702.5863784275,-362702.58637842746,0.6307871067450912
660000.0,1148363.5803955689,-488363.58039556886,0.7399448187811649
1490000.0,1237125.1355304306,252874.8644695694,0.1697146741406506
1550000.0,1116854.4638746337,433145.53612536634,0.27944873298410733
9250000.0,1972500.9814963748,7277499.018503625,0.7867566506490405
1520000.0,947075.1180862767,572924.8819137233,0.3769242644169232
417000.0,1210471.2683934905,-793471.2683934905,1.9028087971066918
1250000.0,917304.6650926487,332695.3349073513,0.26615626792588104
795000.0,676253.0605580382,118746.93944196182,0.14936721942385134
630000.0,657544.8429427742,-27544.84294277418,0.04372197292503838
910000.0,551752.4907312874,358247.5092687126,0.3936785816139699
1038000.0,787800.5872749845,250199.41272501554,0.24103989665223077
2450000.0,3674777.670221906,-1224777.6702219062,0.4999092531517984
2800000.0,1107493.0744799194,1692506.9255200806,0.6044667591143145
1203000.0,802857.1422978218,400142.8577021782,0.332620829345119
1675000.0,1148987.3544000667,526012.6455999333,0.3140374003581692
860000.0,768346.8655035889,91653.13449641108,0.10657341220512916
920000.0,716587.1458429701,203412.85415702988,0.2211009284315542
940000.0,1120744.979460371,-180744.97946037096,0.19228189304294782
716000.0,638645.6331052046,77354.36689479544,0.10803682527206067
800000.0,742968.1991221365,57031.80087786354,0.07128975109732942
965000.0,893967.7310672306,71032.26893276942,0.0736085688422481
370000.0,381122.43024751917,-11122.430247519165,0.030060622290592337
875000.0,878285.8025119022,-3285.802511902177,0.0037552028707453448
734888.0,1116848.2243672782,-381960.22436727816,0.519752975102707
709000.0,1020934.3053097874,-311934.3053097874,0.4399637592521684
689900.0,767040.3829257793,-77140.38292577933,0.11181386132161085
600000.0,961215.1100389172,-361215.11003891716,0.6020251833981952
2700000.0,1615780.8350367374,1084219.1649632626,0.40156265369009725
1338000.0,797478.6682169989,540521.3317830011,0.4039770790605389
1390000.0,990079.664848058,399920.335151942,0.28771247133233235
1515000.0,1021806.4930835473,493193.50691645266,0.3255402685917179
1025000.0,737538.2219859762,287461.7780140238,0.28045051513563296
457500.0,498159.28301445005,-40659.28301445005,0.08887274975836076
479000.0,712780.4861119934,-233780.48611199344,0.488059469962408
2350000.0,974137.8742810049,1375862.125718995,0.5854732449868064
415000.0,522793.0361183445,-107793.03611834452,0.2597422557068543
550000.0,868967.7414062659,-318967.7414062659,0.5799413480113925
331000.0,560405.2884071507,-229405.28840715066,0.6930673365774944
1825000.0,1182777.7588405379,642222.2411594621,0.3519025978955957
1675000.0,1330183.8032636016,344816.1967363984,0.2058604159620289
1040000.0,1136403.240815639,-96403.24081563903,0.09269542386119138
485000.0,731845.7993202901,-246845.7993202901,0.5089604109696703
13550000.0,3029910.069315898,10520089.9306841,0.7763904007884945
830000.0,1014414.984309073,-184414.98430907296,0.22218672808322043
2650000.0,1175900.0079641512,1474099.9920358488,0.5562641479380561
1550000.0,1044739.432399316,505260.567600684,0.32597455974237677
900000.0,804399.5180302016,95600.48196979845,0.1062227577442205
740000.0,1414163.8951422556,-674163.8951422556,0.9110322907327778
500000.0,709720.8674604364,-209720.86746043642,0.41944173492087283
1175000.0,973992.1605165396,201007.8394834604,0.1710705016880514
1700000.0,1131129.2613331939,568870.7386668061,0.33462984627459186
1000000.0,824191.1742778702,175808.82572212978,0.17580882572212977
1295000.0,1379832.8370134062,-84832.83701340621,0.06550798224973453
637500.0,1042127.9569280371,-404627.9569280371,0.6347105206714307
1165000.0,1093955.9777195635,71044.02228043647,0.06098199337376521
1670000.0,915833.3300734067,754166.6699265933,0.45159680833927746
470000.0,453427.999038749,16572.000961250975,0.035259576513299945
1319000.0,1629076.748649776,-310076.748649776,0.235084722251536
891000.0,731112.4030415199,159887.59695848008,0.17944735910042658
730000.0,650502.1073360785,79497.89266392146,0.10890122282728967
930000.0,1035448.175578545,-105448.17557854496,0.11338513503069352
515000.0,914584.1149313375,-399584.11493133754,0.775891485303568
690000.0,688983.2664812641,1016.7335187358549,0.0014735268387476158
1670000.0,1571607.7857730244,98392.21422697557,0.058917493549087166
465000.0,1266835.0319510747,-801835.0319510747,1.7243764127980101
2500000.0,3114533.943833419,-614533.9438334191,0.24581357753336766
1350000.0,1897682.5486073275,-547682.5486073275,0.40569077674616855
900000.0,1144371.3204202596,-244371.3204202596,0.27152368935584403
820000.0,876141.3430699602,-56141.34306996025,0.06846505252434176
1125000.0,943310.4723078131,181689.52769218688,0.161501802393055
660000.0,1108349.4719356364,-448349.47193563636,0.6793173817206611
1175633.0,1192739.4676912636,-17106.46769126365,0.014550857020229655
890000.0,856527.7245626257,33472.27543737425,0.03760929824424073
1010000.0,938224.3028744973,71775.69712550275,0.07106504665891361
385000.0,830132.0730091883,-445132.0730091883,1.1561872026212683
740000.0,648243.2479432062,91756.75205679378,0.12399561088755916
380000.0,682528.9266829061,-302528.9266829061,0.7961287544287002
550000.0,1038368.9797046733,-488368.9797046733,0.8879435994630424
1169000.0,1046287.4475451722,122712.55245482782,0.10497224333176032
408000.0,927777.1065143686,-519777.10651436856,1.2739634963587465
475000.0,625752.1172767926,-150752.11727679265,0.3173728784774582
2095000.0,3606412.1594431037,-1511412.1594431037,0.7214377849370424
1050000.0,1067815.5140299823,-17815.514029982267,0.01696715621903073
400000.0,937083.1769599271,-537083.1769599271,1.3427079423998176
754000.0,447362.992547197,306637.007452803,0.4066803812371393
910000.0,719208.5594311554,190791.44056884455,0.209660923702027
715000.0,1009825.1830320524,-294825.18303205236,0.41234291333154177
1350000.0,912579.9932199909,437420.00678000913,0.3240148198370438
420000.0,631089.3596412528,-211089.35964125278,0.5025937134315542
621900.0,653157.2192625215,-31257.21926252148,0.05026084460929648
732500.0,834674.6552857843,-102174.65528578428,0.13948758400789663
605000.0,435062.9226714067,169937.0773285933,0.28088773112164184
657500.0,908704.0613786395,-251204.06137863954,0.3820594089408966
560000.0,961249.792758456,-401249.79275845597,0.7165174870686714
2020000.0,1079756.287101692,940243.712898308,0.46546718460312275
745000.0,803192.7435727717,-58192.743572771666,0.07811106519835123
930000.0,868014.2674640991,61985.7325359009,0.06665132530742032
790000.0,552232.6108917362,237767.38910826377,0.3009713786180554
605000.0,585731.0138102107,19268.986189789255,0.031849563950064885
1005000.0,736403.3437354907,268596.6562645093,0.26726035449204905
515000.0,415248.43072554556,99751.56927445444,0.1936923675232125
470000.0,654911.7800887801,-184911.7800887801,0.39342931933783
1220000.0,665256.1544329427,554743.8455670573,0.45470807013693215
2160000.0,1468877.080371452,691122.919628548,0.3199643146428463
810000.0,691614.5096269924,118385.4903730076,0.14615492638642913
615000.0,595957.5184959597,19042.481504040305,0.03096338455941513
765000.0,1317598.945963822,-552598.9459638221,0.7223515633514014
1425000.0,1236981.9628902157,188018.03710978432,0.13194248218230478
756400.0,825727.3638509607,-69327.36385096074,0.09165436786219029
595000.0,514404.05020200013,80595.94979799987,0.13545537781176448
2145000.0,1195411.899853548,949588.100146452,0.4426984149866909
1065000.0,783099.8269351544,281900.1730648456,0.2646949981829536
1140000.0,908291.7593982499,231708.2406017501,0.2032528426331141
485000.0,734105.4242963935,-249105.42429639352,0.5136194315389557
1461000.0,936845.1982507166,524154.80174928345,0.35876440913708657
3500000.0,1442237.7727104267,2057762.2272895733,0.587932064939878
1290000.0,780413.0314581685,509586.9685418315,0.39502865778436547
800000.0,575481.8833128066,224518.1166871934,0.28064764585899177
380000.0,556090.3448552027,-176090.3448552027,0.4633956443557966
852000.0,977563.2427594675,-125563.24275946745,0.14737469807449233
870000.0,744066.2240962016,125933.7759037984,0.1447514665560901
860000.0,516546.090511608,343453.909488392,0.399365011033014
1900000.0,1047369.9366888374,852630.0633111626,0.44875266490061194
1075000.0,709676.4140473655,365323.58595263446,0.3398358939094274
925000.0,1011096.6761901353,-86096.6761901353,0.09307748777311925
4350000.0,2803053.321264392,1546946.6787356078,0.3556199261461167
1760000.0,1049379.020071749,710620.9799282509,0.4037619204137789
2200000.0,1374662.9668255192,825337.0331744808,0.37515319689749127
1275000.0,1131037.0858579183,143962.91414208175,0.11291208952320136
870000.0,636931.6073964143,233068.39260358573,0.2678947041420526
675000.0,734708.6012784473,-59708.60127844731,0.08845718707918121
395000.0,852235.3738325966,-457235.3738325966,1.1575579084369534
875000.0,658321.9761159872,216678.02388401283,0.24763202729601466
1675000.0,992010.048744534,682989.951255466,0.40775519477938266
1601000.0,772073.6093519814,828926.3906480186,0.5177553970318667
1224000.0,1085645.4456520423,138354.55434795772,0.11303476662414846
872000.0,810056.7429483441,61943.257051655906,0.07103584524272466
1210000.0,886510.7107342959,323489.2892657041,0.26734652005430093
940000.0,1199530.479814557,-259530.4798145569,0.276096255121869
899990.0,937612.8954550452,-37622.89545504516,0.04180368165762415
388888.0,744525.4505803239,-355637.45058032393,0.9144983917742999
825000.0,882248.168320817,-57248.16832081706,0.06939171917674795
700000.0,643495.2710546347,56504.72894536529,0.08072104135052184
2160000.0,868014.2674640991,1291985.732535901,0.5981415428406949
499000.0,860141.5418693604,-361141.5418693604,0.7237305448283775
1850000.0,824089.8272867303,1025910.1727132697,0.5545460393044701
1100000.0,865355.2106453178,234644.7893546822,0.21331344486789292
2300000.0,1775106.0245802044,524893.9754197956,0.22821477192165027
924750.0,769354.1305520029,155395.86944799707,0.1680409510116216
837000.0,651717.6360253451,185282.36397465493,0.2213648315109378
650000.0,827266.3023444553,-177266.30234445527,0.2727173882222389
995000.0,1195723.6586133551,-200723.65861335513,0.20173232021442727
950000.0,729725.7243885456,220274.2756114544,0.23186765853837304
525000.0,869283.3273300736,-344283.3273300736,0.6557777663429973
860000.0,810096.8669816717,49903.13301832834,0.05802689885852133
775000.0,705613.3322829742,69386.66771702585,0.0895311841510011
530000.0,971433.1705549858,-441433.17055498576,0.8328927746320486
825000.0,676336.1735382498,148663.8264617502,0.1801985775293942
2030000.0,1577322.0958789675,452677.90412103245,0.22299404143893223
795000.0,743069.3107806946,51930.68921930541,0.06532162165950366
6400000.0,5480338.357798115,919661.6422018846,0.14369713159404449
499000.0,613953.6743251391,-114953.67432513915,0.23036808481991813
535000.0,817973.793634153,-282973.793634153,0.5289229787554262
1805000.0,1225862.7745321668,579137.2254678332,0.32085164845863334
565000.0,667418.4952739368,-102418.49527393677,0.18127167305121553
675000.0,670553.5313860395,4446.468613960547,0.006587360909571181
790000.0,559714.2836575503,230285.71634244965,0.2915009067625945
1272000.0,947075.1180862767,324924.8819137233,0.2554440895548139
255000.0,655348.3484423117,-400348.34844231175,1.5699935233031834
399000.0,507346.90600349195,-108346.90600349195,0.2715461303345663
990000.0,700904.3771648023,289095.6228351977,0.2920157806416139
410000.0,426406.6113587203,-16406.611358720285,0.040016125265171426
1625000.0,990439.6999901807,634560.3000098193,0.39049864615988883
650000.0,744754.6780900242,-94754.67809002416,0.1457764278308064
1250000.0,1117726.219728802,132273.7802711979,0.10581902421695832
1480000.0,2225135.2357070823,-745135.2357070823,0.5034697538561367
780000.0,545803.4806050824,234196.51939491765,0.3002519479422021
2149999.0,1187889.8407329794,962109.1592670206,0.44749284035342374
843000.0,615558.1454250566,227441.85457494343,0.26980053923480835
1485000.0,1156272.3376521803,328727.66234781966,0.22136542919045094
769000.0,650501.884399987,118498.11560001306,0.15409377841354105
795000.0,482550.9101225081,312449.0898774919,0.393017723116342
2000000.0,1960001.8757358459,39998.12426415412,0.01999906213207706
1750000.0,1274089.0406921126,475910.95930788736,0.2719491196045071
815000.0,937975.7881896378,-122975.78818963782,0.15089053765599733
3053500.0,908855.6212401596,2144644.3787598405,0.702356108976532
1539000.0,1197802.785953832,341197.2140461679,0.2217005939221364
2600000.0,1157128.8411445655,1442871.1588554345,0.5549504457136286
960000.0,805370.4700094691,154629.52999053092,0.16107242707346972
1630000.0,937612.8954550452,692387.1045449548,0.424777364751506
970000.0,1089492.7040522348,-119492.70405223477,0.12318835469302554
2255000.0,1408950.024449438,846049.9755505619,0.37518845922419597
2260000.0,2170790.8783307406,89209.12166925939,0.039473062685513004
5225000.0,1804948.8509106375,3420051.1490893625,0.6545552438448541
810000.0,765059.4320881071,44940.5679118929,0.05548218260727518
880000.0,938363.988749937,-58363.98874993704,0.06632271448856482
810000.0,753120.4609082087,56879.53909179126,0.0702216531997423
785000.0,737816.5820834833,47183.41791651666,0.06010626486180466
1100000.0,664118.5038588655,435881.4961411345,0.39625590558284957
1329000.0,971116.1346489526,357883.86535104737,0.2692880852904796
725000.0,823591.2938716072,-98591.29387160717,0.13598799154704436
745000.0,1078704.5507804798,-333704.5507804798,0.44792557151742257
594000.0,523316.56901230523,70683.43098769477,0.1189956750634592
535000.0,884097.7060361864,-349097.7060361864,0.6525190767031522
2900000.0,2799460.4230229747,100539.57697702525,0.03466881964725008
725000.0,728534.1472931488,-3534.147293148795,0.004874685921584545
780000.0,890292.9864890552,-110292.98648905521,0.14140126472955797
424290.0,888612.0544052954,-464322.0544052954,1.094350690342208
1185000.0,752059.3797284119,432940.6202715881,0.3653507344064035
3103000.0,2907767.746604104,195232.25339589594,0.06291725858714017
444000.0,570500.7562850357,-126500.75628503575,0.284911613254585
642500.0,571430.9697207614,71069.03027923859,0.11061327669920404
525000.0,933254.0266098408,-408254.0266098408,0.7776267173520777
1397000.0,736667.2692260399,660332.7307739601,0.4726791200958913
778000.0,768781.3455938732,9218.654406126821,0.011849170187823678
715000.0,974964.3036946064,-259964.3036946064,0.36358643873371527
1380000.0,1031111.2073223272,348888.7926776728,0.25281796570845855
911000.0,854670.5834282858,56329.41657171422,0.061832509957973895
730000.0,804294.4156681108,-74294.41566811083,0.10177317214809703
420000.0,831697.4594651386,-411697.4594651386,0.9802320463455682
830000.0,1160737.41348355,-330737.4134835501,0.3984788114259639
769000.0,629669.2093352017,139330.79066479835,0.1811843831791916
725000.0,849725.2659831623,-124725.26598316233,0.17203484963194804
1400000.0,2153977.736151328,-753977.7361513278,0.538555525822377
335000.0,571265.7052549192,-236265.70525491924,0.7052707619549828
615000.0,897982.3407566489,-282982.3407566489,0.46013388740918526
700000.0,593401.9377266741,106598.06227332586,0.15228294610475124
1190000.0,1179085.31176643,10914.688233569963,0.009172006918966356
407000.0,611605.6687532344,-204605.66875323444,0.5027166308433278
730000.0,1022918.6550820104,-292918.65508201043,0.4012584316191924
550000.0,804701.4361388773,-254701.4361388773,0.46309352025250416
2900000.0,1289072.2220239558,1610927.7779760442,0.5554923372331187
1185000.0,1045069.6473872988,139930.35261270124,0.11808468574911497
1829000.0,1495603.9715607008,333396.0284392992,0.18228323042061192
1500000.0,857288.1796302154,642711.8203697846,0.42847454691318976
1749000.0,1903240.0672498643,-154240.06724986434,0.08818757418517115
1200000.0,712888.4443711995,487111.55562880053,0.4059262963573338
600000.0,1036035.4629312697,-436035.46293126966,0.7267257715521162
918000.0,1036440.3856340288,-118440.38563402882,0.12902002792377867
801000.0,1207428.309728926,-406428.30972892605,0.5074011357414807
850000.0,887777.9853976096,-37777.98539760965,0.044444688703070175
1475000.0,1498287.358285638,-23287.358285638038,0.015788039515686806
550000.0,824089.8272867303,-274089.8272867303,0.4983451405213278
665000.0,1145242.8413937148,-480242.84139371477,0.722169686306338
2150000.0,1179085.31176643,970914.68823357,0.4515882270853814
2398000.0,854513.3544843458,1543486.6455156542,0.6436558154777541
2075000.0,1307972.9067486515,767027.0932513485,0.36965161120546913
855000.0,800762.4704735454,54237.52952645463,0.06343570704848495
935000.0,1301461.2704415033,-366461.27044150326,0.3919371876379714
1515000.0,1069371.350460621,445628.64953937894,0.2941443231283029
1020000.0,737122.925325587,282877.07467441296,0.2773304653670715
2555000.0,1203800.7958428997,1351199.2041571003,0.5288450896896675
647000.0,904409.6471940479,-257409.64719404792,0.3978510775796722
1125000.0,1126962.4707614025,-1962.47076140251,0.001744418454580009
398000.0,598680.8980101771,-200680.89801017707,0.5042233618346158
970000.0,995335.3000369048,-25335.30003690475,0.026118866017427578
815000.0,1146028.316248877,-331028.316248877,0.4061697131888061
549000.0,892945.2600845464,-343945.2600845464,0.6264940985146564
1520000.0,1095211.0150348784,424788.9849651216,0.2794664374770537
1130000.0,1422833.7665252523,-292833.76652525226,0.25914492612854184
801000.0,890550.1062083842,-89550.10620838415,0.11179788540372554
2780000.0,2382470.1508280043,397529.84917199565,0.14299634862302002
975000.0,937458.8287336957,37541.17126630433,0.03850376540133777
1000000.0,1115505.0593815926,-115505.05938159255,0.11550505938159256
475000.0,917264.780783756,-442264.78078375605,0.9310837490184338
1015000.0,697562.6849726234,317437.31502737664,0.3127461231796814
2540000.0,654369.3792573151,1885630.620742685,0.7423742601349154
1515000.0,1246702.9675128018,268297.03248719824,0.1770937508166325
1270000.0,1078861.3374457667,191138.66255423333,0.15050288390097114
850000.0,1033261.1125644099,-183261.11256440985,0.2156013088993057
655000.0,1052329.1194879634,-397329.1194879634,0.6066093427297151
1350000.0,840061.4433954448,509938.5566045552,0.3777322641515224
1750000.0,1108014.4004704284,641985.5995295716,0.36684891401689806
1825000.0,2447243.5494522373,-622243.5494522373,0.34095536956286976
965000.0,647776.1443132873,317223.85568671266,0.3287293841313085
780000.0,826209.5756982978,-46209.57569829782,0.05924304576704849
1635000.0,958140.5506430195,676859.4493569805,0.4139813145914254
3000000.0,1145074.5786215225,1854925.4213784775,0.6183084737928258
590000.0,719708.0229990738,-129708.02299907384,0.21984410677809127
815000.0,968900.9232651286,-153900.92326512863,0.18883548866886948
672000.0,1007909.8370240731,-335909.8370240731,0.4998658289048707
830000.0,1261420.231535711,-431420.2315357111,0.5197834114888086
2500000.0,2348486.7914568055,151513.20854319446,0.060605283417277785
980000.0,1209930.441818582,-229930.4418185819,0.2346228998148795
2750000.0,2013614.7006289137,736385.2993710863,0.26777647249857683
1849000.0,1088189.2953212983,760810.7046787017,0.4114714465541924
497500.0,895722.1772247716,-398222.1772247716,0.8004465873864756
900000.0,896460.6524029293,3539.347597070737,0.003932608441189708
1910000.0,1192692.4307528872,717307.5692471128,0.3755537011764989
3267000.0,4028147.3833621424,-761147.3833621424,0.23298052750601236
620000.0,636931.6073964143,-16931.60739641427,0.027309044187764954
635000.0,897946.1092224368,-262946.1092224368,0.4140883609802154
540000.0,583277.3818333487,-43277.381833348656,0.0801432996913864
1127000.0,908291.7593982499,218708.2406017501,0.1940623252899291
615000.0,849188.5536776582,-234188.5536776582,0.3807943962238345
1600000.0,1601325.462207762,-1325.4622077620588,0.0008284138798512867
850000.0,792657.0593249758,57342.940675024176,0.06746228314708727
945000.0,691887.8270982128,253112.1729017872,0.26784356920824043
1030000.0,895705.7961711566,134294.20382884343,0.13038272216392566
1330000.0,1121456.9589138897,208543.0410861103,0.156799279012113
950000.0,962279.6511515364,-12279.651151536382,0.012925948580564612
1050000.0,1093337.6666265992,-43337.66662659915,0.04127396821580872
1060000.0,1124585.3337217318,-64585.33372173179,0.06092956011484131
2362000.0,793054.7869065813,1568945.2130934186,0.6642443747220231
1370000.0,1025027.4543756456,344972.5456243544,0.25180477782799593
1300000.0,1137393.1872701114,162606.8127298886,0.12508216363837585
1299000.0,1009105.3784065843,289894.62159341574,0.22316753009500825
1200000.0,959029.9776782339,240970.02232176613,0.20080835193480512
700000.0,723427.579377917,-23427.57937791699,0.03346797053988142
1140000.0,951240.6179842327,188759.38201576727,0.16557840527698883
710000.0,1035020.197978965,-325020.197978965,0.4577749267309366
825000.0,844072.9151272697,-19072.91512726969,0.02311868500275114
1692000.0,869136.4852887745,822863.5147112255,0.4863259543210553
742000.0,910685.9634629574,-168685.9634629574,0.22733957340021216
1810000.0,918605.0268448456,891394.9731551544,0.49248341058295825
593000.0,925002.9011575092,-332002.9011575092,0.5598699850885483
439000.0,928549.9204238219,-489549.9204238219,1.1151478825144008
1685000.0,1139392.6236243343,545607.3763756657,0.3238025972555879
1950000.0,830261.1565682516,1119738.8434317484,0.5742250479137172
665000.0,751241.3988805639,-86241.39888056391,0.12968631410611114
940000.0,738231.7036575989,201768.29634240107,0.21464712376851178
759000.0,573509.701423905,185490.29857609503,0.24438774515954548
545000.0,530418.2243228734,14581.7756771266,0.026755551701149724
3150000.0,737087.9742917581,2412912.025708242,0.7660038176851561
1075000.0,836030.7107711129,238969.28922888706,0.222297013236174
2150000.0,883577.2242874692,1266422.7757125308,0.589033849168619
1650000.0,1052329.1194879634,597670.8805120366,0.362224776067901
600000.0,790817.0268376711,-190817.02683767106,0.3180283780627851
2361000.0,1412850.4372068273,948149.5627931727,0.4015881248594548
999000.0,741280.9018298205,257719.09817017952,0.25797707524542496
1185000.0,2114348.518460272,-929348.5184602719,0.7842603531310312
393000.0,750850.2027836242,-357850.2027836242,0.9105603124265246
1628000.0,1099844.7189254842,528155.2810745158,0.3244197058197271
910000.0,814319.9633027419,95680.03669725813,0.10514289746951443
279900.0,546638.2802235439,-266738.2802235439,0.9529770640355265
520000.0,540157.4051480294,-20157.405148029444,0.038764240669287395
1400000.0,748735.5210301599,651264.4789698401,0.4651889135498858
515000.0,762694.8488073151,-247694.8488073151,0.48096087147051475
1600000.0,1232334.314126274,367665.6858737259,0.2297910536710787
1350000.0,990252.3383158649,359747.6616841351,0.2664797493956556
1390000.0,1085668.8921574824,304331.10784251755,0.2189432430521709
449000.0,994613.4081231384,-545613.4081231384,1.215174628336611
776000.0,884628.6146816612,-108628.61468166125,0.13998532819801707
399999.0,941336.5928263768,-541337.5928263768,1.3533473654343555
824000.0,837904.6509155716,-13904.650915571605,0.016874576353849036
1252000.0,868681.9197618036,383318.0802381964,0.30616460082923036
1355000.0,1177928.5256570051,177071.47434299486,0.13068005486567885
1200000.0,1194154.2953918495,5845.704608150525,0.004871420506792104
2100000.0,1316217.8354925227,783782.1645074773,0.37322960214641776
690000.0,823792.146965363,-133792.14696536295,0.19390166226864194
2050000.0,1302778.2404647903,747221.7595352097,0.36449841928546817
762000.0,752628.3479822362,9371.652017763816,0.012298755928823905
1185000.0,829931.7711485578,355068.2288514422,0.29963563616155464
755000.0,1047650.8554111044,-292650.8554111044,0.38761702703457535
1020000.0,818976.1323696813,201023.86763031874,0.19708222316697915
988888.0,1387751.6832721182,-398863.6832721182,0.4033456602488029
1850000.0,1070486.1215567954,779513.8784432046,0.421358853212543
1815000.0,2671076.6351278536,-856076.6351278536,0.4716675675635557
321000.0,638157.8948202378,-317157.89482023777,0.9880308249851644
1850001.0,719793.108285346,1130207.891714654,0.6109228544820537
490000.0,1190096.3063862668,-700096.3063862668,1.4287679722168711
875000.0,804399.5180302016,70600.48196979845,0.08068626510834108
785000.0,732077.5268375163,52922.47316248366,0.0674171632643104
1550000.0,1141835.9859489107,408164.0140510893,0.26333162196844473
550000.0,1148363.5803955689,-598363.5803955689,1.087933782537398
1375000.0,1028497.1729086502,346502.82709134975,0.25200205606643616
1215000.0,2440330.64559395,-1225330.64559395,1.008502588966214
730000.0,540897.7672148185,189102.2327851815,0.2590441545002486
1480000.0,1661899.010667306,-181899.0106673059,0.12290473693736885
1099000.0,805752.6204366914,293247.37956330855,0.26683110060355647
1835000.0,825727.3638509607,1009272.6361490393,0.5500123357760431
780000.0,849772.4413172763,-69772.44131727633,0.08945184784266197
660000.0,705613.3322829742,-45613.33228297415,0.0691111095196578
1400000.0,656922.6104882585,743077.3895117415,0.5307695639369582
1200000.0,1157128.8411445655,42871.15885543451,0.03572596571286209
1280000.0,813901.9341228867,466098.06587711326,0.36413911396649473
1840000.0,1582300.2919923153,257699.70800768468,0.14005418913461123
1510000.0,1227514.9380560676,282485.06194393244,0.18707619996286917
700000.0,768768.0145185004,-68768.01451850042,0.09824002074071489
864000.0,1702760.0058705823,-838760.0058705823,0.9707870438316925
1555500.0,2718183.3055770556,-1162683.3055770556,0.7474659630839315
1600000.0,894737.7980690096,705262.2019309904,0.440788876206869
485750.0,617851.7575334653,-132101.75753346528,0.271954210053454
755000.0,948772.0690465277,-193772.06904652773,0.2566517470814937
1115000.0,780438.4472782926,334561.5527217074,0.30005520423471516
1100000.0,1010755.0410749001,89244.95892509993,0.08113178084099994
685000.0,594517.3119002652,90482.68809973483,0.13209151547406545
777000.0,764177.873161839,12822.126838161028,0.016502093742806985
1155000.0,2072396.1331805673,-917396.1331805673,0.7942823663901015
1205000.0,944723.609705778,260276.39029422204,0.21599700439354527
427000.0,670269.7168885133,-243269.7168885133,0.5697183065304761
385000.0,519642.0600344026,-134642.0600344026,0.34971963645299375
785000.0,1187487.226859102,-402487.226859102,0.5127225819861172
750000.0,602597.2943563929,147402.70564360707,0.19653694085814277
1635000.0,1067541.2155889154,567458.7844110846,0.34706959291197836
2750000.0,1234359.4504070734,1515640.5495929266,0.5511420180337915
5000000.0,1227744.2973382315,3772255.7026617685,0.7544511405323537
605000.0,1202554.8708907417,-597554.8708907417,0.9876940014723004
1250000.0,776547.5377580086,473452.4622419914,0.3787619697935931
1260000.0,1064335.094443854,195664.90555614606,0.1552896075842429
1105000.0,919605.5600015301,185394.4399984699,0.16777777375427141
1259000.0,1253723.06420356,5276.935796440113,0.004191370767625189
559000.0,1445930.8149937605,-886930.8149937605,1.5866383094700547
1800000.0,657544.8429427742,1142455.1570572257,0.6346973094762365
950000.0,920005.707828925,29994.29217107501,0.03157293912744738
825000.0,567574.0572479838,257425.94275201624,0.3120314457600197
1070000.0,861251.6384853923,208748.36151460768,0.19509192664916605
1317470.0,1012451.2279434516,305018.7720565484,0.23151857124378422
1450000.0,1299329.051826959,150670.948173041,0.10391099874002827
1250000.0,1031215.6338649638,218784.36613503622,0.175027492908029
1200000.0,899658.9719471814,300341.0280528186,0.25028419004401553
3000000.0,3584280.376418697,-584280.3764186972,0.19476012547289906
275000.0,442013.48327245924,-167013.48327245924,0.6073217573543972
1850000.0,1045748.5330492847,804251.4669507153,0.4347305226760623
657000.0,1206087.2687600588,-549087.2687600588,0.8357492675191154
1400000.0,1026351.7283391088,373648.27166089125,0.26689162261492233
680000.0,670553.5313860395,9446.468613960547,0.01389186560876551
1240000.0,1064110.3730408682,175889.6269591318,0.14184647335413855
548000.0,650762.6746922717,-102762.67469227174,0.1875231290004959
449000.0,1080109.0134364632,-631109.0134364632,1.4055880031992498
858770.0,1321648.6099607442,-462878.60996074416,0.5390018397949907
2685000.0,1351888.4152888716,1333111.5847111284,0.4965033835050757
720000.0,804399.5180302016,-84399.51803020155,0.11722155281972438
805000.0,673955.4071363076,131044.59286369244,0.1627883141163881
1045000.0,791378.7622839342,253621.23771606584,0.24269974901058933
1050000.0,979400.8390920762,70599.16090792383,0.0672372961027846
2550000.0,3992458.674411063,-1442458.674411063,0.5656700683964954
5712500.0,2368388.9290798153,3344111.0709201847,0.585402375653424
1925000.0,1955183.202467362,-30183.20246736193,0.015679585697330873
1525000.0,851765.6834220046,673234.3165779954,0.441465125624915
1465000.0,1024509.4018155234,440490.5981844766,0.3006761762351376
970000.0,546276.6348254263,423723.36517457373,0.4368282115201791
1050000.0,909359.2809966691,140640.71900333092,0.1339435419079342
542000.0,792539.9480266266,-250539.9480266266,0.46225082661739225
1225000.0,1126641.192731362,98358.80726863793,0.08029290389276565
1710000.0,773381.1861129527,936618.8138870473,0.5477303005187412
485000.0,920763.286504334,-435763.28650433396,0.8984810031017195
420000.0,618664.3885949613,-198664.38859496126,0.47301044903562206
675000.0,1188138.9213453096,-513138.9213453096,0.7602058094004587
1235000.0,980071.7953042977,254928.2046957023,0.2064195989438885
560000.0,367733.8685081562,192266.1314918438,0.34333237766400676
635000.0,826632.0356469768,-191632.0356469768,0.30178273330232563
565000.0,452214.77022792574,112785.22977207426,0.1996198757027863
1300000.0,769528.7693656139,530471.2306343861,0.4080547927956816
1010000.0,1024779.6579426872,-14779.657942687161,0.014633324695729862
1218000.0,1075001.6623695316,142998.33763046842,0.1174042180874125
975000.0,882248.168320817,92751.83167918294,0.09513008377352096
815000.0,1993401.6615290323,-1178401.6615290323,1.4458916092380765
852000.0,1177000.0692859776,-325000.06928597763,0.38145548038260285
1690000.0,823850.3291048567,866149.6708951433,0.5125145981628066
1825000.0,1240071.289800685,584928.7101993151,0.32050888230099456
598000.0,831471.5543084857,-233471.5543084857,0.39042065937873865
727000.0,779838.526348991,-52838.52634899097,0.07268022881566846
765000.0,618107.9422978865,146892.05770211353,0.19201576170210918
820000.0,723427.579377917,96572.42062208301,0.11777124466107684
1800000.0,784605.1118436188,1015394.8881563812,0.5641082711979896
560000.0,706385.5481751738,-146385.5481751738,0.2614027645985247
560000.0,726266.6417094277,-166266.6417094277,0.29690471733826374
1220000.0,571385.4065625992,648614.5934374008,0.5316513060962301
1085000.0,798136.0018400121,286863.99815998785,0.2643907817142745
760000.0,676253.0605580382,83746.93944196182,0.1101933413710024
745000.0,923100.6088549702,-178100.6088549702,0.2390612199395573
762500.0,645756.3551807121,116743.64481928793,0.1531064194351317
499000.0,704492.8889008415,-205492.88890084147,0.4118093965948727
670000.0,1382170.2629154455,-712170.2629154455,1.0629406909185755
875000.0,861332.9795263184,13667.020473681623,0.015619451969921856
1690000.0,1129304.8437525686,560695.1562474314,0.33177228180321383
3125000.0,926858.5678337701,2198141.43216623,0.7034052582931936
1000000.0,1264794.1637010984,-264794.1637010984,0.26479416370109843
973500.0,620182.1340336325,353317.86596636754,0.36293566098240115
675000.0,727833.4047524859,-52833.40475248592,0.07827171074442359
1325000.0,851710.0427623976,473289.95723760244,0.35719996772649243
826000.0,832082.1183848544,-6082.118384854402,0.007363339448976274
1560000.0,857288.1796302154,702711.8203697846,0.4504562951088363
828000.0,823383.5421028947,4616.457897105254,0.0055754322428807415
901000.0,384155.51587013935,516844.48412986065,0.5736342776136079
1850000.0,876057.8829317819,973942.1170682181,0.526455198415253
2235000.0,1361310.192570169,873689.807429831,0.3909126655167029
1500888.0,774345.4742819034,726542.5257180966,0.4840751113461475
6800000.0,1526976.0501998267,5273023.949800173,0.7754446985000254
1189000.0,705714.6202241002,483285.3797758998,0.4064637340419679
850000.0,913519.058804719,-63519.05880471901,0.07472830447614001
460000.0,774905.9683524286,-314905.96835242864,0.6845781920704971
992888.0,814752.4963199485,178135.50368005154,0.17941147811238684
680000.0,649222.3309363591,30777.669063640875,0.04526127803476599
910000.0,653200.6496135183,256799.35038648173,0.28219708833679313
1160000.0,1445688.1769017612,-285688.1769017612,0.24628291112220793
785000.0,857479.8451317828,-72479.84513178281,0.0923310129067297
1200000.0,1274170.1504119507,-74170.15041195066,0.06180845867662555
1175000.0,1233276.5020706218,-58276.50207062182,0.049597023038827084
735000.0,1098143.463537064,-363143.4635370639,0.4940727395062094
450000.0,712311.2401351559,-262311.24013515585,0.582913866967013
1350000.0,516189.8004883209,833810.1995116791,0.617637184823466
808000.0,867189.0072139315,-59189.00721393153,0.0732537217994202
1549000.0,1099538.243301998,449461.7566980021,0.29016252853324864
524900.0,520082.14105313184,4817.85894686816,0.009178622493557173
495000.0,570500.7562850357,-75500.75628503575,0.1525267803738096
2050000.0,831697.4594651386,1218302.5405348614,0.5942939222121275
360725.0,506747.70279415627,-146022.70279415627,0.4048033898237058
760000.0,602765.7216205198,157234.27837948024,0.20688720839405295
1915000.0,832769.2673988431,1082230.732601157,0.5651335418282804
1395000.0,825727.3638509607,569272.6361490393,0.40808074275916795
500000.0,804266.2981136764,-304266.29811367637,0.6085325962273528
415000.0,616054.3177362767,-201054.31773627666,0.4844682355091004
3560000.0,3174242.753038725,385757.2469612751,0.10835877723631324
650000.0,1127634.4343614557,-477634.43436145573,0.7348222067099319
736000.0,935493.864250215,-199493.864250215,0.2710514459921399
570000.0,952767.73993425,-382767.73993425,0.6715223507618421
909000.0,1330183.8032636016,-421183.8032636016,0.46334851844180597
885000.0,941854.9006344549,-56854.90063445491,0.06424282557565526
675000.0,694195.6929615024,-19195.692961502355,0.028438063646670154
1250000.0,769772.3089961282,480227.69100387185,0.3841821528030975
620000.0,1041103.0116859588,-421103.01168595883,0.6791984059450948
1685000.0,1002174.4990219263,682825.5009780737,0.40523768604039984
955000.0,825727.3638509607,129272.63614903926,0.13536401690998875
300000.0,447379.5628896097,-147379.56288960972,0.4912652096320324
1155000.0,1144371.3204202596,10628.67957974039,0.009202319982459212
899000.0,570707.775895828,328292.22410417197,0.3651748877688231
968000.0,801849.2685133854,166150.73148661456,0.17164331765146132
1045000.0,758712.6813566671,286287.3186433329,0.27395915659649084
1200000.0,1261420.231535711,-61420.23153571109,0.051183526279759244
590000.0,736771.9271799128,-146771.9271799128,0.24876597827103866
1130000.0,930203.0953269015,199796.90467309847,0.17681142006468892
559900.0,640145.2025776714,-80245.20257767139,0.14332059756683585
1418500.0,1058864.7009024182,359635.29909758177,0.2535321107490883
6000000.0,1393268.7657936984,4606731.234206302,0.7677885390343837
1025000.0,1354016.4562939578,-329016.4562939578,0.320991664677032
1480000.0,780438.4472782926,699561.5527217074,0.47267672481196443
1320000.0,918220.3223296042,401779.6776703958,0.3043785436896938
1450000.0,1031816.1959387653,418183.8040612347,0.28840262349050666
1750000.0,1790551.412965136,-40551.412965136115,0.02317223598007778
1250000.0,953271.9732664454,296728.02673355455,0.23738242138684365
1335000.0,1113871.6562942495,221128.34370575054,0.16563920876835247
1325000.0,991703.4641729983,333296.5358270017,0.25154455534113335
950000.0,988621.2955996472,-38621.295599647216,0.0406539953680497
1255000.0,948774.329885713,306225.67011428694,0.24400451801935213
917000.0,1107357.4937284524,-190357.49372845236,0.20758723416407018
1775000.0,1778754.9610032649,-3754.961003264878,0.002115470987754861
976000.0,992425.8067639262,-16425.80676392617,0.016829720045006324
865000.0,995315.454250227,-130315.45425022696,0.1506537043355225
505000.0,672136.4138914493,-167136.41389144934,0.33096319582465217
750000.0,741271.104095418,8728.895904581994,0.011638527872775991
851000.0,885512.8310222797,-34512.831022279686,0.04055561812253782
1250000.0,625752.1172767926,624247.8827232074,0.4993983061785659
1150000.0,786838.8649975267,363161.13500247325,0.3157922913064985
1052500.0,855775.5766915977,196724.4233084023,0.18691156608874326
2400000.0,4406564.697217777,-2006564.6972177774,0.8360686238407405
839000.0,1136766.426865824,-297766.42686582403,0.3549063490653445
1900000.0,836032.5771672146,1063967.4228327854,0.5599828541225186
1500000.0,688394.128281624,811605.871718376,0.5410705811455839
476000.0,543843.4148962514,-67843.4148962514,0.14252818255515
1200000.0,979572.4628295478,220427.53717045218,0.18368961430871014
865000.0,1088560.9436877747,-223560.9436877747,0.25845195802054877
2050000.0,943310.4723078131,1106689.5276921869,0.5398485500937497
2200000.0,1302491.394726839,897508.6052731611,0.40795845694234595
665000.0,435062.9226714067,229937.0773285933,0.34577004109562903
894000.0,1091039.0514394518,-197039.05143945175,0.22040162353406237
892000.0,647776.1443132873,244223.85568671266,0.2737935601868976
1510000.0,905705.0337965512,604294.9662034488,0.4001953418565886
1575000.0,2271178.510989336,-696178.5109893358,0.44201810221545135
585000.0,476245.1839351101,108754.81606488989,0.18590566848699128
665000.0,1220265.6296078337,-555265.6296078337,0.8349859091847123
575000.0,616092.9031194946,-41092.90311949456,0.07146591846868619
550000.0,707077.5452563867,-157077.54525638674,0.2855955368297941
754000.0,695436.6794067154,58563.32059328456,0.07767018646324213
705000.0,677828.482199703,27171.517800297006,0.038541160000421286
999000.0,833049.0016851767,165950.99831482326,0.1661171154302535
400000.0,544908.3726862518,-144908.37268625177,0.3622709317156294
765000.0,491607.15659701417,273392.84340298583,0.357376265886256
510000.0,745721.1075951809,-235721.10759518086,0.46219825018662913
805000.0,807374.4406187348,-2374.440618734807,0.002949615675446965
1330000.0,1315751.0814380534,14248.9185619466,0.010713472602967369
2000000.0,1168874.004975977,831125.9950240231,0.41556299751201153
1395000.0,1329208.9654822461,65791.03451775387,0.04716203191236837
1875000.0,1540101.1420925641,334898.85790743586,0.17861272421729912
577000.0,583277.3818333487,-6277.381833348656,0.010879344598524535
905000.0,760672.2055046409,144327.79449535906,0.15947822596172273
1620000.0,1527732.8953910167,92267.10460898327,0.0569550028450514
1050000.0,944723.609705778,105276.39029422204,0.10026322885164005
960000.0,734770.2450789954,225229.75492100464,0.23461432804271318
485000.0,862199.583992181,-377199.583992181,0.7777311010148061
1005000.0,909782.1464943272,95217.85350567277,0.09474413284146545
827900.0,1035579.4458258473,-207679.44582584733,0.2508508827465241
790000.0,545901.8918020996,244098.10819790035,0.3089849470859498
1040000.0,1287411.6552990738,-247411.65529907378,0.23789582240295556
735000.0,652403.3771470368,82596.62285296316,0.11237635762307913
625000.0,919237.7263499778,-294237.7263499778,0.47078036215996444
632000.0,457370.67698418855,174629.32301581145,0.27631221996172695
940000.0,1025815.0635423955,-85815.06354239548,0.09129262078978242
11900.0,2770746.9741206574,-2758846.9741206574,231.8358801782065
355000.0,514019.88929711696,-159019.88929711696,0.4479433501327238
650000.0,941231.4373320214,-291231.4373320214,0.4480483651261868
2750000.0,1628567.3174416567,1121432.6825583433,0.4077937027484885
6400000.0,1593517.7994070936,4806482.200592906,0.7510128438426416
2200000.0,1152437.8196373896,1047562.1803626104,0.47616462743755017
940000.0,772486.897420201,167513.10257979902,0.17820542827638194
1228000.0,2168502.3724986357,-940502.3724986357,0.7658814108295079
1325000.0,1187008.2086332932,137991.79136670684,0.10414474820128818
3650000.0,914584.1149313375,2735415.8850686625,0.7494290096078527
1325000.0,895095.1921454673,429904.80785453273,0.3244564587581379
1072000.0,1098968.6484821634,-26968.648482163437,0.025157321345301714
2015000.0,1218294.9366171788,796705.0633828212,0.3953871282296879
1528000.0,1409643.4724497353,118356.52755026473,0.07745846043865492
1008000.0,915833.3300734067,92166.66992659331,0.0914351884192394
715000.0,920470.545050344,-205470.54505034396,0.28737139167880277
1400000.0,943352.2509056672,456647.7490943328,0.32617696363880916
970000.0,784054.6938055856,185945.30619441438,0.19169619195300452
649000.0,490120.857786171,158879.14221382898,0.24480607428941292
535000.0,715061.721463095,-180061.72146309505,0.3365639653515795
1060000.0,691614.5096269924,368385.4903730076,0.34753348148396945
600000.0,925346.6822279274,-325346.6822279274,0.542244470379879
650000.0,846229.3373088728,-196229.33730887284,0.30189128816749666
910000.0,1026721.3626413967,-116721.3626413967,0.12826523367186451
590000.0,1268691.7787611973,-678691.7787611973,1.150325048747792
1525000.0,1330183.8032636016,194816.1967363984,0.12774832572878583
290000.0,394946.45647224935,-104946.45647224935,0.3618843326629288
2550000.0,1322084.6987673622,1227915.3012326378,0.48153541224809326
610000.0,736403.3437354907,-126403.3437354907,0.20721859628768965
1670000.0,1001286.7985189831,668713.2014810169,0.4004270667551
435000.0,1014909.435144301,-579909.435144301,1.333125138262761
1740000.0,955711.155673183,784288.844326817,0.4507407151303546
935000.0,1269836.9595163472,-334836.95951634715,0.3581143952046494
1750000.0,796792.6780612059,953207.3219387941,0.5446898982507394
1525000.0,955200.8014981258,569799.1985018742,0.37363881868975357
752000.0,917973.3613921081,-165973.36139210814,0.22070925717035658
1920000.0,1534251.6741531175,385748.32584688254,0.20091058637858467
1100001.0,752214.1900751905,347786.8099248095,0.31616953977751794
450000.0,570183.2212213702,-120183.22122137016,0.2670738249363781
990000.0,952310.2935580474,37689.706441952614,0.03807041054742688
3125000.0,3201294.960878209,-76294.96087820921,0.024414387481026947
590000.0,778204.1328753023,-188204.13287530234,0.31899005572085143
1950000.0,1318943.8332569932,631056.1667430068,0.32361854704769577
1610000.0,904409.6471940479,705590.3528059521,0.4382548775192249
650000.0,518138.4126174643,131861.58738253568,0.20286398058851643
845000.0,887145.222983531,-42145.222983530955,0.04987600353080587
589888.0,731585.8043536857,-141697.8043536857,0.24021136953741337
550000.0,647776.1443132873,-97776.14431328734,0.17777480784234062
420000.0,930782.6397995825,-510782.63979958254,1.2161491423799584
1968000.0,1152339.4613162586,815660.5386837414,0.4144616558352344
1700000.0,1460284.2460235094,239715.75397649058,0.14100926704499445
590000.0,768781.3455938732,-178781.34559387318,0.303019229820124
880000.0,1101875.1397092906,-221875.13970929058,0.2521308405787393
800000.0,903955.6083951981,-103955.60839519813,0.12994451049399766
1470000.0,1133679.5104798784,336320.4895201216,0.22878944865314393
1050000.0,743885.5257376147,306114.4742623853,0.291537594535605
1700000.0,852123.1870181867,847876.8129818133,0.4987510664598902
1575000.0,1217395.453504553,357604.54649544694,0.22705050571139487
730000.0,1060888.7539207214,-330888.75392072136,0.45327226564482376
360000.0,566335.023551789,-206335.023551789,0.5731528431994138
1450000.0,1062519.3770137534,387480.6229862466,0.2672280158525839
900000.0,993013.4976765346,-93013.49767653458,0.10334833075170509
925000.0,797343.0320274543,127656.96797254565,0.1380075329432926
1615000.0,1029764.726744561,585235.273255439,0.3623747822015102
899000.0,924573.8810448534,-25573.881044853362,0.02844703119560997
1085000.0,1749755.6140725655,-664755.6140725655,0.6126779853203368
624900.0,598680.8980101771,26219.101989822928,0.04195727634793235
930000.0,908855.6212401596,21144.378759840387,0.02273589113961332
275000.0,884651.6579752028,-609651.6579752028,2.2169151199098285
1135000.0,775305.7911492046,359694.2088507954,0.3169111972253704
655000.0,816019.5081459114,-161019.5081459114,0.2458313101464296
820000.0,888835.9983046957,-68835.9983046957,0.08394633939597038
2420000.0,1335227.7498053445,1084772.2501946555,0.4482529959482047
316000.0,448196.1022710006,-132196.10227100062,0.41834209579430576
1035000.0,1024999.040366652,10000.959633348044,0.009662762930771058
1094000.0,792584.4598019735,301415.54019802646,0.275516947164558
260000.0,526234.666794126,-266234.66679412604,1.0239794876697155
2350000.0,1196889.8695183813,1153110.1304816187,0.4906851619070718
1220000.0,872691.1710070104,347308.8289929896,0.2846793680270407
700000.0,769462.0694532208,-69462.06945322081,0.09923152779031545
975000.0,908072.5611110977,66927.43888890231,0.06864352706554083
320000.0,642493.501920258,-322493.50192025804,1.0077921935008063
510000.0,594988.748264137,-84988.74826413696,0.16664460443948423
930000.0,955721.2349088365,-25721.234908836544,0.02765724183745865
765000.0,1354439.7066039762,-589439.7066039762,0.7705094203973545
2335000.0,1080671.7384444424,1254328.2615555576,0.5371855509873908
510000.0,643895.6986860426,-133895.69868604257,0.262540585658907
575000.0,585626.4488212811,-10626.448821281083,0.01848078055874971
417000.0,751614.2266303976,-334614.2266303976,0.8024321981544307
745000.0,861613.0752628461,-116613.07526284608,0.15652761780247795
765000.0,790026.9369548213,-25026.936954821344,0.032714950267740316
1500000.0,1189695.2980614852,310304.70193851483,0.20686980129234323
840000.0,856527.7245626257,-16527.72456262575,0.019675862574554465
988000.0,1511027.373764073,-523027.373764073,0.5293799329595881
945000.0,833790.3032639135,111209.69673608651,0.11768221876834552
410000.0,545803.4806050824,-135803.48060508235,0.3312280014758106
750000.0,793964.1006028866,-43964.10060288664,0.058618800803848854
1850000.0,1367444.8808642556,482555.1191357444,0.26084060493824024
675000.0,539807.8521187615,135192.1478812385,0.20028466352776073
3200000.0,1418908.4191470426,1781091.5808529574,0.5565911190165492
1000000.0,907408.4335643146,92591.56643568538,0.09259156643568538
689990.0,1050203.3528384967,-360213.3528384967,0.5220559034746832
817500.0,747677.5735921804,69822.42640781961,0.08540969591170595
820000.0,514775.0903618738,305224.9096381262,0.3722254995586905
450000.0,916368.4533304187,-466368.4533304187,1.0363743407342638
720000.0,815244.2897645249,-95244.2897645249,0.13228373578406236
1220000.0,1069908.889489021,150091.11051097908,0.12302550041883531
780000.0,848698.8275205139,-68698.8275205139,0.08807541989809475
1030000.0,1067815.5140299823,-37815.51402998227,0.03671409129124492
550000.0,772154.6004569536,-222154.60045695363,0.4039174553762793
2430000.0,1143311.0741166505,1286688.9258833495,0.5295016155898558
420000.0,1153862.760762766,-733862.760762766,1.7472922875303953
1139800.0,781799.934651095,358000.06534890505,0.3140902485952843
560000.0,536673.9262654324,23326.073734567617,0.04165370309744217
985000.0,857571.431055575,127428.56894442497,0.129369105527335
1145000.0,1053222.9549239501,91777.04507604986,0.08015462452056757
780000.0,987486.3437446702,-207486.34374467016,0.26600813300598736
2350000.0,2229012.668053908,120987.33194609219,0.051483971040890295
755000.0,676253.0605580382,78746.93944196182,0.10430058204233353
1019000.0,918318.9806649531,100681.01933504688,0.09880374812075257
502500.0,538141.7211016275,-35641.72110162745,0.07092879821219393
585000.0,618635.8209916966,-33635.82099169656,0.057497129900335994
1325000.0,1182327.0568809425,142672.94311905745,0.10767769292004337
489000.0,567228.6208420342,-78228.62084203423,0.1599767297383113
1528000.0,668728.4643315547,859271.5356684453,0.5623504814584066
305500.0,1077321.650505205,-771821.6505052049,2.526421114583322
1537000.0,1157347.3158795717,379652.6841204283,0.24700890313625784
295000.0,791378.7622839342,-496378.76228393416,1.6826398721489293
1699999.0,1895319.5492561136,-195320.5492561136,0.11489450832389525
1368000.0,1013047.7155375606,354952.28446243936,0.2594680441976896
100000.0,285000.911520727,-185000.91152072698,1.8500091152072697
1375000.0,955888.8575233341,419111.1424766659,0.30480810361939337
485000.0,556346.7852185825,-71346.78521858249,0.14710677364656183
1875000.0,2732743.157457049,-857743.157457049,0.45746301731042616
875000.0,854513.3544843458,20486.645515654236,0.0234133091607477
826000.0,1007294.114169599,-181294.11416959902,0.2194843997210642
860000.0,933251.541759813,-73251.54175981297,0.08517621134861973
752500.0,946443.6007602153,-193943.6007602153,0.25773235981423964
850000.0,851710.0427623976,-1710.0427623975556,0.0020118150145853595
499900.0,1059705.2282776318,-559805.2282776318,1.1198344234399515
925000.0,692854.5808242755,232145.4191757245,0.250968020730513
840000.0,669587.1232401631,170412.87675983692,0.20287247233313918
785000.0,826209.5756982978,-41209.57569829782,0.05249627477490168
1760000.0,844601.2210072725,915398.7789927275,0.5201129426095042
1415000.0,1143631.5399330629,271368.46006693714,0.19177983043599797
795000.0,769970.5132933145,25029.486706685508,0.031483631077591834
1216000.0,830929.7240651513,385070.2759348487,0.31666963481484267
990000.0,1111353.8645968996,-121353.8645968996,0.1225796612089895
1200000.0,1003523.8496944709,196476.15030552913,0.16373012525460762
1150000.0,1021806.4930835473,128193.50691645266,0.11147261470995884
355000.0,857390.3877701719,-502390.38777017186,1.4151841909018925
917000.0,1067298.4368906005,-150298.43689060048,0.16390233030599835
1275000.0,799532.4483200804,475467.5516799196,0.37291572680778007
357000.0,523060.816772906,-166060.816772906,0.46515634950393836
1550000.0,701910.6483669978,848089.3516330022,0.5471544204083885
836500.0,695907.3164080237,140592.6835919763,0.16807254464073676
929000.0,800762.4704735454,128237.52952645463,0.1380382449154517
1479000.0,1171620.621298186,307379.378701814,0.20782919452455306
785000.0,501746.5695220331,283253.4304779669,0.3608323955133336
1340000.0,1143535.499448164,196464.5005518361,0.14661529891928068
960000.0,1370528.5026306526,-410528.5026306526,0.42763385690692984
315000.0,761610.5421947916,-446610.5421947916,1.4178112450628304
450000.0,829730.1159561289,-379730.1159561289,0.843844702124731
1650000.0,1370063.8226547786,279936.1773452214,0.16965828930013419
455000.0,575964.0399037432,-120964.03990374319,0.26585503275547956
640000.0,780219.678858248,-140219.67885824805,0.2190932482160126
1650000.0,886705.3934881114,763294.6065118886,0.462602791825387
939800.0,922055.3778561722,17744.622143827844,0.018881274892347144
730000.0,747907.8808073774,-17907.880807377398,0.02453134357174986
1397500.0,1261420.231535711,136079.7684642889,0.09737371625351621
1135000.0,1368386.3168394223,-233386.31683942233,0.20562671087173773
1400000.0,1094565.6074084002,305434.39259159984,0.21816742327971417
675000.0,751808.9290643391,-76808.92906433914,0.11379100602124317
300000.0,715232.3931293185,-415232.3931293185,1.3841079770977283
2760000.0,1172877.6082253489,1587122.3917746511,0.5750443448458881
1315000.0,800762.4704735454,514237.52952645463,0.39105515553342557
1750000.0,1553215.4817347787,196784.51826522127,0.11244829615155501
1425000.0,626416.6844615507,798583.3155384493,0.5604093442375083
416500.0,930722.4695295945,-514222.4695295945,1.2346277779822197
2400000.0,1115505.0593815926,1284494.9406184074,0.5352062252576698
799900.0,633110.1185821068,166789.88141789322,0.2085134159493602
3298000.0,595208.3412004383,2702791.6587995617,0.8195244568828265
1298800.0,985591.095574491,313208.90442550904,0.241152528815452
610000.0,1019564.551163918,-409564.551163918,0.6714172969900295
1010000.0,854736.2091580825,155263.7908419175,0.15372652558605693
1300000.0,1333316.6417892505,-33316.64178925054,0.025628185991731185
580000.0,399263.12069871946,180736.87930128054,0.31161530914013885
695000.0,729095.0793718087,-34095.07937180868,0.0490576681608758
1170000.0,932681.2438502521,237318.75614974787,0.20283654371773321
475000.0,698526.946198907,-223526.94619890698,0.47058304462927786
945000.0,1235375.91343799,-290375.91343799,0.3072760988761799
725000.0,760931.238935445,-35931.23893544497,0.04956032956613099
775000.0,937258.9859537982,-162258.98595379817,0.20936643348877182
660000.0,1085438.841638123,-425438.8416381229,0.6446043055123074
785000.0,570500.7562850357,214499.24371496425,0.2732474442228844
1080000.0,1048258.0253740223,31741.974625977688,0.029390717246275636
475000.0,614589.6666662926,-139589.66666629259,0.2938729824553528
930000.0,890739.8534374426,39260.146562557435,0.04221521135758864
1235000.0,861535.9753893778,373464.0246106222,0.3024000199276293
851000.0,796933.3061568644,54066.69384313561,0.06353313025045312
2000000.0,1330211.9340914863,669788.0659085137,0.33489403295425685
2375000.0,984552.2829510989,1390447.7170489011,0.5854516703363795
728000.0,514775.0903618738,213224.9096381262,0.2928913593930305
1199000.0,1065495.2226588514,133504.77734114858,0.11134677009270107
800000.0,676724.9225023008,123275.07749769918,0.154093846872124
690000.0,451322.597944331,238677.402055669,0.3459092783415493
2240000.0,1617446.8465331094,622553.1534668906,0.27792551494057616
1120000.0,526364.146118816,593635.853881184,0.5300320123939143
1050000.0,1229963.4945439447,-179963.49454394472,0.1713938043275664
2500000.0,1175900.0079641512,1324099.9920358488,0.5296399968143395
1925000.0,1045803.1439590129,879196.8560409871,0.45672563950181144
730000.0,784711.2480663827,-54711.248066382715,0.07494691515942838
652000.0,746113.7291537802,-94113.72915378015,0.14434621035855852
1950000.0,1101265.4117739478,848734.5882260522,0.4352485067825909
1150000.0,1349051.7560995826,-199051.75609958265,0.17308848356485448
760000.0,757104.624788738,2895.3752112620277,0.0038097042253447734
1050000.0,2193729.777521947,-1143729.777521947,1.0892664547828066
1085000.0,1366780.5940983482,-281780.59409834817,0.25970561668050524
500000.0,620359.9240910272,-120359.92409102723,0.24071984818205447
1250000.0,844601.2210072725,405398.7789927275,0.324319023194182
1453000.0,1514739.49525403,-61739.495254029986,0.042491049727481064
1299000.0,902191.210688458,396808.78931154194,0.30547250909279594
1050000.0,883360.6961777196,166639.30382228037,0.15870409887836226
699000.0,652403.3771470368,46596.62285296316,0.06666183526890294
1200000.0,1298600.4033025564,-98600.40330255637,0.0821670027521303
735000.0,575130.0080863871,159869.99191361293,0.21751019307974548
1399000.0,832477.8591957946,566522.1408042054,0.4049479205176594
490000.0,663595.6721590704,-173595.67215907038,0.3542768819572865
1289000.0,1160833.2015121742,128166.79848782578,0.09943118579350332
635000.0,958345.1063405907,-323345.10634059075,0.5092048918749461
2225000.0,1481838.0363805925,743161.9636194075,0.33400537690759885
4400000.0,938739.9924038377,3461260.007596162,0.7866500017264005
1300000.0,1463745.1185245286,-163745.11852452857,0.1259577834804066
325000.0,512468.3437929207,-187468.3437929207,0.5768256732089868
2200000.0,1542654.1102350084,657345.8897649916,0.29879358625681435
1215000.0,1055923.6832050623,159076.3167949377,0.13092700970776766
700000.0,570069.8108449291,129930.18915507093,0.1856145559358156
824900.0,788452.7404842298,36447.259515770245,0.0441838520011762
1180000.0,883857.5449153221,296142.4550846779,0.2509681822751508
505000.0,575492.5302019459,-70492.53020194592,0.13958916871672458
1100000.0,724646.9636776767,375353.03632232326,0.34123003302029387
675000.0,842848.7251486778,-167848.72514867783,0.24866477799804124
2170000.0,1117344.573202383,1052655.426797617,0.48509466672701246
440000.0,454910.88298324554,-14910.882983245538,0.03388837041646713
2295000.0,1894095.670614112,400904.32938588806,0.1746859823032192
686000.0,609045.3565603078,76954.64343969221,0.11217878052433267
415000.0,811269.0684472995,-396269.06844729953,0.9548652251742158
435000.0,1122338.5773674715,-687338.5773674715,1.5800886836033827
328000.0,496463.0509215737,-168463.0509215737,0.5136068625657735
529900.0,560667.9552281749,-30767.95522817492,0.058063701128844916
569812.0,1015203.5303066319,-445391.53030663193,0.7816464558602345
400000.0,641522.8833684173,-241522.88336841727,0.6038072084210432
755000.0,1212687.9518362419,-457687.9518362419,0.6062092077301217
439000.0,654514.8065464206,-215514.80654642056,0.4909221105841015
568000.0,718608.4767080185,-150608.47670801845,0.26515576885214515
405000.0,617676.8199128702,-212676.81991287018,0.5251279504021485
3250000.0,1632860.9145819042,1617139.0854180958,0.4975812570517218
2200000.0,1808636.5480214488,391363.4519785512,0.17789247817206874
626000.0,616273.5163533192,9726.483646680834,0.015537513812589191
2100000.0,669103.2884445556,1430896.7115554444,0.6813793864549735
750000.0,784329.5403310524,-34329.54033105238,0.04577272044140318
1700000.0,917051.8087379117,782948.1912620883,0.46055775956593425
1560000.0,1116848.2243672782,443151.77563272184,0.2840716510466166
925000.0,885159.5837230835,39840.41627691651,0.0430707202993692
825000.0,581445.8744402803,243554.12555971975,0.29521712189056937
895000.0,978375.7719632365,-83375.7719632365,0.09315728710976146
1425000.0,1454293.9577782662,-29293.957778266165,0.02055716335316924
1060000.0,912574.4315654848,147425.56843451515,0.13908072493822185
650000.0,821960.9435206275,-171960.94352062745,0.26455529772404224
435000.0,531266.6712420413,-96266.67124204128,0.2213026925104397
875000.0,719996.192358173,155003.80764182704,0.1771472087335166
382500.0,836195.672980811,-453695.672980811,1.1861324783812053
1025000.0,1461850.2069804028,-436850.2069804028,0.4261953238833198
450000.0,694451.7546349711,-244451.75463497115,0.543226121411047
1311000.0,996823.2448209345,314176.7551790655,0.23964664773384098
1155000.0,595014.5079618633,559985.4920381367,0.4848359238425426
1400000.0,1222548.0347260446,177451.96527395537,0.12675140376711097
1470000.0,962715.1950847522,507284.80491524783,0.3450917040239781
771000.0,743069.3107806946,27930.68921930541,0.03622657486291233
1325000.0,769903.8213203832,555096.1786796168,0.4189405122110315
1900000.0,1011096.6761901353,888903.3238098647,0.4678438546367709
2090000.0,843945.0892895816,1246054.9107104184,0.5961985218710135
555000.0,908904.4715707079,-353904.47157070786,0.637665714541816
710000.0,873608.7753078018,-163608.77530780178,0.23043489479972082
825000.0,1043818.9148362639,-218818.91483626387,0.26523504828638045
1060000.0,720377.6914273555,339622.3085726445,0.32039840431381555
250000.0,238429.48496416077,11570.515035839227,0.04628206014335691
1565000.0,919605.5600015301,645394.4399984699,0.4123926134175526
1475000.0,999558.7382286518,475441.2617713482,0.32233305882803265
785000.0,1292874.6028732825,-507874.6028732825,0.646974016399086
525000.0,1293141.0848163003,-768141.0848163003,1.463125875840572
1320000.0,733328.5475550031,586671.4524449969,0.4444480700340886
420000.0,965375.4431160104,-545375.4431160104,1.2985129598000247
1095000.0,810961.9039391477,284038.0960608523,0.2593955215167601
1933000.0,2151046.123332533,-218046.12333253305,0.1128019261937574
940000.0,885433.3159400222,54566.684059977764,0.05804966389359337
210000.0,885433.3159400222,-675433.3159400222,3.216349123523915
612000.0,803198.5469517214,-191198.54695172142,0.3124159263917017
3229300.0,1115976.9729130026,2113323.0270869974,0.6544214000207468
680000.0,679811.9741675457,188.0258324543247,0.0002765085771387128
800000.0,807797.2572286346,-7797.257228634553,0.009746571535793192
1175000.0,1295187.7316224568,-120187.7316224568,0.10228743116804835
830000.0,791378.7622839342,38621.237716065836,0.04653161170610342
580990.0,1119457.5250499493,-538467.5250499493,0.9268103152376965
927000.0,1237557.017490505,-310557.017490505,0.33501296385167745
520000.0,774345.4742819034,-254345.47428190336,0.48912591208058337
4050000.0,4603783.8570760125,-553783.8570760125,0.13673675483358333
1337000.0,876443.2161959256,460556.7838040744,0.3444702945430624
900000.0,690052.6489076253,209947.35109237465,0.23327483454708295
2900000.0,2336819.680832078,563180.3191679218,0.19420011005790405
525000.0,1317598.945963822,-792598.9459638221,1.5097122780263277
1195000.0,1141358.133645848,53641.866354152095,0.04488859109134066
795000.0,432408.89291286154,362591.10708713846,0.45608944287690373
410000.0,540804.1755833796,-130804.17558337958,0.31903457459360873
2628000.0,1106023.1961715727,1521976.8038284273,0.5791388142421717
2295000.0,1930392.9426746464,364607.0573253536,0.1588701774838142
1075000.0,832082.1183848544,242917.8816151456,0.22597012243269357
440000.0,423675.26213387493,16324.73786612507,0.037101676968466064
1398888.0,1138192.3354834067,260695.66451659333,0.1863592113997642
425000.0,532925.280781413,-107925.28078141296,0.2539418371327364
907000.0,956894.586606474,-49894.58660647401,0.05501056957714885
1365000.0,1201837.8296201688,163162.17037983122,0.11953272555298991
662500.0,869199.8682123399,-206699.86821233993,0.31199980107523007
1306000.0,1334680.1896633226,-28680.189663322642,0.02196032899182438
530000.0,651854.5135058266,-121854.51350582659,0.2299141764260879
760000.0,602937.1951550712,157062.8048449288,0.20666158532227472
1560000.0,1020340.7526421824,539659.2473578176,0.34593541497296
700000.0,1261501.0718003176,-561501.0718003176,0.8021443882861681
469000.0,1014414.984309073,-545414.984309073,1.16293173626668
850000.0,579484.2583541687,270515.74164583127,0.31825381370097794
364000.0,759715.7277035078,-395715.72770350776,1.0871311200645817
2900000.0,2497682.5889149187,402317.4110850813,0.1387301417534763
750000.0,691614.5096269924,58385.490373007604,0.07784732049734347
1565000.0,637428.2805435999,927571.7194564001,0.5926975843171886
1825000.0,1413428.1709869027,411571.82901309733,0.2255188104181355
705000.0,727680.7124583012,-22680.71245830122,0.032171223345108114
2095000.0,1413413.4461967822,681586.5538032178,0.32533964382015174
1750000.0,693488.850875546,1056511.149124454,0.6037206566425452
890000.0,672536.0778630106,217463.92213698942,0.24434148554717913
3475000.0,2195230.1142021916,1279769.8857978084,0.3682791038267075
422000.0,575837.7341582882,-153837.73415828822,0.36454439374001946
1730000.0,873777.4546868079,856222.5453131921,0.49492632677063125
715000.0,886510.7107342959,-171510.7107342959,0.23987511990810614
1075000.0,979408.3674683035,95591.63253169646,0.08892244886669438
1700000.0,1988979.0562831266,-288979.0562831266,0.16998768016654506
2150000.0,2124675.018855342,25324.981144657824,0.011779060997515267
875000.0,694798.7728636035,180201.22713639645,0.2059442595844531
369000.0,612471.3964749252,-243471.39647492522,0.6598140825878732
1075000.0,937175.5287805396,137824.47121946036,0.12820881043670732
1129000.0,826156.0351548258,302843.9648451742,0.2682408900311552
1200000.0,1851437.8941142168,-651437.8941142168,0.5428649117618474
880000.0,1421439.3899028262,-541439.3899028262,0.6152720339804842
2147000.0,782645.6841590331,1364354.315840967,0.6354701051890858
1800000.0,1335513.38393178,464486.61606822,0.2580481200379
390000.0,574304.5083598489,-184304.50835984887,0.47257566246115096
635000.0,1132094.77665369,-497094.77665369003,0.7828264199270709
960000.0,918216.295504594,41783.70449540601,0.0435246921827146
1280000.0,1804948.8509106375,-524948.8509106375,0.41011628977393555
870000.0,774689.3023007945,95310.69769920548,0.10955252609104078
2755000.0,874615.6936894917,1880384.3063105084,0.6825351384067181
2420000.0,1804948.8509106375,615051.1490893625,0.25415336739229855
1250000.0,830261.1565682516,419738.84343174845,0.33579107474539877
1100000.0,1210325.6431758297,-110325.64317582967,0.10029603925075424
1250000.0,1059737.6531528437,190262.3468471563,0.15220987747772505
1335000.0,826156.0351548258,508843.9648451742,0.38115652797391325
1800000.0,1097067.431004801,702932.5689951989,0.3905180938862216
600000.0,703722.3781703301,-103722.37817033008,0.17287063028388347
1370000.0,832477.8591957946,537522.1408042054,0.39235192759431053
912000.0,677565.2434666345,234434.75653336546,0.2570556540936025
1300000.0,937612.8954550452,362387.10454495484,0.2787593111884268
1225000.0,915370.843796059,309629.156203941,0.25275849486036
1520000.0,1030723.7056198305,489276.2943801695,0.32189229893432203
664000.0,1193011.2573868134,-529011.2573868134,0.7967037008837551
456000.0,598918.7620959484,-142918.76209594845,0.3134183379297115
895000.0,852867.0953207623,42132.90467923775,0.04707587114998631
487775.0,929965.6081684682,-442190.6081684682,0.906546272704563
2125000.0,2169342.3402827526,-44342.340282752644,0.020866983662471833
799000.0,1035061.297142754,-236061.29714275396,0.29544592883949183
860000.0,1369949.6359366537,-509949.6359366537,0.5929646929495973
1250000.0,1391605.1854107557,-141605.1854107557,0.11328414832860455
1555000.0,885858.6094645213,669141.3905354787,0.43031600677522747
2115000.0,725207.5665962221,1389792.433403778,0.6571122616566326
1449900.0,1556761.3497781274,-106861.34977812739,0.07370256554115966
769000.0,1115308.0297207746,-346308.0297207746,0.45033553929879666
310000.0,805482.0861659632,-495482.0861659632,1.5983293102127845
3630000.0,3673935.6078417036,-43935.607841703575,0.012103473234629084
1350000.0,1121917.6651669745,228082.33483302547,0.16894987765409294
800000.0,1063739.6871790318,-263739.6871790318,0.32967460897378975
859000.0,1214191.2868569577,-355191.2868569577,0.41349393114896127
369900.0,471936.9565146494,-102036.95651464938,0.2758501122320881
685000.0,838944.0623268324,-153944.06232683244,0.22473585741143423
850000.0,851765.6834220046,-1765.6834220045712,0.002077274614123025
415000.0,845328.4055864327,-430328.40558643267,1.0369359170757413
595000.0,686635.205159975,-91635.20515997498,0.15400874816802518
910000.0,1005233.686725135,-95233.68672513496,0.10465240299465381
772000.0,649673.4557995719,122326.54420042806,0.15845407279848195
1100000.0,833179.148270428,266820.85172957205,0.24256441066324733
592000.0,432633.4208006603,159366.57919933973,0.2692003027015874
774900.0,771643.9573273768,3256.0426726231817,0.004201887563070308
664000.0,854181.3463076034,-190181.3463076034,0.2864176902222943
900000.0,1060524.0213587803,-160524.02135878033,0.17836002373197815
1130000.0,1028610.0458976587,101389.95410234132,0.08972562309941709
740000.0,1008016.2620032288,-268016.26200322877,0.36218413784220105
3175000.0,1076510.0481836316,2098489.9518163684,0.6609417171075176
12000000.0,3263751.6251172377,8736248.374882761,0.7280206979068968
2310000.0,1585687.337683455,724312.6623165449,0.31355526507209736
3000000.0,1220036.4196011657,1779963.5803988343,0.5933211934662781
546990.0,1213324.9710510597,-666334.9710510597,1.218184923035265
616806.0,1236991.4435026278,-620185.4435026278,1.0054789407084688
3000000.0,976374.2215123442,2023625.7784876558,0.6745419261625519
1235000.0,808455.3670622469,426544.6329377531,0.34538026958522516
2800000.0,1564374.3307979726,1235625.6692020274,0.4412948818578669
1185000.0,826209.5756982978,358790.4243017022,0.30277672936852507
620000.0,1004422.2167292784,-384422.21672927844,0.6200358334343201
3050000.0,2668740.0101828566,381259.9898171434,0.1250032753498831
585000.0,627687.3379202964,-42687.337920296355,0.072969808410763
1060000.0,1196628.0635724876,-136628.06357248756,0.1288943995966864
1470000.0,979167.7584867494,490832.2415132506,0.3338994840226195
300000.0,741130.5481650458,-441130.5481650458,1.4704351605501527
705000.0,1027393.3728573816,-322393.3728573816,0.4572955643367115
987500.0,809713.9274351373,177786.07256486267,0.18003652917960777
880000.0,747914.0983795477,132085.9016204523,0.1500976154777867
550000.0,690597.0784674585,-140597.0784674585,0.2556310517590154
1010000.0,865047.3037407809,144952.69625921908,0.14351752104873178
2040000.0,726280.9463004789,1313719.053699521,0.643979928284079
575000.0,751209.4295167073,-176209.4295167073,0.30645118176818664
880000.0,859434.3547880435,20565.645211956464,0.023370051377223255
420000.0,677565.2434666345,-257565.24346663454,0.6132505796824632
917000.0,955711.155673183,-38711.155673183035,0.04221500073411454
775000.0,640564.359122714,134435.64087728597,0.17346534306746578
720000.0,1371319.7786458246,-651319.7786458246,0.9046108036747564
853000.0,891705.9700555794,-38705.97005557944,0.04537628376972971
615000.0,1646975.3082523383,-1031975.3082523383,1.6780086313046152
999000.0,955521.1928693294,43478.80713067064,0.04352232946013077
640000.0,891261.9960330753,-251261.99603307527,0.3925968688016801
5299000.0,1897355.7305127038,3401644.269487296,0.6419407943927715
3500000.0,2144500.2059970032,1355499.7940029968,0.38728565542942767
549000.0,432408.89291286154,116591.10708713846,0.21236995826436877
950000.0,997225.8140173897,-47225.81401738967,0.04971138317619965
1730000.0,1239961.6691771043,490038.33082289575,0.2832591507646796
1050000.0,1014414.984309073,35585.015690927044,0.03389049113421623
1800045.0,1703276.7022002465,96768.29779975349,0.05375882147377065
395000.0,440041.0171142681,-45041.01711426809,0.11402789142852682
1150000.0,1201911.837428042,-51911.83742804197,0.04514072819829736
995000.0,1038372.6979166649,-43372.69791666488,0.04359065117252752
749000.0,958345.1063405907,-209345.10634059075,0.2794994744200143
650000.0,601869.0635922451,48130.936407754896,0.07404759447346908
1937500.0,672283.1278887514,1265216.8721112486,0.6530151597993541
1000000.0,910499.3600324614,89500.63996753865,0.08950063996753865
840000.0,701095.5591770274,138904.44082297257,0.16536242955115782
585000.0,868786.0113884059,-283786.0113884059,0.48510429297163404
844000.0,918318.9806649531,-74318.98066495312,0.08805566429496815
550000.0,838395.0526237867,-288395.05262378673,0.5243546411341576
1415000.0,776117.0330995818,638882.9669004182,0.451507397102769
1360000.0,835212.5378592878,524787.4621407122,0.38587313392699424
3975000.0,1562039.886726312,2412960.1132736877,0.6070339907606761
1460000.0,1329843.6840933315,130156.31590666855,0.08914816157990997
575000.0,922956.4375100858,-347956.43751008576,0.605141630452323
425000.0,601614.9357820902,-176614.93578209018,0.41556455478138865
750000.0,1411265.9267624263,-661265.9267624263,0.8816879023499017
1250000.0,1100741.2895470175,149258.71045298246,0.11940696836238597
422900.0,657388.3924400096,-234488.39244000963,0.5544771634902096
1228000.0,1399457.5465491835,-171457.54654918355,0.13962340924200614
660000.0,936928.6838720834,-276928.68387208343,0.4195889149577022
1660000.0,2431927.1149807023,-771927.1149807023,0.46501633432572426
1160000.0,856527.7245626257,303472.27543737425,0.2616140305494606
1410000.0,922958.3056859851,487041.69431401487,0.34541964135745734
999500.0,1261420.231535711,-261920.2315357111,0.2620512571642932
450000.0,634389.9487291084,-184389.94872910844,0.40975544162024097
885000.0,852191.3500972673,32808.64990273269,0.03707192079404824
805000.0,782670.7570949141,22329.242905085906,0.027738189944206095
2449000.0,1548161.244080875,900838.7559191249,0.36783942667175373
410000.0,1196236.6953883332,-786236.6953883332,1.9176504765569102
459000.0,627767.5058877424,-168767.5058877424,0.36768519801251065
455000.0,722664.9886312676,-267664.98863126757,0.5882747002885002
400000.0,674007.8767461722,-274007.8767461722,0.6850196918654305
780000.0,890292.9864890552,-110292.98648905521,0.14140126472955797
675000.0,787079.7434584305,-112079.74345843052,0.16604406438286
1130000.0,1692056.0242007868,-562056.0242007868,0.49739471168211224
665000.0,705498.1996052484,-40498.1996052484,0.06089954827856903
1690000.0,915031.2246767286,774968.7753232714,0.45856140551672864
750000.0,563766.5680751315,186233.4319248685,0.2483112425664913
615000.0,1214085.1483725412,-599085.1483725412,0.9741221924756768
750000.0,424877.111424816,325122.888575184,0.43349718476691196
2379000.0,2194720.2218659455,184279.7781340545,0.07746102485668538
1900000.0,1265665.8685004506,634334.1314995494,0.33386006921028916
576000.0,870983.2074230224,-294983.20742302237,0.5121236239983027
1150000.0,881876.4244300053,268123.57556999475,0.2331509352782563
1050000.0,1526144.2201637719,-476144.2201637719,0.45347068587025896
550000.0,874468.8079521742,-324468.8079521742,0.5899432871857713
425000.0,484370.37042300694,-59370.37042300694,0.13969498923060455
1449000.0,1403362.4662952942,45637.53370470577,0.031495882473917027
558500.0,851765.6834220046,-293265.6834220046,0.5250952254646456
4240000.0,2098603.6999129998,2141396.3000870002,0.5050462971903302
2100000.0,1615424.164045916,484575.83595408406,0.23075039807337336
2200000.0,1290611.2813433511,909388.7186566489,0.41335850848029493
985000.0,656226.4125968424,328773.5874031576,0.33378029177985546
289000.0,675855.0867416873,-386855.08674168726,1.3385989160612015
825000.0,724171.0867901967,100828.91320980329,0.12221686449673126
850000.0,1061258.524791578,-211258.52479157806,0.2485394409312683
590000.0,645808.0805452502,-55808.08054525021,0.09458996702584781
575000.0,753223.0705679469,-178223.07056794688,0.30995316620512503
827000.0,537947.9922768621,289052.00772313785,0.3495187517813033
449990.0,838636.3726434726,-388646.3726434726,0.863677798714355
420000.0,900540.9750112237,-480540.9750112237,1.1441451785981516
1050000.0,863186.878132131,186813.12186786905,0.17791725892178004
1150000.0,1156772.90672715,-6772.906727150083,0.005889484110565289
515000.0,818870.9252716405,-303870.92527164053,0.5900406315954185
987000.0,1335052.9101691484,-348052.91016914835,0.3526371936870804
949000.0,612192.9079969365,336807.09200306353,0.3549073677587603
4300000.0,1486122.3028576006,2813877.6971423994,0.6543901621261394
715000.0,713490.8899192184,1509.1100807816256,0.002110643469624651
2550000.0,2190473.3536882075,359526.64631179255,0.14099084169089904
905000.0,528350.3691240883,376649.6308759117,0.4161874374319466
2185000.0,1094608.1829838431,1090391.8170161569,0.49903515652913355
3255000.0,3132956.022440244,122043.97755975602,0.03749430954216775
4850000.0,1156676.6296331785,3693323.3703668215,0.7615099732715096
450000.0,945616.8923257475,-495616.8923257475,1.1013708718349946
1050000.0,908053.7189049132,141946.28109508683,0.13518693437627316
1076500.0,1154089.0371005312,-77589.03710053116,0.07207527830982922
855000.0,941854.9006344549,-86854.90063445491,0.10158467910462562
1450000.0,1039220.3867244325,410779.61327556754,0.28329628501763277
1195000.0,2150060.16273689,-955060.1627368899,0.7992135253028367
1340000.0,810961.9039391477,529038.0960608523,0.3948045492991435
460000.0,755584.6368049517,-295584.6368049517,0.6425752974020689
915000.0,671564.2852243443,243435.71477565565,0.2660499615034488
685000.0,1041887.1629844608,-356887.1629844608,0.5210031576415487
1060000.0,559495.2600910055,500504.7399089945,0.4721742829330137
800000.0,876057.8829317819,-76057.88293178193,0.09507235366472741
1755000.0,1331618.608552876,423381.3914471241,0.2412429580895294
2100000.0,980039.9133812641,1119960.086618736,0.5333143269613028
900000.0,854104.7423688092,45895.25763119082,0.050994730701323134
1050000.0,1064335.094443854,-14335.094443853945,0.013652470898908519
1100000.0,1601348.4189290688,-501348.41892906884,0.45577128993551713
889000.0,529819.4531527155,359180.54684728454,0.40402761175172613
1235000.0,1097541.7059559755,137458.29404402454,0.11130226238382554
730000.0,763666.7987044416,-33666.79870444164,0.04611890233485156
2200000.0,2565540.996795411,-365540.9967954112,0.16615499854336874
985000.0,990079.664848058,-5079.664848058019,0.005157020150312709
1100000.0,1369095.318369847,-269095.318369847,0.24463210760895185
605000.0,664547.1237781789,-59547.12377817894,0.09842499798046106
355000.0,544686.5911393194,-189686.59113931935,0.5343284257445615
740000.0,737670.64610586,2329.3538941399893,0.003147775532621607
680000.0,895095.1921454673,-215095.19214546727,0.31631645903745187
1499500.0,1119409.2547306432,380090.74526935676,0.2534783229538891
719800.0,788976.3683097035,-69176.36830970354,0.09610498514824053
450000.0,626572.612684045,-176572.612684045,0.3923835837423222
878800.0,875687.2212739047,3112.7787260953337,0.0035420786596442122
465000.0,605863.6216475668,-140863.6216475668,0.30293251967218665
2000000.0,1334544.7052443377,665455.2947556623,0.33272764737783117
810000.0,998859.3721227084,-188859.37212270836,0.2331597186700103
1250000.0,1116854.4638746337,133145.53612536634,0.10651642890029307
520000.0,964084.1100229842,-444084.1100229842,0.8540079038903543
2190000.0,2423712.0830354197,-233712.0830354197,0.10671784613489484
590730.0,658626.553510905,-67896.55351090501,0.11493669444738715
450000.0,529923.1593861812,-79923.15938618116,0.17760702085818034
739900.0,757628.7360730193,-17728.736073019332,0.02396098942156958
600000.0,1149715.8179381546,-549715.8179381546,0.9161930298969243
550000.0,1018355.1483183244,-468355.14831832435,0.8515548151242261
603000.0,740015.9274095333,-137015.9274095333,0.22722376021481475
2900000.0,2569419.735241725,330580.2647582749,0.11399319474423272
680000.0,1572931.0824183829,-892931.0824183829,1.313133944732916
912000.0,811943.6734023308,100056.32659766916,0.10971088442726881
530000.0,831653.3516978394,-301653.35169783945,0.5691572673544141
550000.0,928014.6011151621,-378014.60111516214,0.6872992747548402
952000.0,768289.1001065029,183710.89989349712,0.19297363434190873
1899000.0,1171436.2054740076,727563.7945259924,0.38312996025592017
499850.0,867244.5876124806,-367394.5876124806,0.7350096781283998
649900.0,790960.1520452343,-141060.15204523434,0.21704901068662
700000.0,773204.5709960635,-73204.57099606353,0.10457795856580504
1350000.0,1783847.4314304888,-433847.4314304888,0.321368467726288
1350000.0,800080.5407124923,549919.4592875077,0.40734774762037607
540000.0,1013360.7624686027,-473360.76246860274,0.8765940045714865
439000.0,592895.7513491334,-153895.75134913344,0.35055979806180737
614000.0,680935.0566730541,-66935.05667305412,0.1090147502818471
790000.0,895257.8235257831,-105257.82352578314,0.13323775129845966
1100000.0,1019368.8644767337,80631.13552326628,0.07330103229387844
1390000.0,1250390.438672343,139609.56132765696,0.10043853332924961
655000.0,829302.4054460719,-174302.40544607188,0.26611054266575856
1980000.0,1179154.2971926108,800845.7028073892,0.4044675266703986
799000.0,1008639.7056472654,-209639.70564726542,0.262377604064162
570000.0,1340629.9127512022,-770629.9127512022,1.3519823030722846
645000.0,1005757.9798829372,-360757.97988293716,0.5593146974929258
607500.0,783466.373503919,-175966.373503919,0.28965658189945515
1250000.0,1020054.3189035893,229945.68109641073,0.1839565448771286
430000.0,598245.67687467,-168245.67687466997,0.39126901598760455
690000.0,605077.1497764117,84922.85022358829,0.12307659452693956
890000.0,869971.7509950774,20028.249004922574,0.022503650567328736
1165000.0,1191114.1786444087,-26114.178644408705,0.022415603986616912
1142939.0,956640.1655070204,186298.83449297957,0.16299980532030106
800000.0,1141754.632193989,-341754.6321939889,0.4271932902424861
810000.0,1250278.567059365,-440278.5670593651,0.5435537864930433
519900.0,855339.9787182381,-335439.97871823807,0.6452009592580075
1250000.0,1470013.7398724048,-220013.73987240484,0.17601099189792388
1550000.0,2134394.2335785506,-584394.2335785506,0.3770285377926133
1310000.0,831697.4594651386,478302.5405348614,0.36511644315638275
1850000.0,1206087.2687600588,643912.7312399412,0.3480609358053736
900000.0,1005233.686725135,-105233.68672513496,0.11692631858348329
312000.0,529666.6742407994,-217666.6742407994,0.6976495969256391
425000.0,760455.7902348093,-335455.7902348093,0.789307741728963
435000.0,580854.8979496433,-145854.89794964332,0.33529861597619154
930000.0,1237609.6504785342,-307609.65047853417,0.3307630650306819
1760000.0,1483823.1159993378,276176.88400066225,0.15691868409128537
400000.0,947075.1180862767,-547075.1180862767,1.3676877952156918
1079000.0,1062378.9617520585,16621.038247941528,0.015404113297443492
355000.0,551540.4652980064,-196540.46529800643,0.5536351135155111
1025000.0,1019368.8644767337,5631.135523266275,0.005493790754406123
4245000.0,1071165.1953627768,3173834.8046372235,0.7476642649322082
450100.0,642557.0104594254,-192457.0104594254,0.42758722608181604
1186000.0,1131380.4272636515,54619.57273634849,0.046053602644475965
1515000.0,1128746.491012529,386253.508987471,0.2549528112128521
395000.0,856527.7245626257,-461527.72456262575,1.168424619145888
1160000.0,847585.2078364247,312414.7921635753,0.26932309669273735
500000.0,1018108.6671799468,-518108.6671799468,1.0362173343598935
1950000.0,1747706.9506882455,202293.04931175453,0.10374002528807924
2665000.0,1779086.888809039,885913.111190961,0.3324251824356326
761125.0,643227.1785305928,117897.82146940718,0.1548994205543205
1230000.0,551994.9874935627,678005.0125064373,0.5512235874036076
465000.0,684153.7767880966,-219153.77678809664,0.4712984447055842
1220000.0,1011324.3108747343,208675.6891252657,0.17104564682398826
970000.0,889455.878278802,80544.12172119797,0.08303517703216286
959000.0,794418.344177708,164581.65582229197,0.17161799355817722
425000.0,713246.7866872421,-288246.7866872421,0.6782277333817461
875000.0,831687.2395240545,43312.76047594554,0.049500297686794904
599000.0,445106.46289935755,153893.53710064245,0.2569174242080842
460000.0,586059.0252275139,-126059.02522751386,0.2740413591902475
405000.0,584318.9798032248,-179318.9798032248,0.4427629130943822
1150000.0,912345.5759106535,237654.42408934655,0.20665602094725788
2850000.0,2579524.6624292033,270475.3375707967,0.09490362721782342
1075000.0,1342633.3295783119,-267633.3295783119,0.2489612368170343
930000.0,698742.5573028037,231257.44269719627,0.24866391687870568
480000.0,516922.8835923378,-36922.88359233778,0.0769226741507037
1760000.0,867095.7359567888,892904.2640432112,0.50733196820637
860000.0,548036.604690108,311963.395309892,0.36274813408126977
870000.0,1702785.7622873015,-832785.7622873015,0.957225014123335
875000.0,985176.0371285452,-110176.03712854523,0.12591547100405168
749900.0,880479.482917301,-130579.48291730101,0.17412919444899455
1305000.0,1700176.561620826,-395176.5616208259,0.302817288598334
685000.0,647381.0762130235,37618.92378697649,0.054918136915294145
580000.0,388120.02057359647,191879.97942640353,0.3308275507351785
490000.0,526054.2459711707,-36054.24597117072,0.07358009381871576
565000.0,745827.9992475308,-180827.99924753082,0.32004955619032005
990000.0,1229963.4945439447,-239963.49454394472,0.2423873682262068
1040000.0,800762.4704735454,239237.52952645463,0.23003608608312945
1660000.0,1060524.0213587803,599475.9786412197,0.3611301076151926
2070000.0,1851331.3298150585,218668.6701849415,0.10563703873668671
1150000.0,900540.9750112237,249459.0249887763,0.21692089129458808
910000.0,887777.9853976096,22222.01460239035,0.024419796266363022
1487000.0,1027842.839216626,459157.160783374,0.30878087477025823
565000.0,727172.4944501589,-162172.4944501589,0.2870309636285998
315000.0,612471.3964749252,-297471.3964749252,0.9443536396029372
1167000.0,1115505.0593815926,51494.94061840745,0.04412591312631315
1321000.0,1012232.2185805317,308767.78141946835,0.23373791174827277
435000.0,800477.5181882455,-365477.5181882455,0.8401782027315988
2850000.0,827163.1126861626,2022836.8873138374,0.7097673288820482
1570000.0,698517.7057106154,871482.2942893846,0.5550842638785889
389000.0,593714.2426376183,-204714.24263761833,0.5262576931558312
4200000.0,1584060.9043397114,2615939.095660289,0.6228426418238783
3450000.0,1295937.2291024365,2154062.7708975635,0.6243660205500184
905000.0,889438.9552634452,15561.044736554846,0.017194524570778837
606000.0,957463.8820105888,-351463.8820105888,0.5799734026577372
672500.0,666392.3241717252,6107.675828274805,0.009082045841300826
1525000.0,918769.8088885448,606230.1911114552,0.397527994171446
246000.0,303299.0571315978,-57299.05713159777,0.23292299646990963
559000.0,369306.7904098062,189693.20959019382,0.33934384542074025
345000.0,690463.8817352615,-345463.88173526153,1.0013445847398885
405000.0,553049.8093507953,-148049.80935079535,0.3655550848167786
548500.0,728478.7487810436,-179978.74878104357,0.3281289859271533
1400000.0,715886.5689443555,684113.4310556445,0.4886524507540318
1050000.0,616273.5163533192,433726.48364668083,0.41307284156826746
1222250.0,1626648.1174671082,-404398.1174671082,0.33086366738973877
405000.0,779698.3696408258,-374698.3696408258,0.9251811596069772
908000.0,953813.4356067558,-45813.43560675578,0.05045532555810108
1440000.0,590881.4550802205,849118.5449197795,0.5896656561942913
1235000.0,767273.4519995452,467726.5480004548,0.3787259497979391
1197300.0,864910.6350828493,332389.3649171507,0.277615772920029
2665000.0,3868830.1927852686,-1203830.1927852686,0.45171864644850607
615000.0,565908.5667840771,49091.43321592291,0.07982346864377708
280000.0,1129047.257869325,-849047.2578693251,3.0323116352475896
967000.0,809106.1640574879,157893.83594251215,0.16328214678646552
965000.0,1217658.9286206793,-252658.9286206793,0.26182272395925316
1400000.0,1481564.7633021576,-81564.76330215763,0.05826054521582688
1330000.0,776588.6056087085,553411.3943912915,0.4160987927754072
600000.0,908291.7593982499,-308291.7593982499,0.5138195989970832
637000.0,680073.5124786947,-43073.51247869467,0.06761932885195396
2165000.0,1250606.8198407157,914393.1801592843,0.42235250815671327
2615000.0,2532340.9753372483,82659.0246627517,0.03160956966070811
1840000.0,1111574.3590226641,728425.6409773359,0.3958835005311608
590000.0,722783.8980343262,-132783.89803432615,0.22505745429546806
625000.0,775578.9100019634,-150578.91000196338,0.2409262560031414
665000.0,717833.2160534061,-52833.216053406126,0.07944844519309192
735000.0,739989.3256540082,-4989.325654008193,0.00678819816871863
1010000.0,874142.155025217,135857.84497478302,0.13451271779681487
1585000.0,911719.9069521469,673280.0930478531,0.4247823930901281
1298000.0,524121.7363096634,773878.2636903366,0.5962082154779172
925550.0,851765.6834220046,73784.31657799543,0.07971942799199981
1530000.0,976395.9818827944,553604.0181172056,0.3618326915798729
440000.0,818394.7951075153,-378394.7951075153,0.8599881706988984
484000.0,1113648.7097169273,-629648.7097169273,1.3009270861919984
1350000.0,1259076.533964293,90923.46603570692,0.06735071558200513
845000.0,679559.2477367427,165440.75226325728,0.1957878725008962
442000.0,833089.8267734589,-391089.82677345886,0.8848186126096355
1515000.0,1354439.7066039762,160560.2933960238,0.10598039168054377
3115850.0,2202480.413811834,913369.5861881659,0.2931365714614522
1375000.0,1078128.160806342,296871.839193658,0.21590679214084216
1675000.0,1761415.1668983465,-86415.1668983465,0.051591144416923286
868000.0,1072912.5212534463,-204912.52125344635,0.23607433324129765
1150000.0,1480588.4979860652,-330588.4979860652,0.2874682591183176
460000.0,554554.9808995676,-94554.9808995676,0.20555430630340782
775000.0,1322748.912002741,-547748.9120027409,0.706772789680956
715000.0,714648.5227030513,351.47729694866575,0.000491576639089043
1560000.0,1041887.1629844608,518112.8370155392,0.3321236134714995
340000.0,602445.414583117,-262445.414583117,0.7718982781856383
410000.0,530418.2243228734,-120418.2243228734,0.2937029861533498
420000.0,653944.9681642178,-233944.96816421777,0.5570118289624233
858900.0,689875.0499962373,169024.95000376273,0.19679235068548462
622000.0,782506.5688147927,-160506.56881479267,0.2580491460044898
900000.0,740819.5447911018,159180.45520889817,0.1768671724543313
3875000.0,2221992.0018829545,1653007.9981170455,0.4265827091914956
815000.0,708689.027055986,106310.972944014,0.13044291158774723
725000.0,1098348.2071676892,-373348.2071676892,0.5149630443692265
820000.0,955711.155673183,-135711.15567318304,0.1655014093575403
595000.0,1045716.1585808127,-450716.15858081274,0.7575061488753155
329000.0,526847.7336419428,-197847.73364194285,0.6013608925287016
1400000.0,1804948.8509106375,-404948.8509106375,0.2892491792218839
2860000.0,3090168.9361559423,-230168.93615594227,0.08047864900557422
725000.0,800762.4704735454,-75762.47047354537,0.10449995927385568
910500.0,1196316.046623595,-285816.04662359506,0.31391108909785287
725000.0,1119487.745620021,-394487.7456200209,0.5441210284414081
1175000.0,687588.6821447187,487411.3178552813,0.41481814285555857
2255333.0,977700.5272954265,1277632.4727045735,0.5664939380147294
265000.0,483037.0747214241,-218037.07472142408,0.8227814140431098
860000.0,689323.7772858536,170676.22271414637,0.1984607240862167
1190500.0,1080109.0134364632,110390.9865635368,0.09272657418188728
796630.0,1244478.1912065684,-447848.1912065684,0.5621784155838575
360000.0,490917.66127327824,-130917.66127327824,0.3636601702035507
895500.0,810762.0155537897,84737.98444621032,0.09462644829280885
3700000.0,2978706.3686231207,721293.6313768793,0.19494422469645387
2050000.0,1029118.5793119794,1020881.4206880206,0.49799093692098567
760000.0,848503.066554933,-88503.06655493297,0.11645140336175391
685000.0,1220350.6596802345,-535350.6596802345,0.7815338097521671
1400000.0,775835.4056905259,624164.5943094741,0.4458318530781958
900000.0,986221.9419790838,-86221.94197908381,0.09580215775453757
1520000.0,1846491.3457395742,-326491.3457395742,0.21479693798656196
960000.0,805245.6791948103,154754.32080518967,0.1612024175054059
885000.0,826156.0351548258,58843.964845174225,0.066490355757259
2188000.0,1569796.3849629401,618203.6150370599,0.28254278566593233
1100000.0,692063.674084021,407936.325915979,0.37085120537816274
305000.0,559190.9545205532,-254190.95452055323,0.8334129656411582
745000.0,777671.1483932964,-32671.148393296404,0.04385389046080054
2725000.0,3312962.817015514,-587962.8170155138,0.21576617138183993
1125000.0,934615.7967816298,190384.2032183702,0.1692304028607735
1645000.0,1727139.1814173597,-82139.18141735974,0.04993263308046185
670000.0,518421.59531629196,151578.40468370804,0.22623642490105678
640000.0,887605.1314928383,-247605.13149283826,0.3868830179575598
575000.0,954660.4504716458,-379660.4504716458,0.6602790442985145
385000.0,566217.925595441,-181217.92559544102,0.47069591063750915
1345000.0,1308782.0451302412,36217.9548697588,0.026927847486809518
595000.0,989569.871423338,-394569.87142333796,0.6631426410476268
1750000.0,1768457.9075233133,-18457.907523313304,0.010547375727607602
815000.0,910499.3600324614,-95499.36003246135,0.1171771288741857
1075000.0,634914.6975198546,440085.30248014536,0.4093816767257166
818000.0,1003181.7754816521,-185181.77548165212,0.22638358860837668
1110000.0,2537323.3665189277,-1427323.3665189277,1.2858769067738087
2750000.0,751060.0806732439,1998939.9193267561,0.7268872433915476
870000.0,760939.3334674597,109060.66653254034,0.12535708796843717
1580000.0,947075.1180862767,632924.8819137233,0.4005853682998249
350000.0,414318.1308580136,-64318.13085801358,0.1837660881657531
900000.0,825811.5238133736,74188.47618662636,0.08243164020736261
1160000.0,1554334.3021102399,-394334.30211023986,0.33994336388813784
830000.0,911283.6321177763,-81283.63211777632,0.09793208688888713
2195000.0,974133.0381252879,1220866.9618747123,0.5562036272777733
1099000.0,1100508.9414074589,-1508.9414074588567,0.0013730131096076948
805000.0,786838.8649975267,18161.135002473253,0.022560416152140685
1390000.0,870448.8312313017,519551.16876869835,0.37377781925805637
1685000.0,3019413.432223715,-1334413.432223715,0.7919367550289109
430000.0,620285.9676563743,-190285.96765637433,0.4425255061776147
1600000.0,1118124.280345472,481875.71965452796,0.30117232478407996
505000.0,457710.6242109072,47289.375789092795,0.09364232829523325
615000.0,741123.6986201946,-126123.69862019457,0.20507918474828385
1440000.0,1509228.2936611504,-69228.29366115038,0.048075203931354435
415000.0,810778.5637705427,-395778.56377054274,0.9536832861940788
700000.0,752739.62531552,-52739.62531551998,0.07534232187931426
1111000.0,1023152.6285162324,87847.37148376764,0.07907054138952983
739000.0,573534.4072720006,165465.59272799944,0.22390472628957975
685000.0,656366.7860036889,28633.213996311068,0.04180031240337382
968000.0,926772.2942933104,41227.70570668962,0.04259060506889424
775000.0,618107.9422978865,156892.05770211353,0.20244136477692068
2650000.0,1786224.1566220648,863775.8433779352,0.32595314844450385
1975000.0,1200213.549299085,774786.450700915,0.3922969370637544
720000.0,752135.0064306688,-32135.006430668756,0.04463195337592883
1000000.0,940432.5506739685,59567.44932603149,0.059567449326031495
765000.0,938707.3843446819,-173707.38434468186,0.227068476267558
535000.0,677565.2434666345,-142565.24346663454,0.26647709059184027
1010000.0,969699.2266006825,40300.77339931752,0.03990175584090844
2775000.0,1265952.114692448,1509047.885307552,0.5438010397504692
999000.0,1003278.396003994,-4278.396003994043,0.00428267868267672
899900.0,798136.0018400121,101763.99815998785,0.11308367391931087
6200000.0,3728764.1607194096,2471235.8392805904,0.3985864256904178
560000.0,957460.760319782,-397460.76031978196,0.7097513577138963
715000.0,1055833.430694423,-340833.4306944229,0.47669011285933277
430000.0,1031111.2073223272,-601111.2073223272,1.3979330402844818
317000.0,767273.4519995452,-450273.4519995452,1.4204209842256947
690000.0,780675.8544232242,-90675.85442322423,0.13141428177278874
630000.0,572326.962662711,57673.03733728896,0.09154450370998247
360000.0,557289.6885876176,-197289.6885876176,0.5480269127433822
1574000.0,1030691.1457972365,543308.8542027635,0.34517716277176846
533000.0,844646.0281983688,-311646.02819836885,0.5847017414603544
1395000.0,900578.1098980192,494421.89010198077,0.35442429397991454
1950000.0,760127.5654716758,1189872.4345283243,0.6101909920658073
800000.0,825727.3638509607,-25727.36385096074,0.03215920481370092
1657000.0,1420149.4380509704,236850.56194902956,0.14293938560593214
295000.0,865218.5773743473,-570218.5773743473,1.932944330082533
780000.0,809091.7393843115,-29091.739384311484,0.03729710177475831
189000.0,275972.6393164031,-86972.63931640307,0.4601726947957835
2025000.0,1115976.9729130026,909023.0270869974,0.4489002602898753
875000.0,935570.2880957436,-60570.28809574363,0.06922318639513557
1925000.0,1057458.426689867,867541.5733101331,0.4506709471740951
940000.0,670812.021212235,269187.978787765,0.28637019019975
270000.0,537015.7801201253,-267015.7801201253,0.9889473337782417
660000.0,747337.1019342951,-87337.10193429515,0.1323289423246896
1499999.0,1004916.984057944,495082.01594205596,0.3300548973313022
850000.0,1030762.2570799397,-180762.2570799397,0.2126614789175761
830000.0,1286986.8713526102,-456986.8713526102,0.5505865919910966
2200000.0,1579917.0455593888,620082.9544406112,0.28185588838209596
3800000.0,1210366.212007738,2589633.7879922623,0.6814825757874374
1674000.0,1180216.7914607578,493783.20853924216,0.2949720481118531
1165000.0,729661.7676435518,435338.2323564482,0.373680886142874
537500.0,411852.45682959346,125647.54317040654,0.23376287101470986
1200000.0,567580.66571052,632419.33428948,0.5270161119079
1280000.0,933251.541759813,346748.458240187,0.2708972330001461
950000.0,1166992.8816881562,-216992.88168815617,0.22841355967174334
1365000.0,947286.5049449321,417713.49505506794,0.30601721249455527
1300000.0,950521.1499236022,349478.85007639776,0.26882988467415214
900000.0,883508.5504408889,16491.449559111148,0.01832383284345683
1320000.0,1378927.199210685,-58927.19921068498,0.04464181758385226
2300000.0,1099110.1926749945,1200889.8073250055,0.522126003184785
832000.0,904409.6471940479,-72409.64719404792,0.08703082595438452
974000.0,1052329.1194879634,-78329.11948796338,0.08042004054205686
738000.0,642437.6112164322,95562.38878356782,0.12948833168505125
815000.0,798023.4084033272,16976.591596672777,0.020830173738248806
1555000.0,1377962.6481126014,177037.35188739863,0.11385038706585121
1443000.0,914584.1149313375,528415.8850686625,0.36619257454515763
1550000.0,1001378.112249715,548621.887750285,0.35394960500018385
464000.0,1309749.2555103588,-845749.2555103588,1.8227354644619802
965000.0,974629.6983291837,-9629.698329183739,0.009978961999154134
568000.0,767386.1943770887,-199386.1943770887,0.35103203235402936
1981000.0,2558952.9697146025,-577952.9697146025,0.2917480917287241
800000.0,677565.2434666345,122434.75653336546,0.15304344566670683
668000.0,659353.766003425,8646.233996575,0.01294346406672904
789000.0,807680.409920365,-18680.409920364968,0.023676058200716055
700000.0,824702.2909834281,-124702.29098342813,0.1781461299763259
1111111.0,1249735.7502004069,-138624.75020040688,0.12476228765659496
895000.0,792933.9175542278,102066.08244577225,0.11404031558186843
2110000.0,2375159.70102381,-265159.7010238101,0.1256681047506209
2345000.0,3187754.488431879,-842754.4884318789,0.35938357715645153
871000.0,809649.3980168214,61350.60198317864,0.07043697127804666
539900.0,1354439.7066039762,-814539.7066039762,1.5086862504241085
1675000.0,974772.5294697931,700227.4705302069,0.4180462510628101
715000.0,822802.5691370042,-107802.5691370042,0.15077282396783806
1780000.0,1088153.061465417,691846.938534583,0.3886780553565073
395000.0,854798.5087504177,-459798.50875041774,1.1640468575959944
344900.0,503286.87324619904,-158386.87324619904,0.45922549506001464
485000.0,804399.5180302016,-319399.51803020155,0.6585557072787661
940000.0,950630.3587591103,-10630.358759110328,0.01130889229692588
583000.0,847139.9044973151,-264139.90449731506,0.453070162088019
1350000.0,1223846.6882247676,126153.31177523243,0.09344689761128329
980000.0,773424.0804616162,206575.91953838384,0.2107917546310039
450000.0,763517.5363882034,-313517.5363882034,0.6967056364182297
890000.0,1115505.0593815926,-225505.05938159255,0.2533764712152725
969000.0,739363.035835447,229636.96416455298,0.23698345115020947
1550000.0,1357831.1881194662,192168.81188053382,0.12397987863260246
479990.0,887087.8044872716,-407097.8044872716,0.8481380955588066
3600000.0,6312285.411733991,-2712285.4117339905,0.753412614370553
1050000.0,882572.663185654,167427.33681434602,0.15945460648985335
1399000.0,906434.6129006651,492565.38709933485,0.35208390786228366
370000.0,693847.8906316478,-323847.8906316478,0.8752645692747237
1000000.0,932502.4903456944,67497.50965430564,0.06749750965430565
610000.0,777059.3642198707,-167059.36421987065,0.27386781019650924
625000.0,583827.7863955448,41172.21360445523,0.06587554176712837
850000.0,808998.1141755882,41001.88582441176,0.04823751273460207
1450000.0,1640825.764471435,-190825.764471435,0.13160397549754138
1450000.0,727833.4047524859,722166.5952475141,0.49804592775690626
600000.0,1467570.5691023073,-867570.5691023073,1.4459509485038455
770000.0,682856.1430339211,87143.85696607886,0.11317384021568684
2000000.0,2710564.09162468,-710564.09162468,0.35528204581233996
1445000.0,2015235.5568156193,-570235.5568156193,0.3946266829173836
2182000.0,1060186.1103574135,1121813.8896425865,0.5141218559315245
1035000.0,1442673.0152630892,-407673.0152630892,0.3938869712686852
950000.0,937258.9859537982,12741.014046201832,0.013411593732844033
2650000.0,1041876.8616847054,1608123.1383152946,0.6068389201189791
775000.0,949581.7738924718,-174581.7738924718,0.22526680502254426
3100000.0,1699760.932340187,1400239.067659813,0.45169002182574614
398000.0,571156.303680649,-173156.30368064903,0.4350660896498719
399999.0,445242.4817323458,-45243.48173234583,0.11310898710333232
3010000.0,1598916.6754728823,1411083.3245271177,0.46879844668675
1985000.0,876271.5245934363,1108728.4754065638,0.5585533881141379
1139000.0,792984.9089760091,346015.0910239909,0.3037884908024503
810000.0,764137.0617762947,45862.93822370528,0.056620911387290467
5098000.0,2751599.8717371766,2346400.1282628234,0.46025895022809404
1200000.0,1220693.6081033603,-20693.608103360282,0.0172446734194669
415000.0,582828.0673381966,-167828.06733819656,0.40440498153782306
1079000.0,804430.5426720851,274569.4573279149,0.25446659622605644
1520000.0,1176590.4348409658,343409.5651590342,0.2259273454993646
988888.0,690052.6489076253,298835.35109237465,0.3021933233008942
8000000.0,4082267.9043389126,3917732.0956610874,0.48971651195763594
1600000.0,1308199.3586869314,291800.64131306857,0.18237540082066786
490000.0,775305.7911492046,-285305.7911492046,0.5822567166310297
2612000.0,790035.3214761501,1821964.67852385,0.6975362475206164
2060000.0,1689151.8178745678,370848.1821254322,0.18002338938127777
2455000.0,1997404.6249930877,457595.3750069123,0.18639322810872191
1225000.0,1370806.318635013,-145806.31863501295,0.11902556623266364
1875000.0,1080109.0134364632,794890.9865635368,0.42394185950055296
1075194.6,839334.262127466,235860.33787253406,0.21936525525010453
1280000.0,776363.9157462877,503636.0842537123,0.39346569082321275
1056000.0,1350462.7800087007,-294462.7800087007,0.27884732955369385
670000.0,1091030.6286025702,-421030.62860257016,0.6284039232874181
1040000.0,705094.0194999357,334905.9805000643,0.32202498125006185
1550000.0,1199679.9817681173,350320.0182318827,0.22601291498831144
595000.0,846679.3570346483,-251679.3570346483,0.422990516024619
2875000.0,3884262.6653344953,-1009262.6653344953,0.35104788359460704
405000.0,469784.00610809657,-64784.00610809657,0.15996050890888042
790000.0,863894.2475553495,-73894.24755534949,0.09353702222196138
1140000.0,800762.4704735454,339237.52952645463,0.2975767802863637
1370000.0,1101067.57734868,268932.42265132,0.19630103843162044
2625000.0,1615005.9840733875,1009994.0159266125,0.38475962511490003
529000.0,984000.4695735049,-455000.4695735049,0.8601143092126746
839000.0,756942.4756218519,82057.52437814814,0.0978039623100693
650000.0,800762.4704735454,-150762.47047354537,0.23194226226699288
475000.0,873612.4887599484,-398612.4887599484,0.8391841868630493
1179000.0,926598.267074741,252401.73292525904,0.21408119840988893
2400000.0,2785962.526629806,-385962.52662980603,0.16081771942908585
750000.0,1268277.9736550483,-518277.9736550483,0.6910372982067311
3800000.0,1085645.4456520423,2714354.5543479575,0.7143038300915677
1440000.0,1040082.2045841973,399917.79541580274,0.27772069126097415
1800000.0,1287411.6552990738,512588.3447009262,0.2847713026116257
850000.0,640168.6571922943,209831.34280770575,0.24686040330318323
900000.0,759337.9385900483,140662.06140995165,0.1562911793443907
1635000.0,1144033.9651238355,490966.0348761645,0.30028503662150735
1940000.0,1740295.5576033078,199704.44239669223,0.10294043422509909
430000.0,595331.4986847357,-165331.49868473574,0.38449185740636216
925000.0,650897.817596252,274102.18240374804,0.2963266836797276
2499000.0,2771916.4280948956,-272916.42809489556,0.10921025534009426
605000.0,794710.9029167746,-189710.90291677462,0.31357174035830515
499900.0,650762.6746922717,-150862.67469227174,0.30178570652584863
1690000.0,1250733.8322393347,439266.1677606653,0.25992080932583744
1155000.0,848618.1307032853,306381.86929671466,0.26526568770278325
1695000.0,901876.1959492529,793123.8040507471,0.46791964840752037
650000.0,434553.05412858864,215446.94587141136,0.33145683980217133
875000.0,1155620.9490979197,-280620.94909791974,0.32070965611190827
795000.0,902981.3171615514,-107981.31716155144,0.13582555617805214
1165000.0,917198.4584318922,247801.5415681078,0.2127051858953715
770000.0,541985.3651704153,228014.63482958474,0.2961229023760841
1550000.0,1044589.5502334314,505410.4497665686,0.3260712579139152
540000.0,573509.701423905,-33509.701423904975,0.06205500263686106
755000.0,766309.8420992492,-11309.842099249247,0.014979923310263902
590000.0,569916.8064881769,20083.193511823076,0.03403931103698826
110000.0,1651823.4825702112,-1541823.4825702112,14.016577114274646
1330000.0,861339.1394721768,468660.8605278232,0.352376586863025
545000.0,578390.3222967931,-33390.32229679311,0.06126664641613414
1260000.0,1950134.073451035,-690134.073451035,0.547725455119869
1119350.0,974629.6983291837,144720.30167081626,0.12928958919981798
2125000.0,2284226.508053258,-159226.50805325806,0.07493012143682733
359000.0,724171.0867901967,-365171.0867901967,1.0171896567972054
350000.0,455168.37292608275,-105168.37292608275,0.30048106550309356
1130000.0,825811.5238133736,304188.47618662636,0.2691933417580764
1690000.0,763559.7813009145,926440.2186990855,0.548189478520169
180000.0,656901.5558363268,-476901.5558363268,2.6494530879795932
890000.0,616599.5655453512,273400.43445464876,0.30719149938724577
545000.0,627250.238097382,-82250.23809738201,0.15091786806859084
2050000.0,1120541.2540817189,929458.7459182811,0.4533945102040396
927648.0,765129.8544515843,162518.14554841572,0.1751937648207248
1180000.0,976395.9818827944,203604.0181172056,0.17254577806542848
650000.0,803192.7435727717,-153192.74357277167,0.23568114395811027
1530000.0,776624.9900870231,753375.0099129769,0.4924019672633836
1500000.0,550738.0769722128,949261.9230277872,0.6328412820185249
990000.0,885858.6094645213,104141.39053547871,0.10519332377321082
350000.0,590566.6962944769,-240566.69629447686,0.6873334179842197
900000.0,824000.270478158,75999.72952184197,0.08444414391315774
1200000.0,900534.4754672893,299465.52453271067,0.24955460377725888
1030000.0,2245625.7354051783,-1215625.7354051783,1.1802191605875518
879000.0,1546714.9136479734,-667714.9136479734,0.7596301634220404
2620000.0,1157128.8411445655,1462871.1588554345,0.5583477705555093
860000.0,810762.0155537897,49237.98444621032,0.05725347028629107
1649500.0,1422762.4031319728,226737.59686802723,0.13745837942893435
525000.0,1079702.9398432518,-554702.9398432518,1.0565770282728606
1070000.0,1218095.6534998734,-148095.65349987336,0.13840715280361995
530000.0,1127634.6775257764,-597634.6775257764,1.1276125991052386
990000.0,1800491.3130165997,-810491.3130165997,0.8186780939561613
2025000.0,857505.0983513745,1167494.9016486255,0.5765406921721608
481000.0,508229.27631505585,-27229.276315055846,0.056609722068723174
1620000.0,1233268.977840336,386731.02215966396,0.23872285318497774
810000.0,804399.5180302016,5600.481969798449,0.00691417527135611
885000.0,909295.6023677425,-24295.602367742453,0.02745265804264684
799000.0,869013.0244170352,-70013.02441703517,0.08762581278727806
2918000.0,1088189.2953212983,1829810.7046787017,0.6270770064012
1608500.0,1398966.8529219138,209533.14707808616,0.13026617785395472
1060000.0,835212.5378592878,224787.4621407122,0.21206364352897375
600000.0,754961.0612878427,-154961.0612878427,0.2582684354797378
760000.0,915140.9858164267,-155140.9858164267,0.20413287607424566
2855162.0,1239234.6773163301,1615927.3226836699,0.565966947824211
2100000.0,1199169.106470166,900830.893529834,0.4289670921570638
850000.0,938224.3028744973,-88224.30287449725,0.10379329749940854
390000.0,427817.59869135485,-37817.598691354855,0.09696820177270475
1565000.0,881876.4244300053,683123.5755699947,0.4365006872651724
1105000.0,2426890.199142717,-1321890.1991427168,1.1962807232060786
280000.0,773047.9639683008,-493047.96396830084,1.7608855856010743
1200000.0,940710.7545873068,259289.24541269324,0.21607437117724437
780000.0,937258.9859537982,-157258.98595379817,0.20161408455615148
775000.0,536673.9262654324,238326.07373456762,0.3075175144962163
1150000.0,735648.5405186007,414351.4594813993,0.3603056169403472
1680000.0,1388756.48541556,291243.51458444004,0.1733592348716905
840000.0,940710.7545873068,-100710.75458730676,0.11989375546107947
950000.0,914584.1149313375,35415.885068662465,0.0372798790196447
1200000.0,694538.3353389031,505461.6646610969,0.4212180538842474
609000.0,598667.939512586,10332.060487414012,0.016965616563898212
1165000.0,712734.7980149535,452265.2019850465,0.3882104738069069
1820000.0,1328513.6477171297,491486.3522828703,0.2700474463092694
1690000.0,798656.7279671172,891343.2720328828,0.527422054457327
345000.0,766304.5897782979,-421304.58977829793,1.2211727239950665
3000000.0,1119688.395722255,1880311.604277745,0.6267705347592483
5900000.0,5050664.863355182,849335.1366448179,0.14395510790590132
850000.0,904470.7892300258,-54470.78923002584,0.06408328144708922
625000.0,697255.8081939577,-72255.80819395767,0.11560929311033226
488000.0,614492.9286303916,-126492.9286303916,0.25920682096391723
1705000.0,1261420.231535711,443579.7684642889,0.2601640870758293
1012000.0,971771.2150472024,40228.78495279758,0.03975176378734938
850000.0,675572.2155504056,174427.78444959444,0.20520915817599347
915000.0,754792.322167295,160207.67783270497,0.17509035828710925
970000.0,957290.0363993895,12709.9636006105,0.01310305525836134
750000.0,810762.0155537897,-60762.01555378968,0.08101602073838624
580000.0,741433.9256415756,-161433.9256415756,0.27833435455444067
475000.0,667418.4952739368,-192418.49527393677,0.4050915689977616
1812000.0,911880.3117267285,900119.6882732715,0.4967547948527989
682500.0,1361000.2494482438,-678500.2494482438,0.9941395596311264
1905000.0,1111353.8645968996,793646.1354031004,0.41661214456855666
1330000.0,896460.6524029293,433539.34759707074,0.3259694342835118
669900.0,694679.8285659045,-24779.82856590452,0.03699033970130545
905000.0,919605.5600015301,-14605.560001530102,0.016138740333182435
2560000.0,1008639.7056472654,1551360.2943527345,0.6060001149815369
390000.0,818962.7351327803,-428962.7351327803,1.099904449058411
1080000.0,1062887.8460518315,17112.153948168503,0.01584458698904491
1100000.0,941336.5928263768,158663.4071736232,0.1442394610669302
1450000.0,1203482.02087602,246517.97912398004,0.1700123993958483
1325000.0,820999.8634984499,504000.1365015501,0.38037746151060386
740000.0,810762.0155537897,-70762.01555378968,0.09562434534295902
2300000.0,5570757.188247748,-3270757.1882477477,1.422068342716412
3260000.0,962433.9823241378,2297566.017675862,0.7047748520478105
563000.0,1044445.3970595249,-481445.3970595249,0.8551428011714475
1120000.0,910373.6376006384,209626.36239936156,0.18716639499942997
3600000.0,1940096.4121277083,1659903.5878722917,0.4610843299645255
1090000.0,1002797.2461770952,87202.75382290478,0.08000252644303191
720000.0,844601.2210072725,-124601.22100727248,0.17305725139898956
820000.0,1074904.2644069695,-254904.26440696954,0.3108588590328897
1110000.0,867883.8460260164,242116.1539739836,0.21812266123782306
580000.0,967071.2217555775,-387071.2217555775,0.6673641754406509
1498000.0,699150.0821739088,798849.9178260912,0.5332776487490595
779000.0,836037.8419888725,-57037.841988872504,0.07321930935670411
1200000.0,997279.0483796388,202720.9516203612,0.168934126350301
1439000.0,1169772.0648908913,269227.9351091087,0.18709377005497477
307500.0,423937.15698451817,-116437.15698451817,0.37865742108786393
720000.0,780264.7955319786,-60264.7955319786,0.08370110490552583
1067000.0,978375.7719632365,88624.2280367635,0.08305925776641378
1400000.0,900540.9750112237,499459.0249887763,0.3567564464205545
945000.0,1084611.0671382193,-139611.06713821925,0.1477365789822426
600000.0,677565.2434666345,-77565.24346663454,0.12927540577772423
910000.0,737163.8323305028,172836.1676694972,0.18992985458186507
960000.0,965720.5414800005,-5720.54148000048,0.0059588973750005
385000.0,579749.8293681361,-194749.82936813612,0.5058437126445094
595000.0,965853.7090885114,-370853.7090885114,0.6232835446865738
1800000.0,1090944.8212902392,709055.1787097608,0.39391954372764487
841000.0,1180808.17941781,-339808.17941780994,0.4040525320069084
1455000.0,1372295.7691660249,82704.23083397513,0.05684139576218222
1390000.0,1475257.4008154175,-85257.40081541752,0.061336259579437065
550000.0,890254.0600745167,-340254.0600745167,0.6186437455900303
1750000.0,990079.664848058,759920.335151942,0.4342401915153954
1150000.0,873777.4546868079,276222.54531319207,0.24019351766364527
1550000.0,686087.2623718304,863912.7376281696,0.557363056534303
1250000.0,897452.3245208734,352547.6754791266,0.28203814038330133
1475000.0,1197694.4671239764,277305.53287602356,0.18800375110238884
2450000.0,1196951.2932514907,1253048.7067485093,0.5114484517340855
740000.0,803025.1426262746,-63025.14262627461,0.08516911165712786
850000.0,1593332.694888656,-743332.694888656,0.8745090528101835
930000.0,616138.2116345536,313861.7883654464,0.3374857939413402
420000.0,879690.9986288624,-459690.99862886243,1.0945023776877676
490000.0,602937.1951550712,-112937.19515507121,0.2304840717450433
365000.0,782670.7570949141,-417670.7570949141,1.144303444095655
725000.0,479081.1627217772,245918.83727822278,0.33919839624582454
1291000.0,1075929.35472751,215070.6452724901,0.16659228913438429
799000.0,441800.12452452106,357199.87547547894,0.44705866767894736
1145000.0,998134.4467109505,146865.55328904954,0.12826685876772886
1339000.0,821244.0675080598,517755.9324919402,0.38667358662579554
1645000.0,1370063.8226547786,274936.1773452214,0.1671344543132045
1110000.0,917474.6471679586,192525.35283204145,0.17344626381264996
499000.0,770870.1011137543,-271870.1011137543,0.5448298619514115
1525000.0,1008639.7056472654,516360.2943527346,0.338596914329662
460000.0,641841.9882903341,-181841.98829033412,0.3953086701963785
1125000.0,839164.6705587865,285835.3294412135,0.2540758483921898
945000.0,1095211.0150348784,-150211.0150348784,0.1589534550633634
860000.0,1081955.5213815982,-221955.5213815982,0.2580878155599979
535000.0,543340.756706349,-8340.75670634897,0.01559019945111957
1300000.0,801674.1701912207,498325.8298087793,0.3833275613913687
605000.0,1017986.7860864775,-412986.78608647746,0.6826227869197975
1200000.0,993985.0717167113,206014.92828328873,0.1716791069027406
630000.0,861342.8943576604,-231342.89435766044,0.3672109434248578
700000.0,779838.526348991,-79838.52634899097,0.11405503764141567
2800000.0,1699544.6706625463,1100455.3293374537,0.393019760477662
785000.0,990439.6999901807,-205439.69999018067,0.26170662419131296
437000.0,575492.5302019459,-138492.53020194592,0.3169165450845444
665000.0,623660.4864690402,41339.51353095984,0.06216468200144337
950000.0,989846.9721488078,-39846.972148807836,0.0419441812092714
750000.0,1420149.4380509704,-670149.4380509704,0.8935325840679605
965000.0,792940.7173893059,172059.28261069406,0.17829977472610783
659000.0,717179.6926659985,-58179.692665998475,0.08828481436418585
685000.0,799359.7656876991,-114359.76568769908,0.1669485630477359
1420000.0,873777.4546868079,546222.5453131921,0.3846637643050648
1485000.0,1159046.2819902997,325953.7180097003,0.21949745320518538
970000.0,809773.2860997857,160226.7139002143,0.16518217927857143
1100000.0,920425.7390048134,179574.26099518663,0.1632493281774424
1500000.0,814762.6855264115,685237.3144735885,0.45682487631572566
434000.0,689716.2957662465,-255716.2957662465,0.5892080547609366
495000.0,620197.8921691523,-125197.89216915227,0.2529250346851561
1100000.0,523344.6625616219,576655.337438378,0.52423212494398
1310000.0,861339.1394721768,448660.8605278232,0.3424892065097887
500000.0,644124.250664833,-144124.250664833,0.288248501329666
811200.0,1336165.271100324,-524965.2711003241,0.6471465373524705
1250000.0,1214492.1194271704,35507.88057282963,0.0284063044582637
375000.0,321329.4707220027,53670.529277997324,0.14312141140799287
1010000.0,734118.8849657159,275881.11503428407,0.27314961884582584
725000.0,971116.1346489526,-246116.13464895263,0.3394705305502795
970000.0,878389.5596617997,91610.44033820031,0.0944437529259797
898000.0,692667.6751333997,205332.32486660033,0.22865515018552376
985000.0,647776.1443132873,337223.85568671266,0.34235924435199255
1620000.0,897142.0987489398,722857.9012510602,0.44620858101917293
788000.0,835879.4043022576,-47879.40430225758,0.060760665358194896
1768000.0,1499603.2254644646,268396.77453553537,0.15180813039340235
811000.0,793368.2176625753,17631.782337424695,0.02174079203134981
598000.0,627502.1302846897,-29502.130284689716,0.04933466602790922
710000.0,829490.6428421354,-119490.64284213539,0.16829668005934562
1100000.0,1123302.750517027,-23302.750517026987,0.021184318651842716
366200.0,1254252.05308333,-888052.0530833299,2.4250465676770343
1495000.0,871751.3107697977,623248.6892302023,0.416888755337928
1120000.0,808379.0490928963,311620.9509071037,0.2782329918813426
2300000.0,2223690.0259612845,76309.97403871547,0.03317824958205021
1200000.0,1985500.846021414,-785500.846021414,0.6545840383511784
599000.0,821414.6448782405,-222414.64487824054,0.3713099246715201
545000.0,572326.962662711,-27326.96266271104,0.05014121589488264
615000.0,959747.1787048046,-344747.1787048046,0.5605645182191945
890000.0,928620.6450946708,-38620.64509467082,0.04339398325243912
1265000.0,904642.513904856,360357.48609514395,0.28486757794082523
3950000.0,1540101.1420925641,2409898.857907436,0.6101009766854268
1374900.0,983240.4814179916,391659.51858200843,0.28486400362354236
640000.0,754450.891922629,-114450.89192262897,0.17882951862910776
591000.0,993609.9985396184,-402609.99853961845,0.6812351921144136
1799000.0,2414540.925281126,-615540.925281126,0.3421572680828939
999000.0,855968.1682599728,143031.83174002718,0.14317500674677394
2150000.0,1632042.910525573,517957.08947442705,0.24091027417415212
700000.0,910499.3600324614,-210499.36003246135,0.3007133714749448
1235000.0,937151.2579408755,297848.7420591245,0.24117307049321823
875000.0,781033.7209169943,93966.27908300573,0.10739003323772084
1680000.0,1113300.5194185448,566699.4805814552,0.33732111939372333
1180000.0,2050890.8696811043,-870890.8696811043,0.7380431098992409
750000.0,901921.3359374946,-151921.33593749464,0.20256178124999286
1451500.0,1207475.6631899057,244024.3368100943,0.1681187301481876
900000.0,1075825.3782579133,-175825.37825791328,0.19536153139768142
1360000.0,956611.0217978859,403388.9782021141,0.29660954279567214
1920000.0,999497.3785171029,920502.6214828971,0.4794284486890089
545000.0,626069.206557516,-81069.20655751601,0.14875083772021286
1100000.0,869753.4686364203,230246.53136357968,0.20931502851234515
1311000.0,1078861.3374457667,232138.66255423333,0.17706991804289346
635000.0,1209729.0259625409,-574729.0259625409,0.9050850802559699
899900.0,684431.0438508632,215468.95614913676,0.2394365553385229
1725000.0,1589911.069943904,135088.93005609605,0.07831242322092524
585000.0,629035.8325925187,-44035.83259251865,0.07527492750857889
415000.0,907152.0274785168,-492152.0274785168,1.1859084999482332
625000.0,1217473.1749359104,-592473.1749359104,0.9479570798974566
800000.0,821960.9435206275,-21960.94352062745,0.02745117940078431
425000.0,515752.68012246623,-90752.68012246623,0.21353571793521467
1250000.0,1694933.7105839744,-444933.7105839744,0.3559469684671795
3350000.0,2537829.9314354486,812170.0685645514,0.24243882643717954
1560000.0,1174611.6516078184,385388.34839218156,0.24704381307191126
1250000.0,684557.1889611048,565442.8110388952,0.45235424883111613
955000.0,785858.6166631735,169141.38333682646,0.1771113961642162
2960000.0,3044763.5508799492,-84763.55087994924,0.028636334756739608
1210000.0,1000762.5071283926,209237.49287160742,0.17292354782777472
1279000.0,969005.9040241197,309994.0959758803,0.242372240794277
650000.0,1321648.6099607442,-671648.6099607442,1.0333055537857603
850000.0,790866.5794481933,59133.42055180669,0.06956873006094905
1399000.0,1021806.4930835473,377193.50691645266,0.2696165167379933
815000.0,1399622.5685651437,-584622.5685651437,0.7173283049879065
770000.0,756566.5537644373,13433.446235562675,0.01744603407215932
820000.0,906201.8153776452,-86201.8153776452,0.10512416509468926
670000.0,676253.0605580382,-6253.060558038182,0.009332926206027136
1050000.0,810762.0155537897,239237.98444621032,0.22784569947258126
738000.0,636931.6073964143,101068.39260358573,0.13694904146827336
6300000.0,2412719.6862294567,3887280.3137705433,0.6170286212334196
840000.0,917474.6471679586,-77474.64716795855,0.09223172281899827
795000.0,816019.5081459114,-21019.508145911386,0.026439632887938852
1885000.0,1606448.6890628159,278551.31093718414,0.14777257874651678
1000000.0,618090.8976803443,381909.1023196557,0.3819091023196557
3750000.0,1647585.4784426661,2102414.521557334,0.560643872415289
2430000.0,2194831.473725247,235168.5262747528,0.09677717130648264
890000.0,844601.2210072725,45398.778992727515,0.05100986403677249
1485000.0,973414.6110920833,511585.3889079167,0.34450194539253653
2600000.0,1779086.888809039,820913.111190961,0.31573581199652345
640000.0,1026005.4554541042,-386005.45545410423,0.6031335241470379
1067000.0,876262.8585058165,190737.14149418345,0.1787602075859264
510000.0,561868.1520385941,-51868.152038594126,0.10170225889920417
735000.0,874507.0962834421,-139507.0962834421,0.18980557317475116
415000.0,905290.7479579234,-490290.74795792345,1.1814234890552373
570000.0,804139.9184289966,-234139.91842899658,0.41077178671753783
665000.0,672283.1278887514,-7283.127888751449,0.010952072013160074
970000.0,1228346.810225706,-258346.81022570608,0.26633691775845986
680000.0,1212073.6140645638,-532073.6140645638,0.7824611971537703
430000.0,1055833.430694423,-625833.4306944229,1.455426583010286
2320000.0,1320976.2982805711,999023.7017194289,0.4306136645342366
2398888.0,1046061.3763070868,1352826.6236929132,0.5639390516326369
2650000.0,1768050.614772675,881949.3852273249,0.33281108876502824
4400000.0,3937312.8120903447,462687.1879096553,0.1051561790703762
1840000.0,1201225.2927029736,638774.7072970264,0.3471601670092535
1850000.0,1721656.0807199813,128343.91928001866,0.06937509150271279
1150000.0,840199.7155111597,309800.28448884026,0.2693915517294263
490000.0,453720.868199897,36279.131800103,0.07403904449000613
1425000.0,1035448.175578545,389551.82442145504,0.2733697013483895
3238000.0,2238341.239272791,999658.760727209,0.3087272269077236
1200000.0,998165.9393172265,201834.06068277347,0.1681950505689779
1650000.0,950335.2808479522,699664.7191520478,0.42403922372851377
1350000.0,931629.6892800543,418370.3107199457,0.30990393386662646
715000.0,1320051.9454130724,-605051.9454130724,0.8462264970812201
560000.0,619684.8381521069,-59684.83815210685,0.10658006812876224
1070000.0,1065292.3940305614,4707.605969438562,0.004399631747138843
635000.0,1112545.536230592,-477545.53623059206,0.7520402145363655
399000.0,1265766.082019554,-866766.082019554,2.172346070224446
394000.0,539422.4041625179,-145422.40416251787,0.3690923963515682
2565000.0,1308199.3586869314,1256800.6413130686,0.4899807568472002
860000.0,884569.3591755875,-24569.35917558754,0.028569022297194813
905000.0,810371.4059972669,94628.59400273312,0.10456198232346202
1520000.0,901643.8334897542,618356.1665102458,0.40681326744095114
1700000.0,1057917.4854593275,642082.5145406725,0.3776955967886309
1660000.0,1033989.3035112174,626010.6964887826,0.37711487740288113
430000.0,752887.167280755,-322887.167280755,0.7509003890250117
629553.0,1166829.2296143973,-537276.2296143973,0.8534249373990709
3100000.0,1007909.8370240731,2092090.1629759269,0.6748677945083635
790000.0,925119.9951440353,-135119.99514403532,0.17103796853675357
1465000.0,1124585.3337217318,340414.6662782682,0.23236495991690662
571000.0,897946.1092224368,-326946.1092224368,0.5725851299867545
1275000.0,675829.7390463112,599170.2609536888,0.4699374595715206
825000.0,760672.2055046409,64327.79449535906,0.07797308423679887
450000.0,552644.0900989408,-102644.09009894077,0.22809797799764614
445000.0,956111.567613766,-511111.56761376595,1.148565320480373
605000.0,614503.2273477734,-9503.227347773383,0.015707813797972533
1365000.0,1046039.7891459086,318960.21085409145,0.23367048414219155
730000.0,826112.4272531734,-96112.42725317343,0.1316608592509225
1455000.0,1986197.8707511916,-531197.8707511916,0.3650844472516781
950000.0,1445924.8795177424,-495924.87951774243,0.5220261889660447
1330000.0,915140.9858164267,414859.0141835733,0.3119240708147168
710000.0,533675.888058321,176324.11194167903,0.24834381963616764
955000.0,1121917.6651669745,-166917.66516697453,0.17478289546280057
985000.0,1218095.6534998734,-233095.65349987336,0.2366453335024095
1605000.0,876668.2671089584,728331.7328910416,0.4537892416766614
925000.0,1002070.7781622872,-77070.7781622872,0.08331976017544562
9000000.0,11584562.195360437,-2584562.195360437,0.2871735772622708
530000.0,677565.2434666345,-147565.24346663454,0.27842498767289536
968000.0,826156.0351548258,141843.96484517423,0.1465330215342709
1430000.0,765626.780764529,664373.219235471,0.46459665680802165
775000.0,1126229.006584021,-351229.00658402103,0.45319871817293034
1050000.0,713246.7866872421,336753.2133127579,0.3207173460121504
576000.0,825727.3638509607,-249727.36385096074,0.4335544511301402
985000.0,787044.7290816465,197955.27091835346,0.20096981819122178
539000.0,897946.1092224368,-358946.1092224368,0.6659482545870813
415000.0,882248.168320817,-467248.16832081706,1.125899200773053
1335000.0,1332862.9545586852,2137.045441314811,0.0016007831021084727
1160000.0,650094.4499254841,509905.55007451586,0.4395737500642378
760000.0,950579.0361061937,-190579.03610619367,0.2507618896134127
600000.0,810679.3136625536,-210679.31366255356,0.3511321894375893
1080000.0,736330.6460540903,343669.35394590965,0.31821236476473114
1160000.0,1137311.8686797516,22688.131320248358,0.019558733896765827
625080.0,1040929.6972932457,-415849.6972932457,0.6652743605510426
510000.0,791544.7042778902,-281544.70427789015,0.5520484397605689
2000000.0,1429766.526991359,570233.473008641,0.2851167365043205
2550000.0,1770429.509949427,779570.4900505729,0.3057139176668913
1720000.0,696812.3751691214,1023187.6248308786,0.5948765260644643
2373000.0,1257934.8418249593,1115065.1581750407,0.46989682181839054
649000.0,1084374.4820616054,-435374.48206160543,0.6708389554107942
300000.0,748255.1191576925,-448255.11915769253,1.4941837305256418
845000.0,1041876.8616847054,-196876.86168470536,0.2329903688576395
1170500.0,1079844.627674888,90655.37232511211,0.07745012586511073
1362000.0,1204211.443620591,157788.55637940904,0.11585062876608593
885000.0,778031.4170286722,106968.58297132782,0.1208684553348337
830000.0,512468.3437929207,317531.6562070793,0.382568260490457
1650000.0,2002488.8595818637,-352488.85958186374,0.2136296118677962
850000.0,743069.3107806946,106930.68921930541,0.12580081084624165
2050000.0,1030691.1457972365,1019308.8542027635,0.49722383131842124
810000.0,880620.371357282,-70620.37135728204,0.08718564365096548
875000.0,1159046.2819902997,-284046.2819902997,0.32462432227462823
1390000.0,926819.0948623898,463180.90513761016,0.3332236727608706
435000.0,805974.3105776425,-370974.3105776425,0.8528145070750403
842000.0,889832.9694530715,-47832.96945307148,0.056808752319562325
1065000.0,969122.7455790228,95877.2544209772,0.0900255910056124
600000.0,733845.6271297749,-133845.6271297749,0.22307604521629149
6800000.0,6818815.807962769,-18815.80796276871,0.0027670305827601047
830000.0,904409.6471940479,-74409.64719404792,0.08965017734222641
1625000.0,1080635.1851989012,544364.8148010988,0.33499373218529155
1700000.0,2347143.9033454796,-647143.9033454796,0.3806728843208704
420000.0,569107.18774807,-149107.18774807,0.35501711368588096
3975000.0,1235784.3884227306,2739215.6115772696,0.6891108456798163
1150000.0,1222957.1555622783,-72957.15556227835,0.06344100483676378
975000.0,1110131.078205442,-135131.07820544206,0.13859597764660725
1250000.0,841319.6268109481,408680.37318905187,0.3269442985512415
1080000.0,930295.6010499597,149704.39895004034,0.13861518421300031
440000.0,717264.8354453663,-277264.83544536633,0.6301473532849234
1155000.0,667402.738214703,487597.26178529696,0.4221621314158415
1220000.0,724171.0867901967,495828.9132098033,0.4064171419752486
1300000.0,1171908.0530883707,128091.94691162929,0.09853226685509946
399000.0,507115.6687346519,-108115.66873465187,0.27096658830739817
624500.0,1067987.9508423042,-443487.95084230416,0.7101488404200227
1800000.0,945369.3018825566,854630.6981174434,0.47479483228746855
930000.0,585839.3321768616,344160.6678231384,0.3700652342184284
1435000.0,1038735.038801538,396264.96119846206,0.27614283010345786
630000.0,515106.43466639234,114893.56533360766,0.18237073862477407
365000.0,402391.915460443,-37391.91546044301,0.10244360400121372
1125000.0,1065768.2317753187,59231.76822468126,0.05265046064416112
1700000.0,970963.9338664955,729036.0661335045,0.4288447447844144
1726000.0,1245170.820313254,480829.1796867461,0.2785800577559363
513000.0,494980.90251988656,18019.097480113443,0.035124946354996966
649000.0,1446917.0874191378,-797917.0874191378,1.2294562209848041
1183500.0,562018.2594638292,621481.7405361708,0.5251218762451803
835000.0,829160.8431420056,5839.156857994385,0.006993002225142976
765000.0,840745.6369532862,-75745.63695328624,0.09901390451409967
740000.0,596605.7059567326,143394.29404326738,0.1937760730314424
3535000.0,2150023.42462593,1384976.57537407,0.3917896960039802
4150075.0,4147060.733152605,3014.2668473948725,0.0007263162346210304
3950000.0,3209895.7458054936,740104.2541945064,0.18736816561886238
600000.0,514221.41905693733,85778.58094306267,0.14296430157177112
1225000.0,1136576.7500777903,88423.24992220965,0.07218224483445686
505000.0,1011424.0811918973,-506424.0811918973,1.0028199627562322
675000.0,964715.8808400955,-289715.88084009546,0.42920871235569696
770000.0,624808.1131697814,145191.8868302186,0.1885608919872969
1586000.0,1121456.9589138897,464543.0410861103,0.29290229576677823
400000.0,821025.9593377418,-421025.95933774184,1.0525648983443545
850000.0,1062842.547645714,-212842.5476457139,0.25040299723025167
775000.0,552852.6432417467,222147.3567582533,0.2866417506558107
715000.0,634389.9487291084,80610.05127089156,0.11274133044879939
1155000.0,679526.4693149762,475473.53068502375,0.41166539453248807
925000.0,1020605.7388322642,-95605.73883226421,0.10335755549433968
1198000.0,560395.9386740308,637604.0613259692,0.532223757367253
1275000.0,825727.3638509607,449272.63614903926,0.3523706950188543
1550000.0,1280424.03478434,269575.96521565993,0.17391997755849029
8300000.0,5880700.229634783,2419299.770365217,0.29148190004400204
259000.0,634389.9487291084,-375389.94872910844,1.449382041425129
1388000.0,2314872.942008875,-926872.9420088748,0.6677758948190741
9074300.0,7908998.804189676,1165301.1958103236,0.128417750769792
2200000.0,1013418.6498243966,1186581.3501756033,0.5393551591707287
1505000.0,1210251.23474601,294748.76525398996,0.19584635565049166
7985000.0,6389676.543428649,1595323.4565713508,0.19979003839340648
410000.0,928009.8560977601,-518009.85609776014,1.2634386734091712
315000.0,427701.03073944245,-112701.03073944245,0.35778104996648397
1500000.0,1285213.677650496,214786.3223495041,0.14319088156633608
915000.0,832477.8591957946,82522.14080420544,0.09018813202645404
2855000.0,1289301.903238453,1565698.096761547,0.5484056380951128
845000.0,731487.455469891,113512.54453010904,0.1343343722249811
635000.0,767282.2267837697,-132282.22678376967,0.20831846737601523
800000.0,1001378.112249715,-201378.11224971502,0.25172264031214375
690000.0,1105227.217606135,-415227.21760613495,0.6017785762407752
1775000.0,803192.7435727717,971807.2564272283,0.5474970458744949
1510000.0,1142740.4013779883,367259.5986220117,0.24321827723312034
640000.0,712795.6972258418,-72795.69722584181,0.11374327691537783
430000.0,847251.0018600145,-417251.0018600145,0.9703511671163129
550000.0,681206.1663178898,-131206.16631788982,0.23855666603252693
705000.0,967125.7099169029,-262125.70991690294,0.37180951761262826
2650000.0,1231436.8404866022,1418563.1595133978,0.5353068526465652
385000.0,408526.8271337253,-23526.82713372528,0.06110864190577995
899900.0,915370.843796059,-15470.843796059024,0.017191736633024805
505000.0,689181.0323447787,-184181.03234477865,0.36471491553421514
1115000.0,883508.5504408889,231491.44955911115,0.20761564982879924
960000.0,904409.6471940479,55590.352805952076,0.05790661750620008
2300000.0,754481.0227381941,1545518.977261806,0.6719647727225243
1090000.0,1079638.2753877265,10361.724612273509,0.009506169369058265
1387000.0,1403112.1636842983,-16112.163684298284,0.01161655636935709
685000.0,570500.7562850357,114499.24371496425,0.16715218060578724
2699000.0,1744023.4567616219,954976.5432383781,0.35382606270410455
830000.0,1072211.371900185,-242211.371900185,0.2918209300002229
380000.0,810381.6086586628,-430381.60865866276,1.1325831806806914
444000.0,526234.666794126,-82234.66679412604,0.18521321350028386
512000.0,653200.6496135183,-141200.64961351827,0.27578251877640286
1158000.0,1234359.4504070734,-76359.45040707337,0.06594080346033969
1175000.0,894654.4883727441,280345.51162725594,0.238591924789154
1925000.0,1358407.3433648348,566592.6566351652,0.2943338476026832
4850000.0,1642642.0451470434,3207357.9548529563,0.6613109185263828
547000.0,947286.5049449321,-400286.50494493206,0.7317852009962195
550000.0,1025175.3751843065,-475175.3751843065,0.8639552276078301
1165000.0,975795.9691952917,189204.03080470825,0.16240689339459935
1045000.0,1236760.4368683617,-191760.43686836166,0.18350281040034608
3110000.0,1298349.6746928273,1811650.3253071727,0.582524220356004
610000.0,983026.2045019451,-373026.20450194506,0.6115183680359755
730000.0,932425.4310097867,-202425.43100978667,0.2772951109723105
1010000.0,1178266.0465387073,-168266.04653870733,0.16660004607792805
740000.0,953214.5784463263,-213214.5784463263,0.28812780871125176
625000.0,726285.2452701107,-101285.24527011067,0.16205639243217707
949995.0,961078.836642785,-11083.836642784998,0.011667257872709854
379000.0,882263.1093554473,-503263.10935544735,1.3278710009378558
2050000.0,1373349.1084840463,676650.8915159537,0.3300736056175384
1185000.0,1232819.9497549983,-47819.94975499832,0.040354387978901535
245000.0,344892.343544142,-99892.34354414197,0.40772385120057947
645000.0,900319.6078327498,-255319.60783274984,0.3958443532290695
670000.0,760672.2055046409,-90672.20550464094,0.13533165000692676
2275000.0,1387751.6832721182,887248.3167278818,0.38999926010016783
575000.0,1079092.4605197876,-504092.4605197876,0.8766825400344133
935000.0,605538.2560948577,329461.7439051423,0.352365501502826
3900000.0,931684.2130743811,2968315.786925619,0.76110661203221
700000.0,1063737.3826831311,-363737.38268313115,0.5196248324044731
1650000.0,1219338.0333143896,430661.96668561036,0.26100725253673357
395000.0,657897.8698904845,-262897.8698904845,0.6655642275708468
1325000.0,997170.4909934122,327829.5090065878,0.24741849736346247
350000.0,569519.1770723996,-219519.17707239965,0.6271976487782847
1190000.0,1063901.2933488102,126098.70665118983,0.1059652997068822
329000.0,442013.48327245924,-113013.48327245924,0.3435060281837667
900000.0,1027396.900404188,-127396.90040418797,0.14155211156020886
2300000.0,2299383.789939578,616.2100604218431,0.0002679174175747144
1780000.0,1206087.2687600588,573912.7312399412,0.3224228827190681
785000.0,1004948.9910906221,-219948.99109062215,0.28018979756767154
1690000.0,1337574.7781492402,352425.2218507598,0.20853563423121882
1150000.0,2537829.9314354486,-1387829.9314354486,1.2068086360308248
1660000.0,1361000.2494482438,298999.75055175624,0.18012033165768448
410000.0,803933.1272060495,-393933.1272060495,0.9608125053806086
245000.0,668459.9642651388,-423459.96426513884,1.72840801740873
1850000.0,1971745.6047278852,-121745.60472788522,0.06580843498804606
590000.0,715823.7265867954,-125823.72658679541,0.21326055353694137
1725000.0,1248386.538983365,476613.46101663494,0.2762976585603681
2950000.0,3804062.911907151,-854062.9119071509,0.28951285149394945
700000.0,1081333.988567954,-381333.98856795393,0.5447628408113627
851000.0,676336.1735382498,174663.8264617502,0.20524538949676874
900000.0,907648.0254206588,-7648.025420658756,0.008497806022954173
2000000.0,1375670.6420719887,624329.3579280113,0.3121646789640057
1225000.0,1204211.443620591,20788.55637940904,0.016970250105640034
440000.0,361944.21803591505,78055.78196408495,0.17739950446382943
500000.0,521099.32919327426,-21099.329193274258,0.042198658386548515
562750.0,788808.1415246023,-226058.1415246023,0.4017026059966278
1050000.0,1084539.680994445,-34539.68099444499,0.0328949342804238
2860000.0,2800243.389078566,59756.61092143413,0.020893919902599346
900000.0,675506.7926370105,224493.20736298955,0.2494368970699884
1050000.0,1210366.212007738,-160366.21200773795,0.1527297257216552
612177.0,1300912.1078656989,-688735.1078656989,1.1250587785325141
2106000.0,1090944.8212902392,1015055.1787097608,0.4819825160065341
1320000.0,867577.2860492826,452422.71395071736,0.342744480265695
1190000.0,1204211.443620591,-14211.443620590959,0.011942389597135259
1180000.0,937258.9859537982,242741.01404620183,0.20571272376796765
630000.0,557099.5890201338,72900.41097986617,0.11571493806327963
660000.0,667717.0515194456,-7717.051519445609,0.011692502302190317
1257500.0,941336.5928263768,316163.4071736232,0.2514221925833982
465000.0,883107.9605519581,-418107.96055195807,0.899156904412813
540000.0,1021801.0376956782,-481801.0376956782,0.8922241438808856
1400000.0,1028497.1729086502,371502.82709134975,0.26535916220810696
1000000.0,1330183.8032636016,-330183.8032636016,0.33018380326360164
437000.0,983008.5117694015,-546008.5117694015,1.2494473953533214
446000.0,605020.4246175888,-159020.42461758875,0.3565480372591676
1005000.0,1166170.3482367797,-161170.34823677968,0.1603685057082385
850000.0,962749.0699259493,-112749.06992594933,0.1326459646187639
1212000.0,838213.1146594782,373786.8853405218,0.3084050209080213
1148000.0,833222.2218720284,314777.7781279716,0.27419667084318083
1830000.0,1470507.6207548482,359492.37924515177,0.1964439230847824
449000.0,626263.2358752735,-177263.23587527347,0.39479562555740194
550000.0,690863.4907372285,-140863.49073722854,0.2561154377040519
350000.0,578476.4569767218,-228476.45697672176,0.6527898770763478
1400000.0,1174340.1944808054,225659.80551919458,0.16118557537085326
305000.0,465568.7717494349,-160568.77174943488,0.5264549893424094
7595000.0,2144895.404539861,5450104.595460139,0.7175911251428755
465000.0,564600.5455857017,-99600.54558570171,0.2141947216896811
1250000.0,1306879.7669882185,-56879.76698821853,0.04550381359057482
3500000.0,4757437.666859852,-1257437.6668598522,0.35926790481710064
860000.0,842854.465024757,17145.534975243034,0.019936668575863993
715000.0,615226.7535207018,99773.24647929822,0.13954300206894857
1109000.0,1228784.2496558938,-119784.24965589377,0.10801104567709087
1550000.0,1017120.7126011122,532879.2873988878,0.34379308864444375
1515000.0,840745.6369532862,674254.3630467138,0.44505238484931603
255000.0,442156.69281075,-187156.69281074998,0.7339478149441175
440000.0,603471.1813029725,-163471.1813029725,0.3715254120522102
1175000.0,1313674.8824439745,-138674.8824439745,0.11802117654806339
875000.0,1279249.417536507,-404249.4175365069,0.46199933432743645
790000.0,762010.7398824323,27989.260117567726,0.03542944318679459
545000.0,1121041.1743543313,-576041.1743543313,1.0569562832189565
510000.0,567580.66571052,-57580.66571052,0.11290326609905882
1362500.0,1012578.6896693759,349921.3103306241,0.25682298005917364
2660000.0,694538.3353389031,1965461.6646610969,0.7388953626545477
800000.0,930782.6397995825,-130782.63979958254,0.16347829974947817
710000.0,824693.7458724455,-114693.74587244552,0.16154048714428948
502000.0,958345.1063405907,-456345.10634059075,0.9090539966944039
1071500.0,569333.8752396742,502166.12476032577,0.4686571393003507
665000.0,1170729.5944371747,-505729.59443717473,0.7604956307325936
349000.0,569408.3111502106,-220408.31115021056,0.6315424388258182
820000.0,721353.9523018363,98646.04769816366,0.12030005816849226
850000.0,1283137.1331002144,-433137.1331002144,0.5095730977649582
2430000.0,1120861.3361324547,1309138.6638675453,0.538740190891994
1150000.0,516189.8004883209,633810.1995116791,0.5511393039231992
1700000.0,817973.793634153,882026.206365847,0.5188389449210865
1035000.0,842121.1075175009,192878.89248249913,0.18635641785748708
409900.0,672205.6277395139,-262305.6277395139,0.6399259032435078
865000.0,769962.1962191381,95037.8037808619,0.10987029338827965
1130000.0,1029030.1320079278,100969.86799207225,0.08935386547970996
675000.0,886123.8103842835,-211123.81038428354,0.31277601538412375
2000000.0,1596764.4661488852,403235.5338511148,0.2016177669255574
1200000.0,907258.4994982746,292741.50050172536,0.24395125041810448
2350000.0,1459799.6687659232,890200.3312340768,0.3788086515889688
1170000.0,1410354.512118142,-240354.5121181421,0.205431206938583
980000.0,960481.8141231008,19518.185876899166,0.019916516200917517
1495000.0,2150023.42462593,-655023.4246259299,0.4381427589471103
2110000.0,1354095.2394500412,755904.7605499588,0.35824870168244494
5050000.0,2013614.7006289137,3036385.299371086,0.6012644157170467
1405000.0,805752.6204366914,599247.3795633086,0.42651059043651857
483495.0,647622.082195191,-164127.08219519095,0.3394597300803337
745000.0,687868.7788386628,57131.22116133722,0.07668620290112378
447300.0,519043.02348954114,-71743.02348954114,0.16039128882079395
1050000.0,929785.5490852355,120214.45091476454,0.1144899532521567
599000.0,807707.1680568209,-208707.16805682087,0.34842599007816505
2418000.0,2182613.05994009,235386.94005991006,0.09734778331675355
2000000.0,787441.1756825959,1212558.824317404,0.6062794121587021
4200000.0,1250450.609039928,2949549.390960072,0.7022736645143028
1220000.0,1308782.0451302412,-88782.0451302412,0.07277216813954196
1659500.0,766899.9609914682,892600.0390085318,0.5378728767752526
790000.0,723280.6637803586,66719.33621964138,0.0844548559742296
2950000.0,1045748.5330492847,1904251.4669507153,0.6455089718477001
525000.0,498063.18972086266,26936.81027913734,0.051308210055499695
675000.0,1156153.6572424509,-481153.65724245086,0.7128202329517791
2200000.0,1233443.3858770065,966556.6141229935,0.4393439155104516
269900.0,760664.7273243205,-490764.72732432047,1.8183205903087087
594000.0,601792.1762411027,-7792.176241102745,0.01311814182003829
790000.0,1085668.8921574824,-295668.89215748245,0.3742644204525094
907000.0,824050.8108021908,82949.1891978092,0.09145445336031886
840000.0,620391.7179361259,219608.28206387407,0.2614384310284215
1945000.0,882210.9710210199,1062789.0289789801,0.5464210945907353
405000.0,611181.7163390785,-206181.7163390785,0.5090906576273543
1270000.0,710522.7982173237,559477.2017826763,0.4405332297501388
700000.0,1121651.0971120691,-421651.09711206914,0.6023587101600988
911000.0,652706.0117047493,258293.9882952507,0.28352797837019833
1260000.0,2123802.2882565064,-863802.2882565064,0.6855573716321479
739000.0,738463.9167484082,536.0832515917718,0.0007254171198806114
2600000.0,1317452.0263112828,1282547.9736887172,0.49328768218796815
660000.0,727172.4944501589,-67172.4944501589,0.101776506742665
465000.0,1009105.3784065843,-544105.3784065843,1.170119093347493
1088000.0,2142570.629265722,-1054570.629265722,0.9692744754280532
700000.0,652650.3339680533,47349.66603194666,0.06764238004563809
657305.0,1086580.7378271457,-429275.7378271457,0.6530845464847305
788000.0,873777.4546868079,-85777.45468680793,0.10885463792742124
725000.0,1442673.0152630892,-717673.0152630892,0.9898938141559851
1328000.0,1276278.1668346631,51721.833165336866,0.03894716352811511
950000.0,854166.3596916812,95833.64030831878,0.10087751611401977
935000.0,1623466.9353939919,-688466.9353939919,0.7363282731486545
415000.0,901622.0061650847,-486622.00616508466,1.1725831473857462
1050000.0,908072.5611110977,141927.4388889023,0.1351689894180022
1875000.0,1534648.0460415352,340351.9539584648,0.18152104211118122
705000.0,922055.3778561722,-217055.37785617216,0.30787996859031513
810000.0,1008447.0525039323,-198447.05250393227,0.24499636111596576
1127500.0,1149095.2209075063,-21595.2209075063,0.019153189274950154
1505000.0,1173864.9152485824,331135.0847514176,0.2200233121271878
4580000.0,4306273.379699718,273726.6203002818,0.059765637620148866
4800000.0,1089789.879363499,3710210.120636501,0.772960441799271
959000.0,918729.0941998577,40270.905800142325,0.04199260250275529
560000.0,804399.5180302016,-244399.51803020155,0.43642771076821707
800000.0,780164.2723839844,19835.72761601559,0.024794659520019486
1398888.0,1019714.0449693655,379173.95503063453,0.27105383349534384
638000.0,748071.3642788627,-110071.36427886272,0.17252564933991021
1450000.0,1278644.4976248557,171355.50237514428,0.11817620853458226
893600.0,725568.8670007716,168031.13299922843,0.18803842099286977
785000.0,633418.7998314997,151581.2001685003,0.19309707027834433
2639999.0,726222.7931955573,1913776.2068044427,0.7249155044393739
1350000.0,685295.4361760598,664704.5638239402,0.49237375098069647
785000.0,712697.7957595349,72302.20424046507,0.0921047187776625
605000.0,559495.2600910055,45504.739908994525,0.07521444613056946
1100000.0,838092.7464105337,261907.25358946633,0.2380975032631512
1100000.0,1048181.8948590306,51818.10514096939,0.04710736830997217
839990.0,833559.6263997023,6430.373600297724,0.007655297801518737
1275000.0,1145074.5786215225,129925.42137847748,0.10190229127723724
4325000.0,1808636.5480214488,2516363.451978551,0.5818181391857922
1827000.0,1198015.4266927433,628984.5733072567,0.3442717971030414
855000.0,930203.0953269015,-75203.09532690153,0.08795683663965091
435000.0,969005.9040241197,-534005.9040241197,1.2275997793657925
556000.0,754961.0612878427,-198961.0612878427,0.35784363540978903
1620000.0,1126962.4707614025,493037.5292385975,0.3043441538509861
1650000.0,1000652.7452526458,649347.2547473542,0.39354379075597223
14000000.0,5050664.863355182,8949335.136644818,0.6392382240460585
900000.0,1021303.6068538156,-121303.60685381561,0.13478178539312846
825000.0,1263821.2881574319,-438821.2881574319,0.531904591705978
799000.0,816343.1617724213,-17343.16177242133,0.021706084821553603
875000.0,1004225.4174145722,-129225.4174145722,0.14768619133093966
648900.0,1064265.9286099959,-415365.92860999587,0.6401077648481983
488000.0,1078861.3374457667,-590861.3374457667,1.2107814291921448
775000.0,667479.3859726383,107520.61402736173,0.13873627616433773
975000.0,1266755.9282947076,-291755.92829470756,0.29923684953303337
2270000.0,2245625.7354051783,24374.264594821725,0.010737561495516178
560000.0,435062.9226714067,124937.0773285933,0.22310192380105945
2382000.0,1160311.1576667195,1221688.8423332805,0.5128836449761883
2542000.0,1626134.8737131616,915865.1262868384,0.3602931259979695
655000.0,1254252.05308333,-599252.0530833299,0.9148886306615724
3225000.0,4461368.672368484,-1236368.6723684836,0.38337013096697165
745000.0,706054.6940390521,38945.30596094788,0.052275578471070984
495000.0,435658.7132158035,59341.286784196505,0.11988138744282122
3900000.0,2842679.2078766045,1057320.7921233955,0.27110789541625524
495000.0,596574.3042735726,-101574.30427357263,0.20520061469408613
1680000.0,1185152.618327529,494847.38167247106,0.2945520129002804
1100000.0,1295187.7316224568,-195187.7316224568,0.17744339238405163
858000.0,1025289.4456360899,-167289.4456360899,0.19497604386490663
960000.0,1042302.3858786416,-82302.38587864162,0.08573165195691836
735000.0,1317169.5731913496,-582169.5731913496,0.792067446518843
715000.0,742751.5952479113,-27751.59524791129,0.03881341992714866
4250000.0,1781761.3726720375,2468238.627327963,0.5807620299595206
1150000.0,1054867.3079147555,95132.69208524446,0.08272408007412561
630000.0,778413.2616710025,-148413.2616710025,0.23557660582698808
850000.0,787100.1060216662,62899.8939783338,0.073999875268628
1885065.0,970698.429932303,914366.570067697,0.48505837733324686
440000.0,975636.2057554371,-535636.2057554371,1.217355013080539
510000.0,613656.2712635784,-103656.27126357844,0.2032475907128989
1800000.0,1166829.2296143973,633170.7703856027,0.35176153910311264
1600000.0,1580873.5449818522,19126.455018147826,0.011954034386342391
1300000.0,1449211.6306557194,-149211.63065571943,0.1147781774274765
899900.0,640168.6571922943,259731.34280770575,0.28862245005856846
771420.0,817973.793634153,-46553.79363415297,0.060348180801836834
765000.0,829160.8431420056,-64160.843142005615,0.08387038319216421
845000.0,1107241.8700925391,-262241.8700925391,0.3103454083935374
935000.0,600207.5301133783,334792.4698866217,0.35806681271296437
1265000.0,1232480.1973414607,32519.802658539265,0.025707353880268194
885000.0,1265005.976701336,-380005.976701336,0.42938528440828927
3650000.0,4147054.472097186,-497054.4720971859,0.13617930742388654
1900000.0,1645155.3105471553,254844.68945284467,0.13412878392254982
390000.0,646662.2266281414,-256662.22662814136,0.6581082734054907
480000.0,579851.8786013176,-99851.87860131764,0.20802474708607843
826640.0,1132605.1760683449,-305965.17606834485,0.3701311043118466
1090000.0,739363.035835447,350636.964164553,0.32168528822436054
362000.0,429227.43450081424,-67227.43450081424,0.1857111450298736
715000.0,746909.5705805096,-31909.570580509608,0.04462877004267078
1350000.0,918220.3223296042,431779.6776703958,0.3198367982743673
510000.0,499591.07448244444,10408.925517555559,0.02040965787755992
2005000.0,1385535.6995734363,619464.3004265637,0.30895975083619137
1870000.0,1084342.982804182,785657.017195818,0.4201374423507048
790000.0,966565.5637394662,-176565.56373946625,0.22350071359426107
2275000.0,1212520.6816190295,1062479.3183809705,0.4670238762114156
1050000.0,1199611.5545366446,-149611.5545366446,0.14248719479680438
359900.0,542010.1239251721,-182110.12392517214,0.5060020114619954
806000.0,618107.9422978865,187892.05770211353,0.23311669690088527
865000.0,1369643.1084411624,-504643.1084411624,0.5834024375042339
1375000.0,1000762.5071283926,374237.4928716074,0.2721727220884418
775000.0,1189695.2980614852,-414695.29806148517,0.5350907071761098
1225000.0,1035102.6073115079,189897.39268849208,0.1550182797457078
1250000.0,1035068.49019559,214931.50980441005,0.17194520784352804
389000.0,591795.0217051903,-202795.0217051903,0.5213239632524173
580000.0,1127215.8645796312,-547215.8645796312,0.9434756285855711
525000.0,594526.4329793396,-69526.43297933962,0.13243130091302785
645000.0,699003.3512207448,-54003.35122074478,0.08372612592363532
838000.0,745871.8376867846,92128.16231321543,0.10993814118522129
1709750.0,1565971.0499456055,143778.95005439455,0.08409355172065773
1000000.0,2676220.030930918,-1676220.0309309182,1.676220030930918
899000.0,1062255.8190294341,-163255.81902943412,0.18159712906499903
964000.0,708179.0456139192,255820.95438608085,0.2653744340104573
3975000.0,1356947.120244387,2618052.879755613,0.658629655284431
700000.0,1110794.2166908206,-410794.21669082064,0.5868488809868866
1610000.0,1059179.08016219,550820.9198378101,0.34212479493031683
995000.0,871136.798043616,123863.201956384,0.1244856301069186
1478000.0,1020360.3772477037,457639.6227522963,0.30963438616528843
445000.0,765504.79719297,-320504.79719297006,0.720235499310045
570000.0,709810.5107220423,-139810.5107220423,0.24528159775796893
350000.0,583042.4443100357,-233042.44431003567,0.6658355551715305
250000.0,579645.14301714,-329645.14301714,1.31858057206856
735000.0,900094.4417821614,-165094.44178216136,0.22461828813899504
1100000.0,719439.0600363807,380560.93996361934,0.3459644908760176
1220000.0,939563.8700441876,280436.12995581236,0.22986568029164947
1865000.0,783436.5721601823,1081563.4278398177,0.5799267709596878
1199000.0,931109.1943602234,267890.80563977663,0.2234285284735418
2160000.0,1043537.1977030145,1116462.8022969854,0.5168809269893451
2110350.0,1166220.2598038367,944129.7401961633,0.44738064311425274
610000.0,594652.8620874378,15347.137912562233,0.025159242479610218
1850000.0,1094828.0104823438,755171.9895176562,0.40820107541494927
655000.0,485872.85834650334,169127.14165349666,0.2582093765702239
1015000.0,1676703.3187629743,-661703.3187629743,0.6519244519832259
685000.0,1063988.3493589542,-378988.34935895423,0.5532676632977435
375000.0,971599.0115149876,-596599.0115149876,1.5909306973733002
866000.0,974514.289582305,-108514.289582305,0.12530518427517898
683000.0,899032.180227757,-216032.18022775697,0.3162989461606983
820000.0,784711.2480663827,35288.751933617285,0.04303506333367962
384800.0,565639.7406627581,-180839.74066275812,0.46995774600508866
2420000.0,1984974.0455875262,435025.95441247383,0.17976279107953463
785000.0,799537.1264270168,-14537.126427016803,0.018518632391104208
1098000.0,948601.1963650406,149398.8036349594,0.13606448418484463
465000.0,1066019.611769851,-601019.6117698511,1.292515294128712
505000.0,886795.2800941007,-381795.28009410074,0.7560302576120806
2660000.0,2686456.9995805253,-26456.999580525327,0.009946240443806514
1000000.0,869305.3623927509,130694.63760724908,0.1306946376072491
810000.0,913644.3936183776,-103644.39361837762,0.1279560415041699
966000.0,1364771.6036553555,-398771.6036553555,0.41280704312148603
1507000.0,1127644.335336003,379355.664663997,0.2517290409183789
665000.0,1104253.2811100525,-439253.2811100525,0.6605312497895526
1310000.0,856216.0983911534,453783.9016088466,0.3463999248922493
2140000.0,3114894.001980235,-974894.0019802349,0.45555794485057705
449950.0,990079.664848058,-540129.664848058,1.2004215242761596
2000000.0,1056867.0050724573,943132.9949275427,0.4715664974637714
575000.0,1166084.869554168,-591084.8695541681,1.027973686181162
1400000.0,1019368.8644767337,380631.1355232663,0.27187938251661875
1800000.0,915140.9858164267,884859.0141835733,0.4915883412130963
2000000.0,5052419.93759339,-3052419.9375933902,1.526209968796695
1870000.0,2381091.083641384,-511091.0836413838,0.2733107399151785
987000.0,1166992.8816881562,-179992.88168815617,0.1823636085999556
1698000.0,1373895.2589841543,324104.7410158457,0.19087440578082784
360000.0,611900.3770986017,-251900.37709860166,0.699723269718338
998000.0,1108261.255387726,-110261.255387726,0.11048221982738077
1200000.0,852086.1414155997,347913.85858440027,0.2899282154870002
1300000.0,777413.155386865,522586.844613135,0.4019898804716423
649000.0,992489.2995297125,-343489.29952971253,0.5292593213092643
900000.0,727172.4944501589,172827.5055498411,0.19203056172204566
235000.0,634389.9487291084,-399389.94872910844,1.6995316967196104
800000.0,849281.8593189284,-49281.859318928444,0.061602324148660556
4090000.0,1934532.0192510546,2155467.9807489454,0.5270092862466859
587000.0,908789.949338126,-321789.949338126,0.5481941215300272
680000.0,676253.0605580382,3746.9394419618184,0.0055102050617085565
905000.0,843442.656618515,61557.34338148497,0.06801916395744195
532000.0,648527.892910407,-116527.89291040704,0.21903739268873504
1530000.0,1090944.8212902392,439055.1787097608,0.2869641690913469
1425000.0,903413.8205858669,521586.1794141331,0.3660253890625495
3750000.0,1744447.341666293,2005552.658333707,0.5348140422223219
559900.0,655843.5112509655,-95943.51125096553,0.1713582983585739
900000.0,642131.9999722063,257868.0000277937,0.2865200000308819
825000.0,762362.6799388723,62637.320061127655,0.07592402431651837
1200000.0,1377689.0352371407,-177689.03523714072,0.1480741960309506
1120000.0,968183.1834225872,151816.81657741277,0.13555072908697569
690000.0,751203.9458591128,-61203.94585911278,0.08870137081030838
700000.0,761779.019467163,-61779.019467163016,0.08825574209594717
835000.0,700123.197645677,134876.80235432298,0.16152910461595565
555000.0,746518.5917263366,-191518.59172633663,0.345078543651057
380000.0,506385.2839352167,-126385.28393521672,0.33259285246109666
970000.0,909171.8163831311,60828.18361686892,0.06270946764625662
650000.0,686931.8065297594,-36931.80652975943,0.056818163891937584
555000.0,776624.9900870231,-221624.99008702312,0.39932430646310474
2360000.0,1354016.4562939578,1005983.5437060422,0.4262642134347637
1100000.0,770442.5516234722,329557.44837652775,0.29959768034229795
1769000.0,1066019.611769851,702980.3882301489,0.3973885744658841
325500.0,385924.7224083024,-60424.72240830242,0.18563662798249592
2325000.0,1212886.0331409564,1112113.9668590436,0.47832858789636284
1845000.0,950162.7162227042,894837.2837772958,0.4850066578738731
419690.0,908855.6212401596,-489165.6212401596,1.16554033033944
365000.0,495444.0382529351,-130444.0382529351,0.35738092672037014
826250.0,863894.2475553495,-37644.24755534949,0.04556036012750316
1100000.0,813533.9602789988,286466.0397210012,0.2604236724736374
795000.0,743813.424973761,51186.575026239036,0.06438562896382269
905000.0,754212.7797329617,150787.22026703833,0.1666157130022523
620990.0,1040348.621341063,-419358.62134106294,0.675306561041342
1200000.0,839959.6902280655,360040.3097719345,0.3000335914766121
1685000.0,1119297.8858057177,565702.1141942823,0.33572825768206666
1090000.0,985638.0485263473,104361.95147365273,0.09574490960885572
609990.0,1023152.6285162324,-413162.62851623236,0.6773268881723181
479990.0,804266.2981136764,-324276.29811367637,0.6755896958554894
800000.0,427298.2872740526,372701.7127259474,0.4658771409074342
400000.0,494410.89822670084,-94410.89822670084,0.2360272455667521
1700000.0,908760.0945333621,791239.9054666379,0.465435238509787
880000.0,948741.6282233782,-68741.62822337821,0.07811548661747524
1800000.0,625752.1172767926,1174247.8827232074,0.6523599348462263
1450000.0,1079844.627674888,370155.3723251121,0.255279567120767
350000.0,710459.7448752101,-360459.7448752101,1.0298849853577432
1399000.0,583648.166595297,815351.833404703,0.5828104599032902
508900.0,771637.4953958108,-262737.4953958108,0.5162851157315992
1030000.0,1290342.6771849345,-260342.6771849345,0.25275988076207234
640000.0,780438.4472782926,-140438.44727829262,0.21943507387233221
500890.0,1464429.9394319959,-963539.9394319959,1.9236557715905604
528900.0,947075.1180862767,-418175.1180862767,0.7906506297717465
505000.0,486456.4917811635,18543.508218836505,0.03671981825512179
940000.0,744005.2438668353,195994.75613316474,0.2085050597161327
325000.0,382585.84338772594,-57585.84338772594,0.1771872104237721
270000.0,565390.4582995063,-295390.45829950634,1.0940387344426161
1005000.0,717264.8354453663,287735.16455463367,0.2863036463230186
825000.0,1073478.437533036,-248478.4375330361,0.3011859848885286
740000.0,877963.7816074297,-137963.78160742973,0.18643754271274288
545000.0,1303631.0442495716,-758631.0442495716,1.3919835674304066
938888.0,1119411.4801592857,-180523.4801592857,0.19227371119801906
667000.0,899090.0130176574,-232090.01301765745,0.34796103900698266
1150000.0,897741.3799971507,252258.62000284926,0.21935532174160804
970000.0,934624.129193177,35375.87080682302,0.03646996990394126
609500.0,935122.1782645157,-325622.1782645157,0.5342447551509691
800000.0,495868.62134192546,304131.37865807454,0.3801642233225932
1110000.0,1046724.0944115958,63275.90558840416,0.05700532034991366
1935000.0,393079.13287908485,1541920.867120915,0.7968583292614548
1380000.0,958140.5506430195,421859.4493569805,0.3056952531572322
985000.0,1123650.9621133923,-138650.9621133923,0.14076239808466223
1390000.0,961342.6958586772,428657.30414132285,0.3083865497419589
930000.0,886075.0585327772,43924.94146722276,0.04723111985722877
310000.0,736485.092097109,-426485.09209710895,1.3757583616035773
2800000.0,3764763.716705703,-964763.7167057032,0.34455847025203684
619900.0,603349.4625032442,16550.53749675583,0.026698721562761464
2405000.0,1779086.888809039,625913.111190961,0.2602549318881335
1160000.0,1260029.1552238807,-100029.15522388066,0.08623203036541437
1230000.0,852235.3738325966,377764.6261674034,0.30712571233122227
3879500.0,2586015.1876911945,1293484.8123088055,0.3334153402007489
1400000.0,1050203.3528384967,349796.6471615033,0.24985474797250237
740000.0,779221.3189337319,-39221.318933731876,0.053001782342880915
999000.0,1120744.141251022,-121744.141251022,0.12186600725828027
1125000.0,914584.1149313375,210415.88506866246,0.18703634228325552
807500.0,746449.9897185292,61050.01028147084,0.07560372790275026
1465000.0,758182.4375371723,706817.5624628277,0.4824693259131929
950000.0,1005625.4516745467,-55625.4516745467,0.05855310702583863
1130000.0,1082477.5106936973,47522.48930630274,0.042055300271064376
1650000.0,663595.6721590704,986404.3278409296,0.5978208047520785
2440000.0,3102478.6589064198,-662478.6589064198,0.27150764709279496
765000.0,1449934.7218763577,-684934.7218763577,0.895339505720729
315000.0,715538.1727376976,-400538.1727376976,1.2715497547228496
1610000.0,1240540.0267041682,369459.9732958318,0.22947824428312535
2755000.0,1007469.8813907893,1747530.1186092107,0.634312202761964
1515000.0,1348238.6080197264,166761.39198027365,0.11007352605958656
901000.0,758712.6813566671,142287.31864333292,0.15792155232334398
379000.0,496264.72196590726,-117264.72196590726,0.3094055988546366
1085000.0,812776.9187081857,272223.08129181433,0.2508968491168796
3495000.0,1134842.9106149387,2360157.0893850615,0.675295304545082
600000.0,574059.0834498212,25940.91655017878,0.04323486091696463
567900.0,788507.7088502622,-220607.70885026222,0.38846224484990705
1050000.0,1201718.6944319643,-151718.6944319643,0.14449399469710886
720000.0,753955.7060504131,-33955.70605041308,0.04716070284779594
780000.0,829160.8431420056,-49160.843142005615,0.06302672197693028
1300000.0,894228.313266972,405771.68673302804,0.3121320667177139
1155025.0,1244478.1912065684,-89453.19120656839,0.07744697405386756
469000.0,935169.5248574261,-466169.52485742606,0.9939648717642346
635000.0,692667.6751333997,-57667.675133399665,0.09081523643055066
1116000.0,1089115.2906690931,26884.70933090686,0.024090241335938047
985000.0,449228.8044158991,535771.1955841009,0.5439301478011177
625000.0,590262.5540337121,34737.445966287865,0.05557991354606059
790000.0,826209.5756982978,-36209.57569829782,0.04583490594721243
735000.0,1158211.726489008,-423211.72648900794,0.5757982673319836
1108000.0,763749.0206761105,344250.9793238895,0.3106958297147017
1425000.0,1098534.0248748704,326465.97512512957,0.22909892991237163
707000.0,592330.895657662,114669.10434233805,0.16219109525083175
855000.0,899988.8061987453,-44988.80619874527,0.052618486782158205
795000.0,944885.3233907019,-149885.3233907019,0.18853499797572568
405000.0,677565.2434666345,-272565.24346663454,0.6730006011521841
1010000.0,782281.6698354322,227718.3301645678,0.22546369323224535
1600000.0,1105227.217606135,494772.78239386505,0.30923298899616564
1490000.0,1409536.9719626782,80463.02803732175,0.05400203223981326
1080000.0,1030318.156157962,49681.84384203795,0.04600170726114625
785000.0,760127.5654716758,24872.43452832417,0.03168462997238748
1275000.0,875570.8597084064,399429.1402915936,0.31327775709144595
870000.0,927777.1065143686,-57777.106514368556,0.06641046725789489
602000.0,1094608.1829838431,-492608.18298384314,0.8182860182455867
825000.0,659299.8012118475,165700.19878815254,0.20084872580382127
445000.0,652650.3339680533,-207650.33396805334,0.4666299639731536
935000.0,881325.3567741293,53674.64322587068,0.05740603553569056
1180000.0,1031026.7677636938,148973.23223630618,0.12624850189517473
425000.0,468465.49959775823,-43465.49959775823,0.10227176375943113
777900.0,544908.3726862518,232991.62731374823,0.29951359726667726
750000.0,867095.7359567888,-117095.73595678876,0.156127647942385
1100000.0,747677.5735921804,352322.4264078196,0.32029311491619966
805000.0,905380.5634903872,-100380.56349038717,0.12469635216197164
1135000.0,978994.1137176149,156005.8862823851,0.13745012007258597
785000.0,837354.0064578529,-52354.0064578529,0.06669300185713745
760000.0,936845.1982507166,-176845.19825071655,0.2326910503298902
350000.0,611181.7163390785,-261181.7163390785,0.74623347525451
1080000.0,1163419.3486882877,-83419.34868828766,0.07724013767434043
700000.0,710861.0275239707,-10861.027523970697,0.015515753605672424
445000.0,563519.7212480892,-118519.72124808922,0.26633645224289715
1200000.0,1545625.0588845068,-345625.0588845068,0.2880208824037557
2390000.0,2171459.6238188627,218540.37618113728,0.09143948794189845
595000.0,530418.2243228734,64581.7756771266,0.10854079945735563
1150000.0,1797489.4391783136,-647489.4391783136,0.563034294937664
2720000.0,1660842.6046344345,1059157.3953655655,0.38939610123734025
2325000.0,1203800.7958428997,1121199.2041571003,0.48223621684176354
1441550.0,873777.4546868079,567772.5453131921,0.3938625405384427
500000.0,724559.0791984482,-224559.07919844822,0.44911815839689645
595000.0,712325.5177930829,-117325.51779308286,0.19718574419005525
606820.0,1005833.7315346608,-399013.7315346608,0.657548748450382
820000.0,928549.9204238219,-108549.9204238219,0.13237795173636815
879000.0,675572.2155504056,203427.78444959444,0.2314309265638162
1210000.0,1196183.4988495458,13816.501150454162,0.011418595992110878
760000.0,777413.155386865,-17413.155386865023,0.022912046561664505
700000.0,767961.4362868282,-67961.43628682825,0.09708776612404035
4280000.0,1632337.6814886304,2647662.3185113696,0.6186126912409742
480000.0,652403.3771470368,-172403.37714703684,0.35917370238966007
579000.0,1256381.781887728,-677381.781887728,1.169916721740463
2050000.0,930203.0953269015,1119796.9046730986,0.5462423925234627
1070000.0,1116155.6734612419,-46155.67346124188,0.04313614342172138
617500.0,1148457.167916901,-530957.167916901,0.8598496646427546
3190000.0,2007241.8218656774,1182758.1781343226,0.37077058875684094
675000.0,923900.1839322903,-248900.1839322903,0.36874101323302266
591000.0,747766.5432458494,-156766.54324584943,0.2652564183516911
992000.0,771555.4303199563,220444.56968004373,0.22222234846778602
675000.0,694679.8285659045,-19679.82856590452,0.02915530157911781
850000.0,618107.9422978865,231892.05770211353,0.2728141855318983
1235000.0,1829640.1065512763,-594640.1065512763,0.4814899648188472
418000.0,559495.2600910055,-141495.26009100548,0.33850540691628106
300000.0,881035.5638820822,-581035.5638820822,1.936785212940274
1335000.0,902354.1691471874,432645.8308528126,0.32407927404705067
765000.0,796933.3061568644,-31933.30615686439,0.04174288386518221
930000.0,881876.4244300053,48123.57556999475,0.05174578018279005
675000.0,448994.56029393367,226005.43970606633,0.3348228736386168
584900.0,1111353.8645968996,-526453.8645968996,0.9000749950365867
810000.0,808379.0490928963,1620.9509071037173,0.0020011739593873055
1210000.0,1216640.4048730736,-6640.404873073567,0.005487937911631047
480000.0,654656.2678591071,-174656.26785910712,0.36386722470647315
890000.0,886000.3802441714,3999.6197558286367,0.004493954781829929
1050000.0,736667.2692260399,313332.7307739601,0.2984121245466287
1765000.0,1386449.3112184403,378550.6887815597,0.21447631092439642
844777.0,824000.270478158,20776.729521841975,0.024594336164268173
1150000.0,1005377.5620586072,144622.43794139277,0.1257586416881676
450000.0,701470.5117106638,-251470.5117106638,0.5588233593570306
1340000.0,1131854.2834582978,208145.71654170216,0.15533262428485237
480000.0,573534.4072720006,-93534.40727200056,0.1948633484833345
498888.0,810071.5564862242,-311183.5564862242,0.6237543426304585
968800.0,891712.9800127529,77087.01998724707,0.07956959123373974
1305000.0,1090944.8212902392,214055.17870976077,0.16402695686571706
835000.0,767273.4519995452,67726.54800045479,0.08110963832389795
835000.0,782670.7570949141,52329.24290508591,0.06266975198213881
1115000.0,976374.2215123442,138625.7784876558,0.12432805245529668
1350000.0,937458.8287336957,412541.1712663043,0.30558605278985507
1146000.0,1048195.1062883815,97804.8937116185,0.08534458439059206
1200450.0,1139535.1314809644,60914.868519035634,0.05074336167190273
505000.0,595327.5195832383,-90327.51958323829,0.17886637541235303
1262500.0,1004768.1760303144,257731.8239696856,0.20414401898588957
670000.0,808232.9801883237,-138232.98018832365,0.206317880878095
2330000.0,1166829.2296143973,1163170.7703856027,0.49921492291227587
670000.0,695984.3530517331,-25984.35305173311,0.038782616495124045
2395000.0,1234999.1789399404,1160000.8210600596,0.4843427227808182
1065000.0,981038.2758395866,83961.72416041337,0.07883729968113933
850000.0,427298.2872740526,422701.7127259474,0.4972961326187616
1125000.0,929965.6081684682,195034.39183153177,0.17336390385025047
1375000.0,726746.3828497434,648253.6171502566,0.47145717610927756
2560000.0,1340374.2418199761,1219625.7581800239,0.47641631178907184
531000.0,926841.5318208485,-395841.53182084847,0.7454642783820122
750000.0,581884.4440026759,168115.55599732406,0.22415407466309875
485000.0,790910.7879449055,-305910.78794490546,0.6307438926699082
590000.0,830978.4522477877,-240978.45224778773,0.40843805465726735
800000.0,849476.5834722522,-49476.58347225224,0.0618457293403153
925000.0,668183.3874263722,256816.61257362785,0.27763958116067877
616000.0,1171994.2518050286,-555994.2518050286,0.9025880711120595
697000.0,754961.0612878427,-57961.06128784269,0.08315790715615881
2400000.0,1691913.1914850986,708086.8085149014,0.29503617021454226
650000.0,885433.3159400222,-235433.31594002224,0.36220510144618806
720000.0,869446.496519488,-149446.49651948805,0.20756457849928897
435000.0,487863.5422289421,-52863.5422289421,0.12152538443434965
500000.0,890342.927162207,-390342.92716220696,0.780685854324414
2375000.0,1849349.2960705282,525650.7039294718,0.22132661218083022
1625000.0,1040082.2045841973,584917.7954158027,0.35994941256357094
615000.0,657471.3687341127,-42471.36873411271,0.06905913615302879
2462500.0,1780726.5889288331,681773.4110711669,0.276862298912149
690000.0,709666.3890643847,-19666.38906438474,0.02850201313678948
669000.0,625808.6169979413,43191.38300205872,0.06456111061593231
630000.0,913931.0835868558,-283931.0835868558,0.45068425966167586
1750000.0,1107964.1178189924,642035.8821810076,0.3668776469605758
1212000.0,863487.7785439929,348512.2214560071,0.2875513378349894
495200.0,672483.2459209481,-177283.2459209481,0.3580033237498952
930000.0,1073893.5033679747,-143893.50336797466,0.1547241971698652
825000.0,648593.3309663136,176406.6690336864,0.21382626549537745
460000.0,905470.0594819849,-445470.05948198494,0.9684131727869237
799000.0,682014.3668836328,116985.63311636716,0.14641506022073486
630000.0,806323.4319570349,-176323.43195703486,0.27987846342386485
3300000.0,1322084.6987673622,1977915.3012326378,0.5993682731007993
2690000.0,1289067.6293811009,1400932.3706188991,0.5207927028323045
1770000.0,1052329.1194879634,717670.8805120366,0.40546377430058567
1700000.0,1427842.4274406293,272157.57255937066,0.16009268974080626
475000.0,743708.3227503304,-268708.32275033044,0.5657017321059589
483000.0,570500.7562850357,-87500.75628503575,0.18116098609738251
1138000.0,1114317.9629630125,23682.037036987487,0.020810225867300077
1350000.0,786962.506168194,563037.493831806,0.41706481024578224
870000.0,944830.64688697,-74830.64688697003,0.08601223780111499
550000.0,846230.1321328706,-296230.1321328706,0.5386002402415829
1875000.0,1272497.0950394943,602502.9049605057,0.321334882645603
3260000.0,1428716.866607726,1831283.133392274,0.5617432924516178
685000.0,900726.3269488201,-215726.32694882015,0.31492894445083236
1299000.0,760664.7273243205,538335.2726756795,0.41442284270645074
860000.0,654245.2119645394,205754.78803546063,0.2392497535296054
2900000.0,1706320.6728414185,1193679.3271585815,0.411613561089166
1050000.0,964729.2848938053,85270.71510619472,0.08121020486304259
4088899.0,7150779.436536372,-3061880.4365363717,0.7488276028672686
1050000.0,1029623.7951423774,20376.204857622623,0.01940590938821202
815000.0,1649249.0676926712,-834249.0676926712,1.0236184879664678
2200000.0,981957.6249166059,1218042.375083394,0.5536556250379064
2600000.0,1471273.178696233,1128726.821303767,0.43412570050144883
600000.0,758295.672567856,-158295.67256785603,0.2638261209464267
365000.0,400863.4638550114,-35863.46385501139,0.09825606535619559
610000.0,489671.89393330156,120328.10606669844,0.19725919027327612
917000.0,688328.0576063939,228671.94239360606,0.24936962093086812
989000.0,626263.2358752735,362736.7641247265,0.3667712478510885
730000.0,717072.0996335675,12927.9003664325,0.01770945255675685
705000.0,1606921.3314282282,-901921.3314282282,1.2793210374868484
2750000.0,2079612.9354624785,670387.0645375215,0.24377711437728053
1370000.0,914046.0018149149,455953.99818508513,0.332813137361376
647067.0,1154737.3927480378,-507670.3927480378,0.7845716019330886
730000.0,1014067.9001926972,-284067.9001926972,0.38913410985300984
2155000.0,1284882.6619299417,870117.3380700583,0.4037667462042034
465000.0,685570.6612826153,-220570.66128261527,0.4743455081346565
750000.0,606286.8986815505,143713.10131844948,0.1916174684245993
911310.0,792933.9175542278,118376.08244577225,0.1298966130578752
455000.0,702870.2383241926,-247870.23832419259,0.544769754558665
545000.0,899395.3854687633,-354395.3854687633,0.6502667623280061
3406875.0,3039878.6285749534,366996.3714250466,0.10772228843883223
545000.0,746909.5705805096,-201909.5705805096,0.370476276294513
1095000.0,823383.5421028947,271616.45789710525,0.2480515597233838
229000.0,460833.3482636728,-231833.3482636728,1.0123726998413658
1795000.0,1145701.5651085442,649298.4348914558,0.3617261475718417
1077000.0,929108.2076556478,147891.79234435223,0.1373182844422955
229000.0,309170.76795012795,-80170.76795012795,0.35009068973855
715000.0,1403866.0605336013,-688866.0605336013,0.9634490357113306
755000.0,807374.4406187348,-52374.44061873481,0.06937012002481431
3410000.0,2446309.9558262704,963690.0441737296,0.2826070510773401
725000.0,667469.8573448202,57530.142655179836,0.07935192090369632
139000.0,469640.4298608686,-330640.4298608686,2.3787081284954574
585000.0,659344.9159929934,-74344.9159929934,0.1270853264837494
475000.0,944388.2237836131,-469388.22378361307,0.9881857342812906
1900000.0,951526.8260175636,948473.1739824364,0.4991964073591771
560000.0,746961.2014746447,-186961.2014746447,0.33385928834757983
312000.0,641740.8026449357,-329740.80264493567,1.0568615469388964
1412000.0,911283.6321177763,500716.3678822237,0.35461499141800545
382000.0,822539.6165131063,-440539.6165131063,1.1532450694060374
425000.0,509350.3746842928,-84350.37468429282,0.19847146984539488
2575000.0,1598477.4346434204,976522.5653565796,0.3792320642161474
2720000.0,1288956.1839445722,1431043.8160554278,0.5261190500203778
785000.0,851765.6834220046,-66765.68342200457,0.08505182601529244
2675000.0,2013091.7958890975,661908.2041109025,0.24744231929379532
1360000.0,1175489.5650212257,184510.43497877428,0.13566943748439286
650000.0,787800.5872749845,-137800.58727498446,0.21200090349997608
875000.0,829624.5475084415,45375.452491558506,0.05185765999035258
495121.0,1062255.8190294341,-567134.8190294341,1.1454469089968595
1560000.0,1395554.5479407327,164445.45205926732,0.10541375132004316
843000.0,700046.086245388,142953.91375461197,0.16957759638744008
830000.0,880272.2261358998,-50272.22613589978,0.06056894715168648
781000.0,1240071.289800685,-459071.2898006849,0.5877993467358321
690000.0,1261420.231535711,-571420.2315357111,0.8281452630952335
334500.0,691614.5096269924,-357114.5096269924,1.0676069047144765
4100000.0,2820930.1794180735,1279069.8205819265,0.3119682489224211
790000.0,768733.0202957457,21266.979704254307,0.02692022747373963
1199000.0,1687708.615924809,-488708.6159248089,0.4075968439739857
1016000.0,731353.6747664483,284646.3252335517,0.2801637059385351
1380000.0,983008.5117694015,396991.4882305985,0.2876749914714482
860000.0,1302491.394726839,-442491.3947268389,0.5145248775893476
535000.0,869013.0244170352,-334013.02441703517,0.6243234101252993
680000.0,1171844.1553323471,-491844.15533234715,0.7233002284299223
815000.0,809106.1640574879,5893.835942512145,0.007231700542959687
890000.0,1057017.6278673445,-167017.62786734453,0.1876602560307242
2800000.0,1844998.2918241406,955001.7081758594,0.3410720386342355
1010000.0,1080109.0134364632,-70109.0134364632,0.06941486478857742
610000.0,657797.4567030846,-47797.45670308464,0.0783564863984994
1775000.0,1333829.6445645273,441170.3554354727,0.24854667911857617
1290000.0,902104.0308507599,387895.96914924006,0.30069454972809306
560000.0,702760.3153846734,-142760.31538467342,0.2549291346154883
780000.0,727223.5291802702,52776.470819729846,0.06766214207657673
495000.0,512293.82266999,-17293.82266999001,0.034937015494929315
2100000.0,904409.6471940479,1195590.352805952,0.5693287394314057
1400000.0,2307316.343798686,-907316.3437986858,0.648083102713347
870000.0,575732.5721719627,294267.4278280373,0.3382384227908475
2500000.0,1536655.015362042,963344.984637958,0.3853379938551832
656000.0,746025.2028374556,-90025.20283745555,0.1372335409107554
1360000.0,631171.4167307274,728828.5832692726,0.5359033700509357
1300000.0,935122.1782645157,364877.8217354843,0.28067524748883405
710000.0,1057526.3184462911,-347526.31844629114,0.4894736879525227
1460000.0,1481838.0363805925,-21838.0363805925,0.014957559164789384
450000.0,1598081.9252548325,-1148081.9252548325,2.551293167232961
1500000.0,1178266.0465387073,321733.95346129267,0.21448930230752844
1480000.0,811597.0227301953,668402.9772698047,0.45162363329040855
735000.0,1172092.081733368,-437092.0817333681,0.5946831043991403
675000.0,1156413.8850560407,-481413.8850560407,0.7132057556385788
3600000.0,2811727.3232620717,788272.6767379283,0.2189646324272023
3000000.0,1609013.2681139745,1390986.7318860255,0.4636622439620085
850000.0,872306.9779575174,-22306.977957517374,0.026243503479432204
894000.0,857868.3143515179,36131.68564848206,0.04041575575892848
1050000.0,874507.0962834421,175492.9037165579,0.16713609877767419
1570000.0,1173863.2959587823,396136.7040412177,0.2523163720007756
1825000.0,907408.4335643146,917591.5664356854,0.502789899416814
685000.0,617884.9115221429,67115.08847785706,0.09797823135453586
560000.0,1022596.8429322058,-462596.84293220576,0.8260657909503675
1600000.0,1073459.6512943257,526540.3487056743,0.3290877179410464
1327000.0,750659.0043226187,576340.9956773813,0.4343187608721788
795900.0,1539706.8827428403,-743806.8827428403,0.9345481627627092
3200000.0,1511204.2264388895,1688795.7735611105,0.5277486792378471
800000.0,830261.1565682516,-30261.15656825155,0.03782644571031444
2422000.0,1090629.1687775573,1331370.8312224427,0.5496989393982009
610000.0,857242.1034857645,-247242.10348576447,0.4053149237471549
475000.0,624705.6214851842,-149705.62148518418,0.315169729442493
404500.0,470742.2582802669,-66242.25828026689,0.16376330848026424
905000.0,1080105.5443721171,-175105.54437211715,0.1934867893614554
3900000.0,4987207.368150018,-1087207.3681500182,0.2787711200384662
697000.0,914584.1149313375,-217584.11493133754,0.3121723313218616
680000.0,496185.08203212585,183814.91796787415,0.27031605583510904
1988000.0,918937.5645282277,1069062.4354717722,0.537757764321817
1500000.0,1062255.8190294341,437744.1809705659,0.29182945398037724
554000.0,857559.4846998735,-303559.4846998735,0.5479413081225153
1025000.0,654514.8065464206,370485.19345357944,0.36144896922300435
567500.0,614150.4594097425,-46650.4594097425,0.08220345270439207
1075000.0,772716.9844301299,302283.0155698701,0.28119350285569317
695000.0,1290009.5194372036,-595009.5194372036,0.8561288049456167
3515000.0,2136171.842735343,1378828.1572646569,0.3922697460212395
1725000.0,1153255.6929382256,571744.3070617744,0.331445975108275
405000.0,829160.8431420056,-424160.8431420056,1.0473107238074213
2850000.0,1357341.0018284668,1492658.9981715332,0.5237399993584327
375000.0,466316.914261812,-91316.914261812,0.24351177136483199
1025000.0,744386.486407596,280613.51359240396,0.27376928155356484
1175000.0,1378390.2484706985,-203390.24847069848,0.17309808380484978
405000.0,688060.9828153122,-283060.9828153122,0.6989160069513882
575000.0,666054.5452198558,-91054.54521985585,0.1583557308171406
1450000.0,766128.7202805711,683871.2797194289,0.47163536532374406
540000.0,918220.3223296042,-378220.3223296042,0.7004080043140818
1315000.0,1138351.6538204127,176648.3461795873,0.13433334310234776
2700000.0,1812650.3520186334,887349.6479813666,0.32864801777087654
880000.0,1139113.411184408,-259113.411184408,0.2944470581641
600000.0,783386.3463448257,-183386.3463448257,0.30564391057470947
465000.0,889268.6887964664,-424268.68879646645,0.9124057823579924
1555000.0,841842.7743518312,713157.2256481688,0.4586220100631311
735000.0,876443.2161959256,-141443.2161959256,0.1924397499264294
520000.0,672622.1256156899,-152622.1256156899,0.2935040877224806
520000.0,1185934.3495322582,-665934.3495322582,1.2806429798697274
1490000.0,1189695.2980614852,300304.70193851483,0.2015467798245066
699000.0,1215519.68366954,-516519.6836695401,0.7389408922311017
560000.0,1593681.8533607465,-1033681.8533607465,1.8458604524299045
1025000.0,728178.6170616659,296821.38293833414,0.28958183701300894
780000.0,831758.9535165343,-51758.9535165343,0.0663576327135055
824000.0,889832.9694530715,-65832.96945307148,0.07989438040421296
1200000.0,898879.4462706078,301120.55372939224,0.2509337947744935
1757500.0,1378368.5779449944,379131.42205500556,0.21572200401422792
1400000.0,1428512.6775294945,-28512.67752949451,0.02036619823535322
1225000.0,1334148.0981525793,-109148.09815257927,0.08910048828781982
990000.0,992010.048744534,-2010.048744534026,0.0020303522672060867
2300000.0,1507729.322341366,792270.677658634,0.3444655120254931
2110000.0,2667917.895307173,-557917.895307173,0.2644160641266223
1150000.0,1716251.6427681767,-566251.6427681767,0.49239273284189283
949900.0,923004.7089205931,26895.29107940686,0.028313813116545804
830000.0,889832.9694530715,-59832.96945307148,0.07208791500370057
454268.0,739653.4629572278,-285385.46295722784,0.6282314910080126
630000.0,690415.0271196815,-60415.02711968147,0.09589686844393884
505098.0,968304.6118804028,-463206.6118804028,0.9170628509326958
950000.0,1066357.8032786194,-116357.80327861942,0.12248189818802045
445463.0,847251.0018600145,-401788.0018600145,0.9019559466443106
589888.0,1116573.1718937447,-526685.1718937447,0.8928562233741739
563290.0,1180290.2277108212,-617000.2277108212,1.095350934173909
540000.0,894521.4799436952,-354521.47994369525,0.6565212591549912
1443000.0,888785.1145446463,554214.8854553537,0.38407129969185977
2710000.0,1231513.030044989,1478486.969955011,0.5455671475848749
6675000.0,4769760.596556098,1905239.4034439018,0.28542912411144594
775000.0,685169.1192421946,89830.88075780543,0.11591081388103926
495000.0,731032.4713945722,-236032.47139457217,0.47683327554459026
2340240.0,1261420.231535711,1078819.768464289,0.46098680838900663
3800000.0,1748108.6554779564,2051891.3445220436,0.5399714064531693
1226000.0,1133244.3476201713,92755.65237982874,0.07565713897212785
534890.0,1144371.3204202596,-609481.3204202596,1.139451701135298
900000.0,957415.8638439795,-57415.86384397955,0.06379540427108839
638000.0,800762.4704735454,-162762.47047354537,0.2551135900839269
567000.0,577859.6431048714,-10859.643104871386,0.019152809708767878
930000.0,759061.7572710575,170938.24272894254,0.18380456207413176
1750000.0,1692397.8083466412,57602.19165335875,0.03291553808763357
1350000.0,1549346.496814668,-199346.49681466795,0.14766407171456886
720000.0,1086731.1019420498,-366731.1019420498,0.5093487526972914
910000.0,962601.8342899794,-52601.83428997942,0.057804213505471894
1180000.0,689510.4920299421,490489.5079700579,0.4156690745508965
610000.0,633418.7998314997,-23418.799831499695,0.03839147513360606
965000.0,631543.4749880299,333456.5250119701,0.3455508031212125
830000.0,1099873.232671946,-269873.23267194605,0.3251484730987302
548000.0,796707.1221425981,-248707.12214259815,0.4538451133989017
700000.0,639165.7442623877,60834.25573761226,0.08690607962516037
2342000.0,807859.6446650885,1534140.3553349115,0.6550556598355728
765000.0,1388963.9432459408,-623963.9432459408,0.8156391414979619
1180000.0,781799.934651095,398200.06534890505,0.3374576824990721
640000.0,498612.3229580064,141387.6770419936,0.220918245378115
1663000.0,1175900.0079641512,487099.9920358488,0.29290438486821935
1075000.0,1040699.8089319838,34300.191068016225,0.03190715448187556
539900.0,767961.4362868282,-228061.43628682825,0.4224142179789373
858500.0,859272.6234167977,-772.6234167977236,0.0008999690352914661
645000.0,594988.748264137,50011.25173586304,0.07753682439668688
784000.0,1252517.7110012518,-468517.7110012518,0.5975991211750661
835000.0,1003314.9005927223,-168314.90059272235,0.2015747312487693
554940.0,1153423.123249501,-598483.123249501,1.078464560582227
950000.0,1178317.0706476062,-228317.07064760616,0.24033375857642753
1150000.0,1313984.7189432145,-163984.7189432145,0.14259540777670826
1103000.0,608297.7301977223,494702.2698022777,0.448506137626725
760000.0,1017552.1907326633,-257552.19073266326,0.3388844614903464
1710000.0,1048564.2236957757,661435.7763042243,0.38680454754633
503187.0,871673.6990748054,-368486.69907480536,0.7323056817342367
720000.0,1008639.7056472654,-288639.7056472654,0.4008884800656464
1420000.0,965720.5414800005,454279.4585199995,0.3199151116338025
540000.0,603471.1813029725,-63471.18130297249,0.11753922463513423
714150.0,739568.4018455755,-25418.401845575543,0.035592525163586845
1450000.0,1046897.8628272642,403102.13717273576,0.27800147391223157
905000.0,1676647.987178132,-771647.9871781319,0.852649709589096
895000.0,918220.3223296042,-23220.322329604183,0.025944494223021433
1400000.0,2194750.84358617,-794750.8435861701,0.5676791739901215
1250000.0,976374.2215123442,273625.7784876558,0.21890062279012465
1825000.0,949490.2131950046,875509.7868049954,0.47973139003013443
907000.0,971433.1705549858,-64433.17055498576,0.07103987933295011
455000.0,931719.0596353528,-476719.0596353528,1.0477341970007754
895000.0,605884.3750297396,289115.6249702604,0.3230342178438664
1125000.0,2458804.235198994,-1333804.2351989942,1.1856037646213282
1400000.0,1519376.7668263724,-119376.76682637236,0.08526911916169454
920000.0,661094.8313015357,258905.1686984643,0.28141866162876555
2155000.0,1477428.2052406562,677571.7947593438,0.3144184662456352
630000.0,690230.5885842663,-60230.588584266254,0.09560410886391468
1430000.0,2047508.3247371123,-617508.3247371123,0.4318240033126659
600000.0,1483544.3237036353,-883544.3237036353,1.472573872839392
2000000.0,1859140.713409293,140859.28659070702,0.0704296432953535
490000.0,593630.8921774561,-103630.89217745606,0.21149161668868582
580000.0,817938.9752693288,-237938.9752693288,0.4102396125333255
660000.0,817973.793634153,-157973.79363415297,0.23935423277901965
2845000.0,2414878.8593393187,430121.1406606813,0.15118493520586337
1575000.0,784329.5403310524,790670.4596689476,0.5020129902659984
516500.0,660642.1832205552,-144142.1832205552,0.27907489490910975
815000.0,1044244.8494286072,-229244.84942860715,0.28128202383878176
955000.0,710990.6559825959,244009.34401740413,0.2555071665103708
1240000.0,931109.1943602234,308890.80563977663,0.2491054884191747
409000.0,570500.7562850357,-161500.75628503575,0.3948673747800385
679900.0,947613.3329513377,-267713.3329513377,0.3937539828670947
855000.0,775963.3521707581,79036.64782924193,0.09244052377689115
780000.0,652706.0117047493,127293.98829525069,0.16319742089134703
890000.0,736651.4576554205,153348.54234457947,0.1723017329714376
755000.0,937258.9859537982,-182258.98595379817,0.2414026304023817
1850000.0,3261937.2130691,-1411937.2130691,0.7632093043616757
2350000.0,1734657.9152331909,615342.0847668091,0.2618476956454507
2015000.0,1669174.4042323115,345825.5957676885,0.1716256058400439
1268000.0,926863.0661589678,341136.9338410322,0.26903543678314845
475000.0,559292.7863279433,-84292.78632794332,0.17745849753251225
1190000.0,698009.7400234723,491990.25997652765,0.41343719325758627
440000.0,1150827.6094117078,-710827.6094117078,1.6155172941175178
900000.0,1113397.8644606005,-213397.86446060054,0.23710873828955614
750000.0,845120.8055981232,-95120.80559812323,0.12682774079749765
868500.0,946876.5318125366,-78376.53181253665,0.0902435599453502
1175000.0,777868.8495507977,397131.1504492023,0.33798395782910834
4017892.0,4334879.44819014,-316987.4481901396,0.07889396932275422
2000000.0,1498222.4259384708,501777.57406152925,0.2508887870307646
455000.0,857242.1034857645,-402242.10348576447,0.8840485790895922
1200000.0,665256.1544329427,534743.8455670573,0.44561987130588104
435000.0,1072046.3856445528,-637046.3856445528,1.4644744497575926
1625000.0,902838.4428173661,722161.5571826339,0.4444071121123901
910000.0,757605.4037957023,152394.59620429773,0.167466589235492
1112500.0,938413.7974688306,174086.2025311694,0.15648197980329834
2000000.0,2194555.880960018,-194555.8809600179,0.09727794048000896
1405000.0,1021654.6329740885,383345.36702591146,0.27284367759851347
1220000.0,909291.2373157664,310708.7626842336,0.2546793136756013
1200000.0,1433785.920764944,-233785.92076494405,0.19482160063745338
1007000.0,811460.9711499115,195539.02885008848,0.19417977045689025
455000.0,559335.7093536196,-104335.7093536196,0.2293092513266365
1650000.0,1164348.3914125615,485651.6085874385,0.2943343082348112
475000.0,575859.4267004951,-100859.42670049507,0.21233563515893697
610000.0,842644.3471407595,-232644.34714075946,0.3813841756405893
600000.0,535698.5478954092,64301.45210459083,0.10716908684098472
470000.0,602765.7216205198,-132765.72162051976,0.28248025876706334
1450000.0,1253557.4663942794,196442.53360572062,0.1354776093832556
920000.0,788591.0755520334,131408.92444796662,0.14283578744344197
615000.0,747752.3539321534,-132752.35393215343,0.21585748606854216
1513800.0,1398966.8529219138,114833.14707808616,0.07585754199899997
595000.0,480602.6506217453,114397.34937825467,0.19226445273656248
875000.0,1189695.2980614852,-314695.29806148517,0.3596517692131259
785000.0,717833.2160534061,67166.78394659387,0.08556278209757182
1100000.0,1109633.6171302313,-9633.617130231345,0.008757833754755768
580000.0,1018144.0186684818,-438144.01866848185,0.7554207218422101
2400000.0,2939851.5795909287,-539851.5795909287,0.22493815816288698
708990.0,1230791.4889169945,-521801.48891699454,0.7359786300469605
1275000.0,1068693.0842171698,206306.9157828302,0.16180934571202368
335000.0,882572.663185654,-547572.663185654,1.6345452632407582
1400000.0,954052.1415336434,445947.85846635664,0.31853418461882615
1660000.0,520086.24381063815,1139913.756189362,0.6866950338490132
780000.0,1309291.7390988811,-529291.7390988811,0.6785791526908732
290000.0,626161.7072692615,-336161.7072692615,1.159178300928488
2875000.0,892641.1564271857,1982358.8435728143,0.6895161195035876
865000.0,1286986.8713526102,-421986.8713526102,0.4878460940492603
1081400.0,852948.9288074926,228451.0711925074,0.21125492065147716
680000.0,903955.6083951981,-223955.60839519813,0.3293464829341149
1840000.0,1271419.4987324683,568580.5012675317,0.3090111419932237
1966000.0,1169602.5335401108,796397.4664598892,0.4050851813122529
3040000.0,3960585.6465829606,-920585.6465829606,0.3028242258496581
1450000.0,902889.2084466465,547110.7915533535,0.37731778727817483
512500.0,666984.5786876264,-154484.5786876264,0.3014333242685393
895000.0,590566.6962944769,304433.30370552314,0.3401489426877354
345000.0,1116300.7675154412,-771300.7675154412,2.2356543985954818
995000.0,833646.6312364961,161353.36876350385,0.16216418971206417
989000.0,851663.2637688613,137336.7362311387,0.1388642429030725
569900.0,1018970.6473431193,-449070.64734311926,0.7879814833183353
850000.0,547797.6401259637,302202.3598740363,0.3555321880871015
820000.0,1246702.9675128018,-426702.96751280176,0.5203694725765875
1350000.0,2175854.5268321857,-825854.5268321857,0.6117440939497671
1600000.0,844688.3029535052,755311.6970464948,0.47206981065405923
1325000.0,1012758.516406003,312241.48359399696,0.23565394988226185
725000.0,575241.1568127463,149758.8431872537,0.2065639216375913
760000.0,1115505.0593815926,-355505.05938159255,0.4677698149757797
1630000.0,1145074.5786215225,484925.4213784775,0.29750025851440337
650000.0,883775.0272919063,-233775.0272919063,0.3596538881413943
1250000.0,1348763.6445871647,-98763.64458716474,0.0790109156697318
685000.0,494834.55383864243,190165.44616135757,0.2776137900165804
700000.0,736405.7739548044,-36405.773954804405,0.05200824850686343
1480000.0,950521.1499236022,529478.8500763978,0.3577559797813498
2000000.0,1341714.8097711112,658285.1902288888,0.3291425951144444
530000.0,661519.8902259629,-131519.89022596285,0.2481507362754016
4600000.0,956801.50430593,3643198.49569407,0.7919996729769717
1730000.0,950521.1499236022,779478.8500763978,0.45056580929271545
1455000.0,748462.6658879323,706537.3341120677,0.48559266949283003
1855000.0,1438211.132885444,416788.867114556,0.22468402539868249
2000000.0,1094643.1311177216,905356.8688822784,0.4526784344411392
735000.0,756457.171959892,-21457.17195989203,0.029193431237948344
655000.0,937530.7678072993,-282530.7678072993,0.43134468367526607
1480000.0,937258.9859537982,542741.0140462018,0.3667169013825688
1750000.0,1721749.6148715552,28250.38512844476,0.01614307721625415
905000.0,1237229.1495010902,-332229.14950109017,0.3671040325978897
2275000.0,3720672.5927183325,-1445672.5927183325,0.6354604803157505
610000.0,1217512.3484983535,-607512.3484983535,0.995921882784186
1757000.0,1632817.3171575938,124182.68284240621,0.07067881778167684
878000.0,1172019.7511561518,-294019.75115615176,0.3348744318407195
2550000.0,2219836.326424926,330163.67357507395,0.12947595042159762
350000.0,853991.7927138595,-503991.79271385947,1.4399765506110271
635000.0,695855.563645208,-60855.56364520802,0.09583553329954018
1315000.0,923548.7312256447,391451.2687743553,0.2976815732124375
1100000.0,866426.2281940918,233573.77180590818,0.2123397925508256
4825000.0,1158118.2125068486,3666881.7874931516,0.7599754999985806
795000.0,570263.6471796302,224736.35282036976,0.28268723625203745
510000.0,792782.9495345277,-282782.9495345277,0.5544763716363289
5170000.0,1957105.7971431315,3212894.2028568685,0.6214495556783112
600000.0,679824.2996755647,-79824.29967556475,0.13304049945927457
360000.0,882263.1093554473,-522263.10935544735,1.4507308593206871
470000.0,917973.3613921081,-447973.36139210814,0.9531348114725705
1650000.0,864709.9536238029,785290.0463761971,0.4759333614401195
1025000.0,879866.2330750723,145133.7669249277,0.14159391895114898
899000.0,1693240.2259162613,-794240.2259162613,0.8834707741004019
868500.0,747981.2476034565,120518.75239654351,0.13876655428502419
1100000.0,882210.9710210199,217789.02897898015,0.1979900263445274
1015000.0,942843.9240084384,72156.07599156164,0.07108973004094743
3300000.0,2127424.8480916596,1172575.1519083404,0.355325803608588
1331000.0,747385.2184702714,583614.7815297286,0.4384784233882258
550000.0,810762.0155537897,-260762.01555378968,0.4741127555523449
2150000.0,1475641.7522111735,674358.2477888265,0.3136549989715472
2028000.0,982143.4107928951,1045856.5892071049,0.5157083773210577
850000.0,823092.8772222425,26907.122777757468,0.03165543856206761
885000.0,824000.270478158,60999.729521841975,0.06892624804727907
1116000.0,1236981.9628902157,-120981.96289021568,0.10840677678334738
1400000.0,1220318.713022665,179681.2869773351,0.12834377641238223
770000.0,844323.7709634297,-74323.7709634297,0.09652437787458404
930000.0,743668.0562343737,186331.9437656263,0.20035692878024333
720000.0,919476.5532158221,-199476.5532158221,0.27705076835530845
1060000.0,1063889.721695537,-3889.7216955369804,0.0036695487693745098
730000.0,903570.4424332684,-173570.4424332684,0.23776772936064167
1920000.0,1360322.3399221757,559677.6600778243,0.29149878129053347
430000.0,952767.73993425,-522767.73993425,1.2157389300796513
1125000.0,800762.4704735454,324237.52952645463,0.28821113735684856
725000.0,1733142.2933271292,-1008142.2933271292,1.3905410942443162
445000.0,658977.852935737,-213977.852935737,0.4808491077207573
572000.0,767657.5161280357,-195657.51612803573,0.3420585946294331
620000.0,792684.0403353111,-172684.0403353111,0.27852264570211466
1829000.0,1942735.7374037772,-113735.7374037772,0.06218465686373822
520000.0,1133673.488972423,-613673.4889724229,1.1801413249469672
1490000.0,1094810.2650217393,395189.7349782607,0.26522801005252394
1625000.0,1109236.477912948,515763.522087052,0.3173929366689551
1475000.0,1036209.1249078187,438790.87509218126,0.29748533904554664
666780.0,1086580.7378271457,-419800.7378271457,0.6295940757478414
1500000.0,1330183.8032636016,169816.1967363984,0.11321079782426559
1424000.0,1168008.8030785955,255991.19692140445,0.17976909896166043
1300000.0,930140.3135823011,369859.68641769886,0.2845074510905376
1025131.0,912197.8119384015,112933.18806159846,0.110164640481654
750000.0,971791.0896752307,-221791.08967523067,0.29572145290030755
605000.0,786548.1662562289,-181548.16625622893,0.30007961364665936
775000.0,861535.9753893778,-86535.9753893778,0.11165932308306813
1087415.0,732259.4370118647,355155.56298813527,0.3266053558100038
500000.0,792285.4624056509,-292285.4624056509,0.5845709248113018
736000.0,676253.0605580382,59746.93944196182,0.0811779068504916
1650000.0,908763.6077813213,741236.3922186787,0.4492341771022295
489000.0,688172.9687879548,-199172.96878795477,0.40730668463794434
835000.0,1001286.7985189831,-166286.79851898307,0.19914586648980007
810000.0,1473877.0482533309,-663877.0482533309,0.8196012941399147
535000.0,431231.8241297629,103768.17587023712,0.19395920723408808
622000.0,794738.360442966,-172738.360442966,0.2777144058568585
492500.0,653200.6496135183,-160700.64961351827,0.32629573525587463
1700000.0,1667235.854341805,32764.14565819502,0.019273026857761777
6700000.0,5110533.327932468,1589466.6720675323,0.2372338316518705
1395000.0,773067.1814843493,621932.8185156507,0.44582997743057395
760000.0,825874.9896720547,-65874.98967205465,0.0866776179895456
1155000.0,1603935.631644572,-448935.6316445719,0.3886888585667289
315000.0,800080.5407124923,-485080.5407124923,1.5399382244841027
1350000.0,1155478.139131107,194521.8608688931,0.14409026731029118
580000.0,442013.48327245924,137986.51672754076,0.23790778746127716
1125000.0,1127644.335336003,-2644.335336002987,0.0023505202986693215
224900.0,349161.8176406731,-124261.81764067308,0.5525203096517256
875000.0,1472680.3751733592,-597680.3751733592,0.6830632859124105
758000.0,926274.0972490998,-168274.09724909975,0.22199748977453793
4860000.0,1582010.577136214,3277989.422863786,0.6744834203423428
825000.0,633418.7998314997,191581.2001685003,0.23221963656787917
1020000.0,1103094.2454841963,-83094.24548419635,0.08146494655313367
876000.0,989620.7950846425,-113620.79508464248,0.12970410397790239
760000.0,752897.6445702049,7102.355429795105,0.009345204512888295
520000.0,591599.6008524154,-71599.60085241543,0.1376915401007989
2794000.0,1599578.8410992841,1194421.1589007159,0.4274950461348303
2800000.0,2802732.2431138013,-2732.243113801349,0.0009758011120719103
913000.0,992787.9309048097,-79787.93090480973,0.08739094294064594
2600000.0,1023835.4784253903,1576164.5215746097,0.6062171236825422
1525000.0,798876.4060120296,726123.5939879704,0.4761466190085052
525000.0,516401.82500315784,8598.174996842165,0.016377476184461264
703240.0,1817763.738629689,-1114523.738629689,1.5848412186873457
780000.0,1008276.9283351358,-228276.9283351358,0.2926627286347895
2390000.0,1728816.2841250405,661183.7158749595,0.2766459062238324
853000.0,1126962.4707614025,-273962.4707614025,0.32117522949754107
470000.0,742016.7946249922,-272016.7946249922,0.5787591374999833
240000.0,476425.6253406291,-236425.62534062908,0.9851067722526211
880000.0,877529.3837728398,2470.616227160208,0.0028075184399547815
7300000.0,3618405.645445513,3681594.354554487,0.5043279937745873
900000.0,1233443.3858770065,-333443.38587700645,0.3704926509744516
795000.0,690863.4907372285,104136.50926277146,0.1309893198273855
800000.0,870154.113601829,-70154.11360182904,0.0876926420022863
1235000.0,1467385.361642876,-232385.36164287594,0.18816628473107364
480000.0,1060186.1103574135,-580186.1103574135,1.2087210632446115
1800000.0,896175.0772801248,903824.9227198752,0.5021249570665973
589000.0,603349.4625032442,-14349.462503244169,0.024362415115864462
840000.0,1362749.3353235773,-522749.3353235773,0.622320637289973
850000.0,521165.6200153948,328834.3799846052,0.38686397645247667
863000.0,968183.1834225872,-105183.18342258723,0.12188086143984615
1100000.0,1028497.1729086502,71502.82709134975,0.06500257008304523
1355000.0,890292.9864890552,464707.0135109448,0.3429572055431327
2250000.0,1305204.851093677,944795.1489063229,0.41990895506947684
3250000.0,1189384.9892838467,2060615.0107161533,0.6340353879126626
3250000.0,1082020.5750103658,2167979.424989634,0.6670705923045028
875000.0,880196.6413541371,-5196.6413541371,0.0059390186904424
968000.0,707977.7315788112,260022.2684211888,0.2686180458896579
1050000.0,929108.2076556478,120891.79234435223,0.1151350403279545
590000.0,867381.5585446984,-277381.5585446984,0.4701382348215227
715000.0,996674.7646887143,-281674.7646887143,0.39395071984435565
2150000.0,1081050.3075208934,1068949.6924791066,0.4971859034786542
755000.0,705605.4840343705,49394.515965629485,0.06542319995447614
600000.0,652166.9170832225,-52166.917083222535,0.0869448618053709
1698000.0,987214.7822432247,710785.2177567753,0.4186014238850267
565000.0,787460.7586487031,-222460.7586487031,0.39373585601540373
925000.0,1222957.1555622783,-297957.15556227835,0.32211584385111175
2750000.0,1794834.872324335,955165.1276756651,0.34733277370024185
930000.0,511927.8191765123,418072.1808234877,0.4495399793800943
1550000.0,1439061.8269176332,110938.17308236682,0.07157301489184956
460000.0,672483.2459209481,-212483.2459209481,0.461920099828148
319000.0,352015.5031064707,-33015.503106470685,0.10349687494191437
670000.0,852948.9288074926,-182948.9288074926,0.27305810269775016
463000.0,931815.0490909929,-468815.0490909929,1.0125595012764426
510000.0,769528.7693656139,-259528.76936561393,0.5088799399325763
1400000.0,890681.8994869005,509318.10051309946,0.36379864322364247
1375000.0,931815.0490909929,443184.9509090071,0.32231632793382337
810000.0,691614.5096269924,118385.4903730076,0.14615492638642913
1301088.0,908291.7593982499,392796.2406017501,0.30189828866437174
617000.0,590566.6962944769,26433.30370552314,0.04284165916616392
1260000.0,1051056.3547566452,208943.64524335484,0.16582828987567844
1450000.0,1123658.6538676322,326341.34613236785,0.2250629973326675
449000.0,525700.0145273972,-76700.01452739723,0.17082408580712077
4436000.0,1356108.7152158688,3079891.284784131,0.6942946990045381
765000.0,1018549.5626350733,-253549.56263507332,0.3314373367778736
376000.0,798023.4084033272,-422023.4084033272,1.1224026819237427
1502000.0,1007294.114169599,494705.885830401,0.3293647708591218
600000.0,634175.6748100364,-34175.674810036435,0.056959458016727395
4950000.0,2736859.3454260794,2213140.6545739206,0.4470991221361456
373390.0,876489.4260898505,-503099.4260898505,1.3473832349282264
849000.0,1346531.3534390845,-497531.3534390845,0.5860204398575789
3075000.0,746791.8049885777,2328208.195011422,0.7571408764264788
449000.0,1091744.7540375164,-642744.7540375164,1.4315027929566067
630000.0,833569.4421401873,-203569.44214018725,0.32312609863521785
324000.0,735925.7874040619,-411925.7874040619,1.2713758870495737
1050000.0,1101325.2293742197,-51325.22937421966,0.04888117083259016
546000.0,1016810.2314164133,-470810.2314164133,0.8622898011289621
2135000.0,1741979.93328969,393020.06671031006,0.18408434037953633
1200000.0,918270.2642280539,281729.73577194614,0.23477477980995512
1760000.0,922149.8345130533,837850.1654869467,0.4760512303903106
800000.0,931109.1943602234,-131109.19436022337,0.1638864929502792
1755000.0,1414488.2692290214,340511.7307709786,0.19402377821708183
1070000.0,1824204.0900807846,-754204.0900807846,0.7048636355895184
940000.0,974629.6983291837,-34629.69832918374,0.036840104605514616
1425000.0,1278126.2707594538,146873.72924054624,0.10306928367757631
3625000.0,2966581.0771671785,658418.9228328215,0.18163280629870937
412995.0,764792.642707882,-351797.642707882,0.8518205854983281
2230000.0,1180021.0140951495,1049978.9859048505,0.4708425945761662
279000.0,496264.72196590726,-217264.72196590726,0.7787266020283414
870000.0,721094.5465818581,148905.45341814193,0.17115569358407118
2615000.0,1093444.5733452302,1521555.4266547698,0.5818567597150172
385000.0,556987.1234928205,-171987.12349282054,0.44671980128005334
480000.0,541966.8075002817,-61966.80750028172,0.1290975156255869
1075000.0,791474.8693191002,283525.13068089983,0.2637443076101394
610000.0,561613.5171940207,48386.48280597932,0.07932210296062184
675000.0,1301512.0598980081,-626512.0598980081,0.9281660146637157
680000.0,751209.4295167073,-71209.42951670731,0.10471974928927547
525000.0,638881.8823104257,-113881.88231042575,0.21691787106747762
430000.0,1187889.8407329794,-757889.8407329794,1.76253451333251
655000.0,607549.9292630247,47450.07073697529,0.07244285608698518
1230000.0,1154272.3203615912,75727.67963840882,0.061567219218218554
595000.0,537992.6664965135,57007.33350348647,0.09581064454367474
730000.0,1160737.41348355,-430737.4134835501,0.5900512513473288
1240000.0,1187253.05799333,52746.94200666994,0.04253785645699189
2450000.0,1067389.1960144506,1382610.8039855494,0.5643309404022651
1950000.0,1320562.1003446786,629437.8996553214,0.3227886664899084
659888.0,1144300.1007262128,-484412.10072621284,0.7340822999148535
2680000.0,1597154.8960877324,1082845.1039122676,0.40404668056427895
1335000.0,1107455.2064110895,227544.79358891048,0.1704455382688468
1320000.0,1023523.7026276942,296476.29737230577,0.22460325558508012
1590000.0,1259631.8731689393,330368.12683106074,0.20777869612016397
400000.0,724171.0867901967,-324171.0867901967,0.8104277169754918
3025000.0,1327463.7364420479,1697536.2635579521,0.5611690127464305
560000.0,748462.6658879323,-188462.6658879323,0.3365404747998791
715000.0,1406384.1718656414,-691384.1718656414,0.9669708697421557
515000.0,705250.3421745297,-190250.34217452968,0.3694181401447178
7300000.0,1285274.7950095844,6014725.204990416,0.8239349595877282
600000.0,723969.5525989374,-123969.55259893741,0.20661592099822904
1275000.0,2098737.313765959,-823737.3137659589,0.6460684813850658
848000.0,1105818.7827046136,-257818.78270461364,0.3040315833780821
1680000.0,1254252.05308333,425747.9469166701,0.2534213969742084
435000.0,518172.18933945557,-83172.18933945557,0.19120043526311625
450000.0,536597.5719959486,-86597.57199594856,0.1924390488798857
710000.0,638242.4551061073,71757.54489389271,0.10106696463928551
2200000.0,833817.2552761545,1366182.7447238455,0.6209921566926571
625000.0,467234.801430185,157765.19856981502,0.25242431771170404
1234000.0,896664.859845795,337335.14015420503,0.2733672124426297
1720000.0,821049.7427569014,898950.2572430986,0.5226454983971504
1100000.0,710823.8027783295,389176.19722167053,0.35379654292879137
1470000.0,919623.1842488395,550376.8157511605,0.374405997109633
675000.0,904843.8388785573,-229843.83887855732,0.34050939093119603
3810000.0,2927152.957181969,882847.0428180308,0.23171838394174038
985000.0,975795.9691952917,9204.03080470825,0.009344193710363706
400000.0,743813.424973761,-343813.42497376096,0.8595335624344024
562000.0,758406.5335985369,-196406.53359853686,0.34947781779099085
1340000.0,1156413.8850560407,183586.11494395928,0.13700456339101438
2940000.0,1406829.1112264008,1533170.8887735992,0.5214866968617684
1838325.0,1353323.333976007,485001.66602399293,0.2638280315091145
2250000.0,1758326.4240271272,491673.5759728728,0.2185215893212768
1690000.0,2114453.498234392,-424453.49823439214,0.2511559161150249
530000.0,837422.1292751514,-307422.1292751514,0.5800417533493423
775000.0,961747.5225281233,-186747.52252812334,0.2409645451975785
765000.0,914584.1149313375,-149584.11493133754,0.19553479075991834
690000.0,1035448.175578545,-345448.17557854496,0.5006495298239783
684000.0,524121.7363096634,159878.2636903366,0.23374015159405936
540000.0,826593.4478298007,-286593.44782980066,0.5307286070922235
955000.0,691398.5663780915,263601.43362190854,0.2760224435831503
480000.0,655184.5586773277,-175184.5586773277,0.36496783057776605
1150000.0,565500.694847956,584499.305152044,0.5082602653496036
705000.0,705957.7846943358,-957.7846943357727,0.0013585598501216632
3365000.0,2746224.1015843577,618775.8984156423,0.1838858539125237
2950000.0,3253783.540141476,-303783.54014147585,0.1029774712343986
865000.0,834093.958159423,30906.041840577032,0.035729528139395415
4000000.0,3694945.9066824154,305054.0933175846,0.07626352332939615
420000.0,990079.664848058,-570079.664848058,1.3573325353525192
575000.0,1081314.62629954,-506314.62629954005,0.8805471761731132
275000.0,675814.4607689818,-400814.46076898184,1.4575071300690248
1110000.0,707636.4188815716,402363.5811184284,0.36248971271930486
275000.0,573973.1440234114,-298973.14402341144,1.0871750691760416
2518000.0,2127766.043376824,390233.9566231761,0.15497774290038765
3050000.0,2106468.1713124374,943531.8286875626,0.3093546979303484
4150000.0,5452928.54120822,-1302928.5412082197,0.3139586846284867
760000.0,773923.0311764131,-13923.03117641306,0.018319777863701394
1980000.0,1076184.4230125474,903815.5769874526,0.45647251363002656
930000.0,892830.9864915449,37169.01350845513,0.03996668119188724
650000.0,838428.8077661627,-188428.80776616267,0.2898904734864041
440000.0,731112.4030415199,-291112.4030415199,0.6616190978216362
510000.0,756195.1655348442,-246195.16553484416,0.48273561869577286
1700000.0,1696114.301914127,3885.698085872922,0.0022857047563958365
950000.0,851765.6834220046,98234.31657799543,0.10340454376631097
1685000.0,1649476.0267488046,35523.97325119539,0.021082476706940884
935550.0,833646.6312364961,101903.36876350385,0.10892348753514387
855000.0,1107964.1178189924,-252964.11781899235,0.2958644652853712
1572000.0,1345001.7771434116,226998.22285658843,0.14440090512505624
380000.0,471109.0071334894,-91109.00713348942,0.23976054508813005
1595000.0,1167705.1687905677,427294.83120943233,0.2678964458993306
879000.0,838944.0623268324,40055.93767316756,0.04556989496378562
370000.0,518280.057707245,-148280.057707245,0.40075691272228375
2422824.0,1728718.8639499403,694105.1360500597,0.28648599157431975
810870.0,1334485.6044292345,-523615.6044292345,0.6457454393789812
707000.0,508774.2741044407,198225.7258955593,0.2803758499229976
2100000.0,1107964.1178189924,992035.8821810076,0.4723980391338132
1450000.0,1184749.9468247471,265250.05317525286,0.1829310711553468
975000.0,665092.8642933188,309907.1357066812,0.317853472519673
700000.0,748359.2596653466,-48359.25966534659,0.06908465666478084
690000.0,838092.7464105337,-148092.74641053367,0.21462716871091836
730000.0,821275.4650173875,-91275.46501738753,0.12503488358546236
829000.0,726249.8106854677,102750.18931453233,0.12394473982452633
372000.0,871136.798043616,-499136.798043616,1.3417655861387527
875000.0,946928.0860736286,-71928.08607362863,0.08220352694128986
1455000.0,613367.2371371541,841632.7628628459,0.5784417614177635
1100000.0,1020075.9916458033,79924.00835419667,0.07265818941290607
1149000.0,1812611.8448754123,-663611.8448754123,0.5775560007618906
945000.0,773267.8090552047,171732.19094479526,0.18172718618496853
515000.0,618107.9422978865,-103107.94229788647,0.2002095966949252
10000000.0,5694714.379241403,4305285.620758597,0.43052856207585966
870000.0,733348.0268253743,136651.97317462566,0.15707123353405247
1025000.0,1083520.7362477935,-58520.73624779354,0.05709340121735955
1250000.0,755744.5249792854,494255.47502071457,0.39540438001657163
2400000.0,1080109.0134364632,1319890.9865635368,0.549954577734807
1670000.0,2035353.597065463,-365353.59706546296,0.2187746090212353
650000.0,691336.537584135,-41336.53758413496,0.06359467320636147
540000.0,599120.1593900456,-59120.15939004556,0.10948177664823253
1400000.0,886047.4066130742,513952.59338692576,0.3671089952763755
2010000.0,1069197.7148461586,940802.2851538414,0.4680608383849957
395000.0,544908.3726862518,-149908.37268625177,0.37951486756013103
1120000.0,1046724.0944115958,73275.90558840416,0.06542491570393229
1245000.0,985638.0485263473,259361.95147365273,0.2083228525892793
1330000.0,1527732.8953910167,-197732.89539101673,0.1486713499180577
3150000.0,1334331.3823615136,1815668.6176384864,0.5764027357582496
1210000.0,1052393.3157834506,157606.6842165494,0.1302534580302061
520000.0,1028662.242483095,-508662.24248309503,0.9781966201597981
575000.0,778204.1328753023,-203204.13287530234,0.35339849195704753
1320000.0,565908.5667840771,754091.4332159229,0.5712813887999416
849000.0,1526976.0501998267,-677976.0501998267,0.7985583630151081
724990.0,1104852.068916935,-379862.068916935,0.5239549082289894
475000.0,1098515.1985701956,-623515.1985701956,1.3126635759372538
2375000.0,2333879.8605976948,41120.13940230524,0.017313742906233786
850000.0,825874.9896720547,24125.010327945347,0.028382365091700407
1400000.0,1130937.0231487607,269062.97685123933,0.1921878406080281
1220000.0,862525.889628221,357474.11037177895,0.29301156587850735
719000.0,1015707.3163613897,-296707.3163613897,0.4126666430617381
989990.0,1134663.2760605456,-144673.27606054558,0.1461360984055855
740000.0,808790.1534709211,-68790.1534709211,0.09295966685259607
1200000.0,1156264.8862639375,43735.11373606254,0.036445928113385456
5188000.0,4788594.97856891,399405.0214310903,0.07698631870298579
1150000.0,1020888.7873253687,129111.21267463127,0.11227061971707067
275000.0,526587.8773088694,-251587.87730886939,0.9148650083958887
5250000.0,8212801.698780873,-2962801.698780873,0.5643431807201662
1175000.0,778972.1698468025,396027.8301531975,0.33704496183250854
1170000.0,887592.1460963298,282407.8539036702,0.24137423410570102
2525000.0,2174114.8280339013,350885.1719660987,0.1389644245410292
635000.0,811597.0227301953,-176597.0227301953,0.2781055476066068
4600000.0,2221992.0018829545,2378007.9981170455,0.5169582604602273
905000.0,1174935.5947026403,-269935.5947026403,0.2982713753620335
1205000.0,1112516.1155563185,92483.88444368145,0.07675011157151988
975000.0,486847.0973233498,488152.9026766502,0.5006696437709233
1155000.0,853713.6824244969,301286.31757550314,0.2608539546108252
721330.0,1096214.4764320143,-374884.47643201426,0.5197128587914189
500000.0,541309.2937356234,-41309.29373562336,0.08261858747124672
820000.0,804691.6328193422,15308.367180657806,0.018668740464216835
834000.0,1434342.052150842,-600342.052150842,0.7198345949050864
620000.0,625752.1172767926,-5752.117276792647,0.009277608510955883
2400000.0,1004294.6157850977,1395705.3842149023,0.5815439100895426
1045000.0,656620.4308766702,388379.5691233298,0.37165509007017206
340000.0,830132.0730091883,-490132.0730091883,1.4415649206152596
1500000.0,1538809.424009963,-38809.42400996294,0.025872949339975294
1631100.0,685570.6612826153,945529.3387173847,0.5796881483154832
1400000.0,937128.2544610215,462871.7455389785,0.33062267538498463
1995000.0,1074008.4476534862,920991.5523465138,0.46164990092557084
1070000.0,1038900.6881221598,31099.3118778402,0.02906477745592542
950000.0,1143467.8856853512,-193467.8856853512,0.20365040598458023
1225000.0,1381697.378129558,-156697.37812955794,0.1279162270445371
700000.0,599349.9855048829,100650.01449511712,0.14378573499302447
466000.0,851663.2637688613,-385663.2637688613,0.8276035703194449
1250000.0,1721656.0807199813,-471656.08071998134,0.3773248645759851
3900000.0,1330183.8032636016,2569816.196736398,0.6589272299324098
1125000.0,823383.5421028947,301616.45789710525,0.2681035181307602
535400.0,955888.8575233341,-420488.8575233341,0.7853732863715617
940000.0,810096.8669816717,129903.13301832834,0.13819482235992378
1625000.0,1414149.8145626602,210850.18543733982,0.1297539602691322
600000.0,823693.9928060054,-223693.9928060054,0.37282332134334234
1938000.0,1403321.2885781343,534678.7114218657,0.27589200795761903
2575000.0,1543228.5363759752,1031771.4636240248,0.4006879470384562
1405000.0,654654.0633415268,750345.9366584732,0.5340540474437532
479000.0,719087.7592434476,-240087.75924344757,0.5012270547879908
1125000.0,1240842.4640472063,-115842.46404720633,0.1029710791530723
835000.0,787100.1060216662,47899.8939783338,0.05736514248902251
790000.0,738430.9684422256,51569.031557774404,0.0652772551364233
645000.0,1081955.5213815982,-436955.5213815982,0.6774504207466638
1405000.0,908855.6212401596,496144.3787598404,0.3531276717151889
636000.0,687627.636927728,-51627.63692772796,0.08117552976057855
760000.0,627932.6704533868,132067.32954661315,0.1737728020350173
355000.0,746909.5705805096,-391909.5705805096,1.1039706213535483
710000.0,531921.7457728994,178078.25422710064,0.2508144425733812
565000.0,1155033.6731689181,-590033.6731689181,1.044307386139678
765000.0,980928.4474142266,-215928.4474142266,0.28225940838460994
219000.0,238429.48496416077,-19429.484964160773,0.08871910942539166
615999.0,800022.3609245631,-184023.36092456314,0.2987397072471922
1255000.0,1159046.2819902997,95953.7180097003,0.07645714582446239
889000.0,926627.3420135792,-37627.34201357921,0.042325469081641406
726000.0,654804.6129489366,71195.38705106336,0.09806527142019746
775000.0,1187008.2086332932,-412008.20863329316,0.5316234950107008
845000.0,811503.7088425495,33496.29115745053,0.03964058125142074
1275000.0,764792.642707882,510207.357292118,0.40016263317028866
780000.0,1244691.6657210821,-464691.6657210821,0.5957585457962591
1099000.0,827933.153964184,271066.846035816,0.24664863151575614
499900.0,811943.6734023308,-312043.67340233084,0.6242121892425102
1378000.0,1403882.132746012,-25882.13274601195,0.018782389510894015
930000.0,1094828.0104823438,-164828.01048234385,0.177234419873488
1250000.0,895829.945454987,354170.054545013,0.2833360436360104
1125000.0,951271.5330472722,173728.46695272776,0.15442530395798024
335000.0,420332.6097628507,-85332.60976285068,0.25472420824731545
608000.0,570183.2212213702,37816.77877862984,0.062198649306956975
565000.0,810901.3008185264,-245901.30081852642,0.4352235412717282
635000.0,747248.206136591,-112248.20613659103,0.17676882856156068
4200000.0,875152.8987967202,3324847.1012032796,0.7916302621912571
825000.0,1197402.0444128131,-372402.04441281315,0.4513964174700765
1000000.0,1773532.1200616336,-773532.1200616336,0.7735321200616336
800000.0,593288.0636690169,206711.93633098307,0.2583899204137288
625000.0,756954.4991786516,-131954.4991786516,0.21112719868584257
1250000.0,842848.7251486778,407151.2748513222,0.3257210198810577
1265000.0,831758.9535165343,433241.0464834657,0.34248304069839186
905000.0,685753.1971053954,219246.80289460463,0.24226166065702168
810000.0,647776.1443132873,162223.85568671266,0.20027636504532428
2200000.0,649220.957729501,1550779.042270499,0.7048995646684086
2767000.0,1053849.2649710916,1713150.7350289084,0.619136514285836
1430000.0,1351112.7918595392,78887.20814046077,0.055165879818504036
1200000.0,1114664.4490753834,85335.55092461663,0.0711129591038472
590000.0,908789.949338126,-318789.949338126,0.540321948030722
730000.0,786546.260017189,-56546.260017188964,0.07746063016053283
2090000.0,1116459.7617548679,973540.2382451321,0.4658087264330776
1488000.0,1156153.6572424509,331846.34275754914,0.22301501529405185
1750000.0,911874.0159054624,838125.9840945376,0.4789291337683072
490000.0,919065.6869753797,-429065.6869753797,0.875644259133428
550000.0,679717.1520624161,-129717.15206241608,0.23584936738621104
1585000.0,1013550.475558591,571449.524441409,0.3605359775655578
469000.0,891705.9700555794,-422705.97005557944,0.9012920470268219
445550.0,847251.0018600145,-401701.0018600145,0.9015845625856009
645000.0,717264.8354453663,-72264.83544536633,0.11203850456645943
570000.0,759722.5452917798,-189722.5452917798,0.332846570687333
360000.0,705613.3322829742,-345613.33228297415,0.9600370341193727
630000.0,618635.8209916966,11364.179008303443,0.018038379378259434
1050000.0,570183.2212213702,479816.77877862984,0.4569683607415522
949000.0,1104852.068916935,-155852.068916935,0.16422768062901477
1360000.0,866447.0534757884,493552.94652421155,0.36290657832662615
550000.0,746596.8589897666,-196596.85898976657,0.3574488345268483
665000.0,829812.0432164547,-164812.04321645468,0.2478376589721123
1720000.0,1031529.8920599149,688470.1079400851,0.4002733185698169
410000.0,786548.1662562289,-376548.1662562289,0.9184101616005583
469000.0,748222.5750337907,-279222.57503379066,0.5953573028439033
445000.0,619862.892580161,-174862.892580161,0.39295032040485617
411000.0,2175370.110261856,-1764370.110261856,4.2928713145057324
560000.0,1075996.711832085,-515996.7118320849,0.9214226997001517
1875000.0,1504582.5809588204,370417.4190411796,0.19755595682196245
685000.0,606326.3906602041,78673.60933979589,0.11485198443765823
1575000.0,867636.7230163522,707363.2769836478,0.44911954094199863
788000.0,993215.6557018175,-205215.65570181748,0.26042595901245874
655000.0,642493.501920258,12506.498079741956,0.019093890198079323
815000.0,918757.2782127985,-103757.27821279853,0.1273095438193847
1370000.0,782704.96302509,587295.03697491,0.4286825087408102
1795000.0,1613273.7939434,181726.20605659997,0.10124022621537603
1357506.0,600441.6426473258,757064.3573526742,0.5576876694119026
850000.0,1077321.650505205,-227321.65050520492,0.2674372358884764
2960000.0,1328186.176898552,1631813.823101448,0.5512884537504892
1425000.0,2360281.6533447024,-935281.6533447024,0.6563380023471596
850000.0,897308.0558236622,-47308.0558236622,0.055656536263132
720000.0,1278126.2707594538,-558126.2707594538,0.7751753760547969
675000.0,1063737.3826831311,-388737.38268313115,0.5759072336046387
2670000.0,3269560.947619376,-599560.9476193758,0.22455466202972876
875000.0,921440.3967904702,-46440.39679047023,0.053074739189108835
799999.0,694151.2818632091,105847.7181367909,0.13230981305825495
630000.0,529819.4531527155,100180.54684728454,0.15901674102743577
11500000.0,2867909.4212998655,8632090.578700135,0.7506165720608813
1750000.0,1206087.2687600588,543912.7312399412,0.3108072749942521
870000.0,736403.3437354907,133596.6562645093,0.15355937501667735
911000.0,873777.4546868079,37222.545313192066,0.04085899595300995
4750000.0,4148093.6603722083,601906.3396277917,0.12671712413216665
1159000.0,2084521.6938546353,-925521.6938546353,0.7985519360264326
1175000.0,1076714.0728651164,98285.92713488359,0.08364759756160306
488000.0,437152.1945068331,50847.8054931669,0.1041963227318994
1410000.0,1043671.9902471749,366328.00975282514,0.25980709911547883
1065000.0,711979.6690682042,353020.33093179576,0.3314744891378364
7550000.0,3616050.874064453,3933949.125935547,0.5210528643623241
880000.0,937151.2579408755,-57151.25794087548,0.0649446112964494
715000.0,732101.0990404822,-17101.099040482193,0.023917621035639432
2925000.0,2663598.6899164645,261401.3100835355,0.08936796925932837
780000.0,971433.1705549858,-191433.17055498576,0.24542714173716124
955000.0,624302.7422113314,330697.2577886686,0.3462798510876111
725000.0,1842392.0405364702,-1117392.0405364702,1.5412304007399589
1300000.0,1270616.4141403693,29383.585859630723,0.022602758353562093
749000.0,1005833.7315346608,-256833.7315346608,0.3429021782839263
395000.0,825811.5238133736,-430811.52381337364,1.0906620856034777
404000.0,701543.897977175,-297543.89797717496,0.7364947969732053
985000.0,1192309.3151788192,-207309.31517881923,0.21046630982621242
434990.0,911283.6321177763,-476293.6321177763,1.0949530612606642
749000.0,695825.9736318097,53174.0263681903,0.07099335963710321
470000.0,857288.1796302154,-387288.1796302154,0.8240174034685434
4995000.0,6419306.605218166,-1424306.6052181656,0.28514646751114425
1240000.0,819311.0958015232,420688.9041984768,0.33926524532135227
765000.0,787129.69584702,-22129.69584702002,0.028927706989568654
550000.0,1080009.296595348,-530009.296595348,0.9636532665369965
485000.0,622922.2316409793,-137922.2316409793,0.2843757353422254
1025000.0,1046003.3160085316,-21003.316008531605,0.020491040008323518
1500000.0,956801.50430593,543198.49569407,0.3621323304627133
560000.0,794480.94916122,-234480.94916122,0.4187159806450357
361000.0,577568.9081369381,-216568.90813693812,0.5999138729555072
550000.0,877529.3837728398,-327529.3837728398,0.5955079704960724
750000.0,850374.8728854123,-100374.8728854123,0.1338331638472164
1600000.0,1272984.1031382168,327015.8968617832,0.20438493553861453
850000.0,938224.3028744973,-88224.30287449725,0.10379329749940854
1040000.0,1562362.8100303235,-522362.81003032345,0.5022719327214649
895000.0,573509.701423905,321490.298576095,0.35920703751518995
547990.0,1298982.2124555116,-750992.2124555116,1.3704487535457062
900000.0,481896.72029709216,418103.27970290784,0.4645591996698976
2450000.0,1286986.8713526102,1163013.1286473898,0.47469923618260806
1225000.0,1050864.3229859006,174135.67701409943,0.14215157307273424
695000.0,890445.8904830634,-195445.8904830634,0.28121710860872434
1630000.0,911283.6321177763,718716.3678822237,0.44093028704430903
645000.0,717264.8354453663,-72264.83544536633,0.11203850456645943
1565000.0,1227514.9380560676,337485.06194393244,0.21564540699292808
645000.0,650890.2352743483,-5890.235274348292,0.009132147712167894
1550000.0,1117726.219728802,432273.7802711979,0.2788863098523857
530000.0,850144.0353944121,-320144.0353944121,0.6040453498007776
5650000.0,1422762.4031319728,4227237.596868027,0.7481836454633676
3250000.0,3105161.8556097867,144838.1443902133,0.0445655828892964
1200000.0,928014.6011151621,271985.39888483786,0.22665449907069823
445000.0,626866.5881552276,-181866.5881552276,0.40868896214657885
860000.0,715388.6686854418,144611.33131455816,0.1681527108308816
645692.0,1139836.2809645827,-494144.2809645827,0.7652941045646883
530000.0,790870.2509164917,-260870.25091649173,0.4922080205971542
4125000.0,2102641.931304982,2022358.068695018,0.4902686227139438
437000.0,863017.9576073854,-426017.95760738535,0.9748694682091198
1048000.0,1409536.9719626782,-361536.97196267825,0.3449780266819449
650000.0,792984.9089760091,-142984.90897600912,0.21997678304001403
1199000.0,1417446.4570743933,-218446.45707439329,0.18219053967839308
640000.0,479502.40365129546,160497.59634870454,0.25077749429485086
680000.0,801244.8634468883,-121244.86344688828,0.1783012697748357
1750000.0,1309291.7390988811,440708.26090111886,0.2518332919434965
520000.0,544908.3726862518,-24908.372686251765,0.04790071670433032
1150000.0,764792.642707882,385207.357292118,0.33496291938445044
1200000.0,1068086.0044051842,131913.99559481582,0.10992832966234652
729000.0,929108.2076556478,-200108.20765564777,0.27449685549471575
1900000.0,1382930.0608905398,517069.9391094602,0.2721420732155054
1500000.0,996457.6523510637,503542.3476489363,0.33569489843262423
600000.0,563519.7212480892,36480.27875191078,0.060800464586517965
999000.0,833646.6312364961,165353.36876350385,0.165518887651155
910000.0,712734.7980149535,197265.2019850465,0.21677494723631482
315000.0,481896.72029709216,-166896.72029709216,0.5298308580860068
750000.0,1199679.9817681173,-449679.9817681173,0.5995733090241564
2005000.0,3154323.3419530834,-1149323.3419530834,0.5732285994778471
1050000.0,1011424.0811918973,38575.918808102724,0.036738970293431164
950000.0,747677.5735921804,202322.4264078196,0.2129709751661259
640000.0,697141.79359299,-57141.79359299003,0.08928405248904692
425000.0,573204.490125172,-148204.49012517196,0.3487164473533458
332000.0,534148.3198802114,-202148.31988021138,0.6088804815669018
2420000.0,885373.9539439789,1534626.046056021,0.6341429942380252
1050000.0,888831.4663600046,161168.53363999538,0.15349384156190035
475000.0,480176.94215826737,-5176.942158267368,0.010898825596352352
1738813.0,929775.4589470249,809037.5410529751,0.4652815116133679
3215000.0,1549927.7752778996,1665072.2247221004,0.5179073793847901
603500.0,957012.7487700764,-353512.74877007643,0.5857709175974755
800000.0,943416.5521882238,-143416.5521882238,0.17927069023527975
2055000.0,945765.6468517403,1109234.3531482597,0.539773407858034
594000.0,799011.8648167821,-205011.86481678206,0.34513781955687217
1125000.0,1402445.8213564944,-277445.82135649445,0.2466185078724395
1875000.0,1345550.1659194443,529449.8340805557,0.28237324484296306
950000.0,800762.4704735454,149237.52952645463,0.15709213634363645
650000.0,979898.2550396896,-329898.2550396896,0.5075357769841379
1365000.0,1077553.1820676264,287446.8179323736,0.2105837494010063
1075000.0,778009.8721312034,296990.1278687966,0.2762698863895782
700000.0,714485.8781982083,-14485.878198208287,0.020694111711726124
1875000.0,863734.8533000364,1011265.1466999636,0.539341411573314
869000.0,1189695.2980614852,-320695.29806148517,0.3690394684251843
2700000.0,3325155.3269529263,-625155.3269529263,0.23153900998256532
1150000.0,644124.250664833,505875.749335167,0.43989195594362346
975000.0,893466.0322429839,81533.96775701607,0.08362458231488828
675000.0,1000192.3665645621,-325192.3665645621,0.4817664689845364
765000.0,942510.6085086468,-177510.60850864684,0.23204001112241418
500000.0,791270.6184209294,-291270.6184209294,0.5825412368418589
715000.0,998626.15502444,-283626.15502444,0.3966799370971189
3075000.0,2268687.609310299,806312.3906897008,0.26221541160640677
510000.0,677015.7205278142,-167015.72052781424,0.3274818049564985
759000.0,752135.0064306688,6864.993569331244,0.009044787311371863
625000.0,811939.194036222,-186939.19403622195,0.2991027104579551
649000.0,758783.0112291763,-109783.0112291763,0.16915718217130402
2300000.0,1408278.5494461064,891721.4505538936,0.3877049785016929
865000.0,1222957.1555622783,-357957.15556227835,0.41382330122806743
1279000.0,911837.4049986796,367162.59500132035,0.2870700508219862
500000.0,649581.7319143476,-149581.73191434762,0.29916346382869524
860000.0,737877.2138159439,122122.78618405608,0.14200323974890242
799000.0,1108349.4719356364,-309349.47193563636,0.38717080342382526
1085000.0,1067520.6233450614,17479.376654938562,0.01611002456676365
545500.0,814291.1000691518,-268791.10006915184,0.49274262157498044
1330000.0,1207428.309728926,122571.69027107395,0.09215916561734884
1960000.0,2157889.4156715632,-197889.41567156324,0.10096398758753226
265000.0,507632.60831694223,-242632.60831694223,0.9155947483658198
753550.0,2073591.4248972433,-1320041.4248972433,1.7517635523817177
790000.0,767169.7503109934,22830.249689006596,0.028899050239248856
1570000.0,1148621.3695736409,421378.63042635913,0.2683940321187001
422000.0,490182.80632639216,-68182.80632639216,0.1615706311051947
524000.0,1298695.061862025,-774695.061862025,1.4784256905763835
811000.0,1107241.8700925391,-296241.8700925391,0.36527974117452416
715000.0,724171.0867901967,-9171.086790196714,0.012826694811463936
855000.0,813533.9602789988,41466.03972100117,0.0484982920713464
1140000.0,1183704.5170188888,-43704.517018888844,0.03833729563060425
1080000.0,819522.8276527307,260477.17234726925,0.24118256698821228
630000.0,714525.025977981,-84525.02597798104,0.13416670790155721
1230000.0,1647915.5017687296,-417915.50176872965,0.33976870062498343
2330000.0,3193316.781015495,-863316.7810154948,0.37052222361180037
292000.0,1011324.3108747343,-719324.3108747343,2.463439420803885
699000.0,880798.322723106,-181798.32272310602,0.2600834373721116
735000.0,959029.9776782339,-224029.97767823387,0.30480269071868554
750000.0,932824.2485119716,-182824.24851197156,0.24376566468262875
755000.0,857288.1796302154,-102288.1796302154,0.13548103262280184
1290000.0,981592.6346487206,308407.3653512794,0.23907547701649565
1285000.0,1212567.2753529542,72432.72464704583,0.0563678791027594
1530750.0,1431028.8699562782,99721.13004372176,0.0651452752204617
1620000.0,928620.6450946708,691379.3549053292,0.42677737957119083
875000.0,770474.6186078696,104525.3813921304,0.11945757873386331
424000.0,990252.3383158649,-566252.3383158649,1.3355007979147757
770000.0,674614.7095933689,95385.29040663107,0.12387700052809231
535000.0,777448.4573773161,-242448.45737731608,0.4531746866865721
1629000.0,1156153.6572424509,472846.34275754914,0.2902678592741247
781489.0,985809.1377512561,-204320.13775125612,0.2614497936007495
1090000.0,890292.9864890552,199707.0135109448,0.18321744358802275
2050000.0,962959.4400968975,1087040.5599031025,0.5302636877576109
1730000.0,930333.9061728421,799666.0938271579,0.4622347363162762
777000.0,1128052.6048899428,-351052.6048899428,0.4518051542985107
1267500.0,516586.9631650655,750913.0368349345,0.5924363209743073
765000.0,805736.9339112983,-40736.933911298285,0.05325089400169711
510000.0,830183.8815857328,-320183.8815857328,0.6278115325210447
1400000.0,1366051.6673573162,33948.33264268376,0.0242488090304884
499999.0,530329.2800332527,-30330.280033252668,0.060660681387868114
675000.0,942713.5056062154,-267713.50560621545,0.39661260089809697
1265996.0,548362.1112825212,717633.8887174788,0.5668532038943874
859000.0,707945.9905362516,151054.00946374843,0.17584867225116232
540000.0,1133673.488972423,-593673.4889724229,1.0993953499489313
629000.0,762167.2345236551,-133167.23452365515,0.21171261450501613
900000.0,1003683.1514430253,-103683.15144302533,0.11520350160336147
975000.0,852817.8639858332,122182.13601416675,0.1253150112965813
550000.0,777492.8711179453,-227492.8711179453,0.4136234020326278
1820000.0,1237045.2516114903,582954.7483885097,0.32030480680687345
499000.0,903955.6083951981,-404955.6083951981,0.8115342853611185
400000.0,556090.3448552027,-156090.3448552027,0.39022586213800675
815000.0,717264.8354453663,97735.16455463367,0.11992044730629897
930000.0,715886.5689443555,214113.43105564453,0.23022949575875756
2000000.0,1080109.0134364632,919890.9865635368,0.4599454932817684
3450000.0,731487.455469891,2718512.544530109,0.7879746505884374
1250000.0,1070727.3529603388,179272.64703966118,0.14341811763172896
895000.0,747677.5735921804,147322.4264078196,0.16460606302549677
1615000.0,1124585.3337217318,490414.6662782682,0.3036623320608472
1032360.0,1047317.6944453641,-14957.69444536406,0.014488835721418944
1235000.0,950700.0949542323,284299.90504576766,0.2302023522637795
7700000.0,2633518.4875156996,5066481.512484301,0.6579846120109482
820000.0,914584.1149313375,-94584.11493133754,0.11534648162358237
555000.0,571430.9697207614,-16430.969720761408,0.029605350848218755
548576.0,908861.8731271287,-360285.8731271287,0.656765649840913
600000.0,924483.3932791103,-324483.3932791103,0.5408056554651839
915000.0,1041103.0116859588,-126103.01168595883,0.13781749911033753
1046350.0,506390.82226152235,539959.1777384777,0.5160406916791491
825000.0,1437501.579688137,-612501.5796881369,0.7424261571977417
655000.0,538255.5804771334,116744.4195228666,0.1782357549967429
900000.0,791378.7622839342,108621.23771606584,0.12069026412896204
830000.0,954576.8329198156,-124576.83291981556,0.1500925697829103
1610000.0,660120.2161888087,949879.7838111913,0.5899874433609884
120000.0,523104.6862825907,-403104.6862825907,3.359205719021589
592000.0,937558.5131356274,-345558.5131356274,0.5837137046209921
48720000.0,1035448.175578545,47684551.82442146,0.9787469586293402
1325000.0,767273.4519995452,557726.5480004548,0.42092569660411683
799000.0,893967.7310672306,-94967.73106723058,0.1188582366298255
612000.0,543340.756706349,68659.24329365103,0.1121883060353775
648500.0,1430222.6035596456,-781722.6035596456,1.2054319253040024
419880.0,913195.3369534308,-493315.3369534308,1.1748960106540698
915000.0,1064240.225901697,-149240.22590169706,0.16310407202371263
710000.0,865513.790699976,-155513.79069997603,0.21903350802813526
1100000.0,830688.0386854117,269311.9613145883,0.24482905574053485
1045000.0,852867.0953207623,192132.90467923775,0.18385923892750025
375000.0,783498.8144710234,-408498.8144710234,1.089330171922729
1182500.0,1377881.5290279777,-195381.52902797773,0.1652275086917359
1560000.0,1156153.6572424509,403846.34275754914,0.2588758607420187
1595000.0,1285113.7422860567,309886.25771394325,0.19428605499306786
380000.0,592211.685525034,-212211.68552503397,0.5584518040132473
699990.0,1085438.841638123,-385448.8416381229,0.5506490687554435
1200000.0,867883.8460260164,332116.1539739836,0.27676346164498633
1525000.0,1148403.0649401597,376596.9350598403,0.24694880987530513
1100000.0,928313.1961306073,171686.80386939272,0.15607891260853884
910000.0,1190235.9317028713,-280235.93170287134,0.3079515732998586
620000.0,881218.2875004933,-261218.28750049334,0.4213198185491828
403000.0,817440.9829925233,-414440.98299252335,1.0283895359615964
776000.0,950630.3587591103,-174630.35875911033,0.22503912211225557
610000.0,644124.250664833,-34124.250664833,0.055941394532513115
1064000.0,1022918.6550820104,41081.34491798957,0.03861028657705787
1425000.0,727678.6731243265,697321.3268756735,0.48934829956187614
855000.0,844309.9566898663,10690.04331013374,0.012502974631735369
780000.0,800762.4704735454,-20762.47047354537,0.026618551889160732
1160000.0,1546786.3161504264,-386786.3161504264,0.33343647944002275
1895000.0,1183704.5170188888,711295.4829811112,0.3753538168765758
590000.0,897773.2379264785,-307773.2379264785,0.5216495558075906
1030000.0,711005.6932419937,318994.30675800634,0.30970321044466637
855000.0,877237.2167557607,-22237.216755760717,0.026008440650012534
524000.0,1059484.6008618218,-535484.6008618218,1.021917177217217
600000.0,902838.4428173661,-302838.4428173661,0.5047307380289435
899000.0,1239961.6691771043,-340961.66917710425,0.37926770764972667
4998000.0,4165558.3910723957,832441.6089276043,0.16655494376302607
530000.0,731585.8043536857,-201585.8043536857,0.3803505742522372
490000.0,672942.2412293844,-182942.24122938444,0.37335151271302947
640000.0,868073.8178268347,-228073.81782683474,0.3563653403544293
485000.0,813414.361669668,-328414.361669668,0.6771430137518928
525000.0,539716.0192848158,-14716.01928481576,0.02803051292345859
660000.0,1371319.7786458246,-711319.7786458246,1.0777572403724616
825000.0,734339.3829955508,90660.61700444925,0.10989165697509
369000.0,512771.3454677461,-143771.34546774608,0.3896242424600165
400000.0,580908.9556781893,-180908.9556781893,0.45227238919547325
699000.0,538939.9184439952,160060.08155600482,0.22898437990844753
518000.0,701646.5579794627,-183646.55797946267,0.3545300347093874
615000.0,1132147.2113449376,-517147.21134493756,0.8408897745446139
506000.0,503406.20714418887,2593.7928558111307,0.005126072837571404
980000.0,857288.1796302154,122711.8203697846,0.12521614323447408
866000.0,1334752.5781789178,-468752.57817891776,0.5412847323082192
810000.0,893668.2186567561,-83668.2186567561,0.1032940971071063
1740000.0,1512273.4089605813,227726.5910394187,0.13087735117207971
1390000.0,1187763.5065079376,202236.49349206244,0.14549388021011686
475000.0,1164348.3914125615,-689348.3914125615,1.4512597713948663
515000.0,850846.8708534875,-335846.8708534875,0.6521298463174515
445000.0,776097.5601715652,-331097.56017156516,0.744039461059697
3113888.0,979298.6630806484,2134589.3369193515,0.6855061379597954
465000.0,691336.537584135,-226336.53758413496,0.4867452421164193
595000.0,408526.8271337253,186473.17286627472,0.31340029053155416
2440000.0,2568871.1716406643,-128871.17164066434,0.05281605395109194
380000.0,990079.664848058,-610079.664848058,1.6054728022317317
1960000.0,1380207.771079357,579792.228920643,0.2958123616942056
565000.0,678984.8263004537,-113984.82630045374,0.20174305539903317
1070000.0,1042212.8834220073,27787.11657799268,0.025969267829899702
795000.0,1080635.1851989012,-285635.1851989012,0.35928954113069334
1180000.0,714194.0746073229,465805.9253926771,0.3947507842310823
620000.0,716690.1096406309,-96690.1096406309,0.15595178974295307
727000.0,788501.6774281971,-61501.677428197116,0.084596530162582
500000.0,1032413.7640066552,-532413.7640066552,1.0648275280133104
350000.0,560262.9550087122,-210262.95500871225,0.6007513000248922
1540000.0,981379.0447756257,558620.9552243743,0.3627408800158275
500000.0,686612.6206791721,-186612.6206791721,0.37322524135834423
430000.0,521800.84642814484,-91800.84642814484,0.2134903405305694
545000.0,843955.2640082263,-298955.26400822634,0.5485417688224337
1445000.0,1117245.1739518163,327754.8260481837,0.22681994882227247
842000.0,692667.6751333997,149332.32486660033,0.1773543050672213
300000.0,437692.4501250702,-137692.45012507017,0.4589748337502339
545000.0,677565.2434666345,-132565.24346663454,0.24323897883786152
400000.0,868147.8107837341,-468147.8107837341,1.1703695269593353
4000000.0,2611546.800306228,1388453.199693772,0.347113299923443
670000.0,616658.0537231948,53341.94627680525,0.07961484518926157
804365.0,1189886.9351700004,-385521.9351700004,0.47928730759046007
3600000.0,5570352.512385882,-1970352.5123858824,0.5473201423294118
3800000.0,1452740.2040886318,2347259.795911368,0.6176999462924653
960000.0,875263.2915317911,84736.7084682089,0.08826740465438428
739457.0,932294.2848846996,-192837.28488469962,0.2607822833304704
670000.0,786838.8649975267,-116838.86499752675,0.17438636566795038
3125000.0,721904.7284009329,2403095.2715990674,0.7689904869117016
385000.0,701957.7577618461,-316957.75776184606,0.8232669032775223
325000.0,841687.2551596273,-516687.2551596273,1.5898069389526994
480000.0,801674.1701912207,-321674.1701912207,0.6701545212317098
810000.0,877237.2167557607,-67237.21675576072,0.08300890957501324
700000.0,618107.9422978865,81892.05770211353,0.11698865386016218
3250000.0,2866292.5087202718,383707.49127972824,0.11806384347068562
1950000.0,1192692.4307528872,757307.5692471128,0.38836285602416043
610000.0,847585.2078364247,-237585.2078364247,0.38948394727282737
500000.0,1128871.111802834,-628871.1118028341,1.2577422236056681
372000.0,500651.4222772306,-128651.4222772306,0.34583715665922204
1175000.0,1081333.988567954,93666.01143204607,0.07971575441025197
642000.0,820179.9027063765,-178179.9027063765,0.2775387892622687
2462000.0,1487633.34051664,974366.6594833599,0.3957622499932412
1441650.0,868147.8107837341,573502.1892162659,0.3978095856943543
1875000.0,770442.5516234722,1104557.4483765278,0.5890973058008148
1495000.0,903893.2546512801,591106.7453487199,0.39538912732355846
479990.0,931815.0490909929,-451825.0490909929,0.9413217964769951
4059000.0,3025865.789379004,1033134.2106209961,0.25452924627272633
490000.0,879690.9986288624,-389690.99862886243,0.7952877523038009
775000.0,741837.4225619226,33162.577438077424,0.042790422500745065
1365000.0,1439875.227552284,-74875.22755228402,0.054853646558449834
665000.0,655817.1524370946,9182.847562905401,0.013808793327677295
1065000.0,902838.4428173661,162161.5571826339,0.15226437294144027
980000.0,995633.5240413935,-15633.524041393539,0.015952575552442387
455000.0,752897.6445702049,-297897.6445702049,0.6547200979564943
755000.0,563314.3093686334,191685.69063136657,0.25388833196207494
2375000.0,1354356.3709480728,1020643.6290519272,0.4297446859166009
510000.0,825727.3638509607,-315727.36385096074,0.6190732624528642
700000.0,428239.99312425737,271760.00687574263,0.3882285812510609
900000.0,1103169.4048610807,-203169.4048610807,0.22574378317897856
395000.0,710502.3723338062,-315502.37233380624,0.7987401831235601
1107400.0,1030152.7459885868,77247.2540114132,0.06975551202042009
3685000.0,2862035.284654136,822964.7153458642,0.22332828096224266
710000.0,607507.6066828291,102492.3933171709,0.14435548354531114
782450.0,657914.271706489,124535.72829351097,0.15916126051953602
2275500.0,1214085.1483725412,1061414.8516274588,0.46645346149306033
822000.0,1148457.167916901,-326457.16791690094,0.39714983931496467
525000.0,632580.0193620534,-107580.01936205337,0.20491432259438735
975000.0,778482.7649093928,196517.2350906072,0.2015561385544689
2300000.0,1442673.0152630892,857326.9847369108,0.37275086292909165
2410000.0,1156153.6572424509,1253846.3427575491,0.5202681920155805
1800000.0,720827.0607119075,1079172.9392880925,0.5995405218267181
1480000.0,1100779.9219791782,379220.0780208218,0.2562297824465012
860000.0,959029.9776782339,-99029.97767823387,0.11515113683515567
575000.0,726298.0018263245,-151298.0018263245,0.26312695969795563
819000.0,577391.5494606764,241608.45053932362,0.29500421311272723
685000.0,1109639.380295387,-424639.380295387,0.6199115040808569
600000.0,827024.5505179339,-227024.5505179339,0.3783742508632232
1338888.0,1166242.4183774246,172645.5816225754,0.12894699304391063
380000.0,585958.5497992319,-205958.54979923193,0.5419961836821893
1475000.0,1771975.916595907,-296975.91659590695,0.20133960447180133
1685000.0,1995041.7663671959,-310041.7663671959,0.18400104828913702
519000.0,1039198.3866707309,-520198.3866707309,1.0023090301940865
4750000.0,3771480.584844185,978519.415155815,0.2060040874012242
450000.0,696298.5898436023,-246298.58984360227,0.5473301996524494
748000.0,904843.8388785573,-156843.83887855732,0.2096842765756114
765000.0,820999.8634984499,-55999.86349844991,0.07320243594568615
970000.0,1008817.2384288642,-38817.23842886416,0.04001777157614862
1370000.0,833049.0016851767,536950.9983148233,0.39193503526629436
806000.0,606117.4589849329,199882.54101506714,0.24799322706584012
470000.0,570500.7562850357,-100500.75628503575,0.2138313963511399
1260000.0,844601.2210072725,415398.7789927275,0.3296815706291488
559000.0,1123446.9199506692,-564446.9199506692,1.009744042845562
410000.0,626938.9843233767,-216938.98432337667,0.5291194739594554
715000.0,875040.1808218535,-160040.18082185346,0.22383242072986498
632000.0,778208.1898853465,-146208.18988534645,0.2313420726033963
670000.0,755744.5249792854,-85744.52497928543,0.12797690295415737
375000.0,710241.9865466892,-335241.9865466892,0.8939786307911711
835000.0,575981.4459308971,259018.55406910286,0.3102018611606022
955000.0,1623694.0759269465,-668694.0759269465,0.7002032208659126
586000.0,692875.8829801565,-106875.88298015646,0.1823820528671612
740000.0,905701.3583477491,-165701.3583477491,0.22392075452398527
495000.0,1283955.9049193172,-788955.9049193172,1.5938503129683177
896000.0,1189695.2980614852,-293695.29806148517,0.3277849308721933
493300.0,716931.3268104489,-223631.3268104489,0.45333737443837197
1565000.0,697041.812212746,867958.187787254,0.5546058707905777
547000.0,901669.9008693784,-354669.90086937835,0.6483910436368892
925000.0,920725.3102146309,4274.68978536909,0.00462128625445307
540000.0,570207.8057507674,-30207.80575076735,0.05594038101993954
680000.0,542483.3777899342,137516.62221006583,0.20223032677950858
845000.0,1228346.810225706,-383346.8102257061,0.45366486417243324
1030000.0,1207428.309728926,-177428.30972892605,0.1722604948824525
357000.0,506334.96872106753,-149334.96872106753,0.4183052345127942
980000.0,583409.9036127197,396590.09638728027,0.40468377182375537
409000.0,1049822.1826532718,-640822.1826532718,1.5668024025752367
600000.0,874755.5192984447,-274755.51929844473,0.4579258654974079
1480000.0,832388.0647757915,647611.9352242085,0.437575631908249
960000.0,784817.0845740554,175182.9154259446,0.1824822035686923
510000.0,560667.9552281749,-50667.95522817492,0.09934893181995082
330000.0,574522.7393530145,-244522.7393530145,0.7409779980394379
375000.0,553811.3190054902,-178811.31900549016,0.47683018401464045
1556000.0,1396507.1006731042,159492.89932689583,0.10250186332062713
424990.0,990252.3383158649,-565262.3383158649,1.3300603268685496
310000.0,418190.0409560554,-108190.0409560554,0.3490001321163077
865000.0,738341.2600148291,126658.73998517089,0.14642628900019755
369000.0,722331.4323269173,-353331.4323269173,0.9575377569835157
1450000.0,1146834.6600165488,303165.3399834512,0.20907954481617322
325000.0,758787.2396135179,-433787.2396135179,1.3347299680415936
310000.0,431219.4246532813,-121219.42465328128,0.39103040210735895
855000.0,926400.9850161457,-71400.98501614574,0.08350992399549209
544000.0,722974.3468496926,-178974.34684969264,0.32899696112075855
412500.0,717240.7440123383,-304740.74401233834,0.7387654400299112
825000.0,970963.9338664955,-145963.9338664955,0.17692598044423696
685000.0,620319.3997412462,64680.60025875375,0.09442423395438504
3450000.0,2591863.1166549996,858136.8833450004,0.24873532850579724
340000.0,732203.8453907971,-392203.8453907971,1.1535407217376386
1275000.0,992425.8067639262,282574.1932360738,0.22162681822437164
1325000.0,830294.9923850296,494705.00761497044,0.3733622698980909
1185000.0,666392.3241717252,518607.6758282748,0.4376436082939028
349999.0,551713.8155138339,-201714.8155138339,0.5763296909814997
475000.0,1046287.4475451722,-571287.4475451722,1.202710415884573
465000.0,654804.6129489366,-189804.61294893664,0.40818196333104656
2825000.0,1340087.2880052896,1484912.7119947104,0.5256328184052073
935000.0,1207428.309728926,-272428.30972892605,0.2913671761806696
495000.0,810762.0155537897,-315762.0155537897,0.6379030617248276
560000.0,506500.6799826688,53499.32001733122,0.09553450003094861
551000.0,756251.6072364107,-205251.60723641072,0.37250745414956576
680000.0,1021102.1875660713,-341102.1875660713,0.5016208640677519
569000.0,811910.4161113629,-242910.41611136287,0.42690758543297513
935000.0,958730.7725315863,-23730.77253158635,0.025380505381375776
1068000.0,1023152.6285162324,44847.37148376764,0.041991920864950974
1190000.0,961437.33068549,228562.66931450996,0.19206947001219324
674700.0,908150.2945196002,-233450.29451960023,0.346006068652142
375000.0,510067.8016231809,-135067.80162318092,0.36018080432848243
1520000.0,990644.4810074135,529355.5189925865,0.3482602098635438
675000.0,651261.0577833775,23738.942216622527,0.035168803283885226
2049800.0,1814414.036180618,235385.963819382,0.11483362465576252
765000.0,1514385.0413324875,-749385.0413324875,0.979588289323513
950000.0,1474545.561735914,-524545.5617359141,0.5521532228799095
369900.0,485931.533656558,-116031.53365655802,0.3136835189417627
1600000.0,2152962.7833602326,-552962.7833602326,0.3456017396001454
698900.0,1183836.2814832062,-484936.2814832062,0.6938564622738678
680000.0,812673.3987401252,-132673.39874012524,0.1951079393237136
750000.0,838532.3031098173,-88532.30310981732,0.11804307081308976
1998000.0,1270162.5785182614,727837.4214817386,0.3642829937346039
880000.0,848112.5144976116,31887.485502388445,0.036235778979986866
535000.0,1197694.4671239764,-662694.4671239764,1.2386812469607036
815000.0,826209.5756982978,-11209.57569829782,0.013754080611408369
1450000.0,1569480.785068037,-119480.78506803699,0.0824005414262324
680000.0,811939.194036222,-131939.19403622195,0.1940282265238558
2040888.0,1331807.9729355865,709080.0270644135,0.34743701127372667
995000.0,1890621.5203867203,-895621.5203867203,0.90012213104193
399000.0,895351.0171779878,-496351.01717798784,1.2439875117242802
425000.0,661961.9993991383,-236961.99939913827,0.5575576456450312
927000.0,651834.326461569,275165.67353843094,0.29683459928633327
625000.0,804701.4361388773,-179701.4361388773,0.2875222978222037
789000.0,959747.1787048046,-170747.17870480462,0.21640960545602614
1850000.0,1108258.12736249,741741.8726375101,0.4009415527770325
1070000.0,499359.9571191348,570640.0428808653,0.5333084512905283
409000.0,867927.6381334444,-458927.63813344436,1.122072464873947
1775000.0,969945.0094300451,805054.9905699549,0.45355210736335483
900000.0,2730735.7739920355,-1830735.7739920355,2.0341508599911506
857000.0,890404.7124518307,-33404.71245183074,0.03897866097063097
980000.0,1078393.959864193,-98393.95986419311,0.10040199986142154
2575000.0,1367387.711769526,1207612.288230474,0.4689756459147472
1400000.0,813960.4384284795,586039.5615715205,0.4185996868368004
1500000.0,801674.1701912207,698325.8298087793,0.46555055320585287
4850000.0,1749317.91278341,3100682.08721659,0.6393158942714618
1070000.0,795977.0579293779,274022.9420706221,0.2560962075426375
1350000.0,405244.7993021169,944755.200697883,0.6998186671836171
1900000.0,887846.4358942929,1012153.5641057071,0.5327124021608984
850000.0,954030.9308926493,-104030.93089264934,0.1223893304619404
417000.0,647776.1443132873,-230776.14431328734,0.5534200103436148
2200000.0,1653797.2292737882,546202.7707262118,0.24827398669373266
858000.0,1266559.837465542,-408559.8374655419,0.4761769667430558
2925000.0,1079221.2558810231,1845778.7441189769,0.6310354680748639
2225000.0,1572931.0824183829,652068.9175816171,0.29306468205915376
1580000.0,1555142.2677246958,24857.73227530415,0.015732741946395033
770000.0,1075032.8806975714,-305032.88069757144,0.3961465983085343
550000.0,761406.8236874988,-211406.8236874988,0.38437604306817963
485990.0,1347894.647711468,-861904.6477114679,1.773502845143867
1895000.0,1297623.0018655877,597376.9981344123,0.31523852144296166
720000.0,1171436.2054740076,-451436.20547400764,0.6269947298250106
390000.0,807267.0484285417,-417267.04842854175,1.0699155087911327
625000.0,793034.5448632037,-168034.54486320366,0.26885527178112584
2600000.0,1771486.736106198,828513.263893802,0.3186589476514623
1615000.0,1135262.110036871,479737.88996312907,0.2970513250545691
1175000.0,1066456.8052183015,108543.19478169852,0.09237718704825405
685000.0,626544.93031415,58455.06968584994,0.08533586815452547
305000.0,524147.43593885144,-219147.43593885144,0.7185161834060703
1800000.0,1090944.8212902392,709055.1787097608,0.39391954372764487
1400000.0,1272360.9256469829,127639.07435301715,0.09117076739501224
420000.0,897544.5182757253,-477544.5182757253,1.137010757799346
805000.0,763823.2235637542,41176.77643624577,0.0511512750760817
990000.0,1337147.6227968829,-347147.6227968829,0.3506541644412958
1350000.0,987918.6351485326,362081.3648514674,0.2682084184084944
1365000.0,2116806.906496558,-751806.9064965579,0.5507742904736688
489000.0,920063.1133224852,-431063.11332248524,0.8815196591461866
1664400.0,991814.9886785927,672585.0113214073,0.404100583586522
399950.0,810371.4059972669,-410421.4059972669,1.0261817877166317
310000.0,435658.7132158035,-125658.7132158035,0.4053506877929145
446000.0,974137.8742810049,-528137.8742810049,1.1841656374013563
720000.0,306891.8052156131,413108.1947843869,0.5737613816449818
1576000.0,939563.8700441876,636436.1299558124,0.4038300316978505
935000.0,1278126.2707594538,-343126.27075945376,0.36697996872668853
539894.0,1173959.1656556136,-634065.1656556136,1.1744252865481255
455000.0,977960.9886099155,-522960.9886099155,1.1493648101316825
531990.0,1073893.5033679747,-541903.5033679747,1.0186347551043715
1270000.0,1515087.9585196865,-245087.95851968648,0.19298264450369015
295000.0,665086.4860430317,-370086.4860430317,1.2545304611628192
1395000.0,830643.3922008302,564356.6077991698,0.40455670809976335
711000.0,537947.9922768621,173052.00772313785,0.243392415925651
2000000.0,884091.3895082246,1115908.6104917754,0.5579543052458877
3000000.0,1250536.3017469137,1749463.6982530863,0.5831545660843621
1298000.0,1091344.1563776503,206655.84362234967,0.1592109735149073
602000.0,659344.9159929934,-57344.915992993396,0.09525733553653389
1445000.0,1538106.8266149708,-93106.8266149708,0.0644337900449625
1095000.0,773536.553223694,321463.446776306,0.2935739239966265
1220000.0,1822968.7611047942,-602968.7611047942,0.4942366894301592
1405000.0,1061998.8908178015,343001.10918219853,0.24412890333252565
690000.0,773836.5665500775,-83836.56655007752,0.12150227036243119
229900.0,476425.6253406291,-246525.62534062908,1.0723167696417097
2618000.0,2272657.7671046127,345342.23289538734,0.13191070775224878
545990.0,875447.1316120225,-329457.1316120225,0.6034123914577603
1597000.0,1954814.3137785094,-357814.3137785094,0.2240540474505381
1137500.0,1035757.1093313316,101742.89066866843,0.08944429948893928
780000.0,826140.7946192946,-46140.79461929458,0.05915486489653152
490000.0,598888.9657005091,-108888.96570050914,0.2222223789806309
1462450.0,1131037.0858579183,331412.91414208175,0.22661486829777547
1295000.0,1164150.5608352937,130849.43916470627,0.10104203796502415
1620000.0,2002488.8595818637,-382488.85958186374,0.23610423430979244
655000.0,1085370.4054314392,-430370.40543143917,0.6570540540938002
317600.0,441621.2023227584,-124021.20232275838,0.39049496953009566
460000.0,774025.0998887676,-314025.0998887676,0.6826632606277556
948000.0,512558.35088790156,435441.64911209844,0.45932663408449204
2050000.0,765225.3228740104,1284774.6771259895,0.6267193546956046
500000.0,679579.9148691404,-179579.91486914037,0.35915982973828076
731135.0,1166829.2296143973,-435694.2296143973,0.5959148852324089
535000.0,589570.9734035457,-54570.97340354568,0.10200181944587977
705000.0,1152163.1750230296,-447163.17502302956,0.6342740071248646
1675000.0,642557.0104594254,1032442.9895405746,0.6163838743525819
1235000.0,922376.2772932148,312623.7227067852,0.25313661757634426
5300000.0,3732537.148932356,1567462.851067644,0.2957477077486121
1510000.0,940614.3391082585,569385.6608917415,0.37707659661704734
1069999.0,787811.9301879075,282187.06981209246,0.263726479942591
860000.0,684651.8731685639,175348.12683143606,0.20389317073422797
300000.0,415248.43072554556,-115248.43072554556,0.38416143575181855
1085000.0,505756.07156153885,579243.9284384612,0.5338653718326831
940000.0,891063.5831825733,48936.41681742668,0.05206001789087945
500000.0,627120.1713080727,-127120.17130807275,0.2542403426161455
800000.0,1232961.3166047465,-432961.3166047465,0.5412016457559331
7253200.0,5853682.798212393,1399517.2017876068,0.1929516905348821
2200000.0,3616050.874064453,-1416050.874064453,0.643659488211115
1225000.0,782914.7592722804,442085.2407277196,0.3608859107981385
900000.0,1171330.379051753,-271330.3790517531,0.30147819894639233
4935000.0,1379124.9383459247,3555875.061654075,0.7205420590991034
70000.0,932348.2488566446,-862348.2488566446,12.319260697952066
390000.0,400863.4638550114,-10863.463855011389,0.027855035525670226
1650000.0,2963594.73065266,-1313594.7306526601,0.7961180185773697
6500000.0,2433622.4849258037,4066377.5150741963,0.6255965407806455
1600000.0,1152778.2623054916,447221.7376945084,0.27951358605906773
1075000.0,989569.871423338,85430.12857666204,0.07946988704805771
957000.0,965233.0700681286,-8233.07006812864,0.008602999026257722
515000.0,774704.5836599099,-259704.5836599099,0.5042807449706989
475000.0,717264.8354453663,-242264.83544536633,0.5100312325165607
600000.0,700182.878979946,-100182.87897994602,0.1669714649665767
690000.0,875289.2839097057,-185289.2839097057,0.26853519407203724
690000.0,1119409.2547306432,-429409.25473064324,0.6223322532328163
850000.0,900230.564459698,-50230.56445969804,0.059094781717291815
680000.0,590021.5779736219,89978.4220263781,0.13232120886232074
699999.0,1150519.4899373099,-450520.4899373099,0.6436016193413274
505000.0,795010.599721995,-290010.59972199495,0.5742784152910791
1100000.0,1089789.879363499,10210.120636500884,0.00928192785136444
1920000.0,1088189.2953212983,831810.7046787017,0.43323474202015716
849900.0,929674.3594907174,-79774.35949071741,0.09386323036912274
625000.0,882091.0410253882,-257091.04102538817,0.4113456656406211
1800000.0,2586591.5766379884,-786591.5766379884,0.436995320354438
2200000.0,1550458.4692660067,649541.5307339933,0.29524615033363333
1415000.0,1015482.5724931431,399517.42750685685,0.2823444717362946
1950651.0,1033858.5245021438,916792.4754978562,0.46999308205202067
1938888.0,2068956.988960629,-130068.9889606291,0.06708432305560151
460000.0,800762.4704735454,-340762.47047354537,0.740787979290316
1100000.0,1279368.783299515,-179368.78329951502,0.1630625302722864
915000.0,1156558.6918912472,-241558.69189124717,0.2639985703729477
940000.0,944233.5621609228,-4233.5621609227965,0.004503789532896592
2000000.0,2252906.163817727,-252906.163817727,0.1264530819088635
870000.0,895095.1921454673,-25095.19214546727,0.02884504844306583
500000.0,686609.0160953645,-186609.01609536447,0.3732180321907289
910000.0,873342.9404641631,36657.05953583692,0.040282483006414196
1790000.0,563815.9011153239,1226184.0988846761,0.6850190496562436
1099000.0,892260.9683172557,206739.03168274427,0.18811558842833873
830000.0,892688.5353130414,-62688.535313041415,0.07552835579884508
825000.0,919474.0499872377,-94474.04998723767,0.1145139999845305
920000.0,883634.3202729842,36365.679727015784,0.03952791274675629
1128000.0,925742.6060449807,202257.3939550193,0.17930620031473343
385000.0,838017.5708479197,-453017.5708479197,1.1766690151894017
1200000.0,866065.9671096759,333934.03289032413,0.2782783607419368
7480000.0,5799162.547302965,1680837.452697035,0.22471088939799932
1299000.0,875707.8731704515,423292.1268295485,0.3258599898610843
900000.0,1079237.1577261563,-179237.1577261563,0.199152397473507
640000.0,861613.0752628461,-221613.07526284608,0.34627043009819697
228000.0,384499.5850144961,-156499.58501449612,0.6864016886600707
740000.0,541309.2937356234,198690.70626437664,0.26850095441131977
515000.0,659294.3748107771,-144294.37481077714,0.2801832520597614
970000.0,1410846.1567268812,-440846.15672688116,0.45448057394523833
1355000.0,1267149.1143917788,87850.88560822117,0.06483460192488648
1175155.0,1496476.2189095085,-321321.21890950855,0.27342879782625146
651000.0,844013.0923401925,-193013.09234019252,0.2964870850079762
1120000.0,1110891.2490257586,9108.750974241411,0.008132813369858403
1650000.0,935526.4958000723,714473.5041999277,0.43301424496965313
1500000.0,3194432.674375632,-1694432.6743756318,1.1296217829170878
765000.0,1111050.535269838,-346050.53526983806,0.4523536408756053
1125000.0,831697.4594651386,293302.5405348614,0.2607133693643212
1565000.0,1115464.2032337298,449535.7967662702,0.287243320617425
834000.0,516546.090511608,317453.909488392,0.3806401792426763
465000.0,825561.1359748535,-360561.13597485353,0.7754002924190398
1141000.0,1005332.227322364,135667.772677636,0.11890251768416828
1600000.0,1076184.4230125474,523815.5769874526,0.32738473561715786
620000.0,542483.3777899342,77516.62221006583,0.12502681001623522
550000.0,800022.3609245631,-250022.36092456314,0.454586110771933
3800000.0,3692393.2865439407,107606.71345605934,0.028317556172647196
425000.0,725656.5136601825,-300656.5136601825,0.7074270909651352
355000.0,770442.5516234722,-415442.55162347225,1.1702607087985133
1749900.0,1401770.974033604,348129.0259663961,0.19894224010880399
860000.0,965720.5414800005,-105720.54148000048,0.12293086218604707
1325000.0,930203.0953269015,394796.90467309847,0.29795992805516863
860000.0,1266240.3406650187,-406240.34066501865,0.4723724891453705
1580000.0,1685938.1114080518,-105938.1114080518,0.06704943760003279
1400000.0,2088286.5026311649,-688286.5026311649,0.49163321616511774
1175000.0,938096.0014449334,236903.99855506665,0.20162042430218438
385000.0,668459.9642651388,-283459.96426513884,0.7362596474419191
1530000.0,1100555.353281728,429444.646718272,0.28068277563285754
1525000.0,905213.3619126979,619786.6380873021,0.4064174675982309
2183000.0,1056381.995548946,1126618.004451054,0.5160870382276931
439000.0,514404.05020200013,-75404.05020200013,0.17176321230523947
1088000.0,1113300.5194185448,-25300.519418544834,0.023254153877339003
4965000.0,3823835.6516728015,1141164.3483271985,0.22984176199943576
1300000.0,1572161.1572299462,-272161.1572299462,0.20935473633072788
720000.0,915823.2735988586,-195823.27359885862,0.27197676888730365
859500.0,975086.1365416403,-115586.13654164027,0.1344806707872487
3334475.0,831949.5107181608,2502525.489281839,0.7505006003289391
1075000.0,790866.5794481933,284133.4205518067,0.2643101586528434
740000.0,698091.6773811111,41908.322618888924,0.05663286840390395
2004000.0,909291.2373157664,1094708.7626842335,0.546261857626863
2750000.0,2548005.9666956523,201994.03330434766,0.07345237574703552
2650000.0,2486886.6603589463,163113.3396410537,0.06155220363813347
1625000.0,1266992.1594459857,358007.8405540143,0.2203125172640088
1625000.0,1842392.0405364702,-217392.04053647025,0.13377971725321247
790000.0,681117.779046087,108882.22095391306,0.13782559614419373
1515000.0,1023131.2201063441,491868.7798936559,0.3246658613159445
708000.0,808790.1534709211,-100790.1534709211,0.1423589738289846
350000.0,643475.6145352656,-293475.6145352656,0.8385017558150446
420000.0,614673.3397747041,-194673.33977470407,0.46350795184453353
635990.0,1030165.745841169,-394175.74584116903,0.6197829302994843
615000.0,689773.4238178541,-74773.42381785414,0.1215828029558604
2950000.0,1752787.8323044945,1197212.1676955055,0.40583463311712054
782400.0,577859.6431048714,204540.3568951286,0.26142683652240367
825000.0,574383.9694719339,250616.0305280661,0.3037770067006862
840000.0,890613.2280870279,-50613.22808702791,0.060253842960747504
525000.0,622512.2852580891,-97512.28525808908,0.18573768620588396
1340000.0,1070998.5585955514,269001.4414044486,0.20074734433167804
460000.0,686931.8065297594,-226931.80652975943,0.4933300141951292
945000.0,1036537.7715008274,-91537.7715008274,0.09686536666754222
2051282.0,776117.0330995818,1275164.966900418,0.6216429369050273
574900.0,822584.1924685391,-247684.1924685391,0.430830044300816
465000.0,634322.777652118,-169322.777652118,0.36413500570347956
760000.0,1030890.9281911585,-270890.92819115845,0.35643543183047166
1050000.0,1031111.2073223272,18888.792677672813,0.017989326359688394
1132142.0,1143311.0741166505,-11169.074116650503,0.009865435710935998
670000.0,1186590.00254779,-516590.00254779006,0.7710298545489404
2250000.0,1940371.3269712355,309628.67302876455,0.1376127435683398
1415000.0,1283320.8404741837,131679.15952581633,0.09305947669668999
560000.0,949988.872881101,-389988.872881101,0.6964087015733946
1100000.0,887777.9853976096,212222.01460239035,0.19292910418399123
240000.0,599120.1593900456,-359120.15939004556,1.4963339974585232
1825000.0,2068892.573557494,-243892.57355749398,0.13363976633287342
1630000.0,855339.9787182381,774660.0212817619,0.47525154679862697
445000.0,994103.0213575319,-549103.0213575319,1.2339393738371502
3200000.0,1842392.0405364702,1357607.9594635298,0.42425248733235305
510000.0,620902.1733055521,-110902.1733055521,0.21745524177559236
500000.0,621285.9920918583,-121285.9920918583,0.2425719841837166
1025000.0,792631.3541092556,232368.6458907444,0.22670111794218967
720000.0,692632.7747616686,27367.22523833136,0.038010035053238
570000.0,566882.4355332932,3117.5644667068264,0.005469411345099696
360000.0,710990.6559825959,-350990.65598259587,0.9749740443960996
2838888.0,2493496.2821573657,345391.7178426343,0.12166443968294427
2830000.0,2460401.5954382536,369598.4045617464,0.1306001429546807
810000.0,1328818.2238974008,-518818.2238974008,0.6405163257992602
639000.0,925742.6060449807,-286742.6060449807,0.44873647268385086
465000.0,1354439.7066039762,-889439.7066039762,1.9127735625891962
870000.0,930124.1515143138,-60124.151514313766,0.06910822013139513
1295000.0,965938.2107765554,329061.78922344465,0.2541017677401117
1120000.0,1371703.2832915294,-251703.2832915294,0.22473507436743698
180000.0,734391.7599233643,-554391.7599233643,3.079954221796468
1300000.0,1428640.109362126,-128640.1093621261,0.09895393027855853
1515000.0,2118803.829517823,-603803.8295178232,0.3985503825200153
1110000.0,1864556.6060145067,-754556.6060145067,0.6797807261391952
772500.0,805197.8598379515,-32697.859837951488,0.042327326651069884
1999995.0,649089.0651952584,1350905.9348047418,0.675454656039011
1771500.0,2127424.8480916596,-355924.8480916596,0.2009172159704542
1110000.0,998856.652807721,111143.34719227895,0.10012914161466571
1320000.0,795977.0579293779,524022.9420706221,0.3969870773262289
970000.0,1161047.1770551878,-191047.17705518776,0.19695585263421417
615000.0,1395183.1013623958,-780183.1013623958,1.2685904087193427
2290000.0,1155801.5288796725,1134198.4711203275,0.49528317516171505
4685000.0,1736500.9837325173,2948499.0162674827,0.6293487761510101
795000.0,1301512.0598980081,-506512.0598980081,0.6371220879220229
680000.0,809533.4853526783,-129533.48535267834,0.19049041963629168
1200000.0,922231.7717829926,277768.22821700736,0.2314735235141728
915000.0,785146.1024672791,129853.89753272093,0.14191682790461305
1437000.0,1247147.4196094985,189852.58039050153,0.13211731412004282
530000.0,470742.2582802669,59257.74171973311,0.11180705984855303
504490.0,1212520.6816190295,-708030.6816190295,1.4034583076354923
1750000.0,910789.4720702304,839210.5279297696,0.4795488731027255
1650000.0,1096916.27957348,553083.7204265201,0.33520225480395155
750000.0,809376.4345664927,-59376.43456649268,0.07916857942199024
490000.0,687956.5425943682,-197956.54259436822,0.40399294407013925
617490.0,1030762.2570799397,-413272.2570799397,0.6692776515894018
1100000.0,856527.7245626257,243472.27543737425,0.22133843221579477
1580000.0,989745.0331985116,590254.9668014884,0.37357909291233443
291500.0,458989.75765268476,-167489.75765268476,0.5745789284826235
1360000.0,1527815.1211437862,-167815.12114378624,0.12339347142925458
441000.0,688162.6382057013,-247162.63820570125,0.5604594970650822
864000.0,398302.83386333566,465697.16613666434,0.5390013496952134
582500.0,822584.1924685391,-240084.1924685391,0.41216170380865086
4000000.0,1384122.0003781975,2615877.9996218025,0.6539694999054506
185000.0,475645.378783921,-290645.378783921,1.5710561015347082
2100000.0,2952346.798924961,-852346.7989249611,0.4058794280595053
950000.0,1072812.2621385052,-122812.26213850523,0.12927606540895287
700000.0,902948.4892131769,-202948.4892131769,0.2899264131616813
249999.0,620814.8599937995,-370815.8599937995,1.48326937305269
800000.0,877668.7743570866,-77668.77435708663,0.09708596794635829
565000.0,749392.3469579543,-184392.34695795435,0.32635813620876875
450000.0,894004.7064540926,-444004.70645409264,0.9866771254535391
799000.0,927837.0583067345,-128837.05830673454,0.16124788273683924
2100000.0,964267.5258838261,1135732.474116174,0.5408249876743686
355000.0,411883.6933601948,-56883.6933601948,0.1602357559442107
702000.0,1117726.219728802,-415726.2197288021,0.5922025922062708
649990.0,1094608.1829838431,-444618.18298384314,0.6840384974904893
857000.0,1070465.3846009944,-213465.3846009944,0.24908446277828986
665230.0,1094608.1829838431,-429378.18298384314,0.645458236976449
610000.0,936128.7170699311,-326128.7170699311,0.5346372410982477
738039.0,1119688.395722255,-381649.3957222551,0.5171127755067891
880000.0,1191840.4708770623,-311840.4708770623,0.35436417145120713
760000.0,755906.3773305549,4093.622669445118,0.005386345617690944
1550000.0,1004916.984057944,545083.015942056,0.35166646189810064
2340000.0,2550096.4657843346,-210096.46578433458,0.08978481443774981
435000.0,1004136.8305301744,-569136.8305301744,1.3083605299544239
450000.0,629242.3074058456,-179242.3074058456,0.39831623867965693
745000.0,846230.1321328706,-101230.13213287061,0.13587937199043035
1255000.0,901850.5122834948,353149.4877165052,0.2813940141167372
280000.0,742968.1991221365,-462968.19912213646,1.6534578540076301
1140000.0,1895443.6763295145,-755443.6763295145,0.662669891517118
311000.0,618107.9422978865,-307107.9422978865,0.9874853450092813
1230000.0,944233.5621609228,285766.4378390772,0.23233043726754243
715000.0,933319.946978854,-218319.94697885402,0.3053425831872084
1828000.0,1354439.7066039762,473560.2933960238,0.25905924146390796
1150000.0,1109258.004163217,40741.99583678297,0.035427822466767796
998000.0,1340231.3502465903,-342231.35024659033,0.342917184615822
399000.0,559292.7863279433,-160292.78632794332,0.40173630658632414
1094000.0,935570.2880957436,158429.71190425637,0.14481692130187968
1140000.0,1070430.8392536037,69569.16074639629,0.061025579602102004
540000.0,818573.792322624,-278573.792322624,0.5158773931900444
695990.0,1142686.9536498508,-446696.9536498508,0.6418151893703226
1915000.0,1021125.2123431563,893874.7876568437,0.4667753460349053
370000.0,423883.359929875,-53883.359929875005,0.1456307025131757
1042000.0,859802.316956886,182197.68304311403,0.17485382249819004
861000.0,793333.0917931839,67666.90820681606,0.07859106644229508
474479.0,915007.6016179889,-440528.6016179889,0.9284469947415774
810000.0,756195.1655348442,53804.834465155844,0.0664257215619208
950000.0,991575.1645998652,-41575.16459986521,0.043763331157752855
1655000.0,1481740.850824813,173259.1491751871,0.10468830765872333
750000.0,790907.7489274694,-40907.748927469365,0.05454366523662582
1879000.0,1108014.4004704284,770985.5995295716,0.4103169768651259
1400000.0,932681.2438502521,467318.7561497479,0.3337991115355342
1285000.0,1036093.9448745035,248906.05512549647,0.19370121021439413
925000.0,817512.0058819626,107487.9941180374,0.11620323688436476
1363750.0,750383.881491224,613366.118508776,0.44976433987811254
1800000.0,971433.1705549858,828566.8294450142,0.4603149052472301
935000.0,621313.566354419,313686.433645581,0.3354935119204075
947500.0,1421439.3899028262,-473939.38990282617,0.5001998838024551
517090.0,958114.102528456,-441024.102528456,0.8528962125132105
1265000.0,917842.5721473397,347157.4278526603,0.27443274929064054
1585000.0,1161814.9787220058,423185.02127799415,0.266993704276337
1200000.0,1046003.3160085316,153996.6839914684,0.12833056999289033
540000.0,682633.7109422459,-142633.7109422459,0.26413650174489983
612000.0,874994.4803800745,-262994.48038007447,0.42972954310469685
1800000.0,1242257.6271806133,557742.3728193867,0.30985687378854815
925000.0,826112.4272531734,98887.57274682657,0.10690548405062332
645000.0,1065582.126283581,-420582.1262835809,0.6520653120675672
1050000.0,786548.1662562289,263451.8337437711,0.250906508327401
745000.0,723427.579377917,21572.42062208301,0.028956269291386588
1125000.0,1297623.0018655877,-172623.00186558766,0.1534426683249668
885000.0,719208.5594311554,165791.44056884455,0.1873349610947396
850000.0,658626.553510905,191373.446489095,0.22514523116364116
760000.0,929291.2021363484,-169291.20213634835,0.2227515817583531
880000.0,781456.566094718,98543.43390528206,0.11198117489236598
1425000.0,1570683.3219381263,-145683.32193812635,0.10223391013201849
1315000.0,1159046.2819902997,155953.7180097003,0.11859598327733863
676300.0,1460608.577474856,-784308.577474856,1.1597051271253231
1500000.0,1057857.939064719,442142.060935281,0.294761373956854
1025000.0,833646.6312364961,191353.36876350385,0.18668621342780864
980000.0,1237452.8341290688,-257452.83412906877,0.2627069736010906
675000.0,691614.5096269924,-16614.509626992396,0.02461408833628503
4925000.0,1808562.249374188,3116437.750625812,0.6327792387057486
1404000.0,1183303.268238421,220696.73176157894,0.15719140438858897
710000.0,708540.7354097299,1459.2645902701188,0.0020553022398170687
1825000.0,1368161.2471601202,456838.75283987983,0.2503226042958246
819000.0,566335.023551789,252664.976448211,0.30850424474751037
449000.0,869365.2932268596,-420365.29322685965,0.9362255973872152
915000.0,1328513.6477171297,-413513.6477171297,0.45192748384385756
5000000.0,4334879.44819014,665120.5518098604,0.1330241103619721
790000.0,807616.7402892993,-17616.740289299283,0.022299671252277574
1075000.0,1114145.961111233,-39145.961111233104,0.03641484754533312
311000.0,634934.417616454,-323934.41761645395,1.041589767255479
1850000.0,1415498.7727355221,434501.2272644779,0.23486552825106913
365000.0,923161.9563283878,-558161.9563283878,1.529210839255857
1225000.0,1475728.1772136244,-250728.17721362435,0.20467606303153008
432607.0,826593.4478298007,-393986.44782980066,0.9107260118994853
633000.0,1204211.443620591,-571211.443620591,0.9023877466360046
875000.0,947443.6008161864,-72443.6008161864,0.08279268664707018
650000.0,1063515.5364168477,-413515.5364168477,0.6361777483336118
1865000.0,1368386.3168394223,496613.68316057767,0.26628079526036336
753000.0,714155.468477742,38844.53152225795,0.05158636324337045
508946.0,1004559.780796615,-495613.78079661506,0.9738042558476048
2735000.0,1203250.1759276416,1531749.8240723584,0.560054780282398
1313000.0,975165.8614678335,337834.1385321665,0.25729942005496304
1074990.0,2165451.9358282965,-1090461.9358282965,1.0143926323298789
1687500.0,2339674.6675375076,-652174.6675375076,0.3864738770592638
900000.0,948823.1911060964,-48823.191106096376,0.054247990117884864
285000.0,681523.8113217792,-396523.81132177915,1.3913116186729093
958000.0,564579.9256411031,393420.07435889693,0.41066813607400515
989000.0,798696.5156419494,190303.48435805063,0.19242010551875696
685000.0,796161.4566449721,-111161.45664497209,0.16227949875178407
683500.0,1090232.787032525,-406732.78703252506,0.5950735728347111
255000.0,381122.43024751917,-126122.43024751917,0.49459776567654573
1200000.0,815379.125976506,384620.87402349396,0.3205173950195783
1260000.0,1232048.5229555778,27951.47704442218,0.022183711940017604
520000.0,922506.9060635186,-402506.9060635186,0.7740517424298434
1155000.0,1951909.6265387365,-796909.6265387365,0.6899650446222827
370000.0,858008.0122022202,-488008.01220222015,1.3189405735195139
1306000.0,1278783.105724524,27216.894275475992,0.020839888419200606
1399990.0,937612.8954550452,462377.10454495484,0.33027171947296396
390000.0,1056902.1505380254,-666902.1505380254,1.7100055142000652
519000.0,1103169.4048610807,-584169.4048610807,1.125567254067593
1300000.0,1031335.9761672273,268664.02383277274,0.2066646337175175
2299000.0,2880197.056088726,-581197.056088726,0.252804287119933
709559.0,1307227.0644952403,-597668.0644952403,0.8423091871081057
3500000.0,1197707.7444416478,2302292.255558352,0.6577977873023862
365000.0,791258.5528466696,-426258.55284666957,1.1678316516347111
775000.0,1289270.7841292408,-514270.7841292408,0.6635752053280526
2300000.0,2278678.9871616745,21321.012838325463,0.009270005581880637
925000.0,760672.2055046409,164327.79449535906,0.1776516697247125
640000.0,677418.2517383929,-37418.251738392864,0.05846601834123885
1355000.0,658000.0968678283,696999.9031321717,0.514391072422267
686000.0,873789.2884285805,-187789.2884285805,0.2737453184090095
588000.0,933832.8375617523,-345832.8375617523,0.5881510842886943
710000.0,695855.563645208,14144.436354791978,0.019921741344777436
2585000.0,2177451.736976261,407548.2630237392,0.15765890252369022
2050000.0,1667611.2197790048,382388.7802209952,0.1865311123029245
530000.0,813993.3405888951,-283993.34058889514,0.5358364916771606
600000.0,556186.3308587242,43813.66914127581,0.07302278190212634
375000.0,536269.1993305662,-161269.19933056622,0.4300511982148432
507000.0,764792.642707882,-257792.64270788198,0.5084667509031203
2400000.0,2013614.7006289137,386385.2993710863,0.16099387473795262
690000.0,751030.5112119626,-61030.511211962556,0.0884500162492211
3000000.0,3315645.491852014,-315645.49185201386,0.10521516395067129
720000.0,1052329.1194879634,-332329.1194879634,0.46156822151106025
425000.0,816559.9746079732,-391559.97460797324,0.9213175873128783
1225000.0,1184610.2542391783,40389.74576082174,0.032971221029242236
1499000.0,855236.0217183663,643763.9782816337,0.4294622937169004
630000.0,986046.7967001997,-356046.7967001997,0.5651536455558726
610000.0,1010237.5112490545,-400237.51124905446,0.6561270676214007
930000.0,1525700.3156692397,-595700.3156692397,0.6405379738378922
2170000.0,5051683.4250260275,-2881683.4250260275,1.3279647119935611
1485000.0,985469.2905839216,499530.7094160784,0.3363843161051033
1800000.0,1123781.200512425,676218.799487575,0.3756771108264305
660000.0,857288.1796302154,-197288.1796302154,0.29892148428820514
395000.0,546638.2802235439,-151638.28022354387,0.3838943803127693
2200000.0,2944966.990740803,-744966.9907408031,0.33862135942763777
420000.0,836195.672980811,-416195.672980811,0.9909420785257405
1375000.0,1055547.7788995102,319452.22110048984,0.23232888807308352
390000.0,655723.3171525793,-265723.3171525793,0.6813418388527674
3050000.0,2546750.777126559,503249.22287344094,0.16499974520440686
465000.0,734486.4878618921,-269486.4878618921,0.5795408341115958
730000.0,1357831.1881194662,-627831.1881194662,0.8600427234513235
765000.0,764177.873161839,822.126838161028,0.0010746756054392523
603400.0,925035.8975039189,-321635.89750391885,0.5330392732912146
470000.0,865687.0704437386,-395687.0704437386,0.8418873839228481
2350000.0,931629.6892800543,1418370.3107199457,0.6035618343489131
5810000.0,4321411.234764875,1488588.765235125,0.2562114914346171
1415000.0,910806.5645520951,504193.43544790486,0.35632044907979143
467333.0,804266.2981136764,-336933.29811367637,0.7209704816772545
9500000.0,5461865.787180875,4038134.2128191246,0.42506675924411835
550000.0,681970.4105325805,-131970.41053258046,0.2399462009683281
870000.0,1045901.9647401038,-175901.9647401038,0.2021861663679354
509000.0,1054454.6795482195,-545454.6795482195,1.0716201955760698
8650000.0,3427540.057519408,5222459.942480592,0.6037525945064268
1715000.0,1049565.0289829406,665434.9710170594,0.38800872945601134
735000.0,1289270.7841292408,-554270.7841292408,0.7541099103799195
710000.0,614589.6666662926,95410.33333370741,0.13438075117423579
820000.0,879639.2845585063,-59639.28455850633,0.07273083482744674
494000.0,686931.8065297594,-192931.80652975943,0.3905502156472863
650000.0,619599.6922945953,30400.307705404703,0.04676970416216108
693000.0,925346.6822279274,-232346.68222792738,0.33527659773149693
1575000.0,1344716.6480086208,230283.35199137917,0.14621165205801853
699950.0,584212.6522046127,115737.34779538726,0.1653508790562001
835000.0,1172877.6082253489,-337877.6082253489,0.40464384218604654
329000.0,475387.68742418924,-146387.68742418924,0.444947378189025
330000.0,508875.55206712696,-178875.55206712696,0.5420471274761424
850000.0,1031814.838716149,-181814.83871614898,0.21389981025429292
1848000.0,1074907.387346112,773092.6126538881,0.41834015836249355
367500.0,575837.7341582882,-208337.73415828822,0.566905399070172
835000.0,1116854.4638746337,-281854.46387463366,0.33755025613728584
1485000.0,1926714.2795545924,-441714.27955459245,0.29745069330275586
690000.0,840375.8700789087,-150375.87007890875,0.21793604359262136
1090000.0,796940.3820491465,293059.61795085354,0.2688620348172968
1190000.0,1114145.961111233,75854.0388887669,0.0637428898224932
1400000.0,1693887.1817943081,-293887.1817943081,0.20991941556736296
400000.0,623826.5123441325,-223826.51234413253,0.5595662808603313
353000.0,586184.2357663895,-233184.23576638952,0.6605785715761743
876500.0,876622.6866699349,-122.68666993489023,0.00013997338269810638
3675000.0,1293141.0848163003,2381858.9151836997,0.6481248748799183
1495000.0,886868.0455606071,608131.9544393929,0.40677722704976116
825000.0,683560.1102351709,141439.88976482907,0.17144229062403524
800000.0,913644.3936183776,-113644.39361837762,0.14205549202297202
2100000.0,1842392.0405364702,257607.95946352975,0.12267045688739513
408000.0,581532.7292998658,-173532.72929986578,0.4253253169114357
2000000.0,1265766.082019554,734233.917980446,0.367116958990223
1000000.0,1815993.5791240584,-815993.5791240584,0.8159935791240583
663000.0,658368.1107094765,4631.8892905234825,0.006986258356747334
1600000.0,942559.5856079868,657440.4143920132,0.41090025899500826
2000000.0,974137.8742810049,1025862.1257189951,0.5129310628594975
2467000.0,2509339.4555149553,-42339.455514955334,0.01716232489459073
1700000.0,1384095.5030830952,315904.4969169048,0.18582617465700282
2550000.0,785344.2535853987,1764655.7464146013,0.6920218613390593
3915000.0,1675475.5341895348,2239524.465810465,0.5720369005901571
831000.0,1029888.6546648643,-198888.6546648643,0.23933652787588966
2750000.0,1538349.633005193,1211650.366994807,0.4406001334526571
1800000.0,1020054.3189035893,779945.6810964107,0.43330315616467263
680000.0,653055.327353385,26944.672646614956,0.03962451859796317
925000.0,1098676.6619115495,-173676.6619115495,0.18775855341789136
960000.0,1076714.0728651164,-116714.07286511641,0.12157715923449626
500000.0,567808.0525226592,-67808.05252265919,0.13561610504531837
850000.0,784050.362514603,65949.63748539705,0.07758780880634947
737500.0,1141633.2997164063,-404133.29971640627,0.5479773555476695
756000.0,722331.4323269173,33668.567673082696,0.044535142424712564
715000.0,677565.2434666345,37434.756533365464,0.05235630284386778
485000.0,1221410.4513575688,-736410.4513575688,1.5183720646547811
1200000.0,902838.4428173661,297161.5571826339,0.24763463098552824
570000.0,771136.5870978918,-201136.58709789184,0.35287120543489797
2800000.0,2144895.404539861,655104.5954601392,0.23396592695004972
465000.0,889556.9531054186,-424556.9531054186,0.9130257056030507
4100000.0,1988336.5297711818,2111663.4702288182,0.5150398707875167
1663000.0,563815.9011153239,1099184.0988846761,0.6609645814099074
699900.0,432441.9310201524,267458.0689798476,0.3821375467636057
530000.0,782670.7570949141,-252670.7570949141,0.4767372775375738
1995000.0,916642.7966216318,1078357.2033783682,0.5405299265054477
509900.0,604324.4438698903,-94424.4438698903,0.18518227862304432
7164000.0,2570217.2399112885,4593782.760088712,0.641231541050909
749000.0,1025815.0635423955,-276815.0635423955,0.36957952408864553
1200000.0,2603984.9388592374,-1403984.9388592374,1.1699874490493645
1520000.0,1800492.4928834643,-280492.4928834643,0.18453453479175283
585000.0,798709.1604641835,-213709.16046418354,0.3653148042122796
2450000.0,1262384.9967969195,1187615.0032030805,0.4847408176339104
810000.0,720377.6914273555,89622.30857264448,0.11064482539832653
1400000.0,1054132.5257762603,345867.4742237397,0.2470481958740998
890000.0,523104.6862825907,366895.3137174093,0.412241925525179
1018000.0,1156772.90672715,-138772.90672715008,0.13631916181448928
1000000.0,1006692.5843831946,-6692.584383194568,0.006692584383194568
1062500.0,1095484.0028212462,-32984.00282124616,0.03104376736117286
945000.0,792937.6521781712,152062.3478218288,0.16091253737759662
440000.0,849285.160946166,-409285.160946166,0.9301935476049228
2345000.0,2668451.4472714285,-323451.44727142854,0.13793238689613158
575000.0,986221.9419790838,-411221.9419790838,0.7151685947462327
2010000.0,958730.7725315863,1051269.2274684138,0.5230195161534397
780000.0,656993.944738673,123006.05526132695,0.15770007084785506
725000.0,858567.3237144485,-133567.3237144485,0.18423079133027379
575000.0,644231.5910915745,-69231.59109157452,0.12040276711578177
1130000.0,1647585.4784426661,-517585.4784426661,0.458040246409439
1727500.0,1286057.7749945475,441442.2250054525,0.2555381910306527
539000.0,727101.1630175947,-188101.16301759472,0.3489817495688214
610000.0,914021.3089794994,-304021.3089794994,0.4983955884909826
1150000.0,947483.7557062922,202516.24429370777,0.1761010819945285
1988000.0,1554317.2705079175,433682.7294920825,0.2181502663441059
1855000.0,1442381.5071762542,412618.4928237458,0.22243584518800313
2870000.0,1299525.0315461536,1570474.9684538464,0.5472038217609221
978000.0,1064335.094443854,-86335.09444385394,0.08827719268287725
258500.0,655348.3484423117,-396848.34844231175,1.535196705772966
657990.0,1618985.0805579717,-960995.0805579717,1.4605010418972504
345000.0,643475.6145352656,-298475.6145352656,0.8651467087978713
876000.0,966996.9134118299,-90996.91341182985,0.10387775503633545
549000.0,834531.2373714766,-285531.2373714766,0.5200933285454947
849000.0,1451971.9137722529,-602971.9137722529,0.7102142682829833
745000.0,1442750.8830531589,-697750.8830531589,0.9365783665143073
385000.0,895014.8860086284,-510014.8860086284,1.324713989632801
645500.0,647776.1443132873,-2276.144313287339,0.003526172445061718
1275000.0,689426.3007317543,585573.6992682457,0.45927348962215353
1342000.0,1066813.8646256446,275186.13537435536,0.20505673276777597
1380000.0,1260029.1552238807,119970.84477611934,0.08693539476530387
400000.0,905529.5170476282,-505529.5170476282,1.2638237926190705
325000.0,516080.5026624115,-191080.50266241148,0.5879400081920353
1100000.0,833173.5351152422,266826.46488475776,0.24256951353159797
533000.0,802266.342966551,-269266.34296655096,0.5051901368978442
910000.0,822584.1924685391,87415.80753146089,0.09606132695764932
1584000.0,1086108.2176681836,497891.7823318164,0.31432562015897497
772500.0,1109279.8027313098,-336779.8027313098,0.43596090968454343
279000.0,679914.883080263,-400914.88308026304,1.436970907097717
1600000.0,1105017.2359204965,494982.7640795035,0.3093642275496897
656000.0,1029118.5793119794,-373118.57931197935,0.5687783221219197
380000.0,575473.8288835622,-195473.82888356224,0.5144048128514795
590000.0,1203705.308807487,-613705.3088074869,1.040178489504215
10950000.0,2822751.028416534,8127248.971583466,0.742214517952828
869500.0,562101.1577860322,307398.8422139678,0.3535351836848393
325000.0,731973.068430135,-406973.068430135,1.252224825938877
1450000.0,1287411.6552990738,162588.34470092622,0.1121298928971905
689000.0,830261.1565682516,-141261.15656825155,0.20502344930080052
494190.0,847381.0650183863,-353191.06501838635,0.714686790542881
2963000.0,2457768.568072092,505231.4319279082,0.1705134768572083
1565000.0,1277661.1072527182,287338.8927472818,0.1836031263560906
2350000.0,1666648.519277737,683351.480722263,0.2907878641371332
644000.0,707423.5527350962,-63423.55273509619,0.09848377753896924
2200000.0,1248624.737758337,951375.262241663,0.4324433010189377
225000.0,457810.7286131681,-232810.72861316812,1.0347143493918582
725000.0,968302.3609767373,-243302.36097673734,0.33558946341618945
1700000.0,1397479.1982024936,302520.8017975064,0.1779534128220626
1975000.0,1564004.6915039076,410995.30849609245,0.20809889037776833
1520000.0,1145022.2498519397,374977.75014806027,0.2466958882553028
533000.0,833002.0831283166,-300002.08312831656,0.5628556906722637
675000.0,1676884.4979783325,-1001884.4979783325,1.4842733303382702
370000.0,746909.5705805096,-376909.5705805096,1.0186745150824583
575000.0,651434.9326771902,-76434.93267719017,0.13293031769946118
4600000.0,4144596.253252985,455403.74674701504,0.09900081451022066
320000.0,656519.1580182542,-336519.1580182542,1.0516223688070443
850000.0,707945.9905362516,142054.00946374843,0.16712236407499814
700000.0,1064709.7901290185,-364709.7901290185,0.5210139858985978
2000000.0,910906.0412301288,1089093.9587698712,0.5445469793849356
620000.0,1273075.9922430161,-653075.9922430161,1.05334837458551
1015000.0,788452.7404842298,226547.25951577025,0.22319927045888693
630000.0,1387696.5574612194,-757696.5574612194,1.202692948351142
800000.0,555072.4621811068,244927.5378188932,0.30615942227361653
1399000.0,1235289.8651448165,163710.13485518354,0.11701939589362655
1050000.0,1207475.6631899057,-157475.6631899057,0.14997682208562446
965000.0,735020.9597778493,229979.04022215074,0.23832024893487122
1310000.0,1544700.2741361838,-234700.27413618378,0.17916051460777388
4484000.0,2819575.4604728897,1664424.5395271103,0.3711919133646544
684990.0,1113472.7440950368,-428482.74409503676,0.6255313859983894
1685000.0,1244478.1912065684,440521.8087934316,0.2614372752483274
8000000.0,8876509.879608694,-876509.8796086945,0.1095637349510868
925000.0,1110131.078205442,-185131.07820544206,0.20014170616804547
910000.0,1265952.114692448,-355952.11469244794,0.39115616999170105
3000000.0,1291423.142788124,1708576.857211876,0.5695256190706253
1020000.0,450056.5823557847,569943.4176442153,0.5587680565139366
1380000.0,918534.367342634,461465.632657366,0.3343953859835985
1095000.0,794590.0967410544,300409.90325894556,0.2743469436154754
513000.0,452705.9934499447,60294.00655005529,0.11753217651082902
600000.0,924531.147788972,-324531.147788972,0.5408852463149534
545000.0,620495.4779395838,-75495.47793958383,0.13852381273318135
1150000.0,1293141.0848163003,-143141.0848163003,0.12447050853591331
935000.0,1187889.8407329794,-252889.84073297936,0.2704704178962346
645000.0,771643.9573273768,-126643.95732737682,0.19634722066259971
1476500.0,886023.8845078661,590476.1154921339,0.3999160958294168
1250000.0,1107241.8700925391,142758.12990746088,0.1142065039259687
1025000.0,908072.5611110977,116927.43888890231,0.11407555013551444
449000.0,600441.6426473258,-151441.64264732576,0.3372865092368057
2100000.0,1093903.3773410632,1006096.6226589368,0.47909362983758896
2700000.0,1241452.5560119906,1458547.4439880094,0.540202757032596
6725000.0,8523399.190655887,-1798399.1906558871,0.2674199540008754
720000.0,821574.6531721231,-101574.65317212313,0.14107590718350435
1300000.0,867564.882289786,432435.117710214,0.3326423982386261
2215000.0,2909032.1325708237,-694032.1325708237,0.31333279122836283
3416000.0,1989820.577758964,1426179.422241036,0.41749983086681386
630000.0,1401658.5467063645,-771658.5467063645,1.2248548360418483
355000.0,582841.1884586868,-227841.1884586868,0.6418061646723572
668000.0,1189695.2980614852,-521695.29806148517,0.7809809851219838
670000.0,651434.9326771902,18565.06732280983,0.027709055705686315
790000.0,807983.3119980458,-17983.31199804577,0.022763686073475658
560000.0,946739.7965555422,-386739.79655554215,0.6906067795634682
500000.0,897142.0987489398,-397142.0987489398,0.7942841974978796
500000.0,655095.194959304,-155095.19495930395,0.31019038991860787
479000.0,558242.2235466638,-79242.22354666376,0.16543261700764877
700000.0,742759.0004407237,-42759.00044072373,0.06108428634389104
550000.0,1557800.2699955064,-1007800.2699955064,1.832364127264557
1600000.0,1224753.0930564841,375246.9069435159,0.2345293168396974
300000.0,504121.9598892991,-204121.95988929912,0.6804065329643304
1200000.0,717976.0582291285,482023.9417708715,0.4016866181423929
840000.0,918220.3223296042,-78220.32232960418,0.09311943134476688
2600000.0,4386736.253155726,-1786736.253155726,0.6872062512137408
1415000.0,1291843.1527563084,123156.84724369156,0.08703664116161948
1040000.0,755093.9919099612,284906.0080900388,0.27394808470196036
6700000.0,4327986.696216862,2372013.3037831383,0.35403183638554303
2610000.0,1380207.771079357,1229792.228920643,0.4711847620385605
785000.0,528122.6509325166,256877.34906748345,0.3272322918057114
1550000.0,921435.0077828419,628564.9922171581,0.40552580143042455
728000.0,1032538.235466635,-304538.235466635,0.4183217520146085
2512000.0,2638539.2137702126,-126539.2137702126,0.050373890832091005
834000.0,1290397.3943061691,-456397.3943061691,0.5472390819018814
1215000.0,695782.7962323073,519217.20376769267,0.4273392623602409
837000.0,1116459.7617548679,-279459.76175486785,0.3338826305315028
655000.0,697546.6768166396,-42546.67681663961,0.06495675849868643
635000.0,1283718.9877315052,-648718.9877315052,1.0216047050889845
400000.0,916399.3201554245,-516399.32015542453,1.2909983003885612
1224000.0,1646145.6171144394,-422145.6171144394,0.3448902100608165
1152000.0,1092959.3813597064,59040.6186402936,0.05125053701414375
310000.0,551194.0149122163,-241194.01491221634,0.7780452093942463
529000.0,1333796.4950063438,-804796.4950063438,1.5213544329042417
535000.0,1148123.7789825082,-613123.7789825082,1.146025755107492
440000.0,1025289.4456360899,-585289.4456360899,1.330203285536568
5000000.0,4962366.469884254,37633.53011574596,0.007526706023149192
1750000.0,819145.5846171094,930854.4153828906,0.5319168087902232
350550.0,546297.0831538995,-195747.08315389953,0.5583998948905992
780000.0,954406.7813911847,-174406.78139118466,0.22359843768100598
835000.0,1002174.4990219263,-167174.4990219263,0.20020898086458241
1520000.0,1326847.631691445,193152.3683085551,0.12707392651878624
1801174.0,1427199.1940269163,373974.8059730837,0.20762836126497702
750000.0,826209.5756982978,-76209.57569829782,0.10161276759773043
575000.0,1119409.2547306432,-544409.2547306432,0.9467987038793796
490000.0,726825.3820113848,-236825.38201138482,0.4833171061456833
683000.0,1217822.5706335742,-534822.5706335742,0.783049151732905
1025000.0,891063.5831825733,133936.41681742668,0.13066967494383092
702000.0,873777.4546868079,-171777.45468680793,0.2446972288985868
1060000.0,903570.4424332684,156429.5575667316,0.14757505430823734
940000.0,1024999.040366652,-84999.04036665196,0.09042451102835314
1640000.0,1094608.1829838431,545391.8170161569,0.3325559859854615
819990.0,1875303.3214811957,-1055313.3214811957,1.2869831601375574
2250000.0,953724.5047038455,1296275.4952961546,0.5761224423538465
885000.0,1645031.00521789,-760031.00521789,0.8587920962914012
1597000.0,1250606.8198407157,346393.18015928427,0.21690242965515608
760000.0,902838.4428173661,-142838.4428173661,0.18794531949653434
595000.0,947316.9330393636,-352316.9330393636,0.5921292992258211
755000.0,877529.3837728398,-122529.38377283979,0.16229057453356263
565000.0,1164517.9723007516,-599517.9723007516,1.0610937562845162
425000.0,1128052.6048899428,-703052.6048899428,1.6542414232704536
4800000.0,1678520.6229489832,3121479.377051017,0.6503082035522951
900000.0,898879.4462706078,1120.553729392239,0.0012450596993247099
1249999.0,752214.1900751905,497784.8099248095,0.3982281665223808
1425000.0,748854.589599532,676145.410400468,0.47448800729857404
1300000.0,868451.6198783722,431548.3801216278,0.3319602924012522
1213000.0,1018108.6671799468,194891.3328200532,0.1606688646496729
2299950.0,1074904.2644069695,1225045.7355930305,0.5326401598265312
415000.0,782798.9212862548,-367798.9212862548,0.8862624609307344
835000.0,1127105.0609959483,-292105.06099594827,0.34982642035442907
680000.0,745827.9992475308,-65827.99924753082,0.09680588124636887
563000.0,1421307.3120729988,-858307.3120729988,1.5245245329893407
1885000.0,1636184.5229354943,248815.47706450569,0.1319976005647245
850000.0,615933.4213502734,234066.57864972658,0.27537244547026657
1625000.0,1104117.943496675,520882.056503325,0.32054280400204616
5700000.0,829664.3402452575,4870335.659754743,0.8544448525885514
970000.0,594988.748264137,375011.25173586304,0.38660953787202373
610000.0,643930.2501930117,-33930.250193011714,0.05562336097215035
725000.0,798047.2556112735,-73047.25561127346,0.10075483532589442
1800000.0,1157128.8411445655,642871.1588554345,0.35715064380857475
85000.0,787800.5872749845,-702800.5872749845,8.268242203235111
1825000.0,2071450.037542581,-246450.0375425811,0.13504111646168826
2150000.0,1969412.2179246964,180587.7820753036,0.08399431724432727
640000.0,763717.7001284529,-123717.70012845285,0.19330890645070758
905000.0,780106.670342916,124893.32965708396,0.1380036791790983
795000.0,1092066.121923721,-297066.12192372093,0.3736680778914729
377000.0,810381.6086586628,-433381.60865866276,1.1495533386171426
660000.0,813339.9360984971,-153339.93609849713,0.23233323651287444
1010000.0,832248.6715517351,177751.32844826486,0.17599141430521273
622000.0,850144.0353944121,-228144.03539441212,0.36679105368876547
859000.0,601757.9490414605,257242.05095853948,0.2994668812090099
565000.0,794480.94916122,-229480.94916122,0.40616097196676104
1700000.0,1069371.350460621,630628.6495393789,0.37095802914081116
1699000.0,1083936.0636889043,615063.9363110957,0.36201526563337005
550000.0,667116.1592052426,-117116.15920524264,0.21293847128225935
532000.0,621557.6425151966,-89557.64251519658,0.1683414332992417
1420000.0,1125891.415688097,294108.584311903,0.20711872134641054
3580000.0,3980010.163121176,-400010.16312117595,0.11173468243608267
1649900.0,1316217.8354925227,333682.1645074773,0.20224387205738367
1150000.0,1106370.6797739193,43629.320226080716,0.03793853932702671
20000000.0,8761907.95372104,11238092.04627896,0.561904602313948
470000.0,705256.5315478351,-235256.5315478351,0.5005458118039045
1810000.0,1122370.1381886504,687629.8618113496,0.3799060010007457
575000.0,976086.0697741011,-401086.06977410114,0.6975409909114803
875000.0,1072912.5212534463,-197912.52125344635,0.22618573857536725
635000.0,1120167.898665693,-485167.8986656929,0.7640439349066029
9850000.0,9750341.705724759,99658.29427524097,0.010117593327435632
817000.0,878755.3093207746,-61755.30932077463,0.0755878939054769
620000.0,862380.6346821907,-242380.63468219072,0.3909365075519205
1185000.0,772788.9646191392,412211.0353808608,0.3478574138235112
780000.0,1193878.9608952596,-413878.96089525963,0.5306140524298201
330000.0,611900.3770986017,-281900.37709860166,0.8542435669654596
1775000.0,1396933.5643252293,378066.43567477074,0.21299517502803986
232000.0,394946.45647224935,-162946.45647224935,0.702355415828661
750000.0,699834.1125584404,50165.88744155958,0.06688784992207944
620000.0,810086.4083872228,-190086.4083872228,0.3065909812697142
2100000.0,1521543.870557317,578456.129442683,0.2754552997346109
650000.0,1538811.5254197242,-888811.5254197242,1.3674023467995757
609000.0,1028610.0458976587,-419610.0458976587,0.6890148536907368
520000.0,643475.6145352656,-123475.6145352656,0.23745310487551077
859990.0,2021409.9749955202,-1161419.9749955202,1.350504046553472
425000.0,450778.69123735785,-25778.691237357853,0.06065574408790083
2100000.0,1527995.2310556918,572004.7689443082,0.2723832233068134
535000.0,578654.7397491911,-43654.739749191096,0.0815976443910114
880000.0,600646.8122154844,279353.18778451555,0.31744680430058586
496000.0,747905.5278311445,-251905.5278311445,0.5078740480466624
510000.0,1111305.4858418948,-601305.4858418948,1.1790303643958722
1000000.0,1060591.5120404712,-60591.51204047119,0.06059151204047119
550000.0,780817.5352790174,-230817.5352790174,0.4196682459618498
4430000.0,3266925.082138926,1163074.9178610742,0.2625451281853441
601741.0,1052257.4896720683,-450516.4896720683,0.7486883720272813
900000.0,863734.8533000364,36265.1466999636,0.040294607444404
724000.0,880797.897442907,-156797.89744290698,0.2165716815509765
1097000.0,1349551.9287707743,-252551.92877077428,0.23022053670991274
1750000.0,1117245.1739518163,632754.8260481837,0.36157418631324784
4317375.0,5033651.897817249,-716276.8978172494,0.16590564818141798
925000.0,868910.4780378304,56089.52196216956,0.06063732104018331
1630000.0,1011324.3108747343,618675.6891252657,0.379555637500163
7900000.0,2796303.03698077,5103696.9630192295,0.6460375902555987
759000.0,786320.3525883404,-27320.352588340407,0.03599519445104138
4700000.0,3799351.339514744,900648.660485256,0.19162737457133106
1600000.0,1887158.6970636041,-287158.69706360414,0.1794741856647526
2050000.0,1419108.0283232597,630891.9716767403,0.307752181305727
664665.0,1123650.9621133923,-458985.9621133923,0.6905523265304963
865000.0,663718.5897829192,201281.41021708085,0.23269527192726108
1175000.0,1005233.686725135,169766.31327486504,0.14448196874456598
1300000.0,965480.0269103133,334519.9730896867,0.2573230562228359
1495000.0,1106370.6797739193,388629.3202260807,0.25995272255925134
2660000.0,1626212.919544829,1033787.080455171,0.3886417595696131
720000.0,1037859.0261246486,-317859.02612464863,0.44147086961756754
988000.0,998325.7877883684,-10325.787788368412,0.010451202214947785
725000.0,1207428.309728926,-482428.30972892605,0.6654183582467945
681000.0,1196628.0635724876,-515628.06357248756,0.7571630889463841
691000.0,888785.1145446463,-197785.11454464635,0.28623026706895277
1000000.0,1084817.7976303522,-84817.7976303522,0.0848177976303522
350000.0,691140.1801480267,-341140.1801480267,0.974686228994362
780000.0,1069440.1172334675,-289440.1172334675,0.3710770733762404
382000.0,679579.9148691404,-297579.91486914037,0.7790050127464407
1350000.0,1547729.4680248788,-197729.46802487876,0.1464662726110213
560000.0,833005.6929903047,-273005.69299030467,0.48751016605411546
558800.0,1113520.190538351,-554720.190538351,0.9926989809204563
1159000.0,1029595.3190470943,129404.68095290568,0.11165201117593242
1770000.0,1193011.2573868134,576988.7426131866,0.3259823404594275
458582.0,1202554.8708907417,-743972.8708907417,1.6223333469057697
550000.0,736579.8482966692,-186579.8482966692,0.33923608781212583
575000.0,687724.0039246223,-112724.00392462232,0.1960417459558649
1375000.0,894793.8524679412,480206.14753205876,0.34924083456877003
785000.0,607208.4640651452,177791.53593485476,0.22648603303803155
670000.0,858675.0553719604,-188675.0553719604,0.2816045602566573
799000.0,1829935.8227340598,-1030935.8227340598,1.2902826317072087
645000.0,473664.5348969237,171335.4651030763,0.26563638000476947
465000.0,630009.9431538722,-165009.94315387215,0.35486009280402614
1950000.0,1479917.0713122752,470082.92868772475,0.24106816855780758
970000.0,1628995.8515463488,-658995.8515463488,0.6793771665426276
435000.0,975501.9146345246,-540501.9146345246,1.2425331370908612
750000.0,808379.0490928963,-58379.04909289628,0.0778387321238617
673000.0,891705.9700555794,-218705.97005557944,0.3249717237081418
1310000.0,852622.1125679058,457377.8874320942,0.3491434255206826
640000.0,836032.5771672146,-196032.5771672146,0.3063009018237728
807000.0,1016952.0970818661,-209952.09708186612,0.2601636890729444
215000.0,515223.95504535624,-300223.95504535624,1.3963904885830523
1355000.0,1050309.9122849007,304690.08771509933,0.224863533369077
630000.0,648557.4397280136,-18557.43972801359,0.029456253536529507
1485000.0,630786.8694962126,854213.1305037874,0.5752276973089477
1738000.0,1693542.4865725264,44457.513427473605,0.025579697023862834
875000.0,972596.4332321966,-97596.4332321966,0.11153878083679612
1130000.0,1162906.0613832972,-32906.0613832972,0.029120408303802834
1350000.0,771208.66253906,578791.33746094,0.4287343240451407
550000.0,1107964.1178189924,-557964.1178189924,1.0144802142163498
461000.0,951360.0078933212,-490360.0078933212,1.0636876526970092
520000.0,1065014.6770175837,-545014.6770175837,1.048105148110738
545000.0,925201.7497363073,-380201.7497363073,0.697617889424417
2910000.0,3312551.8565402552,-402551.85654025525,0.13833397131967534
1215000.0,1091024.387130956,123975.61286904407,0.10203754145600334
450000.0,733497.4227756278,-283497.4227756278,0.6299942728347284
480000.0,781897.1904156349,-301897.1904156349,0.6289524800325726
2300000.0,2089040.9463033257,210959.0536966743,0.09172132769420621
525000.0,741473.1664530344,-216473.16645303438,0.4123298408629226
652500.0,813901.9341228867,-161401.93412288674,0.24735928601208695
327000.0,703959.3394554404,-376959.3394554404,1.1527808546037932
1630000.0,954030.9308926493,675969.0691073507,0.4147049503726078
1150000.0,856527.7245626257,293472.27543737425,0.2551932829890211
635000.0,958002.0410469797,-323002.0410469797,0.5086646315700468
770000.0,750644.8394842243,19355.16051577567,0.025136572098409964
432000.0,937093.125171881,-505093.12517188105,1.169197049008984
740000.0,826974.1795945638,-86974.17959456379,0.1175326751277889
420000.0,1080671.7384444424,-660671.7384444424,1.5730279486772438
1340000.0,1261420.231535711,78579.7684642889,0.05864161825693202
1575000.0,1068067.0008334578,506932.9991665422,0.3218622216930427
2825000.0,2713981.808626914,111018.19137308607,0.03929847482233135
740000.0,724729.8320994475,15270.167900552507,0.02063536202777366
975000.0,699581.1589377072,275418.8410622928,0.2824808626279926
557000.0,983026.2045019451,-426026.20450194506,0.7648585359101348
1543500.0,839860.0276111048,703639.9723888952,0.455872997984383
793000.0,826044.5092305287,-33044.509230528725,0.041670251236480105
1300000.0,798232.6515789476,501767.34842105245,0.3859748834008096
395000.0,349448.0436015543,45551.956398445705,0.11532140860366001
1680000.0,858012.5877579517,821987.4122420483,0.4892782215726478
485000.0,575750.4838914338,-90750.4838914338,0.18711439977615218
2550500.0,1106918.8766968516,1443581.1233031484,0.5659992641847279
1220000.0,1510919.5724829636,-290919.57248296356,0.23845866596964227
660000.0,1142740.4013779883,-482740.4013779883,0.7314248505727096
220000.0,523742.6043512449,-303742.6043512449,1.3806482015965678
1850000.0,2425856.7320952495,-575856.7320952495,0.3112739092406754
815000.0,1116854.4638746337,-301854.46387463366,0.37037357530629894
1200000.0,929108.2076556478,270891.79234435223,0.2257431602869602
685000.0,775233.0402215468,-90233.04022154678,0.1317270660168566
558000.0,760665.7471450809,-202665.74714508094,0.3632002637008619
860000.0,1040082.2045841973,-180082.20458419726,0.2093979123072061
595000.0,442013.48327245924,152986.51672754076,0.2571201961807408
1655088.0,908855.6212401596,746232.3787598404,0.4508717232919581
2730000.0,2544838.607429068,185161.39257093193,0.0678246859234183
929000.0,1054815.7163041923,-125815.71630419232,0.13543134155456654
2450000.0,2345537.476008374,104462.52399162622,0.04263776489454132
980000.0,609934.9390602371,370065.06093976286,0.377617409122207
695000.0,906240.968139688,-211240.96813968802,0.3039438390499108
850000.0,1098486.6067535984,-248486.60675359843,0.29233718441599815
1200000.0,1250450.609039928,-50450.609039928066,0.04204217419994005
315000.0,609235.1149867129,-294235.1149867129,0.934079730116549
650000.0,467702.0964109378,182297.90358906222,0.2804583132139419
695000.0,1343178.3387825037,-648178.3387825037,0.9326307032841781
1975000.0,915093.0570304182,1059906.9429695818,0.5366617432757377
605800.0,820419.3265106324,-214619.3265106324,0.3542742266600073
2025000.0,1215015.9911599928,809984.0088400072,0.39999210313086775
1850000.0,1444744.091876887,405255.908123113,0.21905724763411513
590000.0,709720.1490578735,-119720.14905787352,0.20291550687775173
465000.0,760672.2055046409,-295672.20550464094,0.6358542053863246
870000.0,1166049.2629461875,-296049.2629461875,0.34028650913354885
627590.0,1156413.8850560407,-528823.8850560407,0.8426263724024294
613055.0,1023152.6285162324,-410097.62851623236,0.6689410061352282
1250000.0,2259567.311555055,-1009567.311555055,0.8076538492440439
865000.0,937258.9859537982,-72258.98595379817,0.08353639994658747
629000.0,722672.6379390189,-93672.6379390189,0.14892311278063416
745000.0,856527.7245626257,-111527.72456262575,0.14970164370822248
2753932.0,3570103.1352632996,-816171.1352632996,0.2963657545877311
480000.0,653200.6496135183,-173200.64961351827,0.3608346866948297
989000.0,1020378.3604278767,-31378.3604278767,0.03172736140331315
1250000.0,892034.1436942918,357965.8563057082,0.28637268504456653
1395000.0,1516355.219145209,-121355.21914520906,0.08699298863455847
650000.0,691614.5096269924,-41614.509626992396,0.06402232250306522
1300000.0,633418.7998314997,666581.2001685003,0.5127547693603849
1080000.0,780817.5352790174,299182.4647209826,0.27702080066757645
367000.0,716684.7247355721,-349684.7247355721,0.9528194134484254
899000.0,844013.0923401925,54986.907659807475,0.06116452464939653
855000.0,1173864.9152485824,-318864.9152485824,0.3729414213433712
1364000.0,1514220.4366919391,-150220.43669193913,0.11013228496476477
560000.0,442634.72599355894,117365.27400644106,0.20958084644007333
395000.0,602597.2943563929,-207597.29435639293,0.5255627705225138
2335000.0,1710876.8617497315,624123.1382502685,0.2672904232335197
594900.0,961215.1100389172,-366315.11003891716,0.6157591360546599
534900.0,842851.2125924831,-307951.21259248315,0.575717353883872
850000.0,1271366.1151447478,-421366.1151447478,0.4957248413467621
1574000.0,966716.5892632689,607283.4107367311,0.3858217349026246
980000.0,1101037.3494646887,-121037.34946468868,0.12350749945376396
755000.0,1534197.1797980545,-779197.1797980545,1.032049244765635
515010.0,902354.1691471874,-387344.1691471874,0.7521099962082045
637000.0,744925.3950285186,-107925.39502851863,0.16942762170882045
560000.0,1125696.3212739069,-565696.3212739069,1.0101720022748337
715000.0,970963.9338664955,-255963.9338664955,0.3579915158971965
1750000.0,792940.7173893059,957059.2826106941,0.5468910186346824
4650000.0,1309256.4711129912,3340743.528887009,0.7184394685778513
1880000.0,1808636.5480214488,71363.45197855122,0.03795928296731448
995500.0,856527.7245626257,138972.27543737425,0.13960047758651356
465000.0,414629.931575091,50370.068424909026,0.10832272779550328
1525000.0,1118647.2581691502,406352.7418308498,0.2664608143153113
1185000.0,965720.5414800005,219279.45851999952,0.18504595655696163
1220000.0,753955.7060504131,466044.2939495869,0.382003519630809
2541000.0,1124008.6167956288,1416991.3832043712,0.5576510756412323
1965000.0,1409859.539120439,555140.460879561,0.28251422945524735
895000.0,894982.6277925809,17.372207419131882,1.941028761914177e-05
2550000.0,1266835.0319510747,1283164.9680489253,0.5032019482544805
650000.0,880714.1889381206,-230714.1889381206,0.3549449060586471
969000.0,1265766.082019554,-296766.082019554,0.3062601465630072
709990.0,986508.7902778973,-276518.79027789726,0.389468570371269
234990.0,745682.8965457359,-510692.8965457359,2.1732537407793346
12000000.0,5447121.93786465,6552878.06213535,0.5460731718446125
1905000.0,1011306.8255189423,893693.1744810577,0.4691302753181405
520000.0,740173.816566806,-220173.81656680605,0.42341118570539626
875000.0,838395.0526237867,36604.94737621327,0.041834225572815166
1645000.0,2530051.386975718,-885051.3869757182,0.5380251592557558
722000.0,1817763.738629689,-1095763.738629689,1.5176783083513699
1235000.0,1461439.7999686114,-226439.79996861145,0.1833520647519121
960000.0,799037.639962901,160962.360037099,0.16766912503864478
1050000.0,852531.5792224112,197468.42077758885,0.18806516264532272
2050000.0,1316155.6311254425,733844.3688745575,0.35797286286563784
735000.0,676253.0605580382,58746.93944196182,0.07992780876457391
574000.0,1340629.9127512022,-766629.9127512022,1.3355921824933836
1500000.0,990252.3383158649,509747.6616841351,0.3398317744560901
410000.0,621285.9920918583,-211285.9920918583,0.5153316880289227
590000.0,1280812.74968851,-690812.7496885101,1.1708690672686612
235000.0,308301.53322250594,-73301.53322250594,0.3119214179681104
5850000.0,2125984.564850407,3724015.435149593,0.6365838350683065
590000.0,591391.5771063651,-1391.577106365119,0.0023586052650256257
1225000.0,1010331.9362224517,214668.06377754826,0.17523923573677408
825000.0,1345258.3484726332,-520258.34847263317,0.6306161799668281
730000.0,804196.5816508965,-74196.58165089646,0.10163915294643351
829999.0,926878.8319677102,-96879.83196771017,0.11672282974763845
1521250.0,1370063.8226547786,151186.1773452214,0.09938286103219154
905000.0,694988.9630376212,210011.03696237877,0.2320563944335677
46000.0,471435.7451315842,-425435.7451315842,9.248603155034438
1850000.0,1177888.1362707312,672111.8637292688,0.3633037101239291
715000.0,997704.8191223127,-282704.8191223127,0.395391355415822
2500000.0,3338247.143505034,-838247.143505034,0.3352988574020136
593777.0,526725.9272181646,67051.07278183545,0.11292298755565718
350000.0,746909.5705805096,-396909.5705805096,1.1340273445157418
800000.0,771466.5539841111,28533.44601588894,0.03566680751986118
465000.0,989427.1708874794,-524427.1708874794,1.1278003674999557
860000.0,854736.2091580825,5263.790841917507,0.006120687025485474
1480000.0,915140.9858164267,564859.0141835733,0.38166149606998195
1350000.0,870920.3066291162,479079.6933708838,0.3548738469413954
3050000.0,1212705.8087359148,1837294.1912640852,0.6023915381193722
635000.0,677827.5392259662,-42827.539225966204,0.0674449436629389
119500.0,678984.8263004537,-559484.8263004537,4.681881391635597
1290000.0,2026184.3282517225,-736184.3282517225,0.5706855257765291
1399000.0,1607974.375482099,-208974.3754820989,0.14937410684924868
1650000.0,1559645.1309675814,90354.86903241859,0.054760526686314294
640000.0,1089124.9389627727,-449124.9389627727,0.7017577171293323
735000.0,735648.5405186007,-648.5405186007265,0.0008823680525179953
790000.0,883765.7893956159,-93765.78939561592,0.11869087265267839
2350000.0,2785962.526629806,-435962.52662980603,0.18551596877864088
985000.0,1028698.1988705113,-43698.19887051126,0.04436365367564595
665999.0,702942.6286216858,-36943.628621685784,0.05547099713616054
715000.0,747677.5735921804,-32677.573592180386,0.04570290012892362
1160000.0,2127424.8480916596,-967424.8480916596,0.8339869380100514
400000.0,803198.5469517214,-403198.5469517214,1.0079963673793035
597500.0,1269980.3226013773,-672480.3226013773,1.125490079667577
5225000.0,5181294.702151206,43705.29784879368,0.008364650305989221
695000.0,648871.2828864326,46128.7171135674,0.06637225483966533
515000.0,1035795.6707769824,-520795.67077698244,1.0112537296640436
675000.0,813719.5452652334,-138719.54526523338,0.20551043742997538
1530000.0,1260029.1552238807,269970.84477611934,0.17645153253341134
425000.0,858012.5877579517,-433012.5877579517,1.0188531476657687
2080000.0,969945.0094300451,1110054.9905699547,0.5336802839278628
2200000.0,1598889.7240063753,601110.2759936247,0.27323194363346576
2215000.0,1718048.1178001878,496951.8821998122,0.22435750889382042
6315000.0,3481192.045353642,2833807.954646358,0.44874235227970827
1160000.0,771433.0899569779,388566.91004302213,0.3349714741750191
329000.0,514524.1660497942,-185524.16604979418,0.5639032402729306
420000.0,522793.0361183445,-102793.03611834452,0.24474532409129648
1105000.0,914046.0018149149,190953.99818508513,0.17280904813129877
849000.0,1346531.3534390845,-497531.3534390845,0.5860204398575789
647000.0,732978.4031704604,-85978.40317046037,0.13288779469932052
2933000.0,3780931.5570631507,-847931.5570631507,0.28910042859295965
680000.0,606467.4847929573,73532.51520704268,0.10813605177506277
975000.0,937558.5131356274,37441.48686437262,0.03840152498910013
670000.0,830144.8922265416,-160144.89222654165,0.2390222272037935
970000.0,837422.1292751514,132577.8707248486,0.13667821724211196
510000.0,1156413.8850560407,-646413.8850560407,1.2674782059922367
829000.0,670851.9049689731,158148.09503102687,0.19076971656336172
4200000.0,1356108.7152158688,2843891.284784131,0.6771169725676502
3425000.0,2667917.895307173,757082.104692827,0.22104586998330714
660000.0,768316.491569618,-108316.491569618,0.164115896317603
915000.0,844601.2210072725,70398.77899272752,0.07693855627620494
432000.0,747905.5278311445,-315905.5278311445,0.7312627959054271
427500.0,677239.1860247038,-249739.18602470378,0.5841852304671433
605000.0,590969.3700628057,14030.629937194288,0.023191123863131054
1040000.0,1414149.8145626602,-374149.8145626602,0.35975943707948094
1340000.0,1246702.9675128018,93297.03248719824,0.06962465110984943
888000.0,635369.8438232262,252630.15617677383,0.28449341911798853
745000.0,846754.5070718973,-101754.50707189727,0.13658323096898964
1200000.0,1087584.4197400564,112415.58025994361,0.09367965021661968
345000.0,515752.68012246623,-170752.68012246623,0.49493530470280067
709000.0,922958.3056859851,-213958.30568598513,0.30177476119320895
653000.0,632133.4095046243,20866.590495375684,0.03195496247377593
615000.0,620608.4654992511,-5608.46549925115,0.009119456096343332
950000.0,976543.731024305,-26543.731024304987,0.02794076949926841
890000.0,571303.0250562339,318696.97494376614,0.35808648870086085
794000.0,906284.8421179436,-112284.84211794357,0.1414166777304075
605000.0,521020.6271649343,83979.3728350657,0.13880888071911687
1040000.0,709412.181859724,330587.818140276,0.3178729020579577
166000.0,441621.2023227584,-275621.2023227584,1.6603686886913156
599000.0,1250606.8198407157,-651606.8198407157,1.087824407079659
600000.0,621557.6425151966,-21557.64251519658,0.0359294041919943
497950.0,880617.1665939873,-382667.16659398726,0.7684851221889493
685000.0,729558.7411623241,-44558.74116232409,0.06504925717127605
1050000.0,882572.663185654,167427.33681434602,0.15945460648985335
630000.0,782658.6361185436,-152658.63611854357,0.24231529542625962
581000.0,495868.62134192546,85131.37865807454,0.14652560870580816
390000.0,1007226.9222469305,-617226.9222469305,1.5826331339664885
2425000.0,1598916.6754728823,826083.3245271177,0.3406529173307702
1965000.0,1333274.657054333,631725.342945667,0.3214887241453776
1825000.0,879690.9986288624,945309.0013711376,0.5179775349978836
537000.0,676514.1826332349,-139514.1826332349,0.25980294717548397
1225000.0,876206.5083900127,348793.49160998734,0.2847293809061121
730000.0,1175900.0079641512,-445900.0079641512,0.6108219287180153
650000.0,812403.952527904,-162403.95252790395,0.24985223465831377
800000.0,900230.564459698,-100230.56445969804,0.12528820557462256
3144150.0,1790122.828740906,1354027.171259094,0.4306496736030705
2165000.0,1747652.5963072446,417347.4036927554,0.19277016336847824
655000.0,1048195.1062883815,-393195.1062883815,0.6002978721960023
577500.0,851180.706423546,-273680.70642354595,0.47390598514899734
603900.0,785344.2535853987,-181444.25358539866,0.30045413741579513
419000.0,1055833.430694423,-636833.4306944229,1.5198888560726085
930000.0,830688.0386854117,99311.96131458832,0.10678705517697669
529000.0,555533.6864732036,-26533.68647320359,0.05015819749187824
1375000.0,3029910.069315898,-1654910.0693158982,1.2035709595024715
525000.0,478177.6678375682,46822.33216243179,0.08918539459510817
1600000.0,1228346.810225706,371653.1897742939,0.2322832436089337
2350000.0,1277219.0021852334,1072780.9978147666,0.4565025522616028
925000.0,1320576.8544030548,-395576.8544030548,0.4276506534087079
405000.0,695387.5928423727,-290387.5928423727,0.7170064020799326
715000.0,739005.269720201,-24005.26972020103,0.033573803804476963
649900.0,1033031.2989752357,-383131.29897523567,0.5895234635716813
1350000.0,2663309.782391782,-1313309.782391782,0.9728220610309496
820000.0,934496.1774597017,-114496.17745970166,0.13962948470695324
1900000.0,1401927.5277473908,498072.4722526092,0.2621434064487417
2090000.0,1755088.0857399795,334911.9142600205,0.16024493505264137
850000.0,1026351.7283391088,-176351.72833910875,0.20747262157542207
1200000.0,719027.7104338394,480972.28956616065,0.4008102413051339
785000.0,742016.7946249922,42983.20537500782,0.05475567563695263
739000.0,775794.4583580622,-36794.4583580622,0.04978952416517212
518492.0,912958.0016899923,-394466.00168999226,0.7607947696203456
728625.0,674656.8985700286,53968.1014299714,0.0740684185005612
948000.0,962279.6511515364,-14279.651151536382,0.015062923155629095
829000.0,1164061.9253599418,-335061.9253599418,0.4041760257659129
1300000.0,1250508.2169709494,49491.783029050566,0.038070602330038894
1700000.0,1177356.8476870402,522643.1523129598,0.30743714841938813
1245000.0,969213.6935786528,275786.3064213472,0.22151510555931503
1750000.0,1351607.5552941612,398392.4447058388,0.2276528255461936
699000.0,1331807.9729355865,-632807.9729355865,0.9053046823112825
595000.0,726806.8023820032,-131806.80238200317,0.22152403761681205
975000.0,916184.917971317,58815.08202868304,0.06032316105505953
365000.0,544908.3726862518,-179908.37268625177,0.49289965119521034
1579000.0,668221.460344766,910778.539655234,0.5768071815422634
735000.0,1204417.2753870012,-469417.2753870012,0.6386629597102057
1888000.0,795109.5501784438,1092890.4498215562,0.5788614670665022
325000.0,881439.6954992461,-556439.6954992461,1.7121221399976805
425000.0,432097.4259660256,-7097.425966025621,0.016699825802413228
950000.0,767452.1853541925,182547.8146458075,0.1921555943640079
855000.0,722331.4323269173,132668.5676730827,0.15516791540711428
1270000.0,1658496.8819693462,-388496.8819693462,0.30590305666877654
815000.0,1158248.8796696034,-343248.8796696034,0.42116426953325575
1175000.0,1268245.4165753585,-93245.41657535848,0.07935780134073063
1225000.0,1110949.8366764565,114050.1633235435,0.09310217414166816
650000.0,1099690.8188068923,-449690.81880689226,0.6918320289336805
810000.0,1468826.6680627759,-658826.6680627759,0.8133662568676245
530000.0,670008.2296243019,-140008.2296243019,0.26416647098924884
689900.0,703100.2254795798,-13200.225479579763,0.019133534540628733
879900.0,954787.9610845881,-74887.96108458808,0.08510962732650083
654000.0,700333.1233181995,-46333.123318199534,0.0708457543091736
818000.0,707076.2690837278,110923.73091627215,0.13560358302722758
1545000.0,1075980.0241655698,469019.9758344302,0.3035727998928351
2150000.0,928620.6450946708,1221379.3549053292,0.5680834208861996
1200000.0,972506.0877747771,227493.9122252229,0.18957826018768575
441000.0,545803.4806050824,-104803.48060508235,0.23764961588454048
1808888.0,1364169.9366158326,444718.0633841674,0.2458516300534734
875000.0,924325.8502381254,-49325.85023812542,0.05637240027214334
3175000.0,1658135.5019372888,1516864.4980627112,0.47775259781502716
1100000.0,896820.7524545729,203179.24754542706,0.18470840685947915
655000.0,473731.1158393791,181268.88416062092,0.2767463880314823
663000.0,950162.7162227042,-287162.71622270416,0.43312626881252514
1250000.0,1203800.7958428997,46199.20415710029,0.036959363325680235
180000.0,422537.90740150865,-242537.90740150865,1.3474328188972702
595000.0,567574.0572479838,27425.942752016243,0.04609402143196007
698000.0,1404984.9847806273,-706984.9847806273,1.0128724710324173
1880000.0,2390156.144198928,-510156.144198928,0.27135965116964256
1470000.0,838615.3248892552,631384.6751107448,0.4295133844290781
660991.0,725292.5307851564,-64301.530785156414,0.0972804936605134
980000.0,1664120.7243196398,-684120.7243196398,0.6980823717547345
630000.0,489835.5298970878,140164.47010291222,0.22248328587763844
785000.0,884810.0441603364,-99810.04416033637,0.1271465530704922
618500.0,491607.15659701417,126892.84340298583,0.2051622367065252
795000.0,795851.9840495072,-851.984049507184,0.0010716780496945711
1105500.0,1029290.213460303,76209.78653969697,0.06893693942984801
720000.0,691955.1781176606,28044.821882339427,0.03895114150324921
1199900.0,869032.3488112958,330867.6511887042,0.27574602149237787
920000.0,676724.9225023008,243275.07749769918,0.2644294320627165
1705000.0,1241776.6762744647,463223.3237255353,0.27168523385661897
220000.0,539286.6149517836,-319286.61495178356,1.4513027952353799
1280000.0,914710.5125054314,365289.4874945686,0.2853824121051317
655000.0,821730.2449891124,-166730.24498911237,0.25454999234978987
739000.0,753649.4600503085,-14649.460050308495,0.01982335595440933
1285000.0,938185.0147560216,346814.98524397844,0.269894930150956
789000.0,658041.7966448802,130958.2033551198,0.16597997890382737
950000.0,793918.4794061617,156081.5205938383,0.1642963374671982
2625000.0,1644459.2456308163,980540.7543691837,0.37353933499778424
4185000.0,3488428.363027432,696571.636972568,0.16644483559679044
1150000.0,1189695.2980614852,-39695.29806148517,0.034517650488247974
1130000.0,2650172.6040940294,-1520172.6040940294,1.3452854903486986
449000.0,495104.7622071285,-46104.762207128515,0.10268321204260249
1428000.0,846078.057072549,581921.942927451,0.4075083633945735
930000.0,777626.9739684985,152373.02603150147,0.16384196347473276
525000.0,651418.2219212758,-126418.22192127584,0.24079661318338255
2750000.0,1684542.374596143,1065457.625403857,0.3874391365104935
649900.0,1447120.1500970935,-797220.1500970935,1.2266812588045755
1000000.0,1748108.6554779564,-748108.6554779564,0.7481086554779564
2980000.0,2211263.4543218473,768736.5456781527,0.257965283784615
762324.0,1330211.9340914863,-567887.9340914863,0.7449430086045911
2200000.0,2138909.2317826264,61090.76821737364,0.02776853100789711
700000.0,516511.1357558924,183488.86424410762,0.26212694892015376
955000.0,671905.6913220125,283094.30867798754,0.29643383107642673
365000.0,814974.5907735128,-449974.59077351284,1.2328070980096242
807500.0,752897.6445702049,54602.355429795105,0.06761901601213016
960000.0,903413.8205858669,56586.179414133076,0.05894393688972195
1115000.0,867636.7230163522,247363.27698364784,0.2218504726310743
1950000.0,1317598.945963822,632401.0540361779,0.3243082328390656
1429000.0,1287411.6552990738,141588.34470092622,0.09908211665565166
8400000.0,10565327.919872448,-2165327.919872448,0.25777713331814855
1475000.0,1475524.3284023742,-524.3284023741726,0.0003554768829655407
874900.0,1159293.0326641437,-284393.0326641437,0.32505775821710337
960000.0,1220336.749018051,-260336.74901805096,0.27118411356046973
425000.0,910965.9384633285,-485965.9384633285,1.1434492669725378
1100000.0,841409.3620974929,258590.6379025071,0.23508239809318826
1060000.0,903225.1313489446,156774.86865105538,0.14790081948212772
1420000.0,1712581.5991568193,-292581.5991568193,0.2060433796879009
520000.0,687627.636927728,-167627.63692772796,0.32236084024563066
649900.0,649894.3895778264,5.6104221736313775,8.632746843562667e-06
963000.0,1740295.5576033078,-777295.5576033078,0.8071604959535906
385000.0,479619.0980262538,-94619.0980262538,0.24576389097728263
950000.0,773429.8118481946,176570.18815180543,0.18586335594926887
5750000.0,2734995.8036148762,3015004.1963851238,0.524348555893065
1825000.0,2198068.0227666483,-373068.0227666483,0.20442083439268402
1050000.0,905655.840450387,144344.15954961302,0.1374706281424886
1690000.0,1071762.6813758672,618237.3186241328,0.3658208985941614
625000.0,511965.62549418746,113034.37450581254,0.18085499920930007
4450000.0,1658460.0181722138,2791539.981827786,0.6273123554669182
420000.0,905380.5634903872,-485380.56349038717,1.1556680083104456
1365000.0,2112743.7729951413,-747743.7729951413,0.5477976358938764
619000.0,599968.7611235211,19031.238876478863,0.03074513550319687
1315000.0,1121456.9589138897,193543.0410861103,0.14718101983734622
605000.0,1017951.8635834777,-412951.8635834777,0.6825650637743432
415000.0,602113.6899363347,-187113.68993633473,0.45087636129237285
500000.0,687539.9775215788,-187539.97752157878,0.37507995504315755
520000.0,961874.1860822332,-441874.1860822332,0.8497580501581408
2075000.0,1389066.3847363866,685933.6152636134,0.3305704169945125
615000.0,845120.8055981232,-230120.80559812323,0.37418017170426543
980000.0,1533765.01310851,-553765.0131085101,0.5650663399066429
133000.0,463960.1970435723,-330960.1970435723,2.488422534162198
530000.0,797877.44747018,-267877.44747018,0.5054291461701509
650000.0,687868.7788386628,-37868.77883866278,0.05825965975178889
1850000.0,1234055.089690216,615944.9103097841,0.3329431947620455
65000.0,440628.75442133023,-375628.75442133023,5.778903914174311
2350000.0,768282.1576087212,1581717.8423912788,0.6730714222941612
875000.0,1400019.2304514023,-525019.2304514023,0.6000219776587454
775000.0,765626.780764529,9373.219235470984,0.012094476432865786
280000.0,481119.70261681767,-201119.70261681767,0.7182846522029203
35000.0,440628.75442133023,-405628.75442133023,11.589392983466578
240000.0,571451.6365789792,-331451.6365789792,1.3810484857457468
870000.0,786983.4690122537,83016.53098774632,0.09542129998591531
4880000.0,2734118.5798769044,2145881.4201230956,0.4397297992055524
225000.0,289674.949640336,-64674.94964033598,0.2874442206237155
1396000.0,1249749.0447182173,146250.95528178266,0.10476429461445749
1600000.0,1193878.9608952596,406121.03910474037,0.2538256494404627
829990.0,1180290.2277108212,-350300.2277108212,0.4220535521040268
885000.0,1099197.223215687,-214197.2232156871,0.24203076069569163
592500.0,1176664.3076354791,-584164.3076354791,0.9859313209037622
1108700.0,971433.1705549858,137266.82944501424,0.12380881162173198
1580000.0,1157128.8411445655,422871.1588554345,0.26763997395913575
259000.0,491607.15659701417,-232607.15659701417,0.8980971297182014
595000.0,544908.3726862518,50091.627313748235,0.0841876089306693
525000.0,568675.0869250237,-43675.0869250237,0.0831906417619499
1575000.0,2427075.523800575,-852075.5238005752,0.5410003325717938
1220000.0,1431028.8699562782,-211028.86995627824,0.17297448357071987
925000.0,652650.3339680533,272349.66603194666,0.2944320713858883
730000.0,594736.6017581914,135263.39824180864,0.18529232635864196
425000.0,718442.0350996822,-293442.03509968217,0.6904518472933698
905000.0,758893.0104066656,146106.98959333438,0.1614441873959496
775000.0,527003.3866717027,247996.61332829727,0.3199956301010287
1180000.0,2007813.5957054733,-827813.5957054733,0.701536945513113
200000.0,706102.9903311688,-506102.99033116875,2.5305149516558436
560000.0,1479439.3869490516,-919439.3869490516,1.6418560481233064
645000.0,596605.7059567326,48394.29404326738,0.07502991324537578
950000.0,1212073.6140645638,-262073.61406456376,0.27586696217322504
560000.0,619866.6253358552,-59866.62533585518,0.1069046880997414
290000.0,560262.9550087122,-270262.95500871225,0.9319412241679733
1820000.0,915340.0284526644,904659.9715473356,0.497065918432602
1140000.0,889908.4367357745,250091.5632642255,0.21937856426686447
2100000.0,1715516.8251229762,384483.1748770238,0.18308722613191608
1400000.0,955254.9395840787,444745.06041592127,0.31767504315422945
470000.0,541309.2937356234,-71309.29373562336,0.15172190156515608
1250000.0,1143881.627147754,106118.37285224604,0.08489469828179684
1450000.0,3289055.784574355,-1839055.784574355,1.2683143341892102
830000.0,605415.1895023239,224584.81049767614,0.27058410903334473
1800000.0,1030581.0245333071,769418.9754666929,0.427454986370385
650000.0,851765.6834220046,-201765.68342200457,0.3104087437261609
1750000.0,1988667.328413569,-238667.3284135689,0.13638133052203938
462000.0,905705.0337965512,-443705.0337965512,0.9604005060531411
710000.0,409945.5584928145,300054.4415071855,0.42261188944674016
875000.0,1003224.1244389435,-128224.12443894346,0.14654185650164966
270000.0,640168.6571922943,-370168.65719229425,1.3709950266381268
325000.0,491732.92318632384,-166732.92318632384,0.5130243790348425
1500000.0,2127424.8480916596,-627424.8480916596,0.4182832320611064
560000.0,867883.8460260164,-307883.8460260164,0.549792582189315
1100000.0,1116459.7617548679,-16459.761754867854,0.014963419777152594
865000.0,969385.0483890919,-104385.04838909185,0.12067635651918134
1350000.0,977656.7022932293,372343.2977067707,0.2758098501531635
675000.0,1293141.0848163003,-618141.0848163003,0.9157645700982227
650000.0,1021427.5810806156,-371427.58108061564,0.5714270478163318
445000.0,1034414.4617018227,-589414.4617018227,1.324526880228815
450000.0,1126962.4707614025,-676962.4707614025,1.50436104613645
4450000.0,2539385.5634567486,1910614.4365432514,0.42935155877376435
370000.0,650501.884399987,-280501.88439998694,0.7581132010810457
1630000.0,1222990.300619456,407009.699380544,0.24969920207395338
1390000.0,883957.7996251642,506042.20037483575,0.3640591369603135
1360000.0,645974.9486123754,714025.0513876246,0.5250184201379593
990000.0,1007294.114169599,-17294.114169599023,0.017468802191514164
415000.0,870175.9114272419,-455175.91142724187,1.096809425125884
640000.0,1169657.3178304734,-529657.3178304734,0.8275895591101147
1450000.0,1811924.1000493157,-361924.1000493157,0.24960282762021774
489690.0,964317.9837313284,-474627.9837313284,0.9692417319760019
473000.0,702466.023820224,-229466.02382022399,0.4851290144190782
454000.0,1211727.1269787017,-757727.1269787017,1.669002482331942
600000.0,827603.3735613958,-227603.3735613958,0.37933895593565964
410000.0,503986.00770213455,-93986.00770213455,0.22923416512715744
1004000.0,1317927.981465716,-313927.9814657159,0.31267727237621107
350000.0,747752.3539321534,-397752.35393215343,1.13643529694901
1275000.0,1212886.0331409564,62113.966859043576,0.04871683675219104
262900.0,398285.9764180971,-135385.9764180971,0.5149713823434655
480000.0,867577.2860492826,-387577.28604928264,0.8074526792693388
839000.0,813901.9341228867,25098.06587711326,0.029914262070456804
675000.0,781045.8463662209,-106045.84636622085,0.15710495757958645
530000.0,622008.8053493086,-92008.80534930865,0.17360151952699746
720000.0,1179402.7623782489,-459402.76237824885,0.6380593921920122
919000.0,1235375.91343799,-316375.91343799,0.34426105923611533
3350000.0,630088.536472904,2719911.463527096,0.8119138697095809
535000.0,732213.5965640271,-197213.59656402713,0.36862354497948996
676000.0,1307064.6313840875,-631064.6313840875,0.9335275612190643
530000.0,723427.579377917,-193427.579377917,0.364957696939466
693000.0,937458.8287336957,-244458.82873369567,0.3527544426171655
300000.0,882595.1662975219,-582595.1662975219,1.9419838876584063
796800.0,874322.3402861032,-77522.3402861032,0.09729209373255923
355000.0,732344.6676418397,-377344.6676418397,1.0629427257516613
370000.0,1008276.9283351358,-638276.9283351358,1.725072779284151
700000.0,958480.2248183127,-258480.22481831268,0.369257464026161
3600000.0,2536205.803407622,1063794.196592378,0.2954983879423272
825000.0,1284072.761362976,-459072.7613629759,0.5564518319551224
689990.0,597436.4288591904,92553.57114080957,0.1341375543715265
520000.0,981814.0448735569,-461814.04487355694,0.888103932449148
1650000.0,3387929.643603432,-1737929.643603432,1.053290693092989
450000.0,848303.6966884487,-398303.69668844866,0.8851193259743304
849000.0,541309.2937356234,307690.70626437664,0.36241543729608555
1125000.0,1035102.6073115079,89897.39268849208,0.07990879350088186
780000.0,637244.7502322368,142755.2497677632,0.18301955098431177
679000.0,591391.5771063651,87608.42289363488,0.12902565963716478
590000.0,1474704.0164425035,-884704.0164425035,1.4994983329533957
2250000.0,1334544.7052443377,915455.2947556623,0.4068690198914055
499000.0,1057513.2264993752,-558513.2264993752,1.1192649829646797
650000.0,668319.918400175,-18319.918400175055,0.02818448984642316
580000.0,779699.8648197112,-199699.8648197112,0.34431011175812276
790000.0,531266.6712420413,258733.32875795872,0.3275105427315933
1738000.0,919474.0499872377,818525.9500127623,0.4709585443111406
1270000.0,1155671.133043178,114328.86695682211,0.0900227298872615
349500.0,573816.761093675,-224316.76109367504,0.6418219201535766
1032500.0,1075825.3782579133,-43325.37825791328,0.04196162543139301
584500.0,1013986.0072367417,-429486.0072367417,0.7347921424067437
800000.0,919238.0251173022,-119238.0251173022,0.14904753139662774
515000.0,994930.8558323954,-479930.8558323954,0.9319045744318357
622500.0,744754.6780900242,-122254.67809002416,0.19639305717272956
469990.0,990644.4810074135,-520654.4810074135,1.1077990616979372
669055.0,779231.2385005818,-110176.23850058182,0.16467441167106114
1000000.0,1329329.968173883,-329329.9681738829,0.32932996817388294
490000.0,805246.4568123601,-315246.4568123601,0.643360115943592
560000.0,1113042.2425173619,-553042.2425173619,0.9875754330667177
2350000.0,1666220.4418799442,683779.5581200558,0.29097002473193867
707000.0,927693.1567713057,-220693.15677130572,0.3121543943017054
375000.0,855147.3978123855,-480147.39781238546,1.2803930608330278
305000.0,451818.649027424,-146818.649027424,0.4813726197620459
820000.0,678531.6969199692,141468.30308003083,0.17252232082930588
900000.0,1277182.8665933406,-377182.86659334064,0.41909207399260073
390000.0,447379.5628896097,-57379.56288960972,0.14712708433233262
1025000.0,1579759.8743852708,-554759.8743852708,0.5412291457417275
1100000.0,749455.7174214333,350544.2825785667,0.31867662052596973
1650000.0,1613390.0773621935,36609.92263780651,0.022187831901700913
480000.0,1146822.2551568793,-666822.2551568793,1.3892130315768318
645000.0,800762.4704735454,-155762.47047354537,0.24149220228456647
1900000.0,1047433.6741071678,852566.3258928322,0.44871911889096433
4195000.0,3599506.2275907435,595493.7724092565,0.1419532234587024
251500.0,748876.8358157503,-497376.8358157503,1.9776414942972178
680000.0,1367747.4289620714,-687747.4289620714,1.0113932778853991
562000.0,932580.9104057172,-370580.9104057172,0.6593966377325929
4575000.0,2802861.9839128125,1772138.0160871875,0.38735257182233607
1070000.0,1376600.3072795535,-306600.3072795535,0.28654234325191913
520000.0,1031474.7651224402,-511474.7651224402,0.9836053175431542
1862500.0,1379124.9383459247,483375.0616540753,0.2595302344451411
545000.0,583827.7863955448,-38827.78639554477,0.07124364476246746
375000.0,584318.9798032248,-209318.9798032248,0.5581839461419328
350000.0,463960.1970435723,-113960.19704357232,0.3256005629816352
482990.0,887087.8044872716,-404097.8044872716,0.8366587392850195
475000.0,770442.5516234722,-295442.55162347225,0.62198431920731
885000.0,575981.4459308971,309018.55406910286,0.3491735074227151
465000.0,1236571.19291049,-771571.1929104901,1.6592928879795485
849950.0,743069.3107806946,106880.68921930541,0.12574938433943808
615000.0,744403.1427425221,-129403.14274252206,0.21041161421548302
435000.0,811943.6734023308,-376943.67340233084,0.8665371802352433
905000.0,771927.1052192333,133072.89478076668,0.14704187268593003
557000.0,597011.8940361186,-40011.89403611864,0.07183463920308553
900000.0,1701994.2776451104,-801994.2776451104,0.8911047529390116
190000.0,418544.32877685316,-228544.32877685316,1.2028648882992272
1230000.0,958078.4297604187,271921.5702395813,0.22107444734925308
1095000.0,1143535.499448164,-48535.4994481639,0.044324657030286665
1601000.0,2218212.1782337353,-617212.1782337353,0.3855166634814087
615000.0,1376934.2843141635,-761934.2843141635,1.2389175354701845
455000.0,824000.270478158,-369000.270478158,0.8109896054465011
1050000.0,1127469.9025734444,-77469.90257344441,0.07378085959375659
1125000.0,938522.9980256744,186477.00197432563,0.16575733508828944
999990.0,2071544.871778309,-1071554.871778309,1.0715655874341834
625000.0,1038545.0800327123,-413545.0800327123,0.6616721280523397
1650000.0,1351888.4152888716,298111.5847111284,0.18067368770371417
825000.0,567238.8123802423,257761.18761975772,0.3124378031754639
370000.0,842248.5534984649,-472248.55349846487,1.276347441887743
1125000.0,1403723.3431714934,-278723.3431714934,0.24775408281910524
1059000.0,711166.1745411303,347833.8254588697,0.3284549815475634
2325000.0,1299963.2791425695,1025036.7208574305,0.4408760089709378
549900.0,597875.4507045441,-47975.450704544084,0.0872439547273033
2100000.0,958140.5506430195,1141859.4493569806,0.5437425949318956
1250000.0,1104982.9688568814,145017.03114311863,0.1160136249144949
1500000.0,873777.4546868079,626222.5453131921,0.4174816968754614
590000.0,559107.0737399055,30892.926260094508,0.052360891966261876
375000.0,712025.1302107056,-337025.13021070557,0.8987336805618815
435000.0,966107.9076699384,-531107.9076699384,1.2209377187814676
192500.0,677027.281795786,-484527.281795786,2.5170248404975895
387500.0,825811.5238133736,-438311.52381337364,1.1311265130667707
1885000.0,1364844.8561816013,520155.1438183987,0.27594437337846084
460000.0,575241.1568127463,-115241.15681274631,0.25052425394075284
934900.0,788976.3683097035,145923.63169029646,0.15608474883976517
735000.0,661634.6151648569,73365.38483514311,0.09981685011584096
3980000.0,3694945.9066824154,285054.0933175846,0.0716216314868303
1395000.0,1122338.5773674715,272661.42263252847,0.1954562169408806
1225000.0,994698.4393299212,230301.56067007885,0.18800127401639088
795000.0,946056.8776348605,-151056.87763486046,0.19000865111303203
410000.0,880995.6541852757,-470995.65418527566,1.1487698882567698
393990.0,824033.77947284,-430043.77947284,1.091509377072616
334000.0,698009.7400234723,-364009.74002347235,1.0898495210283603
655000.0,664044.4952758396,-9044.495275839581,0.013808389734106231
389000.0,816559.9746079732,-427559.97460797324,1.0991258987351498
702000.0,883286.6449130253,-181286.64491302532,0.2582430839216885
1550000.0,1785758.6821229707,-235758.6821229707,0.1521023755632069
750000.0,712734.7980149535,37265.2019850465,0.049686935980062
625000.0,683006.5650696794,-58006.565069679404,0.09281050411148704
675500.0,657943.6028485282,17556.397151471814,0.0259902252427414
495000.0,697874.6230353565,-202874.62303535652,0.4098477233037505
875000.0,796366.4215812711,78633.5784187289,0.0898669467642616
509990.0,1065582.126283581,-555592.1262835809,1.0894176871773582
700000.0,955228.2322374647,-255228.23223746475,0.36461176033923537
1400000.0,1356043.6175650498,43956.38243495021,0.03139741602496444
745000.0,1291496.267279899,-546496.267279899,0.733552036617314
425000.0,846189.3809054173,-421189.38090541726,0.9910338374245112
2700000.0,3322036.1698716506,-622036.1698716506,0.23038376661912988
780000.0,1861758.0605369976,-1081758.0605369976,1.3868693083807662
2390000.0,1990507.0486391026,399492.9513608974,0.16715186249409933
200000.0,819014.8538269491,-619014.8538269491,3.0950742691347455
1963000.0,1481899.920479612,481100.07952038804,0.2450840955274519
803900.0,1119108.5088236765,-315208.5088236765,0.3920991526603763
714000.0,793385.3661240442,-79385.36612404417,0.11118398616812909
1220000.0,821049.7427569014,398950.2572430986,0.32700840757631033
1075000.0,966146.7702474277,108853.22975257225,0.10125881837448582
1100000.0,1063298.8044283784,36701.19557162165,0.03336472324692877
507000.0,602765.7216205198,-95765.72162051976,0.18888702489254391
630000.0,1095472.2062503875,-465472.2062503875,0.7388447718260118
850000.0,924531.147788972,-74531.14778897201,0.08768370328114354
1065000.0,624264.6185413101,440735.3814586899,0.41383603892834736
485000.0,1011424.0811918973,-526424.0811918973,1.0854104766843242
765000.0,1014067.9001926972,-249067.90019269718,0.32557895450025776
1005000.0,1131573.732930257,-126573.73293025699,0.12594401286592735
2400000.0,1207475.6631899057,1192524.3368100943,0.4968851403375393
300000.0,732589.7677357505,-432589.76773575053,1.4419658924525018
270000.0,734924.380848531,-464924.38084853103,1.7219421512908557
910000.0,593771.7866570104,316228.21334298956,0.34750353114614235
430000.0,876496.7058680947,-446496.7058680947,1.038364432251383
1700000.0,800762.4704735454,899237.5295264546,0.5289632526626203
358000.0,1021690.8196981578,-663690.8196981578,1.8538849712239045
385000.0,525475.443094408,-140475.44309440802,0.36487128076469616
1625250.0,1101062.229739339,524187.7702606609,0.3225274697804405
405000.0,464830.2603627948,-59830.2603627948,0.14772903793282666
352000.0,791587.2492386622,-439587.2492386622,1.2488274126098358
2200000.0,2597841.07227269,-397841.07227269,0.18083685103304092
1895000.0,3106875.275479135,-1211875.275479135,0.6395120187224987
784125.0,786803.6107103642,-2678.6107103641843,0.003416050642900283
520000.0,728798.9468620177,-208798.94686201774,0.40153643627311103
765000.0,489468.98494404793,275531.01505595207,0.36017126151104845
1140000.0,792024.0727869018,347975.92721309816,0.3052420414149984
700000.0,902354.1691471874,-202354.16914718738,0.28907738449598197
750000.0,703710.7292863254,46289.2707136746,0.0617190276182328
2399000.0,1206087.2687600588,1192912.7312399412,0.497254160583552
455000.0,1001378.112249715,-546378.112249715,1.2008310159334397
445000.0,1131000.6793725884,-686000.6793725884,1.541574560387839
1499500.0,2191790.405234102,-692290.4052341022,0.46168083043287905
1185000.0,826627.8263078961,358372.17369210394,0.3024237752675983
823000.0,1066377.1678323513,-243377.1678323513,0.2957195234900988
564490.0,771520.1177970504,-207030.1177970504,0.3667560413772616
1850000.0,1159046.2819902997,690953.7180097003,0.37348849622145963
635000.0,611884.8397593745,23115.160240625497,0.036401827150591336
640000.0,654648.4279188886,-14648.427918888628,0.022888168623263483
965000.0,705406.3597086847,259593.64029131527,0.26900895366975675
1200000.0,1012006.1249363178,187993.8750636822,0.1566615625530685
650000.0,597357.8245354827,52642.17546451732,0.08098796225310358
1660000.0,1807569.629826327,-147569.6298263271,0.08889736736525729
530000.0,732666.6477857567,-202666.64778575674,0.38238990148255986
1537500.0,1295753.1700766645,241746.82992333546,0.15723371051924256
1130000.0,693488.850875546,436511.149124454,0.3862930523225257
600000.0,1196889.8695183813,-596889.8695183813,0.9948164491973022
960000.0,867381.5585446984,92618.4414553016,0.09647754318260583
640000.0,708179.0456139192,-68179.04561391915,0.10652975877174868
765000.0,769304.2197608271,-4304.219760827138,0.005626431059904756
2397000.0,1603970.083691082,793029.916308918,0.3308426851518223
1060000.0,1614155.8686449942,-554155.8686449942,0.5227885553254662
1275000.0,1084539.680994445,190460.319005555,0.14938064235729803
2290000.0,1488527.7943873098,801472.2056126902,0.34998786271296517
1295000.0,972371.1034145505,322628.89658544946,0.24913428307756716
460000.0,854870.9752988523,-394870.9752988523,0.8584151636931572
1120000.0,1111353.8645968996,8646.135403100401,0.007719763752768215
710000.0,1475959.49218901,-765959.4921890099,1.078816186181704
3900000.0,5936221.555526216,-2036221.5555262156,0.5221080911605681
415000.0,600921.6583140778,-185921.65831407777,0.44800399593753676
710000.0,951271.5330472722,-241271.53304727224,0.3398190606299609
1835000.0,1265665.8685004506,569334.1314995494,0.3102638318798634
2650000.0,1020014.8901193126,1629985.1098806874,0.6150887207096933
702000.0,773630.7697305537,-71630.76973055373,0.10203813351930731
800000.0,1031026.7677636938,-231026.76776369382,0.2887834597046173
537000.0,524925.3782527946,12074.621747205383,0.02248532913818507
725000.0,490183.510177735,234816.489822265,0.32388481354795173
1100000.0,1336300.4552608111,-236300.45526081114,0.2148185956916465
540000.0,870175.9114272419,-330175.91142724187,0.6114368730134109
400000.0,532467.8772184844,-132467.8772184844,0.331169693046211
1175000.0,1116008.3789210266,58991.6210789734,0.05020563496082843
705000.0,999578.6953918412,-294578.69539184123,0.41784212112317903
185000.0,282377.4605620198,-97377.46056201978,0.5263646516865934
612500.0,859911.612230066,-247411.61223006598,0.4039373260899036
2885000.0,1186372.186840474,1698627.813159526,0.5887791380102343
412000.0,452520.33600004297,-40520.33600004297,0.09835033009719167
820000.0,804266.2981136764,15733.70188632363,0.019187441324784914
424000.0,511135.9178055798,-87135.91780557978,0.2055092401074995
1225000.0,1716469.5831846877,-491469.58318468765,0.4011996597426022
729995.0,2138080.1379133565,-1408085.1379133565,1.9288969621892704
2325000.0,3383857.335871367,-1058857.3358713668,0.45542251005220075
783000.0,586084.4377300751,196915.5622699249,0.25148858527448903
1740000.0,843710.1933498667,896289.8066501333,0.5151090842816858
1725000.0,1200892.1756105681,524107.82438943186,0.3038306228344533
865000.0,720540.7310337289,144459.26896627108,0.16700493522112264
1060000.0,1274580.5142295577,-214580.5142295577,0.2024344473863752
1045000.0,918534.367342634,126465.63265736599,0.12101974416972822
550000.0,834723.3580272512,-284723.3580272512,0.5176788327768204
744000.0,871400.4929241749,-127400.49292417488,0.17123722167227806
239900.0,387801.33570014895,-147901.33570014895,0.6165124456029552
3475000.0,2834210.4633236188,640789.5366763812,0.18439986666946223
820000.0,1101211.1334254544,-281211.1334254544,0.3429404066164078
4315000.0,3376046.990489739,938953.009510261,0.21760208795139305
1075000.0,1794925.5931518616,-719925.5931518616,0.6696982261877782
920000.0,437692.4501250702,482307.5498749298,0.5242473368205759
575000.0,653200.6496135183,-78200.64961351827,0.13600112976264048
1700000.0,1330183.8032636016,369816.1967363984,0.21753893925670492
754000.0,545568.7793517192,208431.2206482808,0.27643397963962973
499950.0,990538.042074123,-490588.04207412305,0.9812742115694031
529900.0,693183.8513765893,-163283.85137658927,0.308140878234741
740000.0,760672.2055046409,-20672.205504640937,0.027935412844109372
1060000.0,683096.694659395,376903.305340605,0.3555691559817028
850000.0,1763900.8331285603,-913900.8331285603,1.0751774507394827
1100000.0,1445924.8795177424,-345924.87951774243,0.31447716319794766
459000.0,670880.4492160603,-211880.44921606034,0.4616131791199572
2300000.0,1749312.518010999,550687.4819890009,0.2394293399952178
980000.0,2225108.440961451,-1245108.4409614508,1.270518817307603
1600000.0,1474209.1711862525,125790.8288137475,0.07861926800859219
579990.0,1098676.6619115495,-518686.6619115495,0.8943027671365877
2240000.0,1016172.8454422432,1223827.1545577568,0.5463514082847128
1045000.0,1026745.7472879783,18254.2527120217,0.01746818441341789
1325000.0,1102370.3913569034,222629.60864309664,0.1680223461457333
399500.0,387801.33570014895,11698.66429985105,0.02928326483066596
1100000.0,899658.9719471814,200341.0280528186,0.1821282073207442
1250000.0,837388.4968507861,412611.50314921385,0.33008920251937107
585000.0,775305.7911492046,-190305.7911492046,0.32530904469949506
400000.0,501960.50257871824,-101960.50257871824,0.2549012564467956
689000.0,1024905.6724998517,-335905.6724998517,0.48752637518120706
750000.0,1075929.35472751,-325929.3547275099,0.4345724729700132
850000.0,2114332.273408104,-1264332.2734081042,1.487449733421299
1850000.0,3051807.3890958456,-1201807.3890958456,0.6496256157274841
850000.0,1120811.7107585531,-270811.7107585531,0.3186020126571213
840000.0,611605.6687532344,228394.33124676556,0.2718980133890066
9700000.0,3805882.9889752003,5894117.011024799,0.6076409289716288
382000.0,663053.6541154995,-281053.65411549946,0.7357425500405745
265000.0,575130.0080863871,-310130.00808638707,1.170301917307121
525000.0,854166.3596916812,-329166.3596916812,0.626983542269869
1038000.0,817973.793634153,220026.20636584703,0.21197129707692391
1960000.0,2136604.203062852,-176604.2030628519,0.09010418523614894
445000.0,545365.051939191,-100365.05193919095,0.22553944255997965
3308888.0,1136206.9307896623,2172681.0692103375,0.6566197070466989
900000.0,761547.0211943178,138452.97880568216,0.15383664311742462
1860000.0,1020127.2802715386,839872.7197284614,0.45154447297229106
1150000.0,746909.5705805096,403090.4294194904,0.3505134168865134
310000.0,572697.2793242305,-262697.2793242305,0.8474105784652597
437000.0,361944.21803591505,75055.78196408495,0.1717523614738786
1175000.0,683210.0232964326,491789.97670356743,0.4185446610243127
675000.0,830652.7577680323,-155652.75776803226,0.2305966781748626
580000.0,776547.5377580086,-196547.53775800858,0.3388750651000148
1000000.0,794814.6459295811,205185.35407041886,0.20518535407041885
2450000.0,3535097.044930796,-1085097.0449307961,0.44289675303297804
723527.0,811836.9578908313,-88309.95789083128,0.12205482019445202
510000.0,710632.4887879444,-200632.48878794443,0.3933970368391067
7000000.0,6274289.876659114,725710.1233408861,0.10367287476298373
400000.0,672107.6195156979,-272107.61951569794,0.6802690487892449
415000.0,594736.6017581914,-179736.60175819136,0.4331002452004611
550000.0,905009.4853370871,-355009.48533708707,0.6454717915219765
1090000.0,1704643.5259729917,-614643.5259729917,0.5638931430944878
798000.0,971377.9388293352,-173377.93882933515,0.2172655875054325
715000.0,892034.1436942918,-177034.14369429182,0.24760020097103752
970000.0,1090081.1699483644,-120081.16994836438,0.1237950205653241
2575000.0,1085370.4054314392,1489629.5945685608,0.5784969299295382
1440000.0,1060524.0213587803,379475.97864121967,0.26352498516751366
810000.0,589284.936978849,220715.063021151,0.27248773212487776
535000.0,563512.1252322067,-28512.125232206658,0.05329369202281618
520000.0,1109633.6171302313,-589633.6171302313,1.1339108021735218
1325000.0,1481334.3188256586,-156334.31882565864,0.11798816515144049
1065000.0,718003.7997908231,346996.20020917687,0.3258180283654243
495000.0,861405.429244129,-366405.429244129,0.7402129883719778
1625000.0,1168730.7162665713,456269.2837334287,0.28078109768210996
290000.0,656417.9813312168,-366417.98133121675,1.2635102804524716
330000.0,846547.4413795727,-516547.44137957273,1.5652952769077961
550000.0,952703.8145187537,-402703.8145187537,0.7321887536704612
500999.0,960481.8141231008,-459482.81412310083,0.9171331961203532
905000.0,816019.5081459114,88980.49185408861,0.09832098547413107
1256000.0,932118.7096039113,323881.29039608873,0.2578672694236375
490000.0,806797.3140574642,-316797.31405746425,0.6465251307295189
750000.0,1112703.2114269636,-362703.21142696356,0.48360428190261806
859000.0,799340.5419913948,59659.45800860517,0.0694522211974449
565000.0,621374.7268950094,-56374.7268950094,0.09977827769028212
2025000.0,3336709.6499560736,-1311709.6499560736,0.6477578518301598
519000.0,579368.9712569595,-60368.971256959485,0.11631786369356356
1956500.0,1275270.8437967927,681229.1562032073,0.3481876597000804
710000.0,1155882.2741656813,-445882.27416568133,0.6280032030502554
823000.0,1270059.2136177688,-447059.21361776884,0.5432068209207398
610000.0,803312.1156881638,-193312.1156881638,0.3169051076855144
775000.0,869580.1712071343,-94580.17120713426,0.12203893058985066
717000.0,687759.0763354544,29240.92366454564,0.04078232031317384
1439500.0,1659977.2193062748,-220477.21930627478,0.15316236144930517
835000.0,911453.6104662628,-76453.61046626279,0.09156121013923688
1503920.0,1725786.1790313707,-221866.17903137067,0.1475252533588028
802763.0,939473.251777101,-136710.25177710096,0.1702996423316732
752000.0,944853.045942938,-192853.04594293796,0.2564535185411409
1700000.0,1168307.3997275662,531692.6002724338,0.3127603531014317
1340000.0,2263032.146241331,-923032.146241331,0.6888299598815903
750000.0,954432.628563583,-204432.628563583,0.27257683808477734
999888.0,757755.6345773714,242132.3654226286,0.24215948728520453
430000.0,996823.2448209345,-566823.2448209345,1.3181935926068244
1500000.0,793317.711412902,706682.288587098,0.471121525724732
355000.0,558595.6374897347,-203595.63748973468,0.5735088379992527
485187.0,1011741.1951247125,-526554.1951247125,1.0852603122604532
650000.0,619461.1804776276,30538.819522372447,0.04698279926518838
835000.0,784168.6925541165,50831.30744588352,0.0608758173004593
1980000.0,2152356.5244548614,-172356.5244548614,0.08704874972467748
1499990.0,2188081.935293051,-688091.935293051,0.4587310150688011
755000.0,1195050.4612381433,-440050.46123814327,0.5828482930306533
385000.0,566415.0641378695,-181415.0641378695,0.4712079587996611
850000.0,798852.8400478598,51147.15995214018,0.060173129355459036
10100000.0,10247065.289561499,-147065.2895614989,0.014560919758564248
4100000.0,1805907.435217374,2294092.564782626,0.5595347718982014
793000.0,938646.2814227738,-145646.28142277384,0.18366491982695315
749000.0,1034904.1200306558,-285904.12003065576,0.3817144459688328
425000.0,770263.0376293028,-345263.0376293028,0.8123836179513008
995000.0,662705.9340522598,332294.0659477402,0.3339638853746133
1339000.0,1121136.3249966288,217863.6750033712,0.16270625467018013
2820000.0,2779178.392168017,40821.607831982896,0.014475747458149963
617000.0,1504582.5809588204,-887582.5809588204,1.43854551208885
1580000.0,2560777.7375763804,-980777.7375763804,0.6207454035293547
392000.0,561597.5460182677,-169597.54601826775,0.4326468010670096
620000.0,726825.3820113848,-106825.38201138482,0.17229900324416905
4250000.0,2306746.286322849,1943253.7136771511,0.45723616792403554
395000.0,847541.9120239574,-452541.91202395735,1.14567572664293
829999.0,922462.1000392797,-92463.10003927967,0.1114014595671557
869000.0,2189231.8170543187,-1320231.8170543187,1.5192541047805739
820000.0,652706.0117047493,167293.9882952507,0.20401705889664717
1054005.0,757469.29493926,296535.70506074,0.28134183904321136
1300000.0,866065.9671096759,433934.03289032413,0.33379540991563394
650000.0,1407045.5996497704,-757045.5996497704,1.1646855379227237
649000.0,895095.1921454673,-246095.19214546727,0.3791913592380081
650000.0,810086.4083872228,-160086.4083872228,0.24628678213418892
415000.0,710632.4887879444,-295632.4887879444,0.7123674428625167
815000.0,741837.4225619226,73162.57743807742,0.08977003366635267
535000.0,756195.1655348442,-221195.16553484416,0.4134489075417648
646900.0,1378067.717225097,-731167.7172250969,1.1302639004870876
1387000.0,978941.30345219,408058.69654781,0.29420237674679883
597000.0,1014067.9001926972,-417067.9001926972,0.6986061979777173
632260.0,1164356.9220276729,-532096.9220276729,0.8415792902092064
1450000.0,1890488.1703083033,-440488.1703083033,0.3037849450402092
8172000.0,2895654.7655766015,5276345.234423399,0.6456614334830395
599990.0,963199.8132969646,-363209.8132969646,0.6053597781579103
1279000.0,2205940.6903674267,-926940.6903674267,0.7247386163936096
1055000.0,810762.0155537897,244237.98444621032,0.23150519852721357
643000.0,657220.4057002891,-14220.405700289062,0.022115716485675056
1105000.0,1105243.1497133726,-243.14971337257884,0.00022004498947744691
475000.0,653660.8660119278,-178660.86601192784,0.37612813897247965
2575000.0,2339728.1355009587,235271.86449904134,0.09136771436855974
475000.0,1076620.0465050456,-601620.0465050456,1.2665685189579907
1240000.0,1133679.5104798784,106320.4895201216,0.08574233025816258
510000.0,829664.3402452575,-319664.3402452575,0.6267928240103088
800000.0,2101243.823476337,-1301243.823476337,1.6265547793454211
850000.0,941331.3415625483,-91331.3415625483,0.10744863713240976
1665000.0,1408123.209945653,256876.7900543469,0.15428035438699514
673000.0,574197.8061166527,98802.19388334733,0.14680860903914908
700000.0,931694.2804306757,-231694.28043067572,0.3309918291866796
1500000.0,1016634.4725860356,483365.5274139644,0.32224368494264294
1529000.0,1272360.9256469829,256639.07435301715,0.16784766144736243
930000.0,750428.2499948903,179571.7500051097,0.19308790323130076
2975000.0,3085278.4631869635,-110278.46318696346,0.03706839098721461
2299000.0,2091813.4847745232,207186.51522547682,0.09012027630512258
870000.0,919605.5600015301,-49605.5600015301,0.05701788505923
555000.0,618107.9422978865,-63107.942297886475,0.113708004140336
790000.0,716603.2859189569,73396.71408104314,0.09290723301397866
800000.0,362027.52109421825,437972.47890578175,0.5474655986322272
775000.0,914811.0674018537,-139811.06740185374,0.1804013772927145
860000.0,897824.3762062618,-37824.376206261804,0.04398183279797884
290000.0,590881.4550802205,-300881.4550802205,1.037522258897312
790000.0,574059.0834498212,215940.91655017878,0.27334293234199847
820000.0,765476.3568570891,54523.64314291091,0.0664922477352572
749900.0,818573.792322624,-68673.79232262401,0.09157726673239633
515000.0,607592.4872272982,-92592.4872272982,0.17979123733455962
1375000.0,790063.7735865593,584936.2264134407,0.42540816466432047
1600000.0,1407382.9954644179,192617.00453558215,0.12038562783473884
1010778.0,1028295.3279445199,-17517.32794451993,0.017330539390964118
3450000.0,2803769.719098869,646230.2809011312,0.1873131248988786
585000.0,647653.07995273,-62653.07995272998,0.1070992819704786
512000.0,612010.8753652405,-100010.8753652405,0.19533374094773534
420000.0,1176460.4138677048,-756460.4138677048,1.8010962234945354
640000.0,1204211.443620591,-564211.443620591,0.8815803806571734
1200000.0,971771.2150472024,228228.78495279758,0.19019065412733133
1445000.0,1300276.7550287242,144723.2449712758,0.10015449478981024
490141.0,963500.5530720566,-473359.5530720566,0.96576200128546
422892.0,900094.4417821614,-477202.44178216136,1.128426269076174
565000.0,895095.1921454673,-330095.19214546727,0.5842392781335703
669000.0,912406.0611223641,-243406.06112236413,0.3638356668495727
755000.0,637244.7502322368,117755.24976776319,0.15596721823544793
495000.0,1031832.0927973443,-536832.0927973443,1.0845092783784733
865000.0,514000.5717623622,350999.4282376378,0.4057796858238587
290000.0,656521.4967011674,-366521.49670116743,1.2638672300040257
723000.0,1296477.9789584668,-573477.9789584668,0.7931922253920702
865000.0,874824.9591526955,-9824.95915269549,0.011358334280572821
830000.0,787515.1046170266,42484.895382973365,0.05118662094334141
405000.0,481119.70261681767,-76119.70261681767,0.18794988300448806
774900.0,823570.2608202746,-48670.26082027459,0.06280844085723912
1260000.0,1716469.5831846877,-456469.58318468765,0.36227744697197434
672584.0,846887.9002708183,-174303.90027081827,0.25915558542995115
685000.0,2127424.8480916596,-1442424.8480916596,2.1057297052432986
425000.0,727808.2382802623,-302808.23828026233,0.7124899724241467
364000.0,780187.458273557,-416187.458273557,1.1433721381141677
750000.0,758691.5059671197,-8691.505967119709,0.011588674622826279
560000.0,976768.0507984954,-416768.0507984954,0.7442286621401704
425000.0,497963.3810978164,-72963.3810978164,0.17167854375956798
665000.0,1726404.616685398,-1061404.616685398,1.5960971679479667
1450000.0,893466.0322429839,556533.9677570161,0.3838165294875973
745000.0,729089.2973660701,15910.702633929905,0.021356647830778397
470000.0,1115505.0593815926,-645505.0593815926,1.3734150199608353
405000.0,481286.79073812306,-76286.79073812306,0.18836244626697052
915000.0,733916.1967691858,181083.80323081417,0.19790579588067123
850000.0,1427748.4058717696,-577748.4058717696,0.6797040069079643
910000.0,858735.1400002221,51264.859999777866,0.056335010988766886
725000.0,1203250.1759276416,-478250.17592764157,0.659655415072609
640000.0,804399.5180302016,-164399.51803020155,0.2568742469221899
4250000.0,1433277.4465152102,2816722.55348479,0.6627582478787741
890000.0,845120.8055981232,44879.19440187677,0.05042606112570423
685000.0,892549.8258243529,-207549.8258243529,0.3029924464589094
1800000.0,1554317.2705079175,245682.7294920825,0.13649040527337916
1600000.0,1326113.1808146036,273886.8191853964,0.17117926199087277
1075000.0,932210.2495615014,142789.75043849857,0.13282767482651028
480000.0,979072.2906953368,-499072.29069533676,1.0397339389486182
492681.0,963178.3353707304,-470497.3353707304,0.9549735739164498
849999.0,787460.7586487031,62538.24135129689,0.0735744881479824
347500.0,468465.49959775823,-120965.49959775823,0.348102157115851
1599000.0,1628337.8256822652,-29337.82568226522,0.01834760830660739
875000.0,1033970.7973366956,-158970.7973366956,0.18168091124193783
155500.0,781799.934651095,-626299.934651095,4.027652312868778
315000.0,442013.48327245924,-127013.48327245924,0.40321740721415633
670000.0,418544.32877685316,251455.67122314684,0.375306971974846
695400.0,1074417.000160031,-379017.000160031,0.5450345127409132
1465000.0,1113300.5194185448,351699.48058145517,0.24006790483375778
460000.0,1317452.0263112828,-857452.0263112828,1.8640261441549626
670000.0,1317598.945963822,-647598.9459638221,0.9665655909907792
643230.0,1222957.1555622783,-579727.1555622783,0.9012750580076774
590000.0,1284042.0039954453,-694042.0039954453,1.1763423796532972
980000.0,822907.9659892262,157092.03401077376,0.16029799388854465
660000.0,762612.3982065734,-102612.39820657345,0.15547333061602037
600000.0,566335.023551789,33664.976448211004,0.05610829408035167
2350000.0,1341714.8097711112,1008285.1902288888,0.4290575277569739
1409900.0,1192739.4676912636,217160.53230873635,0.1540254857144027
639000.0,1000569.254127893,-361569.254127893,0.5658360784474069
1775000.0,876171.1663709534,898828.8336290466,0.506382441481153
455000.0,915882.2007988789,-460882.2007988789,1.01292791384369
760000.0,747677.5735921804,12322.426407819614,0.016213718957657386
618432.0,1197802.785953832,-579370.7859538321,0.9368383038940936
670000.0,705191.615587644,-35191.615587644046,0.05252479938454335
1530000.0,1196316.046623595,333683.95337640494,0.21809408717412088
875000.0,863894.2475553495,11105.752444650512,0.012692288508172014
410000.0,643495.2710546347,-233495.2710546347,0.5695006611088651
1580000.0,1462232.5570453105,117767.4429546895,0.0745363563004364
688000.0,704258.8312062313,-16258.831206231262,0.023632022102080322
1989000.0,2195230.1142021916,-206230.1142021916,0.10368532639627531
976000.0,1205852.9775606669,-229852.97756066686,0.23550509995969965
595000.0,874142.155025217,-279142.155025217,0.4691464790339781
760000.0,676253.0605580382,83746.93944196182,0.1101933413710024
2180500.0,1303437.0391465372,877062.9608534628,0.4022302044730396
455000.0,881876.4244300053,-426876.42443000525,0.9381899438022093
271000.0,425506.8070057708,-154506.8070057708,0.5701358192094863
1395000.0,1116854.4638746337,278145.53612536634,0.19938748109345258
1625000.0,1261232.3317264805,363767.6682735195,0.22385702662985815
2500000.0,1614766.458393805,885233.541606195,0.354093416642478
1525000.0,1178396.964794511,346603.035205489,0.2272806788232715
901500.0,801849.2685133854,99650.73148661456,0.11053880364571776
850000.0,798521.9870731004,51478.012926899595,0.06056236814929364
2000000.0,1518082.5053449927,481917.49465500726,0.24095874732750364
2400000.0,1517022.1449396429,882977.8550603571,0.36790743960848216
1390000.0,1091343.712149959,298656.28785004094,0.21486063874103664
3060000.0,1618985.0805579717,1441014.9194420283,0.47091990831438835
1420000.0,1592447.5824774993,-172447.58247749927,0.12144195949119667
475000.0,518138.4126174643,-43138.41261746432,0.09081771077360909
780000.0,974137.8742810049,-194137.8742810049,0.24889471061667293
564000.0,964839.2075951828,-400839.2075951828,0.710707814885076
584830.0,982995.6214067186,-398165.6214067186,0.680822839811088
1650000.0,1199086.1910231751,450913.80897682486,0.2732810963495908
700000.0,1150383.4083947663,-450383.4083947663,0.6434048691353804
505000.0,865290.6285193473,-360290.6285193473,0.7134467891472224
330000.0,537947.9922768621,-207947.99227686215,0.6301454311420065
215000.0,584557.3894171065,-369557.3894171065,1.7188715786842164
1035000.0,1291843.1527563084,-256843.15275630844,0.2481576355133415
2435000.0,2153189.999262272,281810.0007377281,0.11573305985122304
675000.0,800063.9877044074,-125063.98770440742,0.1852799817843073
650000.0,770263.0376293028,-120263.03762930282,0.1850200578912351
1000000.0,687450.9021712757,312549.0978287243,0.3125490978287243
4000000.0,6927051.745253427,-2927051.745253427,0.7317629363133568
4850000.0,8009906.622373528,-3159906.622373528,0.651527138633717
219000.0,441516.61767852324,-222516.61767852324,1.0160576149704257
4330000.0,1054454.6795482195,3275545.32045178,0.7564769793191178
1567000.0,1301437.0703264996,265562.92967350036,0.16947219506924083
7000000.0,6510610.814811224,489389.1851887759,0.0699127407412537
444888.0,1069197.7148461586,-624309.7148461586,1.4032963686279663
690000.0,707267.9420815504,-17267.94208155037,0.025026003016739667
500000.0,1031831.8727276319,-531831.8727276319,1.063663745455264
4900000.0,3463868.4787892653,1436131.5212107347,0.29308806555321115
325000.0,751808.9290643391,-426808.92906433914,1.3132582432748896
1685000.0,2748076.8669145815,-1063076.8669145815,0.6309061524715617
981243.0,1192739.4676912636,-211496.46769126365,0.2155393390742799
699900.0,989061.8931781144,-289161.89317811443,0.413147439888719
1850000.0,2348585.3808596865,-498585.3808596865,0.2695056112755062
6550000.0,5707164.693045826,842835.3069541743,0.12867714609987393
830000.0,937923.5173593975,-107923.51735939749,0.1300283341679488
520000.0,1003004.512972358,-483004.51297235803,0.92885483263915
8175000.0,4782820.320426345,3392179.679573655,0.4149455265533523
600000.0,829664.3402452575,-229664.34024525748,0.38277390040876247
829999.0,889256.4751628386,-59257.475162838586,0.07139463440659397
739990.0,1133569.681352748,-393579.68135274807,0.5318716217148178
717000.0,3301406.3487918526,-2584406.3487918526,3.6044718951071864
660000.0,799351.6531431614,-139351.65314316144,0.21113886839872945
985000.0,1886910.13279881,-901910.13279881,0.9156448048718884
2350000.0,2929903.218083779,-579903.2180837789,0.24676732684416122
955000.0,970963.9338664955,-15963.9338664955,0.016716161116749215
620000.0,633511.8079806116,-13511.807980611571,0.021793238678405758
1060000.0,1025815.0635423955,34184.93645760452,0.03224994005434389
1888000.0,800762.4704735454,1087237.5295264546,0.5758673355542662
830000.0,878651.3824067552,-48651.382406755234,0.058616123381632815
717000.0,1540070.1220986347,-823070.1220986347,1.1479360140845674
730000.0,677565.2434666345,52434.756533365464,0.07182843360734995
2300000.0,2777245.8540200945,-477245.8540200945,0.20749819740004108
1450000.0,1718964.6773327265,-268964.67733272654,0.18549288091912175
448999.0,929108.2076556478,-480109.20765564777,1.0692879219233178
525000.0,536286.312605969,-11286.312605969026,0.02149773829708386
1210000.0,1466048.1405344675,-256048.14053446753,0.21161003349955995
799000.0,1149622.3485244834,-350622.3485244834,0.43882646874153114
775000.0,925035.8975039189,-150035.89750391885,0.19359470645666949
4000000.0,1079756.287101692,2920243.712898308,0.730060928224577
3345000.0,2987959.4161516647,357040.5838483353,0.10673859008918843
510000.0,1160211.4199840708,-650211.4199840708,1.2749243529099428
2760000.0,3769184.4264943437,-1009184.4264943437,0.3656465313385303
799000.0,793504.0805008791,5495.919499120908,0.006878497495770849
851000.0,718533.5164436437,132466.48355635628,0.15565979266316837
545000.0,570670.5710852682,-25670.571085268166,0.04710196529407003
1450000.0,1188103.6940664337,261896.3059335663,0.18061814202314916
585000.0,722231.9184506623,-137231.91845066228,0.2345844759840381
485000.0,819047.1591057753,-334047.1591057753,0.6887570290840728
1850000.0,2368414.3250592295,-518414.3250592295,0.2802239594914754
235000.0,364325.84936995065,-129325.84936995065,0.5503227632763857
570000.0,1128530.1771528525,-558530.1771528525,0.9798775037769343
320000.0,804399.5180302016,-484399.51803020155,1.51374849384438
1230000.0,1119457.5250499493,110542.4749500507,0.08987193085369975
545000.0,683583.6926880539,-138583.69268805394,0.25428200493220904
739900.0,757628.7360730193,-17728.736073019332,0.02396098942156958
310000.0,551018.7155051866,-241018.71550518658,0.7774797274360857
430000.0,924844.2446789197,-494844.24467891967,1.1508005690207435
870000.0,786904.7373949784,83095.26260502159,0.09551179609772596
1362500.0,857959.9857475611,504540.0142524389,0.37030459761646894
385000.0,805587.0148790219,-420587.0148790219,1.0924338048805764
972000.0,1022213.2446227053,-50213.24462270527,0.051659716690025996
389900.0,904946.2886605458,-515046.28866054583,1.3209702196987583
2400000.0,3971092.9824357233,-1571092.9824357233,0.6546220760148848
1800000.0,1384015.4412600275,415984.55873997253,0.23110253263331806
2600000.0,2409632.840029111,190367.15997088887,0.07321813845034188
2389000.0,1627242.834239366,761757.165760634,0.3188602619341289
6900000.0,5707164.693045826,1192835.3069541743,0.17287468216727164
950000.0,977699.2437062726,-27699.243706272566,0.02915709863818165
775000.0,1349438.4492559722,-574438.4492559722,0.7412109022657706
2049500.0,2563966.003811099,-514466.0038110991,0.25102025070070705
5770000.0,1066185.6951552688,4703814.304844731,0.8152191169574925
855000.0,1116300.7675154412,-261300.76751544117,0.30561493276659785
1175000.0,653944.9681642178,521055.0318357822,0.44345109092407
97972500.0,887592.1460963298,97084907.85390367,0.990940395048648
715000.0,834306.6698782145,-119306.66987821448,0.16686247535414614
465000.0,549828.3691551868,-84828.36915518681,0.1824266003337351
385000.0,737295.4602237334,-352295.46022373345,0.9150531434382687
1410000.0,799097.5697692428,610902.4302307572,0.43326413491543064
477400.0,825533.1258602159,-348133.12586021586,0.7292273268961371
1625000.0,1169618.3765493727,455381.6234506273,0.28023484520038605
618000.0,1141471.425731428,-523471.42573142797,0.8470411419602394
435000.0,866065.9671096759,-431065.96710967587,0.9909562462291399
860000.0,926841.5318208485,-66841.53182084847,0.07772271141959124
1625000.0,854513.3544843458,770486.6455156542,0.4741456280096334
689000.0,991575.1645998652,-302575.1645998652,0.4391511822929829
735000.0,827024.5505179339,-92024.55051793391,0.12520347009242708
460000.0,654514.8065464206,-194514.80654642056,0.4228582751009143
862500.0,984381.151498349,-121881.15149834903,0.14131147999808583
5300000.0,2373646.38676455,2926353.61323545,0.5521421911765
1450000.0,1432818.3801945264,17181.6198054736,0.011849392969292138
1100000.0,1106818.073153637,-6818.073153636884,0.0061982483214880766
299000.0,696309.4480505039,-397309.44805050385,1.3287941406371366
197500.0,908855.6212401596,-711355.6212401596,3.601800613874226
295000.0,752069.2410676084,-457069.24106760835,1.5493872578562995
2100000.0,2456288.5409460664,-356288.5409460664,0.16966120997431733
631000.0,795851.9840495072,-164851.98404950718,0.26125512527655653
529000.0,850778.9675713661,-321778.9675713661,0.6082778214959662
699000.0,1085692.4722479158,-386692.4722479158,0.5532081148038853
639000.0,1107241.8700925391,-468241.8700925391,0.7327728796440361
1310000.0,826689.4678597972,483310.5321402028,0.3689393375116052
719990.0,1021784.8463386399,-301794.84633863985,0.41916533054436844
659000.0,908072.5611110977,-249072.5611110977,0.37795532793793274
700000.0,858451.2892259485,-158451.2892259485,0.22635898460849788
620000.0,1500872.0261529856,-880872.0261529856,1.4207613325048156
300000.0,800297.5273137246,-500297.5273137246,1.6676584243790822
430000.0,522511.7051201332,-92511.70512013318,0.21514350027937948
850000.0,930156.593437624,-80156.59343762405,0.09430187463249888
460000.0,594652.8620874378,-134652.86208743777,0.2927236132335604
799000.0,649384.488384434,149615.51161556598,0.18725345633988233
600000.0,852182.9033675173,-252182.90336751728,0.4203048389458621
948000.0,781946.2706293559,166053.72937064408,0.17516216178337984
1385000.0,690696.7099861248,694303.2900138752,0.5013020144504514
905000.0,687832.5630379457,217167.43696205434,0.23996401874260148
4525000.0,4326578.5720453905,198421.4279546095,0.04385003932698553
1580000.0,2062202.2679863854,-482202.2679863854,0.30519130885214263
2865000.0,1492660.6419354696,1372339.3580645304,0.47900152113945216
2750000.0,2550096.4657843346,199903.53421566542,0.07269219426024197
390000.0,457292.9129405362,-67292.91294053622,0.17254593061675955
490000.0,628040.8593447123,-138040.85934471234,0.28171603947900475
700000.0,1227711.1230962486,-527711.1230962486,0.7538730329946408
365000.0,773381.1861129527,-408381.18611295265,1.118852564693021
1800000.0,2106873.9322091225,-306873.93220912246,0.1704855178939569
269000.0,530633.0806981581,-261633.08069815813,0.9726136828927812
399900.0,552329.9039581623,-152429.9039581623,0.3811700524085079
620000.0,454994.44547442324,165005.55452557676,0.2661379911702851
899000.0,649861.1315474904,249138.86845250963,0.27712888593160134
1080000.0,854513.3544843458,225486.64551565424,0.20878393103301318
1060000.0,1206087.2687600588,-146087.2687600588,0.13781817807552715
515000.0,552081.6511466618,-37081.65114666184,0.07200320611002299
700000.0,1206087.2687600588,-506087.2687600588,0.7229818125143697
1325000.0,1007155.6088059531,317844.39119404694,0.23988255939173353
2175000.0,2227822.2791380067,-52822.279138006736,0.024286105350807694
2118000.0,1012694.1509421994,1105305.8490578006,0.5218630071094431
2925000.0,2068083.578746662,856916.421253338,0.29296287906097024
1325000.0,1120744.141251022,204255.858748978,0.1541553650935683
678800.0,958771.3437794332,-279971.34377943317,0.4124504180604496
1580000.0,1188550.894662393,391449.105337607,0.24775259831494112
1080000.0,828888.4621559224,251111.53784407757,0.2325106831889607
820000.0,971176.5886428757,-151176.58864287566,0.18436169346692155
660000.0,734770.2450789954,-74770.24507899536,0.11328825011968993
3750000.0,5386965.265730934,-1636965.2657309342,0.43652407086158246
1937000.0,704177.027388094,1232822.972611906,0.6364599755353154
374000.0,1011096.6761901353,-637096.6761901353,1.7034670486367254
1995000.0,1795827.804448178,199172.19555182196,0.09983568699339447
1289950.0,2067146.416085673,-777196.416085673,0.6025011946863623
275000.0,457595.88329024694,-182595.88329024694,0.6639850301463526
333000.0,422588.78922075557,-89588.78922075557,0.269035403065332
540000.0,838395.0526237867,-298395.05262378673,0.5525834307847902
1715000.0,953142.7705271443,761857.2294728557,0.4442316206838809
2800000.0,1465111.120510051,1334888.879489949,0.4767460283892675
4500000.0,6630639.082170042,-2130639.082170042,0.4734753515933427
3275000.0,1728904.0147431314,1546095.9852568686,0.47209037717766983
499000.0,545877.5073513446,-46877.50735134457,0.09394290050369652
285000.0,363491.4906380479,-78491.49063804792,0.2754087390808699
2800000.0,4606328.600193991,-1806328.6001939913,0.6451173572121398
575000.0,728192.6416761226,-153192.64167612256,0.2664219855236914
1780000.0,1179711.1554410541,600288.8445589459,0.33724092390952015
769000.0,1115274.7270950158,-346274.7270950158,0.4502922328933886
2075000.0,881249.0137004668,1193750.9862995332,0.5753016801443533
429000.0,608663.0893627752,-179663.0893627752,0.4187950800997091
295000.0,667402.738214703,-372402.73821470304,1.2623821634396712
1040000.0,679914.883080263,360085.11691973696,0.34623568934590093
799000.0,629390.1229437258,169609.8770562742,0.2122776934371392
399000.0,509514.5699565064,-110514.56995650643,0.27697887207144467
769444.0,1224753.0930564841,-455309.0930564841,0.5917377912576928
1535000.0,1646532.8187058684,-111532.81870586844,0.0726598167464941
870000.0,890423.1881882339,-20423.18818823388,0.023474928951992963
585000.0,782377.7114958412,-197377.71149584115,0.3373977974287883
820000.0,783652.6819396022,36347.31806039775,0.04432599763463141
1025000.0,1107964.1178189924,-82964.11781899235,0.08094060275023644
1483020.0,2697773.1095006885,-1214753.1095006885,0.8191077055607399
383000.0,802189.5062244155,-419189.5062244155,1.0944895723875079
499700.0,477799.00947496074,21900.990525039262,0.043828278016888655
1020000.0,1011172.4503371366,8827.54966286337,0.008654460453787618
2625000.0,1290783.5095923527,1334216.4904076473,0.5082729487267228
1390000.0,1397525.2594066195,-7525.259406619472,0.005413855688215448
570000.0,1085645.4456520423,-515645.4456520423,0.9046411327228812
985000.0,914021.3089794994,70978.69102050061,0.07205958479238642
298000.0,455348.6490840318,-157348.64908403181,0.5280156009531269
1200000.0,718678.9518938906,481321.0481061094,0.4011008734217578
1160000.0,897741.3799971507,262258.62000284926,0.22608501724383556
842000.0,674934.2570874506,167065.7429125494,0.1984153716301062
1785000.0,1137393.1872701114,647606.8127298886,0.36280493710357903
1260000.0,1166499.3660010113,93500.63399898866,0.07420685238014973
5155000.0,1997583.1517028203,3157416.8482971797,0.6124959938500834
4050000.0,6464652.83025624,-2414652.8302562404,0.5962105753719112
1350000.0,2445905.7919128966,-1095905.7919128966,0.8117820680836271
690000.0,1263828.0624217612,-573828.0624217612,0.8316348730750163
475000.0,605020.4246175888,-130020.42461758875,0.2737272097212395
1600000.0,1098676.6619115495,501323.3380884505,0.31332708630528155
324900.0,688783.216836677,-363883.21683667705,1.1199852780445585
535000.0,931091.7043592583,-396091.7043592583,0.7403583259051557
978000.0,949988.872881101,28011.12711889902,0.028641234272902886
865000.0,1183800.3239405479,-318800.3239405479,0.36855528779254093
325000.0,933319.946978854,-608319.946978854,1.8717536830118584
480000.0,1075029.429040093,-595029.429040093,1.2396446438335271
810000.0,941730.9822981961,-131730.98229819606,0.16263084234345193
2775000.0,1462232.5570453105,1312767.4429546895,0.47306934881250073
765000.0,838047.0054583186,-73047.00545831863,0.09548628164486095
1600000.0,1261420.231535711,338579.7684642889,0.21161235529018058
2500000.0,2726676.328981284,-226676.32898128405,0.09067053159251362
625000.0,528160.0311518305,96839.96884816955,0.15494395015707127
610990.0,1008639.7056472654,-397649.7056472654,0.6508285007074837
1075000.0,1466880.3700604162,-391880.3700604162,0.3645398791259685
705000.0,1197831.545091252,-492831.5450912521,0.6990518370088682
980000.0,1772929.2210168098,-792929.2210168098,0.8091114500171529
1460000.0,1004602.3007306795,455397.69926932047,0.3119162323762469
450000.0,585735.9774373582,-135735.97743735823,0.30163550541635165
5000000.0,5378247.0784531925,-378247.0784531925,0.0756494156906385
580000.0,685115.0064901335,-105115.00649013347,0.18123276981057496
1010000.0,1054112.8793678964,-44112.879367896356,0.043676118186036
950000.0,1191734.6525678996,-241734.65256789955,0.2544575290188416
575000.0,937470.2675139685,-362470.2675139685,0.6303830739373365
605000.0,473256.30295864085,131743.69704135915,0.21775817692786636
810000.0,1119111.35137526,-309111.3513752599,0.3816189523151357
245000.0,343632.7148934715,-98632.71489347151,0.40258250976927146
365000.0,487466.7245903491,-122466.72459034913,0.33552527285027156
795000.0,769358.4159074938,25641.584092506208,0.032253564896234224
364900.0,927777.1065143686,-562877.1065143686,1.542551675840966
707500.0,1366051.6673573162,-658551.6673573162,0.9308150775368428
310000.0,724142.356508818,-414142.356508818,1.335943085512316
650000.0,702487.6769398513,-52487.676939851255,0.08075027221515578
599000.0,911874.0159054624,-312874.01590546244,0.522327238573393
750000.0,787379.9011232809,-37379.90112328087,0.049839868164374496
1430000.0,878241.4302029269,551758.5697970731,0.38584515370424693
980000.0,1201837.8296201688,-221837.82962016878,0.22636513226547833
615000.0,549730.3524949821,65269.64750501793,0.10612950813824054
465000.0,849725.2659831623,-384725.26598316233,0.8273661634046502
479000.0,411020.702875842,67979.29712415801,0.14191920067673905
875000.0,688683.5221832246,186316.47781677544,0.21293311750488622
775000.0,810173.0487539279,-35173.04875392793,0.04538457903732636
650000.0,1320755.5608271414,-670755.5608271414,1.031931632041756
4800000.0,2919017.092338473,1880982.907661527,0.39187143909615146
750000.0,774751.3258607473,-24751.325860747253,0.03300176781432967
6900000.0,4398837.084737889,2501162.9152621115,0.3624873790234944
1340000.0,2125984.564850407,-785984.5648504072,0.5865556454107517
1843000.0,1274580.5142295577,568419.4857704423,0.30842077361391335
450000.0,655817.1524370946,-205817.1524370946,0.4573714498602102
1170000.0,1334407.914989913,-164407.91498991312,0.1405195854614642
310000.0,519915.16034544626,-209915.16034544626,0.6771456785336976
4300000.0,3423229.048817864,876770.9511821358,0.20390022120514786
1275000.0,666898.2745218927,608101.7254781073,0.47694252978675084
1000000.0,908197.5534894329,91802.4465105671,0.0918024465105671
420000.0,573816.761093675,-153816.76109367504,0.36623038355636917
1448000.0,746632.99201388,701367.00798612,0.48436948065339774
960000.0,1187149.1191546745,-227149.11915467447,0.23661366578611923
300000.0,466688.7978855376,-166688.7978855376,0.5556293262851254
655000.0,911772.2006499917,-256772.20064999175,0.39201862694655226
555000.0,606552.8516493603,-51552.851649360266,0.09288802098983831
750000.0,979857.8505495302,-229857.85054953024,0.3064771340660403
789000.0,523655.069788327,265344.930211673,0.33630536148501017
510000.0,1197520.4929990023,-687520.4929990023,1.3480793980372594
365000.0,823508.7405959787,-458508.7405959787,1.2561883303999417
1450000.0,942510.6085086468,507489.39149135316,0.3499926837871401
460000.0,570429.4059874838,-110429.4059874838,0.24006392605974738
2225000.0,1652427.7209383668,572572.2790616332,0.25733585575803736
1000000.0,1175719.2503821137,-175719.25038211374,0.17571925038211372
3200000.0,1183290.5092236083,2016709.4907763917,0.6302217158676224
596610.0,915140.9858164267,-318530.9858164267,0.5339015199484197
425000.0,1014067.9001926972,-589067.9001926972,1.386042118100464
565000.0,913400.5193226925,-348400.51932269253,0.6166380872968009
1525000.0,1461827.0537574573,63172.946242542705,0.041424882781995215
275000.0,801674.1701912207,-526674.1701912207,1.915178800695348
4350000.0,2125213.3088540607,2224786.6911459393,0.5114452163553883
1900000.0,690051.507894598,1209948.492105402,0.6368149958449485
400000.0,680718.8253911224,-280718.8253911224,0.7017970634778059
2900000.0,3336709.6499560736,-436709.6499560736,0.15058953446761159
590000.0,920050.0044457793,-330050.00444577925,0.559406787196236
1525000.0,1489345.3409734014,35654.65902659856,0.02338010427973676
1159500.0,1126577.0658259965,32922.934174003545,0.028394078632172096
785000.0,942559.5856079868,-157559.58560798678,0.2007128479082634
860000.0,829812.0432164547,30187.95678354532,0.035102275329703864
1228000.0,1420149.4380509704,-192149.43805097044,0.15647348375486192
1620000.0,929225.1512097883,690774.8487902117,0.42640422764827884
800000.0,758729.4999527643,41270.50004723575,0.051588125059044684
850000.0,887192.5258619967,-37192.52586199669,0.043755912778819635
799000.0,2803053.321264392,-2004053.3212643922,2.508201903960441
875000.0,1040408.2446508701,-165408.2446508701,0.1890379938867087
424000.0,915823.2735988586,-491823.2735988586,1.1599605509407043
1075000.0,927214.1704948838,147785.8295051162,0.1374751902373174
3230000.0,1739058.887407516,1490941.112592484,0.4615916757252273
450000.0,545554.1075035351,-95554.10750353511,0.2123424611189669
3625000.0,2368638.4696564563,1256361.5303435437,0.34658249112925343
350000.0,963927.861467259,-613927.861467259,1.7540796041921687
450000.0,697571.7940163757,-247571.79401637567,0.5501595422586126
360000.0,793806.0063178707,-433806.0063178707,1.2050166842163075
467500.0,996997.4151950608,-529497.4151950608,1.1326147918610925
1387443.0,2796208.606866491,-1408765.606866491,1.0153682759338518
4500000.0,3301275.2068863767,1198724.7931136233,0.26638328735858297
1680640.0,1583430.3930300283,97209.60696997168,0.05784082669100561
849999.0,1062636.3001830275,-212637.30018302752,0.2501618239351194
519000.0,848303.6966884487,-329303.69668844866,0.6344965254112691
5885000.0,2776668.1355302003,3108331.8644697997,0.5281787365284282
1745000.0,3393816.9888589648,-1648816.9888589648,0.9448807959077162
920000.0,616904.510935957,303095.48906404304,0.32945161854787286
261000.0,770400.4979110974,-509400.49791109737,1.9517260456363883
1279900.0,889811.9276315833,390088.0723684167,0.304780117484504
1677000.0,3341353.784176539,-1664353.7841765392,0.9924590245536906
950000.0,882210.9710210199,67789.02897898015,0.07135687260945278
435000.0,829364.463857957,-394364.46385795705,0.9065849743861082
853610.0,1236991.4435026278,-383381.4435026278,0.4491295128953829
540000.0,970481.6259068699,-430481.6259068699,0.7971881961238331
2771404.0,1287071.1898080094,1484332.8101919906,0.5355887521963563
725000.0,588094.0459576863,136905.95404231374,0.18883579867905342
2580000.0,1163210.3380409994,1416789.6619590006,0.54914327982907
575000.0,738979.7362134069,-163979.7362134069,0.2851821499363598
505000.0,759337.9385900483,-254337.93859004835,0.5036394823565313
500000.0,824557.552700523,-324557.55270052305,0.6491151054010461
703000.0,632320.4118586418,70679.58814135822,0.10053995468187514
1400000.0,599282.0407581183,800717.9592418817,0.571941399458487
2025000.0,1126000.3666755848,898999.6333244152,0.44395043620958774
4000000.0,4661281.986676158,-661281.9866761584,0.16532049666903958
1525000.0,1552549.2677492527,-27549.26774925273,0.018065093606067364
2800000.0,1159046.2819902997,1640953.7180097003,0.5860548992891786
869000.0,1132094.77665369,-263094.77665369003,0.3027557844116111
1825000.0,1173863.2959587823,651136.7040412177,0.3567872350910782
2500000.0,1114098.3784519243,1385901.6215480757,0.5543606486192303
1275000.0,2767538.846534497,-1492538.846534497,1.1706187031643114
2150000.0,726645.0973901027,1423354.9026098973,0.6620255360976267
765000.0,643714.1623535724,121285.83764642756,0.15854357862278112
775000.0,1122756.7013505779,-347756.7013505779,0.4487183243233263
820000.0,675667.4566600178,144332.54333998216,0.1760152967560758
1199000.0,1495603.9715607008,-296603.9715607008,0.24737612306980883
660000.0,981814.0448735569,-321814.04487355694,0.48759703768720747
500000.0,596605.7059567326,-96605.70595673262,0.19321141191346525
17000000.0,10010814.43432341,6989185.56567659,0.41112856268685827
550000.0,926314.2068054792,-376314.20680547925,0.6842076487372349
1800000.0,2138310.973102962,-338310.97310296213,0.18795054061275673
1300000.0,981592.6346487206,318407.3653512794,0.24492874257790723
1267500.0,654283.8068138761,613216.1931861239,0.4837997579377703
580000.0,780961.4725103141,-200961.47251031408,0.346485297431576
490000.0,631643.0580622513,-141643.0580622513,0.2890674654331659
2050000.0,1763745.506385277,286254.493614723,0.13963633834864536
660000.0,653175.8529532867,6824.147046713275,0.010339616737444357
1060000.0,1054881.108480639,5118.891519360943,0.004829142942793342
3300000.0,1958022.7143185749,1341977.2856814251,0.4066597835398258
435000.0,1053626.2952635172,-618626.2952635172,1.42212941439889
230000.0,658338.7325776163,-428338.73257761635,1.8623423155548537
590000.0,784241.6816071444,-194241.68160714442,0.32922318916465154
1298500.0,915480.9641208762,383019.03587912384,0.29497037803552084
770000.0,1116854.4638746337,-346854.46387463366,0.45046034269432944
2700000.0,2744796.445599407,-44796.44559940696,0.0165912761479285
1495000.0,1477786.667794676,17213.332205323968,0.011513934585500983
1163900.0,1395692.9978816607,-231792.9978816607,0.19915198718245614
465000.0,608297.8685460262,-143297.86854602618,0.308167459238766
975000.0,904409.6471940479,70590.35280595208,0.07240036185225854
495000.0,626263.2358752735,-131263.23587527347,0.26517825429348174
765000.0,1067397.2360869164,-302397.2360869164,0.39529050468877963
740000.0,1077839.5538861337,-337839.5538861337,0.4565399376839645
1275000.0,951271.5330472722,323728.46695272776,0.2539046799629237
432500.0,781393.0641016994,-348893.0641016994,0.8066891655530621
975000.0,611605.6687532344,363394.33124676556,0.37271213461206726
741900.0,1074827.1873482214,-332927.1873482214,0.44874941009330294
529000.0,1051272.3446540833,-522272.34465408325,0.9872823150360742
535000.0,1119409.2547306432,-584409.2547306432,1.0923537471600808
525000.0,702942.6286216858,-177942.62862168578,0.33893834023178243
2160000.0,1581405.648089745,578594.3519102549,0.26786775551400693
745000.0,825874.9896720547,-80874.98967205465,0.10855703311685189
850000.0,851765.6834220046,-1765.6834220045712,0.002077274614123025
421000.0,609045.3565603078,-188045.3565603078,0.44666355477507785
710000.0,900718.070719499,-190718.07071949902,0.26861700101337893
585000.0,677110.7335215949,-92110.7335215949,0.15745424533605965
710000.0,765990.6980962036,-55990.69809620362,0.07886013816366706
569000.0,818198.3125208012,-249198.3125208012,0.4379583699838334
2650000.0,2920868.646657827,-270868.64665782684,0.10221458364446297
3850000.0,1743161.1536661596,2106838.8463338404,0.5472308691776209
930000.0,1048564.2236957757,-118564.22369577573,0.12748841257610294
875000.0,771939.7278492167,103060.27215078333,0.11778316817232382
525000.0,865513.790699976,-340513.79069997603,0.6485976965713829
2900000.0,813879.2795119048,2086120.7204880952,0.7193519725821018
379900.0,929701.2419947572,-549801.2419947572,1.4472262226763812
1255000.0,941336.5928263768,313663.4071736232,0.2499310017319707
800000.0,1760692.4100144687,-960692.4100144687,1.2008655125180858
620000.0,923311.3048552264,-303311.3048552264,0.48921178202455873
797613.0,1840854.6818544972,-1043241.6818544972,1.3079547121906203
815000.0,934615.7967816298,-119615.79678162979,0.1467678488118157
595000.0,1402792.830759257,-807792.8307592571,1.3576350096794236
1329000.0,1079638.2753877265,249361.7246122735,0.18763109451638338
369000.0,804399.5180302016,-435399.51803020155,1.1799444933067793
1750000.0,1010482.3315059203,739517.6684940797,0.4225815248537598
310000.0,500198.74887087016,-190198.74887087016,0.6135443511963553
1400000.0,1211714.751557198,188285.2484428021,0.13448946317343008
3125000.0,2091813.4847745232,1033186.5152254768,0.3306196848721526
613000.0,716617.8915392363,-103617.8915392363,0.16903408081441484
305000.0,767273.4519995452,-462273.4519995452,1.5156506622935908
5800000.0,1437040.5416183677,4362959.458381632,0.7522343893761435
248700.0,638628.4989489557,-389928.4989489557,1.5678669036950368
2250000.0,915882.2007988789,1334117.799201121,0.5929412440893872
1475000.0,1190532.5535384703,284467.4464615297,0.1928592857366303
660000.0,408655.3902849711,251344.6097150289,0.38082516623489227
450924.0,409201.2117333207,41722.78826667927,0.09252731783333615
2175000.0,2198150.067172946,-23150.067172945943,0.010643709045032618
1050000.0,642039.8135939196,407960.1864060804,0.3885335108629337
840000.0,750557.9300319656,89442.0699680344,0.10647865472385047
2600000.0,2468503.8674793765,131496.1325206235,0.050575435584855194
915000.0,990465.0510087708,-75465.05100877082,0.0824754655833561
290000.0,478177.6678375682,-188177.6678375682,0.648888509784718
2200000.0,1143570.7982208328,1056429.2017791672,0.4801950917178033
1025000.0,997073.9444710892,27926.05552891083,0.02724493222332764
4300000.0,4645473.706508849,-345473.7065088488,0.08034272244391832
1075000.0,1248881.4747310518,-173881.47473105183,0.16175020905214124
1671000.0,1396410.2455975001,274589.7544024999,0.1643266034724715
1100000.0,598955.4769845209,501044.5230154791,0.4554950209231628
490000.0,865218.5773743473,-375218.57737434725,0.7657521987231577
450000.0,1002686.8773473033,-552686.8773473033,1.2281930607717852
2411000.0,1739650.6235747875,671349.3764252125,0.27845266546047803
770000.0,1032569.9742762247,-262569.97427622473,0.34099996659249965
2900000.0,3022916.9994482333,-122916.99944823328,0.04238517222352872
1450000.0,2115486.4484272567,-665486.4484272567,0.4589561713291425
990000.0,355676.470268424,634323.529731576,0.640730838112703
515000.0,1285113.7422860567,-770113.7422860567,1.4953664898758383
1750000.0,2063926.0980893269,-313926.0980893269,0.17938634176532964
1650000.0,1141633.2997164063,508366.70028359373,0.3081010304749053
680000.0,907258.4994982746,-227258.49949827464,0.33420367573275683
1735000.0,1582264.2992067991,152735.70079320087,0.08803210420357399
1737000.0,1057458.426689867,679541.5733101331,0.39121564381700236
1150000.0,2134394.2335785506,-984394.2335785506,0.8559949857204788
1600000.0,2603508.06724924,-1003508.0672492399,0.6271925420307749
2499000.0,2844659.609322168,-345659.60932216793,0.13831917139742614
488000.0,1176460.4138677048,-688460.4138677048,1.4107795366141491
580000.0,1199530.479814557,-619530.4798145569,1.0681559996802705
580000.0,712419.8193934723,-132419.81939347228,0.22831003343702116
2720000.0,2988876.022460933,-268876.02246093284,0.09885147884593119
365000.0,590262.5540337121,-225262.55403371213,0.6171576822841428
855000.0,831113.6279348617,23886.372065138305,0.02793727726916761
700000.0,1234361.390477735,-534361.3904777351,0.763373414968193
450000.0,1475633.2231150167,-1025633.2231150167,2.279184940255593
690000.0,779400.5546117641,-89400.55461176415,0.1295660211764698
5750000.0,3497010.2631768472,2252989.7368231528,0.3918243020562005
3695000.0,3978711.832097091,-283711.8320970908,0.07678263385577558
589000.0,581905.6681174214,7094.331882578554,0.012044706082476321
518000.0,675220.0172043483,-157220.01720434835,0.3035135467265412
795000.0,881922.2295008146,-86922.22950081457,0.10933613773687367
553036.0,933493.514864183,-380457.51486418303,0.6879434880625909
5867505.0,3726877.592951086,2140627.407048914,0.36482753862994816
930000.0,854711.1990349204,75288.80096507957,0.08095569996245115
774000.0,734471.7712127175,39528.22878728248,0.0510700630326647
1590000.0,1287225.3139767556,302774.6860232444,0.19042433083222918
1400000.0,2181373.7727655284,-781373.7727655284,0.5581241234039489
2775000.0,1763900.8331285603,1011099.1668714397,0.36436006013385214
465000.0,450056.5823557847,14943.417644215282,0.032136382030570496
950000.0,1355763.6338818783,-405763.63388187834,0.42711961461250353
442000.0,719504.2838707712,-277504.2838707712,0.6278377463139619
475000.0,1035905.7667167115,-560905.7667167115,1.1808542457193925
500000.0,1206087.2687600588,-706087.2687600588,1.4121745375201176
580000.0,987437.0794925918,-407437.0794925918,0.7024777232630893
855000.0,535053.3323037586,319946.6676962414,0.37420662888449285
280000.0,614492.9286303916,-334492.9286303916,1.1946176022513986
608000.0,785344.2535853987,-177344.25358539866,0.2916846276075636
560000.0,794776.9510327126,-234776.9510327126,0.4192445554155582
424000.0,529819.4531527155,-105819.45315271546,0.24957418196395156
192000.0,448365.5134564955,-256365.51345649548,1.3352370492525807
465000.0,778902.7221359008,-313902.72213590075,0.6750596174965607
2025000.0,786834.2678705525,1238165.7321294476,0.6114398677182458
18500000.0,7589515.943237431,10910484.056762569,0.5897558949601388
1181065.0,2678136.0169177838,-1497071.0169177838,1.2675602248121685
1315000.0,991575.1645998652,323424.8354001348,0.24595044517120515
960000.0,970698.429932303,-10698.429932303028,0.011144197846148987
22500000.0,8817133.576883674,13682866.423116326,0.6081273965829478
580000.0,1138544.3258336491,-558544.3258336491,0.9630074583338778
625000.0,454329.4403751417,170670.55962485832,0.2730728953997733
717500.0,962749.0699259493,-245249.06992594933,0.3418105504194416
420000.0,516586.9631650655,-96586.9631650655,0.22996895991682265
1998000.0,1244478.1912065684,753521.8087934316,0.37713804243915494
3058000.0,1842094.997392229,1215905.002607771,0.39761445474420243
986515.0,747005.8106167978,239509.18938320223,0.2427831197530724
1190000.0,1274840.2084024567,-84840.20840245672,0.07129429277517371
838600.0,834093.958159423,4506.041840577032,0.005373291009512321
1800000.0,1244478.1912065684,555521.8087934316,0.308623227107462
5850000.0,3614964.3671028693,2235035.6328971307,0.38205737314480864
935000.0,766454.2494364823,168545.75056351768,0.18026283482729163
935000.0,847192.3882745964,87807.61172540358,0.09391188419829259
585000.0,735522.9798797856,-150522.97987978556,0.25730423911074457
1125000.0,912741.9361364448,212258.0638635552,0.1886738345453824
582000.0,705639.7085775328,-123639.70857753279,0.21243936181706666
1299000.0,2307794.4688223265,-1008794.4688223265,0.7765931245745392
615000.0,752522.4482818919,-137522.44828189188,0.22361373704372664
1135000.0,890292.9864890552,244707.0135109448,0.21560089296118484
635000.0,968302.3609767373,-333302.36097673734,0.5248856078373817
642005.0,857959.9857475611,-215954.9857475611,0.3363758627231269
345000.0,568788.3867113091,-223788.38671130908,0.6486619904675626
1225000.0,2096928.3398693309,-871928.3398693309,0.7117782366280252
5295000.0,10089212.756877646,-4794212.756877646,0.9054226169740597
745000.0,918757.2782127985,-173757.27821279853,0.2332312459232195
2160000.0,3028692.070057021,-868692.070057021,0.40217225465602824
450000.0,975552.3284288119,-525552.3284288119,1.1678940631751376
1733000.0,2052550.5408526475,-319550.5408526475,0.18439154117290682
883975.0,1513198.0001167327,-629223.0001167327,0.7118108545114202
1135000.0,987437.0794925918,147562.9205074082,0.13001138370696758
2300000.0,3484259.254203909,-1184259.254203909,0.5148953279147431
737500.0,1000085.8618196989,-262585.86181969894,0.356048626196202
442500.0,526587.8773088694,-84087.87730886939,0.19002910126298167
919900.0,1244478.1912065684,-324578.1912065684,0.35284073399996563
585000.0,1294455.662650711,-709455.6626507109,1.2127447224798478
859900.0,1341714.8097711112,-481814.80977111124,0.5603149317026529
759000.0,656316.0623089478,102683.93769105221,0.13528845545593177
3800000.0,1260015.0397600215,2539984.9602399785,0.6684170947999943
735000.0,878285.8025119022,-143285.80251190218,0.19494667008422065
1874000.0,1154701.706795978,719298.2932040221,0.38383046595732234
995000.0,744350.0425056941,250649.9574943059,0.2519095050194029
745000.0,820419.3265106324,-75419.32651063241,0.10123399531628512
565000.0,774941.6928456756,-209941.69284567563,0.3715782174259746
395000.0,876699.3154292947,-481699.3154292947,1.2194919377956828
860000.0,649594.6360279382,210405.36397206178,0.2446573999675137
788000.0,917682.0019126745,-129682.00191267452,0.16457106841709965
304000.0,712200.9865824697,-408200.98658246966,1.342766403231808
1130000.0,868003.2148843193,261996.78511568066,0.2318555620492749
533129.0,1094608.1829838431,-561479.1829838431,1.053176966520004
8500000.0,1606823.6647296795,6893176.335270321,0.8109619217965084
779000.0,815619.6141382677,-36619.6141382677,0.04700849054976598
1050000.0,1132707.5748768104,-82707.57487681042,0.07876911893029565
1249000.0,954030.9308926493,294969.06910735066,0.23616418663518868
1450000.0,1330183.8032636016,119816.19673639839,0.08263185981820578
1019276.0,1452305.1667579762,-433029.16675797617,0.42483995184618906
134000.0,460180.92136873753,-326180.92136873753,2.4341859803637127
460000.0,965853.7090885114,-505853.7090885114,1.0996819762793726
543000.0,1204513.6862470051,-661513.6862470051,1.2182572490736743
1625000.0,2651651.0489619123,-1026651.0489619123,0.6317852608996384
620000.0,787460.7586487031,-167460.7586487031,0.2700979978204889
400000.0,764779.9276059626,-364779.9276059626,0.9119498190149066
2145000.0,1807502.1350197364,337497.86498026364,0.1573416619954609
925000.0,1205101.76954341,-280101.76954341005,0.30281272383071356
825000.0,677565.2434666345,147434.75653336546,0.17870879579801874
120000.0,584212.6522046127,-464212.65220461274,3.8684387683717727
1455000.0,1080229.8248929412,374770.17510705884,0.2575740035100061
1202460.0,1117159.8620511843,85300.13794881571,0.07093802533873535
1265000.0,895095.1921454673,369904.80785453273,0.29241486786919585
2200000.0,2269575.45626265,-69575.45626264997,0.03162520739211362
1450000.0,1477812.1323147397,-27812.13231473975,0.019180780906717067
900000.0,756278.9550845472,143721.04491545283,0.1596900499060587
1000000.0,1098707.213145798,-98707.21314579807,0.09870721314579807
4015000.0,2496566.5475882436,1518433.4524117564,0.378190150040288
960000.0,775578.9100019634,184421.08999803662,0.19210530208128815
470000.0,1022286.6946841377,-552286.6946841377,1.1750780737960376
415000.0,892034.1436942918,-477034.1436942918,1.1494798643235948
460000.0,807680.409920365,-347680.40992036497,0.7558269780877499
1445000.0,1364169.9366158326,80830.06338416738,0.055937760127451476
2400000.0,1371508.2549751236,1028491.7450248764,0.42853822709369854
695000.0,647776.1443132873,47223.85568671266,0.06794799379383117
1258600.0,1456689.3343626952,-198089.33436269523,0.15738863369036646
810000.0,629005.6401415836,180994.35985841637,0.22344982698569923
505000.0,621320.7237995293,-116320.72379952925,0.2303380669297609
2850000.0,3023063.5592627344,-173063.55926273437,0.06072405588166118
575000.0,755744.5249792854,-180744.52497928543,0.31433830431180076
1655000.0,1347116.7139291724,307883.2860708276,0.1860321970216481
1090000.0,1521756.0480246888,-431756.04802468885,0.3961064660776962
2319000.0,2098603.6999129998,220396.30008700024,0.09503937045580002
1445000.0,1174611.6516078184,270388.34839218156,0.18711996428524677
365000.0,577822.3773078513,-212822.37730785133,0.5830750063228803
4225000.0,2445426.8017838085,1779573.1982161915,0.4212007569742465
250000.0,470232.46674327116,-220232.46674327116,0.8809298669730846
1765000.0,1057526.3184462911,707473.6815537089,0.4008349470559257
1557000.0,2278678.9871616745,-721678.9871616745,0.4635060932316471
897000.0,909916.8299065791,-12916.829906579107,0.014400033340667901
325000.0,487631.3172670875,-162631.31726708752,0.5004040531295001
1505000.0,1237348.343232084,267651.65676791593,0.17784163240393086
322000.0,622745.4031407291,-300745.40314072906,0.9339919352196555
720000.0,851765.6834220046,-131765.68342200457,0.18300789364167303
1600000.0,1244478.1912065684,355521.8087934316,0.22220113049589477
500000.0,884304.5513513845,-384304.5513513845,0.7686091027027689
540000.0,1740841.820136262,-1200841.820136262,2.2237811484004855
650000.0,541966.8075002817,108033.19249971828,0.16620491153802813
2400000.0,1056057.7399056416,1343942.2600943584,0.5599759417059826
787500.0,1082049.6809384583,-294549.6809384583,0.3740313408742328
1974000.0,936685.9555606706,1037314.0444393294,0.5254883710432267
6275000.0,6957650.947323427,-682650.9473234266,0.10878899558939069
2670000.0,1858681.905941342,811318.094058658,0.3038644547036172
1310000.0,1119487.745620021,190512.2543799791,0.14542920181677793
775000.0,955473.399893583,-180473.39989358303,0.23286890308849423
520990.0,1671686.980654619,-1150696.980654619,2.208673833767671
935000.0,959747.1787048046,-24747.178704804624,0.026467570807277675
1190000.0,1336207.6453563306,-146207.64535633055,0.1228635675263282
474000.0,1191724.1908671814,-717724.1908671814,1.5141860566818173
685000.0,677565.2434666345,7434.756533365464,0.010853659172796298
520000.0,965853.7090885114,-445853.7090885114,0.8574109790163681
1225000.0,1558519.9442683384,-333519.9442683384,0.2722611789945619
638000.0,965853.7090885114,-327853.7090885114,0.5138772869725884
850888.0,887087.8044872716,-36199.804487271584,0.042543559771993006
710000.0,937083.1769599271,-227083.17695992708,0.31983546050693956
2225000.0,1545153.2090499806,679846.7909500194,0.3055491195280986
510000.0,733497.4227756278,-223497.4227756278,0.4382302407365251
715000.0,1163872.7432141379,-448872.74321413785,0.6277940464533397
925000.0,1744456.9190796113,-819456.9190796113,0.8858993719779582
1370000.0,1083936.0636889043,286063.9363110957,0.2088057929278071
529900.0,640564.359122714,-110664.35912271403,0.2088400813789659
2925000.0,1248624.737758337,1676375.262241663,0.5731197477749275
821000.0,1135651.9637354957,-314651.9637354957,0.3832545234293492
329000.0,782670.7570949141,-453670.7570949141,1.3789384714131128
570000.0,626866.5881552276,-56866.5881552276,0.09976594413197824
280000.0,595331.4986847357,-315331.49868473574,1.1261839238740563
450000.0,566877.0128507417,-116877.01285074174,0.25972669522387054
975000.0,836160.4173416434,138839.58265835664,0.14239957195728886
1995000.0,1100394.9193314929,894605.0806685071,0.448423599332585
1047000.0,919650.1631506766,127349.83684932336,0.1216330819955333
1450000.0,1120861.3361324547,329138.6638675453,0.22699218197761745
1410000.0,701346.6654631892,708653.3345368108,0.5025910174019934
800000.0,1040013.1392477474,-240013.13924774737,0.3000164240596842
464000.0,767273.4519995452,-303273.4519995452,0.6536065775852268
4800000.0,683674.1237518735,4116325.8762481264,0.8575678908850264
1825000.0,1252661.5925287544,572338.4074712456,0.31361008628561404
355000.0,734686.6782168179,-379686.6782168179,1.0695399386389237
555000.0,1196316.046623595,-641316.0466235951,1.1555244083308018
1934000.0,1341714.8097711112,592285.1902288888,0.3062488057026312
780000.0,677990.5599218982,102009.44007810182,0.13078133343346388
1200000.0,1052218.3865270547,147781.6134729453,0.12315134456078775
460000.0,779847.009754329,-319847.009754329,0.6953195864224543
1810000.0,2190473.3536882075,-380473.35368820745,0.21020627275591572
26800.0,623461.0056975634,-596661.0056975634,22.263470361849382
305000.0,582485.7996929853,-277485.79969298525,0.9097895071901155
888000.0,760513.5812836965,127486.41871630354,0.14356578684268417
355000.0,550092.9040868328,-195092.90408683277,0.5495574763009374
680000.0,835744.8937856182,-155744.89378561825,0.22903660850826213
452772.0,851813.6157590108,-399041.6157590108,0.8813301523923979
900000.0,1198250.1042021168,-298250.10420211684,0.3313890046690187
537900.0,971433.1705549858,-433533.17055498576,0.8059735463004011
1285000.0,1284998.3536187815,1.6463812184520066,1.281230520196114e-06
695500.0,1222957.1555622783,-527457.1555622783,0.7583855579615792
425000.0,1068067.0008334578,-643067.0008334578,1.513098825490489
339000.0,574197.8061166527,-235197.80611665267,0.6937988381022203
404507.0,667101.7579244622,-262594.7579244622,0.6491723454092567
455122.0,838312.8483232146,-383190.84832321457,0.8419519344773809
360000.0,631919.33043669,-271919.33043669,0.75533147343525
438046.0,804399.5180302016,-366353.51803020155,0.8363357228012619
1200000.0,562018.2594638292,637981.7405361708,0.531651450446809
3180000.0,4453225.934475307,-1273225.9344753074,0.4003855139859457
985000.0,1146392.3365159829,-161392.33651598287,0.16385008783348515
730000.0,991553.3939033136,-261553.39390331355,0.358292320415498
612090.0,1156153.6572424509,-544063.6572424509,0.8888621889631441
643000.0,1174935.5947026403,-531935.5947026403,0.8272715314193473
851000.0,1055833.430694423,-204833.43069442292,0.24069733336594937
570000.0,475292.5836130958,94707.4163869042,0.16615336208228806
915000.0,894228.313266972,20771.686733028037,0.022701296975986926
420000.0,1017310.5840981572,-597310.5840981572,1.422168057376565
329000.0,670511.6908546943,-341511.69085469435,1.038029455485393
450000.0,914521.8062852724,-464521.80628527235,1.0322706806339386
885000.0,1867863.281942883,-982863.281942883,1.110579979596478
6555000.0,1699544.6706625463,4855455.3293374535,0.7407254506998403
100000.0,285000.911520727,-185000.91152072698,1.8500091152072697
1149000.0,845350.0830654528,303649.91693454725,0.2642732088203196
190000.0,559648.8538081995,-369648.8538081995,1.94552028320105
656000.0,743672.3626962211,-87672.3626962211,0.13364689435399557
700000.0,555778.7849419315,144221.2150580685,0.20603030722581217
799000.0,892714.6553203934,-93714.65532039339,0.11728993156494792
1775000.0,996823.2448209345,778176.7551790655,0.4384094395375017
1960000.0,2273654.010931329,-313654.01093132887,0.16002755659761678
565000.0,566669.7155399516,-1669.715539951576,0.0029552487432771253
765000.0,1272133.2497559395,-507133.24975593947,0.6629192807267182
3850000.0,2062198.19088639,1787801.80911361,0.46436410626327534
1270250.0,740592.0133785234,529657.9866214766,0.41697145177837164
1200000.0,1504869.5739390315,-304869.57393903146,0.2540579782825262
615000.0,1497380.5271850056,-882380.5271850056,1.4347650848536677
477750.0,632493.5821941576,-154743.58219415764,0.32390074765914734
740000.0,648154.5193211017,91845.48067889828,0.12411551443094362
1050000.0,861159.3673972313,188840.63260276872,0.1798482215264464
5995000.0,3054574.5946051804,2940425.4053948196,0.49047963392740945
529645.0,981456.244168464,-451811.244168464,0.8530454250837145
975000.0,750424.9808657108,224575.01913428924,0.23033335295824536
494990.0,902354.1691471874,-407364.1691471874,0.8229745432174133
445000.0,866065.9671096759,-421065.96710967587,0.946215656426238
1260000.0,2280968.940777313,-1020968.940777313,0.8102928101407246
725000.0,992010.048744534,-267010.048744534,0.36828972240625385
300000.0,853879.6775930778,-553879.6775930778,1.846265591976926
430000.0,578390.3222967931,-148390.3222967931,0.34509377278323977
660000.0,859683.1071746317,-199683.10717463167,0.30255016238580557
1260000.0,1075674.930594625,184325.06940537505,0.14628973762331354
418000.0,856329.2812106367,-438329.2812106367,1.0486346440445855
475000.0,831113.6279348617,-356113.6279348617,0.7497129009154984
650000.0,676724.9225023008,-26724.92250230082,0.0411152653881551
1299000.0,908128.7010836278,390871.29891637224,0.3009016927762681
980000.0,1272133.2497559395,-292133.24975593947,0.29809515281218313
2599000.0,2612907.953285247,-13907.953285247087,0.005351270983165482
480000.0,779698.3696408258,-299698.3696408258,0.624371603418387
1050000.0,1237348.343232084,-187348.34323208407,0.17842699355436578
182000.0,888467.3526604522,-706467.3526604522,3.881688750881606
555000.0,702760.3153846734,-147760.31538467342,0.26623480249490705
885000.0,596321.6156573597,288678.3843426403,0.3261902647939438
589000.0,724355.9918559556,-135355.99185595557,0.22980643778600265
615000.0,1090737.9326291047,-475737.9326291047,0.7735576140310646
725000.0,742740.5612043776,-17740.56120437756,0.024469739592244914
850000.0,819912.2518259782,30087.748174021835,0.03539735079296687
489150.0,755744.5249792854,-266594.52497928543,0.5450158948774106
502224.0,913399.3399986163,-411175.33999861625,0.8187090620890604
850000.0,924742.2451012519,-74742.24510125187,0.08793205306029632
2467500.0,1140206.377750474,1327293.622249526,0.5379102825732628
441000.0,1034613.6180126886,-593613.6180126886,1.3460626258791124
587339.0,1326308.2968551917,-738969.2968551917,1.2581648704669564
562029.0,1028497.1729086502,-466468.17290865025,0.8299717148201432
3455000.0,2834734.3780082082,620265.6219917918,0.17952695281962136
1300000.0,1064335.094443854,235664.90555614606,0.1812806965816508
699990.0,822584.1924685391,-122594.19246853911,0.17513706262737913
5250000.0,5441283.137930047,-191283.13793004677,0.036434883415247005
900000.0,1234361.390477735,-334361.3904777351,0.3715126560863723
335000.0,766502.6476478912,-431502.6476478912,1.2880676049190782
615000.0,644002.4759640953,-29002.475964095327,0.04715849750259403
780000.0,851208.0707874674,-71208.07078746741,0.09129239844547105
350000.0,879281.0830597571,-529281.0830597571,1.5122316658850203
10019375.0,4237900.72708268,5781474.27291732,0.5770294327657484
830000.0,789643.03949966,40356.96050033998,0.048622843976313224
332000.0,693683.6561737043,-361683.6561737043,1.0894086029328442
500000.0,712200.9865824697,-212200.98658246966,0.42440197316493933
755000.0,2514821.8543698476,-1759821.8543698476,2.3308898733375463
1650000.0,1490292.753064224,159707.24693577597,0.09679227087016726
775000.0,441621.2023227584,333378.7976772416,0.4301661905512795
325000.0,597318.1883236095,-272318.18832360953,0.8379021179187985
500000.0,1031863.2575380376,-531863.2575380376,1.0637265150760753
639990.0,1129199.9151610546,-489209.9151610546,0.7644024362272138
904960.0,876489.4260898505,28470.573910149513,0.03146058821400892
405000.0,947199.6922109227,-542199.6922109227,1.3387646721257351
500000.0,739127.3346879738,-239127.33468797384,0.4782546693759477
455000.0,829160.8431420056,-374160.8431420056,0.8223315233890234
539000.0,826209.5756982978,-287209.5756982978,0.5328563556554691
789453.0,1260414.2409523297,-470961.2409523297,0.5965665352495079
770000.0,824000.270478158,-54000.270478158025,0.07013022140020522
1500000.0,1695487.633481574,-195487.633481574,0.130325088987716
880000.0,1181502.6768297527,-301502.67682975275,0.34261667821562813
960000.0,947605.0862615405,12394.913738459465,0.012911368477561943
5550000.0,2944881.1109770588,2605118.8890229412,0.4693907908149444
225000.0,437692.4501250702,-212692.45012507017,0.9452997783336452
580000.0,1254768.5564464938,-674768.5564464938,1.1633940628387824
520000.0,574978.5093725801,-54978.5093725801,0.10572790263957711
1860000.0,1635182.0926525684,224817.90734743164,0.12086984265990948
855000.0,1408950.024449438,-553950.0244494381,0.6478947654379393
1200000.0,810762.0155537897,389237.9844462103,0.3243649870385086
995000.0,790809.1293456275,204190.8706543725,0.20521695543153015
810000.0,1025321.6619576775,-215321.66195767745,0.26582921229342893
815000.0,1442086.737793864,-627086.737793864,0.7694315801151705
440000.0,585735.9774373582,-145735.97743735823,0.33121813053945054
785000.0,1029595.3190470943,-244595.31904709432,0.311586393690566
5800000.0,4320547.429103457,1479452.5708965426,0.25507802946492114
415000.0,520982.4427367754,-105982.44273677538,0.2553793800886154
1475000.0,1523083.504853497,-48083.50485349703,0.032598986341353914
4550000.0,1777584.0090804347,2772415.9909195653,0.6093221958064978
1325000.0,1802368.887320913,-477368.8873209129,0.3602784055252173
925000.0,1597567.410215339,-672567.4102153389,0.7270999029355015
915000.0,679088.9931837078,235911.00681629218,0.25782623695769635
220000.0,730064.698930238,-510064.698930238,2.3184759042283547
850000.0,1011282.2524813871,-161282.2524813871,0.18974382644869073
700000.0,966449.80540943,-266449.80540942994,0.3806425791563285
475000.0,887846.4358942929,-412846.4358942929,0.8691503913564061
85000.0,359715.05098580895,-274715.05098580895,3.2319417763036347
400000.0,565051.0771499408,-165051.07714994077,0.4126276928748519
11150000.0,1122825.57069477,10027174.42930523,0.8992981550946394
725000.0,746876.0615615272,-21876.061561527196,0.03017387801589958
1715000.0,1218095.6534998734,496904.34650012664,0.28974014373185225
646500.0,807034.7709759861,-160534.77097598615,0.24831364420106133
360000.0,648260.3405240171,-288260.3405240171,0.8007231681222697
541900.0,1031111.2073223272,-489211.2073223272,0.9027702663264942
278000.0,677565.2434666345,-399565.24346663454,1.4372850484411315
527777.0,947995.703148393,-420218.70314839296,0.796205031951739
930000.0,1477786.667794676,-547786.667794676,0.5890179223598667
684000.0,1021801.0376956782,-337801.0376956782,0.49386116622175175
605000.0,1015723.3875669675,-410723.3875669675,0.6788816323420951
479000.0,560405.2884071507,-81405.28840715066,0.16994841003580513
880000.0,883286.6449130253,-3286.644913025317,0.0037348237648014964
1275000.0,1102103.0231593729,172896.97684062715,0.13560547203186443
655000.0,1171603.1933715728,-516603.19337157276,0.7887071654527829
1110100.0,693527.1941400245,416572.8058599755,0.3752570091523066
899900.0,1049162.278233323,-149262.278233323,0.1658654053042816
925000.0,828007.7178011609,96992.28219883912,0.1048565212960423
485000.0,585731.0138102107,-100731.01381021074,0.20769281197981596
1495000.0,2731079.4045859384,-1236079.4045859384,0.8268089662782196
3975000.0,2115511.9969809884,1859488.0030190116,0.46779572402994
1330000.0,1199530.479814557,130469.5201854431,0.09809738359807753
385000.0,691742.0211647802,-306742.02116478025,0.7967325225059227
740000.0,854330.191080536,-114330.191080536,0.15450025821694052
1993000.0,985176.0371285452,1007823.9628714548,0.5056818679736351
2100000.0,1336203.8577924194,763796.1422075806,0.36371244867027647
406000.0,676092.0934910879,-270092.0934910879,0.6652514618007092
3650000.0,1592048.2147295396,2057951.7852704604,0.5638224069234138
630000.0,627442.3922116151,2557.607788384892,0.0040596949021982414
1250000.0,885340.1343508544,364659.86564914556,0.29172789251931647
649000.0,688162.6382057013,-39162.63820570125,0.06034304808274461
1439000.0,1174611.6516078184,264388.34839218156,0.18373061041847225
765000.0,815526.597570855,-50526.597570855054,0.06604783996190203
1750000.0,594736.6017581914,1155263.3982418086,0.6601505132810335
439000.0,1127105.0609959483,-688105.0609959483,1.567437496573914
652000.0,1117344.573202383,-465344.573202383,0.7137186705558022
680000.0,1174517.2883325985,-494517.2883325985,0.7272313063714684
4790000.0,956010.9663206182,3833989.033679382,0.8004152471146935
615000.0,923161.9563283878,-308161.95632838784,0.5010763517534762
550000.0,647776.1443132873,-97776.14431328734,0.17777480784234062
729000.0,1729231.266354524,-1000231.2663545241,1.3720593502805543
900000.0,1138292.2827019764,-238292.28270197636,0.264769203002196
4750000.0,2889934.0265432894,1860065.9734567106,0.3915928365172022
1600000.0,1879108.8592881095,-279108.85928810947,0.17444303705506842
567000.0,662305.1456983238,-95305.14569832385,0.16808667671662053
1375000.0,3047785.8367565954,-1672785.8367565954,1.2165715176411602
13000000.0,5570757.188247748,7429242.811752252,0.5714802162886348
1125000.0,1333375.604298722,-208375.604298722,0.1852227593766418
690000.0,711166.1745411303,-21166.174541130313,0.030675615277000454
955000.0,1268593.2115669083,-313593.2115669083,0.328369855043883
451034.0,720029.9467071854,-268995.94670718536,0.5963983795172545
1105175.0,1242257.6271806133,-137082.62718061334,0.12403703230765566
590000.0,933319.946978854,-343319.946978854,0.5818982152183967
770000.0,1318372.8186377273,-548372.8186377273,0.7121724917373081
3208000.0,787100.1060216662,2420899.893978334,0.7546446053548422
555000.0,734770.2450789954,-179770.24507899536,0.32391035149368536
631000.0,1279368.783299515,-648368.783299515,1.0275258055459826
621039.0,953724.5047038455,-332685.5047038455,0.5356918079280778
935000.0,1027681.7738584984,-92681.77385849843,0.09912489182727105
1000000.0,961338.3290388345,38661.67096116545,0.03866167096116545
500000.0,576892.1999812254,-76892.19998122542,0.15378439996245083
630000.0,1141471.425731428,-511471.42573142797,0.8118594059229015
2454000.0,2752982.8632815867,-298982.8632815867,0.1218349076127085
163000.0,416312.1683344704,-253312.16833447042,1.554062382420064
1650000.0,976419.1717589427,673580.8282410573,0.4082308049945802
2995000.0,1801948.3499431557,1193051.6500568443,0.3983477963461918
701000.0,634934.417616454,66065.58238354605,0.09424476802217696
520000.0,727590.9551258855,-207590.95512588555,0.3992133752420876
950000.0,1041534.6020757627,-91534.6020757627,0.09635221271132915
6150000.0,1354439.7066039762,4795560.293396024,0.7797659013652072
750000.0,624264.6185413101,125735.38145868992,0.16764717527825324
1475000.0,654232.460990494,820767.539009506,0.556452568820004
2279000.0,1397780.0632338633,881219.9367661367,0.38666956417996345
355000.0,519170.3219255329,-164170.3219255329,0.4624516110578391
1500000.0,738051.8950844522,761948.1049155478,0.5079654032770319
382000.0,318317.3505810646,63682.64941893541,0.16670850633229164
950000.0,1179085.31176643,-229085.31176643004,0.2411424334383474
800000.0,870154.113601829,-70154.11360182904,0.0876926420022863
600000.0,715457.210984902,-115457.21098490199,0.19242868497483664
482000.0,533131.2232753617,-51131.2232753617,0.10608137608996203
850000.0,1425697.048165656,-575697.0481656559,0.6772906449007717
770000.0,1015272.380278674,-245272.38027867395,0.3185355588034727
1297500.0,1032601.4259579708,264898.5740420292,0.20416075070676626
400000.0,777895.2038249302,-377895.20382493024,0.9447380095623256
375000.0,736771.9271799128,-361771.9271799128,0.9647251391464341
610000.0,855640.9486246171,-245640.94862461707,0.402690079712487
845000.0,955200.8014981258,-110200.80149812577,0.130415149701924
4150000.0,2810321.7275193627,1339678.2724806373,0.3228140415615994
870000.0,723999.9854010153,146000.01459898474,0.1678161087344652
2575000.0,3289055.784574355,-714055.784574355,0.2773032173104291
1800000.0,2974357.8001526315,-1174357.8001526315,0.6524210000847953
786785.0,1291200.2474955656,-504415.24749556556,0.6411093850233107
785000.0,1150976.2050837646,-365976.2050837646,0.4662117262213562
392000.0,474482.0275061842,-82482.02750618418,0.21041333547495966
6600000.0,4655922.058100418,1944077.9418995818,0.2945572639241791
496500.0,515223.95504535624,-18723.95504535624,0.03771189334412133
700000.0,764895.8277857903,-64895.827785790316,0.09270832540827188
507992.0,988188.5567596682,-480196.55675966816,0.9452836988764944
517000.0,793511.6443477033,-276511.6443477033,0.5348387704984591
500000.0,1203705.308807487,-703705.3088074869,1.4074106176149739
1565000.0,989887.6188499306,575112.3811500694,0.36748394961665776
617000.0,901107.4151985398,-284107.41519853985,0.4604658269020095
4530000.0,1248734.8370339654,3281265.1629660344,0.724341095577491
1735000.0,2509366.3521201736,-774366.3521201736,0.44632066404620957
499999.0,991658.5076000645,-491659.5076000645,0.9833209818420927
1450000.0,2237400.120144808,-787400.1201448082,0.543034565617109
750000.0,691614.5096269924,58385.490373007604,0.07784732049734347
900000.0,909291.2373157664,-9291.237315766397,0.010323597017518218
3500000.0,1204211.443620591,2295788.556379409,0.655939587536974
535000.0,727172.4944501589,-192172.4944501589,0.3592009242059045
660000.0,919238.0251173022,-259238.0251173022,0.39278488654136695
419000.0,717240.7440123383,-298240.74401233834,0.7117917518194232
1050000.0,1127194.7795498746,-77194.7795498746,0.07351883766654724
1700000.0,759934.857507745,940065.142492255,0.5529794955836794
835000.0,744874.7458326237,90125.25416737632,0.1079344361285944
920000.0,1036263.6043697713,-116263.60436977132,0.12637348301062098
4600000.0,3433511.080315538,1166488.9196844618,0.2535845477574917
635000.0,455082.8322461957,179917.1677538043,0.2833341224469359
925000.0,985176.0371285452,-60176.03712854523,0.06505517527410296
550000.0,831045.4354500882,-281045.43545008823,0.5109917008183422
625000.0,709868.7390248134,-84868.7390248134,0.13578998243970145
750000.0,695904.1959338355,54095.804066164535,0.07212773875488605
240000.0,570207.8057507674,-330207.80575076735,1.3758658572948639
669000.0,733043.6055486471,-64043.605548647116,0.09573035209065339
520000.0,819830.8890378983,-299830.8890378983,0.5765978635344198
630000.0,707294.7987032855,-77294.79870328552,0.12269015667188177
497900.0,767386.1943770887,-269486.1943770887,0.541245620359688
2730000.0,3115462.226973311,-385462.22697331104,0.14119495493527878
618000.0,1155324.7716990137,-537324.7716990137,0.8694575593835172
740000.0,1163423.8865647386,-423423.8865647386,0.5721944413037008
1264000.0,998165.9393172265,265834.0606827735,0.2103117568692828
555000.0,1118025.763905482,-563025.7639054819,1.0144608358657332
650000.0,971872.4905735552,-321872.49057355523,0.4951884470362388
820000.0,1623539.2079380518,-803539.2079380518,0.9799258633390875
940000.0,1076144.688816792,-136144.6888167921,0.14483477533701286
830000.0,886510.7107342959,-56510.71073429589,0.06808519365577818
770000.0,935169.5248574261,-165169.52485742606,0.21450587643821567
807500.0,588865.8045816364,218634.19541836355,0.2707544215707289
817000.0,657208.6787174427,159791.32128255733,0.19558301258574948
4900000.0,1615042.6999990044,3284957.3000009954,0.670399448979795
735000.0,900230.564459698,-165230.56445969804,0.22480348906081365
748800.0,1187889.8407329794,-439089.84073297936,0.5863913471327181
740000.0,734105.4242963935,5894.575703606475,0.007965642842711453
495000.0,692998.9418005212,-197998.94180052122,0.3999978622232752
750000.0,1062758.5207799529,-312758.5207799529,0.4170113610399372
1775000.0,2190473.3536882075,-415473.35368820745,0.23406949503560984
690000.0,1287416.9513259018,-597416.9513259018,0.8658216685882635
667000.0,638242.4551061073,28757.544893892715,0.043114759960858645
450000.0,991259.7448765466,-541259.7448765466,1.2027994330589924
530000.0,760560.6369971106,-230560.63699711056,0.435020069805869
1925000.0,2014907.5337428164,-89907.53374281642,0.04670521233393061
545000.0,570670.5710852682,-25670.571085268166,0.04710196529407003
639000.0,1293141.0848163003,-654141.0848163003,1.0236949684136154
610000.0,1139836.2809645827,-529836.2809645827,0.8685840671550535
417000.0,782670.7570949141,-365670.7570949141,0.8769082903954775
342500.0,575916.2164250454,-233416.2164250454,0.6815072012410085
697694.0,1239234.6773163301,-541540.6773163301,0.7761865191851014
615000.0,1346770.9685755582,-731770.9685755582,1.1898714936187937
1260000.0,854513.3544843458,405486.64551565424,0.321814798028297
800000.0,888092.7067688957,-88092.70676889573,0.11011588346111967
1295000.0,2277801.391371284,-982801.3913712841,0.758919993336899
1215000.0,1569421.0724485684,-354421.0724485684,0.2917045863774226
470000.0,726677.3734856539,-256677.3734856539,0.5461220712460721
850000.0,793333.0917931839,56666.908206816064,0.0666669508315483
340000.0,506385.2839352167,-166385.28393521672,0.48936848216240214
5000000.0,4138207.058025342,861792.941974658,0.17235858839493162
1307415.0,1522840.2261348725,-215425.22613487253,0.16477187896335327
600000.0,917682.0019126745,-317682.0019126745,0.5294700031877909
950000.0,761266.8597508483,188733.14024915174,0.19866646342015973
374000.0,517636.93177588086,-143636.93177588086,0.3840559673151895
1288000.0,2612706.354641647,-1324706.354641647,1.0284987225478626
420000.0,498159.28301445005,-78159.28301445005,0.18609353098678583
790000.0,542483.3777899342,247516.62221006583,0.3133121800127416
373000.0,611655.7341245458,-238655.73412454582,0.6398277054277368
660000.0,794713.5227286657,-134713.52272866573,0.20411139807373596
890000.0,590066.6754054541,299933.3245945459,0.33700373549948975
600000.0,923781.9522372506,-323781.95223725063,0.5396365870620844
299000.0,666857.5219202255,-367857.52192022547,1.2302927154522592
607000.0,836602.213602244,-229602.21360224404,0.37825735354570683
409500.0,920438.7959592377,-510938.79595923773,1.247713787446246
387000.0,1027909.0121977871,-640909.0121977871,1.6560956387539718
125000.0,424044.9061752809,-299044.9061752809,2.392359249402247
912150.0,761722.2904233476,150427.70957665239,0.16491553974308215
649990.0,1105597.9936674482,-455607.9936674482,0.7009461586600535
770000.0,1167607.1889818208,-397607.18898182083,0.5163729727036634
75000.0,303299.0571315978,-228299.05713159777,3.0439874284213038
520000.0,712060.8529470277,-192060.85294702766,0.36934779412889934
680000.0,816019.5081459114,-136019.5081459114,0.20002868844986968
1710000.0,2196296.528794123,-486296.52879412286,0.28438393496732334
1125000.0,852685.238214081,272314.76178591896,0.24205756603192796
415000.0,653157.2192625215,-238157.21926252148,0.5738728175000518
3288000.0,5778291.826082651,-2490291.8260826506,0.7573880249643098
530000.0,923955.3197220204,-393955.3197220204,0.7433119240038121
450000.0,814423.0102587942,-364423.0102587942,0.8098289116862093
410000.0,819529.8333492517,-409529.83334925165,0.9988532520713455
880000.0,1184289.1551293284,-304289.15512932837,0.34578313082878226
487500.0,1409367.564923226,-921867.5649232259,1.8910103895861043
640000.0,954406.7813911847,-314406.78139118466,0.491260595923726
415000.0,698510.5548804539,-283510.55488045386,0.6831579635673587
465000.0,659344.9159929934,-194344.9159929934,0.41794605589891054
480000.0,475387.68742418924,4612.3125758107635,0.009608984532939091
2300000.0,3005203.836818142,-705203.8368181419,0.3066103638339747
550000.0,1484440.9345052773,-934440.9345052773,1.6989835172823224
580000.0,780013.256324291,-200013.256324291,0.34485044193843273
928000.0,1282126.4029146067,-354126.40291460673,0.38160172727867103
550500.0,901850.5122834948,-351350.5122834948,0.6382388960644774
325000.0,601869.0635922451,-276869.0635922451,0.8519048110530618
946000.0,1029222.1561882668,-83222.15618826682,0.08797268096011292
715000.0,1127194.7795498746,-412194.7795498746,0.5764961951746498
1150000.0,642640.8001913733,507359.19980862667,0.44118191287706665
900000.0,1283182.634069903,-383182.63406990306,0.42575848229989227
1115000.0,1489440.358751359,-374440.35875135893,0.3358209495527883
415000.0,644862.9322924626,-229862.93229246256,0.5538865838372592
629990.0,1129199.9151610546,-499209.9151610546,0.792409268656732
1350000.0,1005833.7315346608,344166.2684653392,0.254937976640992
1685000.0,1115732.865721415,569267.134278585,0.3378439966045015
410000.0,602993.5202422348,-192993.5202422348,0.470715903029841
355000.0,767042.5650049997,-412042.56500499975,1.1606832817042247
1245000.0,1107357.4937284524,137642.50627154764,0.11055622993698605
1595000.0,1207428.309728926,387571.69027107395,0.2429916553423661
835000.0,697728.6088220311,137271.39117796894,0.16439687566223823
649900.0,962131.7632504816,-312231.76325048157,0.4804304712270835
499000.0,728383.4123675185,-229383.41236751853,0.45968619712929565
17750000.0,5707164.693045826,12042835.306954175,0.6784695947579817
735000.0,710025.8274592485,24974.17254075152,0.0339784660418388
600000.0,653200.6496135183,-53200.64961351827,0.08866774935586377
538790.0,1063515.5364168477,-524725.5364168477,0.9738962052318115
584900.0,1200299.049213446,-615399.049213446,1.0521440403717661
1215000.0,1112703.2114269636,102296.78857303644,0.08419488771443329
649988.0,999497.3785171029,-349509.3785171029,0.5377166632570185
626000.0,657544.8429427742,-31544.84294277418,0.05039112291177984
265000.0,454818.530831826,-189818.53083182598,0.7162963427616075
1600000.0,1625285.9402873134,-25285.940287313424,0.01580371267957089
700000.0,961237.1446356433,-261237.14463564334,0.3731959209080619
709900.0,691614.5096269924,18285.490373007604,0.02575783965770898
1745000.0,1233748.024819977,511251.9751800229,0.29298107460173234
185000.0,555368.7414174028,-370368.74141740275,2.0019931968508256
845000.0,779698.3696408258,65301.63035917422,0.07728003592801683
635000.0,937530.7678072993,-302530.7678072993,0.47642640599574687
732574.0,1510813.8057603082,-778239.8057603082,1.0623360995070916
550000.0,1320133.6362387168,-770133.6362387168,1.4002429749794851
239750.0,545428.6060773804,-305678.60607738036,1.2749889721684269
1145000.0,987945.5908320758,157054.4091679242,0.13716542285408226
1900000.0,3321570.0191276083,-1421570.0191276083,0.7481947469092675
1414304.0,1583299.0370984587,-168995.03709845874,0.1194898954527872
353000.0,762401.4584379608,-409401.4584379608,1.1597775026571129
2500000.0,7102792.37044593,-4602792.37044593,1.8411169481783722
354000.0,627767.5058877424,-273767.5058877424,0.7733545364060519
947000.0,1092875.6352395788,-145875.63523957878,0.15403974154126587
10700000.0,5567048.433513382,5132951.566486618,0.4797150996716465
1600000.0,717758.0880375733,882241.9119624267,0.5514011949765167
480000.0,774594.7978226207,-294594.7978226207,0.6137391621304599
1675000.0,1891610.024660981,-216610.02466098103,0.12931941770804836
700000.0,825727.3638509607,-125727.36385096074,0.17961051978708678
485000.0,837292.9435669449,-352292.9435669449,0.7263772032308142
589650.0,875040.1808218535,-285390.18082185346,0.4839992891068489
918083.0,1096578.9404360834,-178495.94043608336,0.19442244376171147
445000.0,460063.1286166713,-15063.12861667131,0.03384972722847485
703990.0,1598260.8281287313,-894270.8281287313,1.2702891065622115
404500.0,468709.58518997155,-64209.58518997155,0.1587381586896701
330000.0,682633.7109422459,-352633.7109422459,1.0685870028552906
760000.0,1042302.955721549,-282302.955721549,0.37145125752835395
560000.0,707267.9420815504,-147267.94208155037,0.26297846800276853
428000.0,749972.3628071626,-321972.3628071626,0.7522718757176695
754000.0,934510.1337567492,-180510.13375674922,0.2394033604200918
510000.0,1060978.9802356844,-550978.9802356844,1.080350941638597
910000.0,1043239.4597806155,-133239.45978061552,0.14641698876990716
607000.0,922150.9412707915,-315150.94127079146,0.5191943019288162
452000.0,437692.4501250702,14307.549874929828,0.03165387140471201
725000.0,933832.8375617523,-208832.8375617523,0.2880452931886239
295000.0,654086.8964158667,-359086.8964158667,1.217243716663955
650000.0,876376.8164129246,-226376.81641292456,0.34827202525065315
5250000.0,7934741.075359155,-2684741.0753591554,0.5113792524493629
2725000.0,1387489.537831395,1337510.462168605,0.49082952740132296
299500.0,758182.4375371723,-458682.43753717234,1.5314939483711931
445000.0,538947.1368141397,-93947.13681413967,0.21111716138008915
654000.0,736003.0795758724,-82003.0795758724,0.12538697182855107
6600000.0,1779086.888809039,4820913.111190961,0.730441380483479
1390000.0,1728597.9353367784,-338597.9353367784,0.2435956369329341
840000.0,2192806.6980219427,-1352806.6980219427,1.6104841643118366
420000.0,471886.76178997546,-51886.761789975455,0.12353990902375109
530000.0,734873.628660274,-204873.62866027397,0.3865540163401396
999000.0,1566813.1308881626,-567813.1308881626,0.5683815124005632
1170000.0,805752.6204366914,364247.37956330855,0.31132254663530645
379999.0,551209.4576441555,-171210.45764415548,0.45055502157678173
635000.0,875304.9690833255,-240304.96908332547,0.3784330221784653
755000.0,1145379.4722298486,-390379.4722298486,0.5170589036156935
1019764.0,1124585.3337217318,-104821.33372173179,0.10278979618983587
1700000.0,611900.3770986017,1088099.6229013982,0.6400586017067048
725000.0,771633.6554315786,-46633.655431578634,0.06432228335390157
810000.0,969906.7879529045,-159906.78795290447,0.19741578759617837
680000.0,663480.4766179747,16519.523382025305,0.024293416738272507
935000.0,1181835.927400659,-246835.92740065907,0.26399564427877975
985000.0,922453.480188586,62546.51981141395,0.06349900488468421
1000000.0,955711.155673183,44288.844326816965,0.04428884432681696
460000.0,1010331.9362224517,-550331.9362224517,1.1963737743966343
1150000.0,1331685.4673015112,-181685.4673015112,0.1579873628708793
275000.0,636346.7965110095,-361346.79651100945,1.3139883509491253
477835.0,950700.0949542323,-472865.09495423234,0.98959911884695
425000.0,694993.656071433,-269993.656071433,0.6352791907563129
2050000.0,1550178.8218452036,499821.17815479636,0.24381520885599822
215000.0,324854.8502224704,-109854.85022247041,0.5109527917324205
650000.0,925035.8975039189,-275035.89750391885,0.423132150006029
850000.0,1237125.1355304306,-387125.1355304306,0.4554413359181536
375000.0,1034667.439616398,-659667.439616398,1.7591131723103945
62700.0,524720.2093814363,-462020.20938143635,7.368743371314774
1400000.0,1293141.0848163003,106858.91518369969,0.0763277965597855
332500.0,442634.72599355894,-110134.72599355894,0.3312322586272449
760000.0,1427783.1774334835,-667783.1774334835,0.8786620755703731
785000.0,924742.2451012519,-139742.24510125187,0.17801559885509793
384070.0,824033.77947284,-439963.77947284,1.1455301884365872
545000.0,756195.1655348442,-211195.16553484416,0.3875140652015489
480000.0,706900.2750067174,-226900.27500671742,0.47270890626399464
535000.0,971377.9388293352,-436377.93882933515,0.8156596987464209
319000.0,781799.934651095,-462799.93465109495,1.4507834942040594
820000.0,917304.6650926487,-97304.6650926487,0.11866422572274232
1280000.0,951240.6179842327,328759.3820157673,0.2568432671998182
593000.0,1402852.9071393695,-809852.9071393695,1.3656878703867952
990000.0,1018144.0186684818,-28144.018668481847,0.028428301685335198
4459500.0,3805882.9889752003,653617.0110247997,0.14656733064800978
778735.0,1542416.8577724968,-763681.8577724968,0.9806697500080217
890000.0,937151.2579408755,-47151.25794087548,0.052978941506601665
545000.0,563815.9011153239,-18815.901115323883,0.034524589202429144
1359000.0,702487.6769398513,656512.3230601487,0.4830848587639064
424900.0,936581.1423035779,-511681.14230357786,1.204238979297665
825000.0,838944.0623268324,-13944.062326832442,0.01690189372949387
520000.0,567903.2454388812,-47903.24543888122,0.09212162584400234
560000.0,1002726.7328547501,-442726.7328547501,0.7905834515263395
385000.0,654648.4279188886,-269648.4279188886,0.7003855270620484
443000.0,999777.8072778981,-556777.8072778981,1.2568347794083479
2800000.0,1804948.8509106375,995051.1490893625,0.355375410389058
440000.0,1070716.6090933718,-630716.6090933718,1.4334468388485722
1749000.0,1384122.0003781975,364877.9996218025,0.20862092602733132
254000.0,511937.69839537505,-257937.69839537505,1.0155027495880908
290000.0,1514739.49525403,-1224739.49525403,4.223239638807
718000.0,795325.5400787862,-77325.5400787862,0.10769573827128998
365000.0,919269.7526192651,-554269.7526192651,1.5185472674500413
815000.0,1086940.7141501321,-271940.71415013215,0.3336695879142726
285000.0,762395.3429009567,-477395.34290095675,1.6750713785998483
632900.0,755361.5351034822,-122461.5351034822,0.19349270833225185
1102000.0,1254252.05308333,-152252.05308332993,0.13815975778886563
2470000.0,1160311.1576667195,1309688.8423332805,0.5302383977057815
130000.0,720377.6914273555,-590377.6914273555,4.541366857133504
800000.0,1052924.742936242,-252924.7429362419,0.3161559286703024
2050000.0,838042.1965025249,1211957.803497475,0.5911989285353537
345000.0,384747.60607530386,-39747.60607530386,0.11521045239218511
490000.0,526357.7176313092,-36357.71763130918,0.07419942373736567
1285000.0,1413612.9892873978,-128612.98928739782,0.10008792940653527
315000.0,700725.5130442032,-385725.51304420317,1.2245254382355657
2050000.0,2465835.782244719,-415835.7822447191,0.20284672304620444
340000.0,563815.9011153239,-223815.90111532388,0.6582820621038937
401700.0,526587.8773088694,-124887.87730886939,0.3108983751776684
1050000.0,743335.6937435779,306664.3062564221,0.2920612440537353
523000.0,661019.762001492,-138019.76200149197,0.26390011854969786
1175000.0,506567.95058701275,668432.0494129872,0.5688783399259465
430000.0,364688.7460014693,65311.25399853068,0.1518866372058853
2290000.0,2309912.6667807037,-19912.6667807037,0.008695487677163188
675000.0,676253.0605580382,-1253.0605580381816,0.0018563860119084172
645000.0,955711.155673183,-310711.15567318304,0.4817227219739272
865000.0,918220.3223296042,-53220.32232960418,0.0615263841960742
610000.0,756942.4756218519,-146942.47562185186,0.2408893042981178
545000.0,1040176.8907851331,-495176.8907851331,0.9085814509818956
549000.0,940599.2331130678,-391599.2331130678,0.71329550658118
611000.0,596605.7059567326,14394.294043267379,0.023558582722205203
1410250.0,955103.4572653079,455146.5427346921,0.3227417427652488
665000.0,990332.3317951142,-325332.3317951142,0.4892215515716003
400000.0,1011172.4503371366,-611172.4503371366,1.5279311258428416
990000.0,1050309.9122849007,-60309.91228490067,0.06091910331808148
525000.0,810762.0155537897,-285762.0155537897,0.5443086010548375
530000.0,855901.3637090594,-325901.3637090594,0.6149082334133197
1500000.0,1157128.8411445655,342871.1588554345,0.22858077257028966
763000.0,759337.9385900483,3662.0614099516533,0.0047995562384687464
630000.0,1062944.3000744805,-432944.3000744805,0.6872131747213975
2100000.0,2667917.895307173,-567917.895307173,0.27043709300341573
4850000.0,2544838.607429068,2305161.392570932,0.47529100877751174
5299000.0,6049982.184339157,-750982.1843391573,0.1417214916661931
775000.0,967748.2732086263,-192748.2732086263,0.2487074493014533
1260000.0,1093955.9777195635,166044.02228043647,0.13178097006383846
4450000.0,1668792.6555711133,2781207.3444288867,0.6249904144784015
225000.0,622705.9146515934,-397705.9146515934,1.7675818428959709
562000.0,913519.058804719,-351519.058804719,0.625478752321564
750000.0,746025.2028374556,3974.797162544448,0.005299729550059264
530000.0,854181.3463076034,-324181.3463076034,0.6116629175615159
390000.0,576984.1356465475,-186984.13564654754,0.4794465016578142
960000.0,706788.2369215653,253211.76307843474,0.2637622532067029
360000.0,533264.0285715112,-173264.02857151115,0.48128896825419765
455000.0,1191075.6950927195,-736075.6950927195,1.6177487804235593
695000.0,802810.6607093984,-107810.66070939845,0.15512325281927836
650000.0,1196559.3539444422,-546559.3539444422,0.8408605445299111
399999.0,476101.5431743037,-76102.54317430372,0.19025683357784323
260000.0,442013.48327245924,-182013.48327245924,0.7000518587402279
380000.0,636529.6870910322,-256529.68709103216,0.6750781239237689
585000.0,977563.2427594675,-392563.24275946745,0.6710482782213119
150000.0,360342.73234594427,-210342.73234594427,1.4022848823062952
573800.0,749972.3628071626,-176172.36280716257,0.3070274709082652
670000.0,1235828.2824350575,-565828.2824350575,0.8445198245299365
3300000.0,3329996.7410609247,-29996.741060924716,0.00908992153361355
2690000.0,5140332.035838497,-2450332.035838497,0.9109041025421921
360000.0,536673.9262654324,-176673.92626543238,0.4907609062928677
1885000.0,1162986.8526632676,722013.1473367324,0.38303084739349197
250000.0,437692.4501250702,-187692.45012507017,0.7507698005002806
522242.0,855339.9787182381,-333097.97871823807,0.637823037439038
775000.0,730966.7830936223,44033.2169063777,0.05681705407274541
204800.0,610995.2489930701,-406195.2489930701,1.9833752392239752
600000.0,765637.5370668678,-165637.5370668678,0.276062561778113
185000.0,491137.2405767475,-306137.2405767475,1.6547958950094461
525000.0,809376.4345664927,-284376.4345664927,0.5416693991742718
835000.0,765113.2621313862,69886.7378686138,0.08369669205822011
1825000.0,1689763.479437177,135236.52056282293,0.07410220304812215
590362.0,1011812.8287863081,-421450.82878630806,0.7138854275619163
765000.0,1081333.988567954,-316333.98856795393,0.41350848178817506
584000.0,647619.3131517044,-63619.31315170438,0.10893718005428832
622000.0,533580.6580753805,88419.34192461951,0.14215328283700887
485000.0,544908.3726862518,-59908.372686251765,0.12352241790979746
3268000.0,2518632.7081431886,749367.2918568114,0.22930455687172932
450000.0,1143535.499448164,-693535.4994481639,1.5411899987736977
880000.0,990927.0602655562,-110927.06026555621,0.1260534775744957
310000.0,901715.8463883857,-591715.8463883857,1.9087607948012444
337000.0,687339.6638100857,-350339.66381008574,1.039583572136753
1078325.0,1715620.6981166392,-637295.6981166392,0.5910052146770586
825000.0,1215548.5991948233,-390548.5991948233,0.4733922414482707
665000.0,915340.0284526644,-250340.02845266438,0.37645117060551037
887500.0,1506093.1163073182,-618593.1163073182,0.697006328233598
458000.0,746015.674239218,-288015.674239218,0.6288551839284235
3825000.0,3025865.789379004,799134.2106209961,0.20892397663294016
342000.0,629807.2366531916,-287807.2366531916,0.8415416276409111
320000.0,966146.7702474277,-646146.7702474277,2.0192086570232117
315000.0,757605.4037957023,-442605.40379570227,1.4050965199863563
6500000.0,11302085.290705409,-4802085.290705409,0.7387823524162167
1120000.0,700013.0406265282,419986.9593734718,0.37498835658345697
1255000.0,1679805.8903844648,-424805.89038446476,0.33849074931033046
495000.0,586085.717575752,-91085.71757575194,0.18401155065808472
290000.0,552189.3912868118,-262189.3912868118,0.9041013492648683
735000.0,1125518.6262284946,-390518.62622849457,0.5313178588142783
1050000.0,375833.51061253157,674166.4893874684,0.6420633232261604
865000.0,820110.1394943505,44889.86050564947,0.05189579249208031
885000.0,687075.8496726087,197924.15032739134,0.2236431077145665
570000.0,677565.2434666345,-107565.24346663454,0.18871095345023603
830000.0,739728.8013501421,90271.19864985789,0.10876048030103361
450000.0,521825.9026177289,-71825.90261772892,0.15961311692828647
495000.0,904319.0483297417,-409319.0483297417,0.8269071683429126
1210000.0,1959670.7699179153,-749670.7699179153,0.6195626197668722
445000.0,638101.8577344932,-193101.8577344932,0.4339367589539173
1300000.0,960440.5346725606,339559.46532743936,0.2611995887134149
1225000.0,1489440.358751359,-264440.35875135893,0.21586968061335424
640000.0,1101370.6533716903,-461370.6533716903,0.7208916458932662
495000.0,715232.3931293185,-220232.3931293185,0.44491392551377473
345000.0,559714.2836575503,-214714.28365755035,0.6223602424856531
325000.0,496264.72196590726,-171264.72196590726,0.5269683752797146
2625000.0,1399779.7128393485,1225220.2871606515,0.4667505855850101
1735000.0,1140580.3091094506,594419.6908905494,0.34260500915881814
610000.0,934615.7967816298,-324615.7967816298,0.5321570439043112
2550000.0,3018411.3123170775,-468411.31231707754,0.18369071071257942
715000.0,1130218.7273075427,-415218.7273075427,0.5807254927378219
900000.0,935169.5248574261,-35169.52485742606,0.03907724984158451
1600000.0,1207886.0256302122,392113.97436978784,0.2450712339811174
1410205.0,1405272.1344548608,4932.865545139182,0.0034979776310105144
690000.0,757461.3241834748,-67461.32418347476,0.09777003504851414
554000.0,875707.8731704515,-321707.8731704515,0.5807001320766273
615000.0,1433210.040161449,-818210.040161449,1.3304228295308114
615000.0,917682.0019126745,-302682.0019126745,0.49216585676857644
1874500.0,3331851.550318589,-1457351.550318589,0.7774614832321094
700000.0,1283496.8160700893,-583496.8160700893,0.8335668801001277
335000.0,510305.80040916847,-175305.80040916847,0.5233008967437864
2575000.0,2317865.1399472863,257134.86005271366,0.09985819807872374
2390000.0,2107757.449551788,282242.55044821184,0.11809311734234805
835000.0,598564.4491074167,236435.55089258333,0.2831563483743513
830000.0,705121.4600271601,124878.53997283988,0.1504560722564336
4200000.0,3833603.231131036,366396.76886896417,0.08723732592118194
439900.0,627502.1302846897,-187602.13028468972,0.4264654018747209
725000.0,530274.6896211134,194725.31037888664,0.2685866350053609
410000.0,452317.8259959306,-42317.82599593059,0.10321420974617217
899000.0,1131049.4074179018,-232049.4074179018,0.2581194743246961
2950000.0,3895338.8589467946,-945338.8589467946,0.32045385049043884
799900.0,1633222.275494935,-833322.275494935,1.0417830672520751
1195000.0,474482.0275061842,720517.9724938158,0.6029439100366659
380000.0,595014.5079618633,-215014.5079618633,0.5658276525312192
1154974.0,1360326.329615758,-205352.32961575803,0.17779822715988242
1750000.0,1214616.4320775107,535383.5679224893,0.30593346738427957
1112000.0,699877.2371648252,412122.7628351748,0.37061399535537304
545000.0,827933.153964184,-282933.153964184,0.519143401769145
1210000.0,3863395.373058996,-2653395.373058996,2.192888738065286
428000.0,765640.9812657934,-337640.98126579344,0.7888807973499846
600000.0,731276.9220930124,-131276.92209301237,0.2187948701550206
430000.0,623721.8424179759,-193721.8424179759,0.45051591259994395
1063500.0,770474.6186078696,293025.3813921304,0.27552927258310334
452500.0,597405.9626198667,-144905.9626198667,0.32023417153561706
1500000.0,1419744.2631096756,80255.73689032439,0.0535038245935496
640000.0,758834.6947371117,-118834.69473711168,0.185679210526737
1965000.0,1442237.7727104267,522762.2272895733,0.2660367568903681
420000.0,664118.5817792069,-244118.58177920687,0.5812347185219211
309000.0,545428.6060773804,-236428.60607738036,0.7651411199915222
3435000.0,1339518.3578790247,2095481.6421209753,0.6100383237615649
790000.0,715232.3931293185,74767.60687068151,0.09464254034263482
505000.0,686293.6508402379,-181293.65084023785,0.3589973283965106
2205100.0,2091813.4847745232,113286.51522547682,0.051374774488901556
575000.0,1243561.917117702,-668561.9171177021,1.1627163775960037
2554000.0,1080057.2651891243,1473942.7348108757,0.5771114858304134
875000.0,1039991.9194010786,-164991.9194010786,0.1885621936012327
550000.0,488673.5709159042,61326.42908409581,0.11150259833471966
637000.0,789844.5195710916,-152844.51957109163,0.2399443007395473
1270000.0,2964324.0248521143,-1694324.0248521143,1.3341134053953656
1700000.0,1341714.8097711112,358285.19022888876,0.2107559942522875
1240000.0,1218887.3088912985,21112.691108701518,0.017026363797339933
399000.0,583277.3818333487,-184277.38183334866,0.4618480747702974
875000.0,821319.1358697844,53680.8641302156,0.06134955900596069
1280000.0,699675.7912125508,580324.2087874492,0.45337828811519465
1950000.0,826593.4478298007,1123406.5521701993,0.5761059241898459
896000.0,854670.5834282858,41329.41657171422,0.04612658099521676
497000.0,998626.15502444,-501626.15502444,1.0093081590028974
599900.0,1209729.0259625409,-609829.0259625409,1.016551135126756
600000.0,830590.8206964051,-230590.82069640514,0.38431803449400853
314000.0,460180.92136873753,-146180.92136873753,0.4655443355692278
1700000.0,1208414.274013246,491585.72598675406,0.28916807410985534
270000.0,515752.68012246623,-245752.68012246623,0.9101951115646898
4100000.0,2649506.9515421726,1450493.0484578274,0.35377879230678716
1660000.0,1292150.4651405644,367849.53485943563,0.2215961053370094
520000.0,1032822.9832862294,-512822.9832862294,0.9861980447812104
265000.0,635221.6704891121,-370221.67048911215,1.3970629075060836
350000.0,480635.10899544874,-130635.10899544874,0.373243168558425
340000.0,764792.642707882,-424792.642707882,1.2493901256114175
895000.0,724064.012137752,170935.98786224797,0.1909899305723441
747290.0,1351607.5552941612,-604317.5552941612,0.8086787663345705
340000.0,499591.07448244444,-159591.07448244444,0.4693855131836601
615000.0,987918.6351485326,-372918.6351485326,0.6063717644691586
1030000.0,947651.0060398105,82348.99396018952,0.07995047957299953
835000.0,1974129.3138088908,-1139129.3138088908,1.36422672312442
850000.0,858461.0388285015,-8461.038828501478,0.009954163327648797
862000.0,1524910.1954997957,-662910.1954997957,0.7690373497677444
395000.0,909171.8163831311,-514171.8163831311,1.301700800969952
614500.0,1382050.729227386,-767550.729227386,1.2490654666027436
794990.0,1155409.5584529976,-360419.5584529976,0.45336363784827177
448000.0,1022939.5924048751,-574939.5924048751,1.2833473044751675
593000.0,732101.0990404822,-139101.0990404822,0.2345718364932246
970000.0,1050599.7506253826,-80599.75062538264,0.08309252641792025
2999000.0,2473510.314428813,525489.6855711872,0.17522163573564095
269000.0,475940.60335980845,-206940.60335980845,0.7692959232706633
682491.0,747663.5201738268,-65172.52017382684,0.09549213128645921
705000.0,795010.599721995,-90010.59972199495,0.1276746095347446
669000.0,708459.263552292,-39459.26355229202,0.058982456729883434
170000.0,521165.6200153948,-351165.6200153948,2.0656801177376165
190000.0,300934.7797928374,-110934.77979283739,0.5838672620675652
765000.0,1110620.7006331,-345620.7006331,0.45179176553346406
1722708.0,2137699.63960142,-414991.63960142015,0.24089493959592695
820095.0,1053547.7611958326,-233452.76119583263,0.28466550972244997
1848570.0,2171459.6238188627,-322889.6238188627,0.17466994694215676
2120000.0,2608348.441422633,-488348.4414226329,0.2303530384069023
790000.0,1342754.9436788333,-552754.9436788333,0.6996898021251055
588000.0,1001279.3329001741,-413279.3329001741,0.7028560083336294
750000.0,810901.3008185264,-60901.30081852642,0.0812017344247019
3300000.0,1475524.3284023742,1824475.6715976258,0.5528714156356442
750000.0,1688814.953772341,-938814.9537723409,1.2517532716964546
835888.0,1340384.118935628,-504496.1189356281,0.6035451148187653
1630000.0,1107964.1178189924,522035.88218100765,0.32026741238098627
410000.0,1191816.469185767,-781816.469185767,1.906869437038456
10287500.0,3279654.8721163436,7007845.127883656,0.681200012430975
506000.0,1094828.0104823438,-588828.0104823438,1.1636917203208377
810000.0,1367785.3992871896,-557785.3992871896,0.6886239497372711
495000.0,871278.7926713692,-376278.79267136916,0.760159177113877
550000.0,571416.1051055451,-21416.10510554514,0.03893837291917298
580000.0,679526.4693149762,-99526.46931497625,0.17159736088789007
2250000.0,1101941.8552483255,1148058.1447516745,0.5102480643340775
712500.0,910499.3600324614,-197999.36003246135,0.277893838642051
375000.0,577822.3773078513,-202822.37730785133,0.5408596728209369
580000.0,883775.0272919063,-303775.0272919063,0.5237500470550108
541000.0,718112.5725039411,-177112.57250394113,0.32737998614406866
470000.0,904295.4439441029,-434295.44394410285,0.924032859455538
650000.0,921101.8745051874,-271101.8745051874,0.4170798069310575
940000.0,748883.3372594261,191116.66274057387,0.20331559866018498
1272000.0,1277182.8665933406,-5182.866593340645,0.0040745806551420165
1075000.0,818743.3126993972,256256.6873006028,0.2383783137680026
2750000.0,786834.2678705525,1963165.7321294476,0.7138784480470719
1375000.0,1021427.5810806156,353572.41891938436,0.2571435773959159
655000.0,723999.9854010153,-68999.98540101526,0.10534348916185536
5350000.0,2934672.656904977,2415327.343095023,0.45146305478411647
698000.0,651854.5135058266,46145.48649417341,0.06611101216930289
210000.0,452113.17521189275,-242113.17521189275,1.1529198819613942
525000.0,593517.2848644989,-68517.28486449888,0.13050911402761692
950000.0,804874.1665321281,145125.83346787188,0.15276403522933882
2460000.0,1445924.8795177424,1014075.1204822576,0.412225658732625
797500.0,739319.7728287348,58180.22717126517,0.07295326291067733
828196.0,982353.589945026,-154157.58994502597,0.18613660286336323
145000.0,469640.4298608686,-324640.4298608686,2.2388995162818524
1435000.0,1005833.7315346608,429166.2684653392,0.2990705703591214
580000.0,940031.8217563638,-360031.82175636385,0.6207445202695928
5750000.0,7934741.075359155,-2184741.0753591554,0.3799549696276792
3662000.0,1124585.3337217318,2537414.666278268,0.6929040596062993
900000.0,1259774.4561451753,-359774.45614517527,0.3997493957168614
690000.0,838428.8077661627,-148428.80776616267,0.21511421415385895
302500.0,470742.2582802669,-168242.2582802669,0.5561727546455104
799999.0,1318977.9631223697,-518978.9631223697,0.6487245148086057
1080000.0,917198.4584318922,162801.5415681078,0.15074216811861832
1085310.0,1600699.4541317364,-515389.4541317364,0.4748776424539868
369000.0,797343.0320274543,-428343.03202745435,1.1608212250066514
877000.0,941952.917447563,-64952.91744756303,0.0740626196665485
630000.0,680510.1863854409,-50510.18638544087,0.08017489902450932
715000.0,1191193.866024067,-476193.8660240669,0.666005407026667
725000.0,634934.417616454,90065.58238354605,0.12422838949454627
400000.0,531839.367369063,-131839.36736906297,0.3295984184226574
326500.0,416656.34883429937,-90156.34883429937,0.27612970546492915
755000.0,732210.192436452,22789.807563547976,0.03018517558085825
1975000.0,2269800.8281769566,-294800.8281769566,0.14926624211491474
1259000.0,1218817.6429217986,40182.35707820137,0.031916089815886714
715000.0,717264.8354453663,-2264.835445366334,0.0031676020214913767
1530000.0,1302534.7040102328,227465.29598976718,0.14867012809788704
520000.0,832779.7950933485,-312779.7950933485,0.6014996059487471
730000.0,551773.4802378891,178226.5197621109,0.24414591748234368
2100000.0,2730533.4898277284,-630533.4898277284,0.30025404277510875
1360000.0,743335.6937435779,616664.3062564221,0.4534296369532515
1450000.0,3661037.2342010294,-2211037.2342010294,1.5248532649662272
459000.0,590290.134814408,-131290.13481440803,0.2860351521011068
3800000.0,1155111.4959540486,2644888.504045951,0.6960232905384082
6900000.0,2901053.362606642,3998946.637393358,0.5795574836801969
2360000.0,2684580.512611141,-324580.51261114096,0.13753411551319533
1775000.0,1367747.4289620714,407252.5710379286,0.2294380681903823
2600000.0,4611480.764797633,-2011480.7647976326,0.7736464479990894
775000.0,998147.8782402289,-223147.87824022886,0.28793274611642433
375000.0,612162.1046419786,-237162.10464197863,0.6324322790452763
1350000.0,1000762.5071283926,349237.4928716074,0.25869443916415363
505000.0,750999.8059821639,-245999.80598216387,0.48712832867755224
487000.0,656515.5667303833,-169515.56673038332,0.34808124585294314
1125000.0,1260420.520643927,-135420.52064392692,0.12037379612793504
425000.0,633676.7542690742,-208676.75426907418,0.49100412769193924
10900000.0,6673713.229630159,4226286.770369841,0.3877327312265909
832500.0,934496.1774597017,-101996.17745970166,0.12251793088252452
725000.0,693841.3598635743,31158.640136425733,0.04297743467093205
300000.0,540721.7209703492,-240721.72097034915,0.8024057365678305
650000.0,1653112.1264091618,-1003112.1264091618,1.5432494252448643
355000.0,640564.359122714,-285564.359122714,0.8044066454160959
325000.0,821962.1957839079,-496962.1957839079,1.5291144485658705
367000.0,663999.4092400784,-296999.4092400784,0.8092626954770529
785000.0,1011282.2524813871,-226282.2524813871,0.2882576464731046
3525000.0,2226935.9130210616,1298064.0869789384,0.3682451310578549
119800.0,500681.0054931695,-380881.0054931695,3.1793072244838854
800000.0,624967.2657284992,175032.73427150084,0.21879091783937604
825000.0,934690.6725900857,-109690.67259008565,0.13295839101828563
1008000.0,888310.7803613528,119689.21963864716,0.1187393051970706
470000.0,509401.53396123165,-39401.533961231646,0.08383305098134393
475000.0,786838.8649975267,-311838.86499752675,0.6565028736790037
1449015.0,1354439.7066039762,94575.2933960238,0.06526867796125216
410000.0,771042.6373779303,-361042.63737793034,0.8805917984827569
305000.0,772753.674328947,-467753.674328947,1.533618604357203
1300000.0,1646145.6171144394,-346145.6171144394,0.26626585931879954
303000.0,499176.19561015547,-196176.19561015547,0.6474461901325262
550000.0,646662.2266281414,-96662.22662814136,0.17574950296025701
837750.0,1207390.9676633156,-369640.9676633156,0.4412306388102842
1701410.0,1497324.6386782615,204085.36132173846,0.11995072400052806
510000.0,1166992.8816881562,-656992.8816881562,1.2882213366434434
650000.0,897824.3762062618,-247824.3762062618,0.38126827108655664
1333000.0,1126772.7957073497,206227.20429265033,0.15470908048961016
322000.0,573410.5952409526,-251410.59524095256,0.7807782460899148
338000.0,589835.4356984884,-251835.43569848838,0.7450752535458236
905000.0,1074904.2644069695,-169904.26440696954,0.1877395186817343
865000.0,637428.2805435999,227571.71945640014,0.26308869301317933
2300000.0,2478216.318247872,-178216.31824787194,0.07748535575994432
1880000.0,1924052.8530349585,-44052.853034958476,0.02343236863561621
1800000.0,1117028.589802994,682971.4101970061,0.3794285612205589
990000.0,909155.0256002104,80844.97439978959,0.08166159030281776
735000.0,801434.2219954982,-66434.22199549817,0.09038669659251451
1048500.0,712060.8529470277,336439.14705297234,0.32087663047493786
225000.0,512558.35088790156,-287558.35088790156,1.2780371150573402
373000.0,1218095.6534998734,-845095.6534998734,2.2656719932972478
7980000.0,3171273.076257229,4808726.923742771,0.6025973588650089
349000.0,767273.4519995452,-418273.4519995452,1.1984912664743417
1450000.0,1471273.178696233,-21273.17869623308,0.014671157721540056
215000.0,697632.9328983073,-482632.93289830734,2.244804339061895
550000.0,437692.4501250702,112307.54987492983,0.20419554522714514
1750000.0,1710838.0008804807,39161.999119519256,0.02237828521115386
405000.0,837685.472454232,-432685.47245423205,1.0683591912450174
380000.0,392274.56536452245,-12274.565364522452,0.03230148780137487
1399000.0,823768.9691872112,575231.0308127888,0.4111730027253672
655000.0,1822954.117261454,-1167954.117261454,1.783136056887716
2000000.0,2062198.19088639,-62198.19088638993,0.031099095443194964
1700000.0,1393140.0625365104,306859.9374634896,0.18050584556675858
635000.0,869310.598832093,-234310.59883209295,0.36899306902691803
615000.0,1071017.6152407886,-456017.61524078855,0.7414920573020952
560000.0,729725.7243885456,-169725.7243885456,0.3030816506938315
479000.0,914521.8062852724,-435521.80628527235,0.9092313283617377
359000.0,480516.8592297479,-121516.8592297479,0.3384870730633646
845000.0,682528.9266829061,162471.0733170939,0.19227345954685668
4100000.0,4907147.79772642,-807147.7977264198,0.19686531651863898
680000.0,644495.2951471849,35504.704852815135,0.05221280125413991
735000.0,934973.1433396537,-199973.14333965373,0.2720723038634745
600000.0,652129.7982617263,-52129.798261726275,0.08688299710287713
840000.0,959029.9776782339,-119029.97767823387,0.14170235437884984
1979990.0,3937312.8120903447,-1957322.8120903447,0.9885518674793028
500000.0,877183.4065850127,-377183.4065850127,0.7543668131700254
880000.0,807936.9002049451,72063.09979505488,0.08188988613074417
2900000.0,1139883.4055876015,1760116.5944123985,0.6069367566939305
660000.0,499591.07448244444,160408.92551755556,0.24304382654175086
853128.0,1843210.879290243,-990082.8792902429,1.1605326273317051
1299990.0,1506797.8515768307,-206807.85157683073,0.1590841864759196
765000.0,1617446.8465331094,-852446.8465331094,1.114309603311254
405000.0,567561.645766624,-162561.64576662402,0.4013867796706766
540000.0,619909.6446124924,-79909.64461249241,0.14798082335646742
585000.0,857443.3378156202,-272443.33781562024,0.4657151073771286
4200000.0,4286748.524627084,-86748.52462708391,0.02065441062549617
1377889.0,1389043.9908391982,-11154.990839198232,0.008095710785990912
450000.0,434661.5574118196,15338.44258818042,0.03408542797373427
1638800.0,2175717.2980279326,-536917.2980279326,0.32762832440073997
699000.0,738750.7034467899,-39750.70344678988,0.056867959151344606
691318.0,831207.6348748144,-139889.63487481442,0.2023520794696716
970000.0,1279249.417536507,-309249.4175365069,0.3188138325118628
1185000.0,1604226.8151431433,-419226.8151431433,0.3537779030743825
925000.0,785344.2535853987,139655.74641460134,0.15097918531308252
268000.0,375358.9650501389,-107358.96505013888,0.40059315317216
268000.0,531506.5479403907,-263506.54794039065,0.9832333878372785
635000.0,752887.167280755,-117887.167280755,0.18564908233189764
1750000.0,1229460.0671180822,520539.9328819178,0.29745139021823874
335000.0,629560.8940321808,-294560.8940321808,0.8792862508423307
789999.0,821275.4650173875,-31276.465017387527,0.03959051216189834
645000.0,677565.2434666345,-32565.243466634536,0.0504887495606737
1220000.0,963927.861467259,256072.138532741,0.20989519551864017
1768500.0,1761583.8310954194,6916.1689045806415,0.0039107542576085055
3560000.0,1131037.0858579183,2428962.9141420815,0.6822929534106971
3371000.0,3138530.8748134263,232469.1251865737,0.06896147291206577
748990.0,1353753.1134216497,-604763.1134216497,0.8074381679617213
323000.0,495921.87275187584,-172921.87275187584,0.5353618351451265
290000.0,432633.4208006603,-142633.42080066027,0.49183938207124234
750000.0,1075506.0123723396,-325506.0123723396,0.4340080164964528
839000.0,627160.8387861212,211839.16121387878,0.25249006104157184
790000.0,716809.3844037921,73190.6155962079,0.09264634885595938
780000.0,1029118.5793119794,-249118.57931197935,0.31938279398971714
4050000.0,1806170.5567453117,2243829.4432546883,0.5540319612974539
780000.0,620285.3230626765,159714.67693732353,0.20476240632990195
405000.0,860451.8193848205,-455451.8193848205,1.1245723935427667
580000.0,867883.8460260164,-287883.8460260164,0.49635145866554553
1337000.0,1228190.2488581303,108809.7511418697,0.08138350870745677
610000.0,1380965.8449472657,-770965.8449472657,1.2638784343397798
525000.0,966716.5892632689,-441716.58926326886,0.8413649319300359
5000000.0,3161921.798728305,1838078.201271695,0.367615640254339
410000.0,576882.8513738734,-166882.85137387342,0.4070313448143254
675000.0,845057.4760568681,-170057.4760568681,0.2519370015657305
485000.0,729723.2670792453,-244723.2670792453,0.5045840558334954
3500000.0,3968766.4802888054,-468766.48028880544,0.13393328008251584
375000.0,783052.0824078866,-408052.0824078866,1.088138886421031
2210000.0,3045572.127719318,-835572.127719318,0.37808693561960094
2825000.0,1451452.040570653,1373547.959429347,0.4862116670546361
1380000.0,1496477.795461575,-116477.79546157504,0.08440419960983699
650000.0,552133.6951634915,97866.30483650847,0.1505635459023207
1900000.0,784997.4951677874,1115002.5048322126,0.5868434235959014
517500.0,702460.2281431928,-184960.22814319283,0.3574110688757349
319800.0,394338.67124095967,-74538.67124095967,0.23307902201675942
125000.0,238429.48496416077,-113429.48496416077,0.9074358797132862
3275000.0,1438968.7789755892,1836031.2210244108,0.5606202201601255
900000.0,887246.5940112517,12753.405988748302,0.014170451098609224
372000.0,718112.5725039411,-346112.57250394113,0.9304101411396267
410000.0,642493.501920258,-232493.50192025804,0.567057321756727
1425000.0,1808964.8454093058,-383964.84540930577,0.2694490143223198
1165000.0,1163574.796960447,1425.2030395530164,0.0012233502485433617
1023085.0,1149622.3485244834,-126537.34852448339,0.12368214617991993
1150000.0,1284998.3536187815,-134998.35361878155,0.11738987271198395
2999500.0,3106956.3121777624,-107456.31217776239,0.03582474151617349
1200000.0,2670074.745813159,-1470074.7458131588,1.2250622881776323
1365000.0,757392.6189636711,607607.3810363289,0.445133612480827
1480000.0,1557913.9853242459,-77913.98532424588,0.05264458467854451
590000.0,1203814.3531628768,-613814.3531628768,1.0403633104455539
550000.0,508816.38937752496,41183.61062247504,0.07487929204086372
1068000.0,1335433.253151996,-267433.25315199606,0.25040566774531464
500000.0,644495.2951471849,-144495.29514718486,0.28899059029436974
2500000.0,2164496.853288308,335503.1467116922,0.1342012586846769
692990.0,1268475.8625620636,-575485.8625620636,0.8304389133494908
1059000.0,1402792.830759257,-343792.8307592571,0.3246391225299878
1075000.0,1452249.5783694074,-377249.57836940745,0.35092984034363484
400000.0,1038900.6881221598,-638900.6881221598,1.5972517203053995
1074650.0,605964.6604622038,468685.3395377962,0.43612835763997226
769500.0,1298600.4033025564,-529100.4033025564,0.6875898678395794
721305.0,1072067.9722550286,-350762.97225502855,0.48628939526972437
585000.0,821332.9009267935,-236332.90092679346,0.40398786483212556
1979990.0,3901788.5492362687,-1921798.5492362687,0.970610229968974
580000.0,1269611.6323914896,-689611.6323914896,1.188985573088775
327000.0,964699.9111674764,-637699.9111674764,1.9501526335396833
1300000.0,1262514.300187986,37485.69981201389,0.028835153701549144
405000.0,598888.9657005091,-193888.96570050914,0.4787381869148374
1072000.0,664153.9156965422,407846.08430345776,0.38045343685024047
855000.0,668818.8419475209,186181.15805247915,0.21775574041225632
645000.0,865513.790699976,-220513.79069997603,0.3418818460464745
470000.0,805197.8598379515,-335197.8598379515,0.7131869358254287
775000.0,1471368.2059636523,-696368.2059636523,0.8985396205982611
750000.0,892655.1884636605,-142655.18846366054,0.19020691795154737
769900.0,862983.8759677662,-93083.87596776616,0.12090385240650235
2600000.0,1897584.9200946086,702415.0799053914,0.27015964611745824
950000.0,1377991.2391259836,-427991.23912598356,0.4505170938168248
580000.0,704182.3941839903,-124182.39418399031,0.21410757617929363
575000.0,904470.7892300258,-329470.78923002584,0.572992676921784
890000.0,2292099.2657368747,-1402099.2657368747,1.5753924334122187
625000.0,819508.7679115732,-194508.76791157317,0.31121402865851705
755000.0,796933.3061568644,-41933.30615686439,0.05554080285677403
657500.0,1547729.4680248788,-890229.4680248788,1.353961168098675
1125000.0,852086.1414155997,272913.85858440027,0.2425900965194669
530000.0,917363.9384235322,-387363.9384235322,0.7308753555160985
840000.0,905655.840450387,-65655.84045038698,0.07816171482188926
650000.0,1579136.7088742591,-929136.7088742591,1.4294410905757833
720000.0,1110655.2810261995,-390655.28102619946,0.5425767792030548
713000.0,827446.8597929124,-114446.85979291238,0.16051452986383222
2995000.0,679735.2870580738,2315264.712941926,0.7730433098303593
201000.0,709308.825087267,-508308.825087267,2.5288996272998356
2665000.0,3726757.013404703,-1061757.0134047028,0.39840788495486035
1600000.0,1637762.5830405422,-37762.5830405422,0.023601614400338877
2100000.0,2706199.414673442,-606199.414673442,0.2886663879397343
225000.0,422537.90740150865,-197537.90740150865,0.8779462551178162
925349.0,1461005.169836136,-535656.169836136,0.5788693453347181
1850000.0,1093175.592024225,756824.407975775,0.4090942745815
1075000.0,1286504.3600045925,-211504.36000459245,0.19674824186473716
710000.0,699720.628818408,10279.371181591996,0.014477987579707037
1188000.0,1322962.1208010607,-134962.1208010607,0.11360447878877163
1050000.0,1000704.2926922359,49295.707307764096,0.046948292674061046
379000.0,906035.2808612202,-527035.2808612202,1.3905944086048025
500856.0,908855.6212401596,-407999.6212401596,0.8146046393377729
900000.0,790191.8650624406,109808.13493755937,0.12200903881951042
665000.0,841502.9713382451,-176502.9713382451,0.2654180020123986
1500000.0,1646740.679281687,-146740.6792816869,0.09782711952112459
1822500.0,1224498.9232432633,598001.0767567367,0.32812130411892276
600000.0,812784.386777556,-212784.38677755604,0.35464064462926004
4000000.0,1553585.4837432841,2446414.516256716,0.611603629064179
534718.0,1069440.1172334675,-534722.1172334675,1.0000076998220886
296500.0,681644.3310617155,-385144.3310617155,1.2989690760934756
665990.0,1261420.231535711,-595430.2315357111,0.8940528109066369
300000.0,641608.7684399771,-341608.7684399771,1.1386958947999235
700000.0,677565.2434666345,22434.756533365464,0.03204965219052209
1000000.0,1234359.4504070734,-234359.45040707337,0.23435945040707337
1122500.0,1162582.518482065,-40082.51848206506,0.035708256999612525
1500000.0,1198904.2118978077,301095.78810219234,0.20073052540146155
583888.0,1314487.3700036616,-730599.3700036616,1.2512662873764517
550000.0,643930.2501930117,-93930.25019301171,0.17078227307820312
700000.0,523258.75104105426,176741.24895894574,0.25248749851277963
695000.0,863222.4510837969,-168222.4510837969,0.24204669220690203
494900.0,814974.5907735128,-320074.59077351284,0.6467459906516727
525000.0,328732.7084343748,196267.29156562517,0.37384246012500033
377000.0,620182.1340336325,-243182.13403363246,0.6450454483650728
1245000.0,866590.097888128,378409.902111872,0.3039436964753992
850000.0,1046039.7891459086,-196039.78914590855,0.23063504605401006
320000.0,815379.125976506,-495379.12597650604,1.5480597686765813
875000.0,1148923.0476051387,-273923.04760513874,0.31305491154873
1300000.0,825727.3638509607,474272.63614903926,0.3648251047300302
740000.0,528368.6714710261,211631.32852897386,0.2859882817959106
1199990.0,833569.4421401873,366420.55785981275,0.3053530094915897
629000.0,960624.9589572665,-331624.9589572665,0.527225689916163
560000.0,1134358.5023894382,-574358.5023894382,1.0256401828382826
1364900.0,829048.1197979219,535851.8802020781,0.3925942414844151
2953850.0,3752184.6600797824,-798334.6600797824,0.27026919446816267
2983648.0,4053786.36834316,-1070138.36834316,0.3586677678945908
450000.0,823508.7405959787,-373508.7405959787,0.8300194235466193
412500.0,641055.5476479159,-228555.5476479159,0.5540740549040385
1045000.0,1079230.9367237168,-34230.93672371679,0.03275687724757587
1365000.0,920622.4966711535,444377.50332884653,0.3255512844899975
155000.0,343834.2832314625,-188834.28323146253,1.2182856982675
6300000.0,3262421.0948173683,3037578.9051826317,0.48215538177502093
500000.0,526587.8773088694,-26587.877308869385,0.05317575461773877
791000.0,663718.5897829192,127281.41021708085,0.16091202303044355
470000.0,533131.2232753617,-63131.2232753617,0.13432175164970575
680000.0,1062944.3000744805,-382944.3000744805,0.5631533824624713
265000.0,591795.0217051903,-326795.0217051903,1.2331887611516614
2700000.0,1646554.880139872,1053445.119860128,0.3901648592074548
1340000.0,735423.2587370101,604576.7412629899,0.45117667258432087
1720000.0,3078233.488922383,-1358233.4889223832,0.7896706330944088
639000.0,973100.8005875138,-334100.80058751383,0.5228494531885975
419880.0,913195.3369534308,-493315.3369534308,1.1748960106540698
425000.0,575130.0080863871,-150130.00808638707,0.3532470778503225
856077.0,1598113.3105709956,-742036.3105709956,0.8667868784828883
432950.0,647619.3131517044,-214669.31315170438,0.4958293409209017
527750.0,1004110.3792367805,-476360.37923678046,0.9026250672416494
695000.0,577391.5494606764,117608.45053932362,0.1692207921429117
3070000.0,1502764.0538131255,1567235.9461868745,0.5105003082041937
408000.0,614847.7155408573,-206847.7155408573,0.5069796949530816
325000.0,830611.7879489701,-505611.7879489701,1.5557285783045234
710000.0,877158.3962646478,-167158.39626464783,0.23543436093612372
1225000.0,1041876.8616847054,183123.13831529464,0.14948827617575072
400000.0,484849.3354475626,-84849.33544756263,0.21212333861890656
260000.0,563689.156718926,-303689.15671892604,1.1680352181497156
963800.0,756123.1495461075,207676.8504538925,0.21547712228044458
710000.0,915140.9858164267,-205140.9858164267,0.28893096593862916
1100000.0,1081155.2846420151,18844.715357984882,0.017131559416349893
730000.0,1166170.3482367797,-436170.3482367797,0.597493627721616
621316.0,1414163.8951422556,-792847.8951422556,1.2760783484446812
199000.0,461548.8511914447,-262548.8511914447,1.3193409607610285
6380000.0,4102260.494426049,2277739.505573951,0.3570124616887071
700000.0,895276.3370220333,-195276.3370220333,0.2789661957457618
585000.0,742575.9075150363,-157575.9075150363,0.2693605256667287
11213000.0,7373808.549329884,3839191.4506701156,0.34238753684741957
245000.0,477799.00947496074,-232799.00947496074,0.9502000386733092
720000.0,800762.4704735454,-80762.47047354537,0.11217009787992413
2575200.0,1796475.8706634832,778724.1293365168,0.3023936507209214
325000.0,861159.3673972313,-536159.3673972313,1.6497211304530193
6395000.0,2651651.0489619123,3743348.9510380877,0.5853555826486455
635339.0,988151.0777315587,-352812.0777315587,0.5553131127343964
715000.0,1437607.689287637,-722607.6892876369,1.0106401248778139
14000000.0,6596633.326209951,7403366.673790049,0.5288119052707178
235000.0,312301.84139224316,-77301.84139224316,0.328944005924439
320000.0,404130.01620977855,-84130.01620977855,0.262906300655558
750000.0,1034414.4617018227,-284414.4617018227,0.37921928226909696
992000.0,966038.8980497143,25961.101950285723,0.026170465675691253
875000.0,804294.4156681108,70705.58433188917,0.08080638209358762
299000.0,628780.1704645451,-329780.17046454514,1.1029437139282445
505000.0,1089696.501084644,-584696.5010846441,1.1578148536329587
375000.0,844601.2210072725,-469601.2210072725,1.2522699226860599
585000.0,798232.6515789476,-213232.65157894755,0.36450025910931205
144000.0,564646.5085497345,-420646.5085497345,2.9211563093731563
1590000.0,716218.3422275995,873781.6577724005,0.549548212435472
255000.0,815799.031305251,-560799.031305251,2.1992118874715723
980000.0,1598563.5182385468,-618563.5182385468,0.6311872635087212
625000.0,922775.782883458,-297775.78288345796,0.4764412526135327
400000.0,670534.3156100644,-270534.3156100644,0.6763357890251611
1147000.0,1653797.2292737882,-506797.22927378817,0.44184588428403504
760000.0,1122083.3519433625,-362083.3519433625,0.4764254630833717
849990.0,1073893.5033679747,-223903.50336797466,0.2634189853621509
1000000.0,1321069.5440712539,-321069.54407125385,0.3210695440712539
274999.0,553419.1090531445,-278420.10905314446,1.0124404417948591
1400000.0,1107176.0950734103,292823.9049265897,0.20915993209042122
800000.0,1032513.7051060665,-232513.70510606654,0.29064213138258316
360000.0,446246.47679435066,-86246.47679435066,0.23957354665097405
712249.0,707758.2436501177,4490.756349882344,0.006305037072543933
685000.0,777895.2038249302,-92895.20382493024,0.13561343624077407
1310000.0,938413.7974688306,371586.2025311694,0.28365358971844995
575000.0,827072.0551309735,-252072.05513097346,0.43838618283647557
460000.0,618143.5875279414,-158143.58752794145,0.3437904076694379
1020000.0,799532.7661856759,220467.23381432414,0.21614434687678838
525000.0,704182.3941839903,-179182.3941839903,0.34129979844569586
670000.0,1252934.5934202163,-582934.5934202163,0.8700516319704722
2600000.0,899536.6280711603,1700463.3719288397,0.6540243738187845
480000.0,538947.1368141397,-58947.13681413967,0.12280653502945764
1005000.0,902792.6143554455,102207.38564455451,0.10169889118861146
525000.0,1203800.7958428997,-678800.7958428997,1.2929538968436185
300000.0,599450.292705537,-299450.29270553705,0.9981676423517902
510000.0,601757.9490414605,-91757.94904146052,0.17991754714011868
598000.0,811836.9578908313,-213836.95789083128,0.35758688610506906
635000.0,822757.4569118962,-187757.45691189624,0.29568103450692323
2950000.0,867178.623907618,2082821.376092382,0.7060411444380956
560000.0,713330.1309923835,-153330.13099238346,0.2738038053435419
465000.0,897773.2379264785,-432773.2379264785,0.9306951353257602
585000.0,1060331.251959201,-475331.25195920095,0.8125320546311128
16250000.0,5111956.950643779,11138043.049356222,0.6854180338065368
13500000.0,11273024.549867371,2226975.450132629,0.16496114445426882
830000.0,775585.682828321,54414.317171678995,0.06555941827913132
250000.0,466688.7978855376,-216688.7978855376,0.8667551915421504
442500.0,811931.481305744,-369431.48130574403,0.8348734040807775
460000.0,899032.180227757,-439032.18022775697,0.9544177831038195
1150000.0,1155070.7491066803,-5070.749106680276,0.004409347049287197
665000.0,679956.9240390904,-14956.924039090401,0.022491615096376545
500000.0,741414.6289295009,-241414.62892950093,0.4828292578590019
1670000.0,1101067.57734868,568932.42265132,0.340678097396
602608.0,1327463.7364420479,-724855.7364420479,1.202864443289913
999000.0,852999.398341464,146000.601658536,0.14614674840694294
495000.0,680565.4191973107,-185565.4191973107,0.3748796347420418
888000.0,771215.2664861247,116784.73351387528,0.13151433954265235
1435000.0,1611605.8553484692,-176605.85534846922,0.12307028247280086
510000.0,1028091.0845497741,-518091.08454977407,1.0158648716662237
3350000.0,3262288.44271063,87711.55728936987,0.026182554414737276
622000.0,769240.0107226777,-147240.0107226777,0.23672027447375835
510000.0,485460.25717827945,24539.742821720545,0.04811714278768734
385900.0,598680.8980101771,-212780.89801017707,0.5513886965798835
949000.0,796081.857047531,152918.14295246894,0.16113608319543618
730000.0,877563.6065666908,-147563.60656669084,0.2021419268036861
3300000.0,3809074.6489895787,-509074.6489895787,0.15426504514835718
1643000.0,2854442.4746870934,-1211442.4746870934,0.7373356510572693
625000.0,664826.442553425,-39826.442553424975,0.06372230808547996
915000.0,973341.5471529255,-58341.547152925516,0.06376125371904427
640000.0,806698.1731390291,-166698.17313902907,0.2604658955297329
1200000.0,912007.317908245,287992.682091755,0.23999390174312915
570000.0,593630.8921774561,-23630.89217745606,0.04145770557448431
5500000.0,2886939.528331045,2613060.471668955,0.47510190393981
1000000.0,1215628.4393728296,-215628.43937282963,0.21562843937282963
205000.0,475347.3579861437,-270347.3579861437,1.3187675999324082
625000.0,623556.8868555874,1443.1131444126368,0.002308981031060219
890000.0,2626636.0471370127,-1736636.0471370127,1.9512764574573176
600000.0,908385.5748037412,-308385.5748037412,0.5139759580062353
390000.0,888270.3392816323,-498270.33928163233,1.277616254568288
699000.0,741271.104095418,-42271.104095418006,0.06047368253993992
2675000.0,3156739.66650892,-481739.66650892,0.18008959495660562
274000.0,884569.3591755875,-610569.3591755875,2.228355325458349
950000.0,868221.1880176152,81778.81198238477,0.08608295998145765
500000.0,596605.7059567326,-96605.70595673262,0.19321141191346525
1200000.0,2451217.330783325,-1251217.3307833248,1.0426811089861039
400000.0,636529.6870910322,-236529.68709103216,0.5913242177275804
422000.0,631052.5297791851,-209052.52977918508,0.49538514165683667
320000.0,526741.9550572394,-206741.9550572394,0.6460686095538731
1585000.0,1444514.7684418778,140485.2315581222,0.08863421549408342
760000.0,655065.2618556813,104934.73814431869,0.13807202387410353
1975000.0,2795507.933852397,-820507.9338523969,0.4154470551151377
620000.0,622021.7569985234,-2021.7569985233713,0.003260898384715115
960000.0,823601.7055402346,136398.29445976543,0.1420815567289223
765000.0,964546.6610803939,-199546.66108039394,0.26084530860182215
456000.0,895946.1021907981,-439946.10219079815,0.9647940837517504
599000.0,810762.0155537897,-211762.01555378968,0.35352590242702786
580000.0,593630.8921774561,-13630.892177456059,0.023501538236993205
368000.0,710862.941255025,-342862.941255025,0.9316927751495244
220000.0,408459.537227962,-188459.537227962,0.8566342601271
410000.0,371672.692855849,38327.30714415101,0.09348123693695369
725000.0,1430464.3222791436,-705464.3222791436,0.973054237626405
465000.0,1515669.0853480105,-1050669.0853480105,2.25950340935056
520900.0,947075.1180862767,-426175.1180862767,0.8181515033332246
1321797.0,1369816.1021135477,-48019.102113547735,0.03632865115713512
5298000.0,5441835.421204041,-143835.42120404076,0.027149003624771757
340000.0,605020.4246175888,-265020.42461758875,0.7794718371105551
465000.0,723055.5848937328,-258055.5848937328,0.5549582470832963
1200000.0,1258648.9240723553,-58648.924072355265,0.04887410339362939
525000.0,556274.2905883656,-31274.290588365635,0.059570077311172635
875000.0,903307.7714782405,-28307.771478240495,0.03235173883227485
440000.0,1001680.8548254092,-561680.8548254092,1.2765473973304755
1080000.0,901107.4151985398,178892.58480146015,0.16564128222357422
900000.0,1080033.37556166,-180033.37556165992,0.2000370839573999
249000.0,1255393.4937165198,-1006393.4937165198,4.041740938620562
585000.0,933319.946978854,-348319.946978854,0.5954187127843659
349999.0,501340.8327682463,-151341.8327682463,0.4324064719277664
900000.0,1404954.8334841419,-504954.83348414185,0.5610609260934909
700000.0,885787.1394449726,-185787.13944497262,0.26541019920710374
860000.0,971065.4515015171,-111065.45150151709,0.12914587383897336
564000.0,875707.8731704515,-311707.8731704515,0.5526735339901622
2100000.0,3109823.1546235103,-1009823.1546235103,0.4808681688683382
1350000.0,1511919.889842013,-161919.8898420129,0.11994065914223177
855000.0,613114.8728858217,241885.12711417826,0.28290658142009156
1450000.0,1187889.8407329794,262110.15926702064,0.1807656270807039
461000.0,960191.1087924095,-499191.10879240953,1.0828440537796302
527957.0,1070465.0251009776,-542508.0251009776,1.027561004212422
282300.0,577859.6431048714,-295559.6431048714,1.0469700428794595
2550000.0,1709398.3305376642,840601.6694623358,0.32964771351464145
2085000.0,1539715.1276996806,545284.8723003194,0.26152751669080065
729750.0,1234750.5878824769,-505000.58788247686,0.6920186199143226
1250000.0,1679257.5893222685,-429257.5893222685,0.3434060714578148
1500000.0,1005617.7933925838,494382.20660741616,0.32958813773827744
1050000.0,1483014.4803120014,-433014.4803120014,0.4123947431542871
560000.0,1121294.955961782,-561294.955961782,1.002312421360325
270000.0,595968.0993151483,-325968.0993151483,1.2072892567227715
1300000.0,2219836.326424926,-919836.326424926,0.7075664049422508
499000.0,827206.0480254989,-328206.04802549887,0.6577275511533044
180000.0,1081351.9277316672,-901351.9277316672,5.007510709620373
2600000.0,2681324.222710568,-81324.22271056799,0.031278547196372304
1950000.0,935122.1782645157,1014877.8217354843,0.520450164992556
760000.0,498159.28301445005,261840.71698554995,0.3445272591915131
435000.0,654804.6129489366,-219804.61294893664,0.5052979608021532
300000.0,381528.6530358168,-81528.6530358168,0.27176217678605596
1400000.0,755109.4386526321,644890.5613473679,0.46063611524812
820000.0,1401295.7863853609,-581295.7863853609,0.7088973004699523
260000.0,1374697.0872591627,-1114697.0872591627,4.287296489458318
625000.0,1206087.2687600588,-581087.2687600588,0.929739630016094
645000.0,672483.2459209481,-27483.245920948102,0.04260968359836915
477000.0,924362.0449564,-447362.04495639994,0.9378659223404611
2250000.0,1630997.615314766,619002.3846852339,0.2751121709712151
221500.0,518138.4126174643,-296638.4126174643,1.3392253391307645
419900.0,491359.7682453677,-71459.76824536768,0.17018282506636742
1150000.0,786859.1517746304,363140.8482253696,0.31577465063075616
1200000.0,2316296.4722515587,-1116296.4722515587,0.9302470602096322
650000.0,1080057.2651891243,-430057.2651891243,0.6616265618294219
1145000.0,2876165.507797825,-1731165.5077978252,1.5119349413081442
540000.0,1212705.8087359148,-672705.8087359148,1.2457514976591013
6350000.0,6013697.327570329,336302.6724296706,0.052961050776326075
590000.0,549846.4624857898,40153.53751421021,0.06805684324442408
367000.0,772073.6093519814,-405073.60935198143,1.1037428047737914
630000.0,939228.4561614684,-309228.4561614684,0.4908388193039181
440000.0,1147431.494272923,-707431.4942729231,1.6077988506202798
2763000.0,744057.6717385466,2018942.3282614534,0.7307065972716081
435000.0,554277.715491399,-119277.71549139905,0.2742016448078139
2150000.0,3023063.5592627344,-873063.5592627344,0.4060760740756904
17000000.0,10660339.425032124,6339660.574967876,0.372921210292228
2900000.0,1354353.7988206283,1545646.2011793717,0.5329814486825419
8750000.0,6927051.745253427,1822948.254746573,0.20833694339960834
395000.0,498159.28301445005,-103159.28301445005,0.2611627418087343
5750000.0,1120850.2473026516,4629149.752697349,0.8050695222082346
440000.0,1147431.494272923,-707431.4942729231,1.6077988506202798
610000.0,1155291.4101992256,-545291.4101992256,0.8939203445888945
534900.0,1011096.6761901353,-476196.6761901353,0.8902536477661905
424000.0,1067258.2057739494,-643258.2057739494,1.5171184098442203
600000.0,1065014.6770175837,-465014.67701758374,0.7750244616959729
2125000.0,2989009.3604466105,-864009.3604466105,0.40659264021016966
570000.0,833558.2711476372,-263558.27114763716,0.4623829318379599
7425000.0,2002371.468212978,5422628.531787022,0.7303203409814171
567230.0,897869.4799116905,-330639.47991169046,0.5829019620113366
430000.0,496528.98915671976,-66528.98915671976,0.154718579434232
600742.0,1168759.198098297,-568017.198098297,0.9455260296405062
1000000.0,863604.5427278443,136395.45727215568,0.13639545727215568
580000.0,507115.6687346519,72884.33126534813,0.12566264011266917
399900.0,762888.3277856195,-362988.32778561953,0.9076977439000239
275000.0,690863.4907372285,-415863.49073722854,1.5122308754081037
955000.0,1837854.2482716464,-882854.2482716464,0.9244547102320905
340000.0,434790.6645666154,-94790.66456661542,0.2787960722547512
1160000.0,933924.9160115183,226075.08398848167,0.19489231378317384
871000.0,752423.7965055015,118576.2034944985,0.13613800630826464
875000.0,1606366.0968536602,-731366.0968536602,0.8358469678327545
729000.0,1613353.6607482517,-884353.6607482517,1.2131051587767514
320000.0,779847.009754329,-459847.009754329,1.4370219054822782
1150000.0,718112.5725039411,431887.42749605887,0.3755542847791816
1425000.0,1018108.6671799468,406891.3328200532,0.2855377774175812
3200000.0,1043486.9349512842,2156513.065048716,0.6739103328277237
1695773.0,2349396.723528202,-653623.7235282022,0.38544293577513156
1170000.0,1489081.0604337347,-319081.0604337347,0.2727188550715681
307500.0,652706.0117047493,-345206.0117047493,1.1226211762756075
849900.0,1054132.5257762603,-204232.5257762603,0.2403018305403698
327000.0,854513.3544843458,-527513.3544843458,1.6131906864964702
319000.0,512023.60554134345,-193023.60554134345,0.6050896725433964
1720000.0,3226454.904285982,-1506454.9042859818,0.8758458745848732
2490000.0,3615356.328669364,-1125356.328669364,0.4519503327989414
600000.0,496990.0802758056,103009.91972419439,0.171683199540324
451500.0,870780.8437863255,-419280.84378632554,0.9286397426053722
345000.0,502487.10692875925,-157487.10692875925,0.45648436790944713
585900.0,407355.05893019156,178544.94106980844,0.3047362025427691
549000.0,700629.5415389617,-151629.5415389617,0.2761922432403674
760000.0,1087393.5716841077,-327393.57168410765,0.43078101537382585
1600000.0,912946.0206448794,687053.9793551206,0.4294087370969504
525990.0,1011282.2524813871,-485292.2524813871,0.9226263854472273
400000.0,657268.4849374959,-257268.4849374959,0.6431712123437398
820000.0,589762.9397365131,230237.06026348693,0.2807769027603499
999000.0,1717539.5695290163,-718539.5695290163,0.7192588283573736
730000.0,1156832.084746831,-426832.0847468311,0.5847014859545632
755000.0,1242329.2626321884,-487329.2626321884,0.6454692220293886
305000.0,998005.7953096805,-693005.7953096805,2.2721501485563294
1200000.0,1224667.185646414,-24667.18564641406,0.02055598803867838
283000.0,454805.89831190713,-171805.89831190713,0.6070879799007319
1630000.0,1470013.7398724048,159986.26012759516,0.09815107983288046
1570000.0,2240352.2548603415,-670352.2548603415,0.4269759585097717
330000.0,741631.9032015777,-411631.9032015777,1.2473694036411447
26000.0,1015497.6454442767,-989497.6454442767,38.0576017478568
4658800.0,7832298.039397029,-3173498.039397029,0.6811835750401454
390000.0,787610.7121111527,-397610.7121111527,1.0195146464388531
355000.0,492726.6183889526,-137726.61838895257,0.3879623053209932
315000.0,652065.4536879943,-337065.4536879943,1.070049059326966
1399000.0,1422935.031654352,-23935.03165435209,0.017108671661438233
2160000.0,2920849.0450384086,-760849.0450384086,0.3522449282585225
575000.0,1322660.4289080566,-747660.4289080566,1.3002790067966201
2200000.0,3351884.54427881,-1151884.5442788098,0.5235838837630954
2960000.0,1573824.3158846162,1386175.6841153838,0.46830259598492696
386000.0,446659.52652242465,-60659.526522424654,0.15714903244151465
510000.0,777671.1483932964,-267671.1483932964,0.5248453890064635
1880000.0,2970997.961528154,-1090997.961528154,0.5803180646426351
527000.0,657082.9777871949,-130082.97778719489,0.2468367699946772
380000.0,836943.7106802992,-456943.7106802992,1.2024834491586822
508900.0,831944.0451253068,-323044.0451253068,0.6347888487429885
1150000.0,700451.8998992473,449548.10010075266,0.39091139139195885
150000.0,312562.7519422023,-162562.75194220227,1.0837516796146818
449000.0,495531.2824874232,-46531.28248742322,0.10363314585172209
812000.0,693488.850875546,118511.14912445401,0.145949691039968
370000.0,896460.6524029293,-526460.6524029293,1.422866628116025
775000.0,1343194.929636458,-568194.9296364579,0.7331547479180103
755000.0,605077.1497764117,149922.8502235883,0.19857331155442157
1075000.0,1010717.2690748458,64282.730925154174,0.05979788923270156
770000.0,967445.9025359658,-197445.90253596578,0.2564232500467088
337500.0,459748.4218618495,-122248.42186184949,0.3622175462573318
490000.0,1032843.2126979637,-542843.2126979637,1.107843291220334
339000.0,608297.8685460262,-269297.8685460262,0.7943889927611392
523000.0,639138.6088607735,-116138.6088607735,0.22206234963819024
1310000.0,2200109.6257925555,-890109.6257925555,0.6794729967882103
285000.0,447026.96782047965,-162026.96782047965,0.5685156765630865
10380000.0,10927653.44666545,-547653.4466654509,0.052760447655631114
2200000.0,1584595.8757606572,615404.1242393428,0.27972914738151944
440000.0,1141754.632193989,-701754.6321939889,1.5948968913499748
1800000.0,1646145.6171144394,153854.38288556063,0.08547465715864479
950000.0,903328.261209113,46671.73879088694,0.04912814609567046
645000.0,1187545.4118097152,-542545.4118097152,0.8411556772243647
965000.0,1195169.417016866,-230169.41701686592,0.23851753058742584
629000.0,649769.3140529384,-20769.314052938367,0.03301957719068103
725000.0,949997.5616304864,-224997.5616304864,0.31034146431791226
540000.0,1075444.7524750936,-535444.7524750936,0.9915643564353585
1265000.0,2055244.4419329371,-790244.4419329371,0.6246991635833495
445000.0,775714.8425438693,-330714.8425438693,0.7431794214468973
455000.0,971782.1237642573,-516782.1237642573,1.135784887393972
1850000.0,1647604.1537566064,202395.8462433936,0.1094031601315641
655000.0,652166.9170832225,2833.0829167774646,0.0043253174301946026
21500000.0,11042644.598454917,10457355.401545083,0.4863886233276783
410000.0,746449.9897185292,-336449.98971852916,0.8206097310208028
