model_name,MAE,RMSE,R2
LinearRegression,176134.1128455535,1010179.0949797271,0.6370951692075499
RandomForest,157979.05972879007,1952571.9230476744,-0.35584509989179525
DecisionTree,160721.28686739816,2148629.061482707,-0.6417948413581247
