actual,linear_predicted,best_advanced_predicted,linear_residual,advanced_residual
8712500.0,7901630.040049194,8.1597355e+06,810869.9599508056,552764.5
1100000.0,1704035.507023138,1.0507994e+06,-604035.507023138,49200.625
1625000.0,1431816.4381106894,1.383895e+06,193183.5618893106,241105.0
1560000.0,1527713.7643969995,1.5625992e+06,32286.235603000503,-2599.25
605000.0,533982.8818223488,620739.2,71017.1181776512,-15739.1875
377500.0,332107.2972073987,389287.12,45392.70279260131,-11787.125
400000.0,427733.53284858936,434290.84,-27733.532848589355,-34290.84375
595000.0,743246.7998242984,606947.56,-148246.79982429836,-11947.5625
595000.0,464886.7505365041,589510.4,130113.24946349591,5489.625
2400000.0,2623028.9101635823,2.5628182e+06,-223028.9101635823,-162818.25
260000.0,407811.980804701,260583.17,-147811.980804701,-583.171875
379900.0,305170.7351835164,377358.6,74729.2648164836,2541.40625
775000.0,909844.1702429233,762628.8,-134844.1702429233,12371.1875
240000.0,346489.3349703448,242980.05,-106489.33497034479,-2980.046875
1890000.0,1840559.925024469,1.8704399e+06,49440.07497553108,19560.125
351000.0,292642.43965226645,354898.75,58357.56034773355,-3898.75
4550000.0,4202173.123767564,4.5804495e+06,347826.8762324359,-30449.5
633400.0,781522.3190724199,663925.5,-148122.3190724199,-30525.5
1100000.0,1180895.190432004,1.1005291e+06,-80895.19043200393,-529.125
465000.0,320956.23389955505,475415.3,144043.76610044495,-10415.3125
1240000.0,1182615.3578398079,1.2216301e+06,57384.64216019213,18369.875
347000.0,418684.6003874794,339853.8,-71684.60038747941,7146.1875
1400000.0,1470916.3313258565,1.3733888e+06,-70916.3313258565,26611.25
609000.0,903852.0541748906,706377.1,-294852.0541748906,-97377.125
660000.0,623898.3166441653,648616.1,36101.683355834684,11383.875
1350000.0,1144833.6538508972,1.1210852e+06,205166.34614910278,228914.75
4200000.0,3975766.605579708,4.162798e+06,224233.39442029223,37202.0
1070000.0,1041702.3121605243,1.0495805e+06,28297.687839475693,20419.5
525000.0,1332326.1633692987,532499.44,-807326.1633692987,-7499.4375
3995000.0,3841559.27111164,3.863634e+06,153440.72888835985,131366.0
4663750.0,4612820.961679453,4.3536515e+06,50929.03832054697,310098.5
2510000.0,2361193.0247528125,2.5590912e+06,148806.97524718754,-49091.25
1100000.0,1204325.2492326074,1.1079344e+06,-104325.24923260743,-7934.375
635000.0,1161723.480482589,630180.2,-526723.480482589,4819.8125
1365000.0,1440245.8482465514,1.318062e+06,-75245.84824655135,46938.0
2789000.0,2621030.8023937987,2.8338638e+06,167969.19760620128,-44863.75
1200000.0,1324080.0592941036,1.2015016e+06,-124080.05929410364,-1501.625
10998000.0,10114884.297348242,1.2106414e+07,883115.7026517577,-1108414.0
1132500.0,1013983.3680424526,1.0032575e+06,118516.63195754739,129242.5
6063320.0,6310993.646376359,6.121719e+06,-247673.64637635928,-58399.0
292500.0,218836.20655594743,294375.3,73663.79344405257,-1875.3125
1175000.0,1501153.4647830427,1.1631279e+06,-326153.46478304267,11872.125
1310000.0,1351962.3741586993,1.2889322e+06,-41962.3741586993,21067.75
710000.0,844647.7250857202,735351.5,-134647.7250857202,-25351.5
725812.0,711793.2876116771,713332.3,14018.712388322921,12479.6875
1065000.0,1018730.4487887895,1.0544182e+06,46269.55121121055,10581.75
35000000.0,31480005.665632505,1.5459817e+07,3519994.334367495,19540183.0
2875000.0,2679704.429665492,2.9149055e+06,195295.57033450808,-39905.5
310000.0,234636.179291078,305759.97,75363.820708922,4240.03125
465000.0,487596.3011655413,465452.7,-22596.301165541285,-452.6875
3012500.0,2934332.906606002,3.075394e+06,78167.09339399822,-62894.0
450000.0,575402.5721119164,449446.7,-125402.57211191638,553.3125
530000.0,603633.6012313806,534601.94,-73633.6012313806,-4601.9375
7095000.0,6474253.04694931,6.318242e+06,620746.9530506898,776758.0
1360000.0,1399744.0251169193,1.4438606e+06,-39744.02511691931,-83860.625
2265000.0,2174274.1147963293,2.2813292e+06,90725.88520367071,-16329.25
587000.0,435297.92661647475,592325.25,151702.07338352525,-5325.25
1175000.0,1465613.6388894091,1.2000348e+06,-290613.63888940914,-25034.75
2700000.0,2725383.1440415257,2.7162835e+06,-25383.144041525666,-16283.5
3400000.0,3137604.3569422057,3.3487738e+06,262395.6430577943,51226.25
211000.0,1014338.812585976,193216.86,-803338.812585976,17783.140625
935000.0,1056196.0210034617,920263.25,-121196.02100346168,14736.75
1500000.0,1508050.3072284416,1.5198405e+06,-8050.307228441583,-19840.5
1175000.0,1748886.3784871893,1.173905e+06,-573886.3784871893,1095.0
2550000.0,2329447.1137045296,2.6100975e+06,220552.8862954704,-60097.5
660000.0,512238.5931045272,702999.5,147761.40689547278,-42999.5
899000.0,1047165.278381716,888913.0,-148165.278381716,10087.0
1200000.0,1169442.0169522918,1.1703112e+06,30557.98304770817,29688.75
3100000.0,2866716.9616751866,3.173223e+06,233283.03832481336,-73223.0
780000.0,941383.4027250323,815163.4,-161383.4027250323,-35163.375
2475000.0,2570607.8044423955,2.4527782e+06,-95607.80444239546,22221.75
589000.0,591161.8334170871,573461.06,-2161.833417087095,15538.9375
400000.0,375150.5701252853,419692.5,24849.429874714697,-19692.5
1632000.0,1541370.8483293322,1.6308882e+06,90629.15167066781,1111.75
545000.0,655286.4597263008,539490.0,-110286.45972630079,5510.0
2150000.0,2100454.4802030884,2.1738598e+06,49545.51979691163,-23859.75
2995000.0,2751736.048052569,2.9122048e+06,243263.95194743108,82795.25
1325000.0,1225094.0725871767,1.3067875e+06,99905.92741282331,18212.5
690000.0,595147.0693924688,706117.2,94852.93060753122,-16117.1875
4500000.0,4602544.479947013,4.429649e+06,-102544.47994701285,70351.0
1230000.0,1163477.7887909096,1.2195198e+06,66522.21120909043,10480.25
2715000.0,2827047.745473803,2.7105282e+06,-112047.74547380302,4471.75
350000.0,233270.42823545844,350921.28,116729.57176454156,-921.28125
394750.0,425103.0239007559,421043.9,-30353.023900755914,-26293.90625
815000.0,1020336.7530126338,875838.9,-205336.75301263377,-60838.875
1250000.0,1117269.4893208684,1.2266805e+06,132730.5106791316,23319.5
1555200.0,1660487.2929449803,1.6045995e+06,-105287.29294498032,-49399.5
1059000.0,917613.0341295513,1.0535146e+06,141386.96587044874,5485.375
600000.0,666219.0729049919,595377.9,-66219.07290499192,4622.125
1800000.0,1708466.3957003516,1.774904e+06,91533.60429964843,25096.0
3270000.0,2968317.0823623925,3.31598e+06,301682.91763760755,-45980.0
480000.0,344479.7088728099,497046.44,135520.2911271901,-17046.4375
930000.0,987207.8304839416,897974.56,-57207.830483941594,32025.4375
10700000.0,9931862.782956623,1.1697337e+07,768137.2170433775,-997337.0
1155000.0,1093793.8501781484,1.1296399e+06,61206.149821851635,25360.125
1100000.0,1427082.464794497,1.1291326e+06,-327082.464794497,-29132.625
1495000.0,1457382.7804368967,1.505794e+06,37617.21956310328,-10794.0
1023000.0,1077353.4082346484,1.0448656e+06,-54353.40823464841,-21865.625
1000000.0,888556.6118091904,977301.06,111443.38819080964,22698.9375
2650000.0,2572826.8855112363,2.5479648e+06,77173.11448876373,102035.25
1125000.0,1213819.36918223,1.1283598e+06,-88819.36918222997,-3359.75
1550000.0,1500499.7381165929,1.5752184e+06,49500.26188340713,-25218.375
464000.0,536202.7587766317,464207.03,-72202.75877663167,-207.03125
509900.0,386431.56309234747,505570.03,123468.43690765253,4329.96875
694900.0,837895.7898574958,681172.9,-142995.7898574958,13727.125
359000.0,74752.00249214354,359310.0,284247.99750785646,-310.0
500000.0,659591.1294443016,510056.47,-159591.1294443016,-10056.46875
1000000.0,1066751.2401772733,1.1206684e+06,-66751.24017727328,-120668.375
800000.0,841227.8928116021,811736.0,-41227.8928116021,-11736.0
1410000.0,1350212.414022532,1.2842426e+06,59787.58597746794,125757.375
630000.0,600498.7868009738,626940.8,29501.213199026184,3059.1875
3900000.0,3499299.455030972,3.2355625e+06,400700.54496902786,664437.5
600000.0,700315.5241354937,611011.75,-100315.52413549367,-11011.75
822000.0,945776.375321576,822905.5,-123776.37532157602,-905.5
250000.0,370291.7708202081,272510.0,-120291.77082020813,-22510.0
1245000.0,1385290.236677803,1.239723e+06,-140290.2366778031,5277.0
2837500.0,2756742.6727302326,2.8022615e+06,80757.32726976741,35238.5
725000.0,666613.2219594232,780378.3,58386.77804057684,-55378.3125
1200000.0,1221024.8085456984,1.1737428e+06,-21024.80854569841,26257.25
2520000.0,2444510.386686173,2.5729642e+06,75489.6133138272,-52964.25
2650000.0,2334658.190340738,2.5840028e+06,315341.8096592622,65997.25
1380000.0,1505631.4626396364,1.5217898e+06,-125631.46263963636,-141789.75
2300000.0,1895348.8009050386,1.9861496e+06,404651.1990949614,313850.375
1500000.0,1637130.4541305732,1.5197795e+06,-137130.4541305732,-19779.5
1865000.0,1879722.9064642282,1.8898224e+06,-14722.906464228174,-24822.375
3750000.0,3604067.6061057937,3.751497e+06,145932.39389420627,-1497.0
980000.0,1057960.4554523272,981754.1,-77960.45545232715,-1754.125
1200000.0,1014165.2061479716,1.1670935e+06,185834.79385202844,32906.5
14500000.0,13650916.720051963,1.568624e+07,849083.2799480371,-1186240.0
270000.0,163534.01144660427,256350.7,106465.98855339573,13649.296875
288000.0,175772.07290921314,274190.9,112227.92709078686,13809.09375
1400000.0,1823378.2146650539,1.3710762e+06,-423378.2146650539,28923.75
1220300.0,1274587.7234822344,1.1828932e+06,-54287.7234822344,37406.75
1475000.0,1447015.8451623705,1.4488608e+06,27984.154837629525,26139.25
1775000.0,1784287.4891466554,1.727299e+06,-9287.489146655425,47701.0
275000.0,341351.11146667623,267023.12,-66351.11146667623,7976.875
850000.0,874934.3631670545,830672.8,-24934.363167054486,19327.1875
1189000.0,1722978.5509945157,1.1792022e+06,-533978.5509945157,9797.75
420000.0,342123.1650591794,423319.94,77876.83494082058,-3319.9375
4200000.0,3983567.0707281204,4.0910552e+06,216432.9292718796,108944.75
218000.0,344052.40578564943,197920.03,-126052.40578564943,20079.96875
1175000.0,1658792.5240146222,1.1450898e+06,-483792.5240146222,29910.25
1515000.0,1729817.7913332873,1.532943e+06,-214817.79133328726,-17943.0
2300000.0,2199559.3831972172,2.2208488e+06,100440.61680278275,79151.25
1962500.0,2119903.7891364302,2.1095145e+06,-157403.78913643025,-147014.5
630000.0,755283.8695246044,633771.6,-125283.86952460441,-3771.625
2350000.0,2221065.812819564,2.4429618e+06,128934.18718043622,-92961.75
875000.0,1390969.530778279,866969.3,-515969.53077827906,8030.6875
3995000.0,3716403.317668067,4.2021905e+06,278596.6823319332,-207190.5
1480000.0,1419208.258293227,1.5010296e+06,60791.74170677294,-21029.625
1065000.0,1003193.1674505305,1.0667701e+06,61806.832549469545,-1770.125
1550000.0,1539697.8963223011,1.5874412e+06,10302.103677698877,-37441.25
4995000.0,4673459.888254033,5.046131e+06,321540.1117459666,-51131.0
3400000.0,3184041.077725567,3.558094e+06,215958.92227443308,-158094.0
3000000.0,3303013.2786481134,2.938154e+06,-303013.27864811337,61846.0
3100000.0,3036316.589833894,3.2245992e+06,63683.41016610619,-124599.25
715000.0,593495.5234153373,704605.0,121504.47658466268,10395.0
2000000.0,2091642.3167358984,2.0892211e+06,-91642.31673589838,-89221.125
560000.0,442813.2040254144,589420.44,117186.79597458558,-29420.4375
821000.0,710674.8755359345,818346.0,110325.12446406553,2654.0
990000.0,1123152.9732365494,984825.25,-133152.9732365494,5174.75
2750000.0,3004593.7201694082,2.6699945e+06,-254593.72016940825,80005.5
2350000.0,2243555.2059141146,2.3000268e+06,106444.7940858854,49973.25
1650000.0,1676540.9622243627,1.6775006e+06,-26540.96222436265,-27500.625
640000.0,657208.4517983918,642165.25,-17208.45179839176,-2165.25
3750000.0,3981354.439619361,3.6700005e+06,-231354.43961936096,79999.5
1210000.0,1227436.2784672342,1.1908209e+06,-17436.278467234224,19179.125
4300000.0,4072064.535102248,4.10646e+06,227935.4648977518,193540.0
570000.0,455164.64259240346,574313.75,114835.35740759654,-4313.75
1500000.0,1624123.3516887987,1.514799e+06,-124123.35168879875,-14799.0
950000.0,1390188.7811292424,960443.25,-440188.7811292424,-10443.25
2250000.0,2424188.1317915274,2.17527e+06,-174188.13179152738,74730.0
2750000.0,2789258.2452211394,2.797162e+06,-39258.2452211394,-47162.0
955000.0,1472153.6368108788,916152.0,-517153.63681087876,38848.0
1600000.0,1492967.2382137957,1.5907222e+06,107032.7617862043,9277.75
699000.0,860078.5282392575,682828.2,-161078.52823925752,16171.8125
680000.0,1265480.785041763,774152.5,-585480.785041763,-94152.5
1337000.0,1222110.6683079097,1.3024266e+06,114889.33169209026,34573.375
1900000.0,1897685.444260694,1.8866585e+06,2314.5557393059134,13341.5
700000.0,1494940.110698963,807215.3,-794940.110698963,-107215.3125
5300000.0,5406566.555556733,5.014928e+06,-106566.55555673316,285072.0
1430000.0,1363891.8058479915,1.4616009e+06,66108.19415200851,-31600.875
826000.0,1498447.9667905965,825723.75,-672447.9667905965,276.25
3500000.0,3244084.2442470994,3.4604832e+06,255915.75575290062,39516.75
1075000.0,1640663.2315255725,1.0657624e+06,-565663.2315255725,9237.625
345000.0,284919.7621414934,280647.16,60080.23785850662,64352.84375
1049000.0,1008595.6055866794,1.0477414e+06,40404.39441332058,1258.625
900000.0,1010083.3713146322,927251.94,-110083.37131463224,-27251.9375
3200000.0,3090998.776136295,3.2201155e+06,109001.22386370506,-20115.5
1625000.0,1229838.577081039,1.7070012e+06,395161.4229189609,-82001.25
18277380.0,18557965.722604737,1.8910538e+07,-280585.7226047367,-633158.0
650000.0,1339571.844105928,656432.75,-689571.844105928,-6432.75
1000000.0,861559.889314889,994535.3,138440.11068511102,5464.6875
5000000.0,4548195.7328641955,4.997326e+06,451804.2671358045,2674.0
310000.0,278800.3902349026,303958.56,31199.609765097382,6041.4375
1300000.0,1229355.405076535,1.2656075e+06,70644.59492346505,34392.5
2520000.0,2490801.1558448104,2.5286958e+06,29198.84415518958,-8695.75
1350000.0,1539737.2009460304,1.2796434e+06,-189737.20094603044,70356.625
3600000.0,4179914.064375288,3.7540522e+06,-579914.0643752879,-154052.25
5200000.0,4863663.577146895,4.8600975e+06,336336.42285310477,339902.5
270000.0,344218.5491634299,306136.97,-74218.54916342988,-36136.96875
1800000.0,1296976.9474409923,1.5601438e+06,503023.05255900766,239856.25
1150000.0,1032855.7483896171,1.1161406e+06,117144.25161038293,33859.375
688000.0,765174.9551371993,680448.3,-77174.95513719926,7551.6875
2100000.0,1987837.0032098538,2.1140255e+06,112162.99679014622,-14025.5
2400000.0,1968905.8695696667,2.1108848e+06,431094.1304303333,289115.25
162000.0,348714.6682996111,204529.77,-186714.66829961108,-42529.765625
585000.0,781062.9453741373,596700.56,-196062.94537413726,-11700.5625
1105000.0,1226642.4274687783,1.1331196e+06,-121642.42746877833,-28119.625
1200000.0,1757289.191801195,1.2434635e+06,-557289.191801195,-43463.5
1580000.0,1678606.1779267113,1.6239508e+06,-98606.17792671127,-43950.75
1612500.0,2130290.6475119093,1.5673708e+06,-517790.64751190925,45129.25
895000.0,944329.4403935651,891600.2,-49329.440393565106,3399.8125
410000.0,367204.0382781477,414294.88,42795.961721852305,-4294.875
1675000.0,1846529.4084071869,1.657053e+06,-171529.40840718686,17947.0
1190000.0,1954091.8672024705,1.2257438e+06,-764091.8672024705,-35743.75
1705000.0,1655040.937572606,1.5816958e+06,49959.06242739409,123304.25
840000.0,788483.2289780611,847971.4,51516.77102193888,-7971.375
1425000.0,1967180.3342976407,1.4333651e+06,-542180.3342976407,-8365.125
600000.0,675798.8734692881,595564.7,-75798.87346928811,4435.3125
6000000.0,5630093.6301300805,5.8357335e+06,369906.3698699195,164266.5
1075000.0,1265656.4540423085,1.028795e+06,-190656.4540423085,46205.0
2000000.0,1973583.5342352171,2.0463574e+06,26416.465764782857,-46357.375
3200000.0,3523671.228229798,3.0868712e+06,-323671.2282297979,113128.75
5995000.0,5449975.595126799,5.8598145e+06,545024.4048732007,135185.5
1240000.0,1266397.458286175,1.2492162e+06,-26397.45828617504,-9216.25
650000.0,1262658.331543996,658260.75,-612658.331543996,-8260.75
1000000.0,1801784.836275048,1.1020678e+06,-801784.8362750481,-102067.75
515000.0,564218.7909916784,497856.75,-49218.79099167837,17143.25
3440000.0,3051756.4205840966,3.2483718e+06,388243.5794159034,191628.25
600000.0,620707.205853245,617574.8,-20707.20585324499,-17574.8125
2680000.0,2557296.478973085,2.638219e+06,122703.52102691494,41781.0
303000.0,294429.7073152666,296141.1,8570.292684733402,6858.90625
3200000.0,3006825.9234184637,3.2299175e+06,193174.07658153633,-29917.5
2700000.0,2612538.40535968,2.7901842e+06,87461.59464032017,-90184.25
1050000.0,1719255.6092353621,1.1851979e+06,-669255.6092353621,-135197.875
2450000.0,2975075.8220570814,2.4004035e+06,-525075.8220570814,49596.5
1415000.0,1577329.0764978442,1.4856475e+06,-162329.0764978442,-70647.5
730000.0,729775.6871725752,728744.4,224.31282742484473,1255.625
3060000.0,2847977.55959962,3.3107348e+06,212022.44040038018,-250734.75
415000.0,487688.79918025143,391972.0,-72688.79918025143,23028.0
1360000.0,1365846.983561327,1.2767289e+06,-5846.983561326982,83271.125
1502125.0,1359257.9654641005,1.5086258e+06,142867.03453589953,-6500.75
5100000.0,5136853.533243522,5.2644035e+06,-36853.53324352205,-164403.5
900000.0,1128950.7559984622,896025.0,-228950.7559984622,3975.0
1050000.0,1626670.2676528525,1.088217e+06,-576670.2676528525,-38217.0
1430000.0,1425481.128949244,1.4350188e+06,4518.871050755959,-5018.75
700000.0,687941.802416278,688403.56,12058.19758372195,11596.4375
785000.0,882763.2159996806,793700.8,-97763.21599968057,-8700.8125
3000000.0,2949100.532776792,3.1168252e+06,50899.46722320793,-116825.25
2845000.0,2674518.2055138517,2.726327e+06,170481.79448614828,118673.0
1800000.0,1784858.2841492416,1.9175335e+06,15141.715850758366,-117533.5
490000.0,417450.12773891294,490698.47,72549.87226108706,-698.46875
490000.0,417450.12773891294,490698.47,72549.87226108706,-698.46875
3265000.0,2466266.213697127,2.705869e+06,798733.7863028729,559131.0
499900.0,440582.59464593197,515642.8,59317.40535406803,-15742.8125
975000.0,1133959.2009793897,962590.8,-158959.20097938972,12409.1875
4188000.0,4034800.624609593,4.2440885e+06,153199.37539040716,-56088.5
820000.0,927674.6828478924,923149.94,-107674.6828478924,-103149.9375
927000.0,2023283.435137451,966090.2,-1096283.435137451,-39090.1875
1078000.0,1039113.8892214984,1.00977894e+06,38886.11077850161,68221.0625
248012.1,379539.6742504096,229050.78,-131527.57425040958,18961.318750000006
950000.0,1011891.0044336324,939235.75,-61891.00443363236,10764.25
1300000.0,1733016.765498205,1.2688499e+06,-433016.7654982051,31150.125
1275000.0,1776972.9690599898,1.179218e+06,-501972.9690599898,95782.0
1300000.0,1298517.115104053,1.25942e+06,1482.8848959470633,40580.0
3650000.0,4019121.654559194,3.500777e+06,-369121.6545591941,149223.0
1850000.0,2431309.5061248606,1.9062126e+06,-581309.5061248606,-56212.625
675000.0,994824.1152397216,683621.1,-319824.1152397216,-8621.125
1250000.0,1361853.742455908,1.2774425e+06,-111853.7424559081,-27442.5
970000.0,1034738.8470073161,981830.94,-64738.84700731607,-11830.9375
2330000.0,2390871.859991351,2.3306412e+06,-60871.85999135114,-641.25
611000.0,554342.7650298259,604236.56,56657.23497017415,6763.4375
3000000.0,3153152.8691491084,3.1536798e+06,-153152.86914910842,-153679.75
790000.0,760680.483564984,792257.9,29319.516435015947,-2257.875
875000.0,917382.1410783494,883751.8,-42382.141078349436,-8751.8125
825000.0,812933.2049529982,837654.25,12066.795047001797,-12654.25
930000.0,899457.2618620192,958085.75,30542.738137980807,-28085.75
1005000.0,1020847.3536669518,839552.9,-15847.353666951763,165447.125
3800000.0,2964903.3663891894,3.122362e+06,835096.6336108106,677638.0
1400000.0,1689485.0846463467,1.4817294e+06,-289485.08464634675,-81729.375
1600000.0,1205340.4661781304,1.3154626e+06,394659.53382186964,284537.375
450000.0,813840.121940756,445576.66,-363840.121940756,4423.34375
2190000.0,2062160.504426621,2.2648455e+06,127839.4955733791,-74845.5
670000.0,1301123.3800004544,670506.1,-631123.3800004544,-506.125
1113000.0,1154890.9711820637,1.1529038e+06,-41890.97118206369,-39903.75
661000.0,843567.4553448258,571260.25,-182567.45534482575,89739.75
750000.0,745988.2949534531,796288.44,4011.7050465468783,-46288.4375
405000.0,421223.78884449287,405098.56,-16223.788844492869,-98.5625
725000.0,863062.0328160628,720195.2,-138062.0328160628,4804.8125
728000.0,989754.1290522302,722856.06,-261754.12905223016,5143.9375
270000.0,371011.1109327802,301157.12,-101011.1109327802,-31157.125
1300000.0,1150424.7472683238,1.2701974e+06,149575.2527316762,29802.625
750000.0,1310496.0541124986,817849.8,-560496.0541124986,-67849.8125
470000.0,1340263.693979754,778984.1,-870263.6939797541,-308984.125
890000.0,726547.2573917762,905384.4,163452.7426082238,-15384.375
1100000.0,1560819.8513771365,1.3155742e+06,-460819.85137713654,-215574.25
3200000.0,3391980.491000847,3.079667e+06,-191980.49100084696,120333.0
3100000.0,2880697.819435643,3.1276995e+06,219302.18056435697,-27699.5
2601000.0,2180150.724647178,2.2917548e+06,420849.27535282215,309245.25
239900.0,450176.21598674066,234523.97,-210276.21598674066,5376.03125
525000.0,1020494.6841924756,819112.75,-495494.68419247563,-294112.75
742000.0,720687.2750272121,735542.3,21312.724972787895,6457.6875
1185000.0,1659323.4866654875,1.1916104e+06,-474323.4866654875,-6610.375
1975000.0,1936740.4157349928,2.0076366e+06,38259.58426500717,-32636.625
2477000.0,2213499.2314041713,2.521416e+06,263500.7685958287,-44416.0
785000.0,735496.0423127755,773409.44,49503.957687224494,11590.5625
1450000.0,1525491.629817224,1.5151746e+06,-75491.62981722411,-65174.625
1675000.0,1556804.4111223149,1.6519865e+06,118195.58887768514,23013.5
1550000.0,1533528.2658007094,1.5328172e+06,16471.73419929063,17182.75
988000.0,1548007.6861621607,908152.5,-560007.6861621607,79847.5
1305000.0,1206145.7661884858,1.2708311e+06,98854.23381151422,34168.875
297000.0,229742.81351214193,292936.4,67257.18648785807,4063.59375
2808000.0,1625377.0316350202,2.0750335e+06,1182622.9683649798,732966.5
430500.0,287669.69104634144,442542.38,142830.30895365856,-12042.375
1075000.0,1195802.4623202207,962304.5,-120802.46232022066,112695.5
5895000.0,5591450.278085947,5.84591e+06,303549.72191405296,49090.0
960900.0,1428941.3800537852,916294.44,-468041.38005378516,44605.5625
1280000.0,1439250.157460933,1.397284e+06,-159250.1574609331,-117284.0
1250000.0,1344793.6953925549,1.2794725e+06,-94793.69539255486,-29472.5
694900.0,664891.6954515983,691896.5,30008.304548401735,3003.5
860000.0,1388373.3808602155,831695.4,-528373.3808602155,28304.625
685000.0,763125.2088506336,659472.9,-78125.20885063359,25527.125
550000.0,687318.203663876,640174.25,-137318.20366387605,-90174.25
1875000.0,1797898.9635943428,1.8845905e+06,77101.03640565719,-9590.5
1100000.0,1673229.7814885816,1.2502449e+06,-573229.7814885816,-150244.875
600000.0,679047.8841512864,593117.2,-79047.88415128645,6882.8125
1300000.0,1392036.8079889524,1.3567269e+06,-92036.80798895238,-56726.875
2600000.0,2625786.516939951,2.666806e+06,-25786.516939951107,-66806.0
8130000.0,7813013.025505947,8.139769e+06,316986.97449405305,-9769.0
3134171.0,3407714.8373779757,3.5592345e+06,-273543.8373779757,-425063.5
1200000.0,1189631.5730599351,1.2158884e+06,10368.426940064877,-15888.375
687000.0,833941.5589154991,696289.8,-146941.55891549913,-9289.8125
850000.0,1622465.4982156756,868159.06,-772465.4982156756,-18159.0625
1400000.0,1424641.1213611343,1.4329742e+06,-24641.12136113434,-32974.25
302202.0,388798.033027499,316814.47,-86596.03302749898,-14612.46875
1460000.0,1466035.3919856036,1.420271e+06,-6035.391985603608,39729.0
625000.0,1192614.8937245086,613464.0,-567614.8937245086,11536.0
1300000.0,1402241.1270822403,1.2662726e+06,-102241.1270822403,33727.375
950000.0,957031.656690273,922312.2,-7031.656690272968,27687.8125
2000000.0,2475537.3997724773,2.029478e+06,-475537.39977247734,-29478.0
1330000.0,1260707.5427273698,1.3517675e+06,69292.45727263018,-21767.5
789000.0,838330.8092301516,775730.4,-49330.809230151586,13269.625
238000.0,281188.5120364396,230295.56,-43188.51203643961,7704.4375
740000.0,840301.5476075701,702394.3,-100301.54760757007,37605.6875
2200000.0,2020160.957587725,2.245044e+06,179839.04241227498,-45044.0
3925000.0,3785897.5851472914,4.156348e+06,139102.41485270858,-231348.0
1565000.0,1475675.7927136102,1.502704e+06,89324.20728638978,62296.0
821000.0,984769.6025061852,758153.8,-163769.60250618518,62846.1875
3300000.0,3239314.490113109,3.4184782e+06,60685.509886891115,-118478.25
850000.0,1104531.633087069,777021.6,-254531.63308706903,72978.375
1400000.0,1856167.692527012,1.380427e+06,-456167.69252701197,19573.0
343500.0,434103.8910265197,395519.75,-90603.8910265197,-52019.75
1730625.0,2241444.300873068,1.6866362e+06,-510819.30087306816,43988.75
527600.0,486312.1523539324,515007.38,41287.84764606762,12592.625
1185000.0,1037269.6411701341,1.0595824e+06,147730.35882986593,125417.625
2168000.0,2275767.954713021,2.4460275e+06,-107767.95471302094,-278027.5
2300000.0,2575333.936543368,2.1982745e+06,-275333.9365433678,101725.5
2625000.0,2438244.8394632204,2.6569565e+06,186755.16053677956,-31956.5
1600000.0,1699038.101470896,1.5890362e+06,-99038.10147089604,10963.75
1700000.0,2210486.909507882,1.5927532e+06,-510486.90950788185,107246.75
305000.0,301017.4290974032,333085.0,3982.57090259681,-28085.0
3312500.0,2977590.607547683,3.2440902e+06,334909.3924523168,68409.75
4550000.0,4199261.050191657,4.729221e+06,350738.9498083433,-179221.0
313700.0,348383.6241500169,316478.06,-34683.62415001693,-2778.0625
2911500.0,2831843.0338959964,3.0550075e+06,79656.9661040036,-143507.5
1950000.0,1485555.1832430973,1.6475528e+06,464444.8167569027,302447.25
660000.0,1056710.4371547597,690618.94,-396710.43715475965,-30618.9375
1510000.0,1371654.747521262,1.3517442e+06,138345.25247873808,158255.75
1350000.0,1269385.048775592,1.353811e+06,80614.95122440811,-3811.0
1298000.0,1389188.5374248577,1.2980222e+06,-91188.53742485773,-22.25
1425000.0,1463030.1474936688,1.4011831e+06,-38030.14749366883,23816.875
5200000.0,4673414.711995304,4.969708e+06,526585.2880046964,230292.0
400000.0,575189.2036622358,397353.4,-175189.20366223576,2646.59375
2242500.0,2165410.130402213,2.3016638e+06,77089.86959778704,-59163.75
824000.0,797368.0468970838,826568.4,26631.953102916246,-2568.375
2285000.0,2774847.720071732,2.1969185e+06,-489847.72007173207,88081.5
900000.0,1184508.8995444796,969479.25,-284508.89954447956,-69479.25
3500000.0,3625832.320936723,3.2744892e+06,-125832.32093672315,225510.75
599000.0,682892.1720170304,615040.44,-83892.17201703042,-16040.4375
1355000.0,1221164.2682676744,1.3344489e+06,133835.73173232563,20551.125
1600000.0,1688271.4336628339,1.5956055e+06,-88271.43366283388,4394.5
330000.0,490237.4723450986,398802.84,-160237.47234509862,-68802.84375
1410000.0,1848113.584158522,1.397877e+06,-438113.5841585221,12123.0
1850000.0,2094027.8660861196,1.8576229e+06,-244027.86608611955,-7622.875
1625000.0,1721679.4692988019,1.5816535e+06,-96679.46929880185,43346.5
1710000.0,1732038.7914667998,1.7743962e+06,-22038.791466799797,-64396.25
1185000.0,1103510.4842093377,1.1637338e+06,81489.51579066226,21266.25
900000.0,550667.1974011894,840877.44,349332.80259881064,59122.5625
1925000.0,1794131.9100713697,1.9186951e+06,130868.08992863027,6304.875
1300000.0,1238721.5733100402,1.2262699e+06,61278.42668995983,73730.125
1530000.0,1359280.3558594931,1.5375212e+06,170719.64414050686,-7521.25
28000000.0,25992250.40625676,1.7893656e+07,2007749.5937432386,10106344.0
4000000.0,3883503.0828106143,3.8603155e+06,116496.91718938574,139684.5
825000.0,617327.856267121,749543.3,207672.14373287896,75456.6875
2408888.0,2716743.9616554575,2.3090488e+06,-307855.9616554575,99839.25
3150000.0,2603393.3641204806,2.7712208e+06,546606.6358795194,378779.25
1900000.0,1872262.7855398874,1.9360429e+06,27737.21446011262,-36042.875
1648000.0,1993538.3413236756,1.5875518e+06,-345538.3413236756,60448.25
1020000.0,1090717.2998630586,1.0548448e+06,-70717.29986305861,-34844.75
649990.0,540641.0194250945,669362.5,109348.98057490552,-19372.5
1765000.0,1246685.483896132,1.4599654e+06,518314.5161038679,305034.625
1260000.0,1415898.833336833,1.288126e+06,-155898.83333683293,-28126.0
1225000.0,1172161.575906055,1.1952194e+06,52838.42409394495,29780.625
3625000.0,3257125.8483023983,3.5672405e+06,367874.15169760166,57759.5
2008000.0,1857192.5597019598,2.0013779e+06,150807.44029804016,6622.125
2670000.0,2626632.797313528,2.6902378e+06,43367.202686471865,-20237.75
630000.0,855275.4485357777,637567.8,-225275.44853577774,-7567.8125
2010777.0,1588703.8066841443,1.6789522e+06,422073.1933158557,331824.75
735000.0,1005794.5184093867,741290.0,-270794.51840938674,-6290.0
4250000.0,3671079.8474551854,3.8464062e+06,578920.1525448146,403593.75
2050000.0,2087852.3811593358,2.0539101e+06,-37852.38115933584,-3910.125
1310800.0,1203217.6713285178,1.2844276e+06,107582.32867148216,26372.375
580000.0,798739.4950903819,575830.75,-218739.49509038194,4169.25
1810000.0,1811146.760757437,1.9175536e+06,-1146.7607574369758,-107553.625
1030000.0,1809432.0653457684,1.1394655e+06,-779432.0653457684,-109465.5
1920000.0,2156995.550300628,1.7625449e+06,-236995.55030062795,157455.125
335000.0,427034.1344278628,327948.5,-92034.13442786282,7051.5
1700000.0,1598448.4736636714,1.6844565e+06,101551.52633632859,15543.5
1400000.0,1524916.6423161346,1.4104284e+06,-124916.64231613465,-10428.375
950000.0,1022298.1224752221,933122.7,-72298.1224752221,16877.3125
1300000.0,1294869.3494035292,1.2841862e+06,5130.650596470805,15813.75
2092500.0,1981106.2111697895,2.1028098e+06,111393.78883021045,-10309.75
2111000.0,1925819.5476031872,2.0529622e+06,185180.45239681285,58037.75
1550000.0,1563574.6792799248,1.4009506e+06,-13574.679279924836,149049.375
1928888.0,1283078.8445877132,1.6058456e+06,645809.1554122868,323042.375
990000.0,870176.5261784277,857731.4,119823.47382157226,132268.625
2825000.0,2759575.3802549737,2.9526145e+06,65424.61974502634,-127614.5
3570000.0,2048583.4433379427,2.4605495e+06,1521416.5566620573,1109450.5
3700000.0,3482002.1460622074,3.5161045e+06,217997.8539377926,183895.5
950000.0,908361.0210578705,923142.0,41638.97894212953,26858.0
480000.0,530564.554744474,488195.2,-50564.55474447401,-8195.1875
1850000.0,2276051.7231880454,1.8514239e+06,-426051.72318804543,-1423.875
1895000.0,1987972.4469991173,2.109953e+06,-92972.44699911727,-214953.0
1130000.0,1196026.7768364083,1.051071e+06,-66026.7768364083,78929.0
1600000.0,1464477.830718925,1.5317798e+06,135522.169281075,68220.25
550000.0,579952.0648919469,598057.6,-29952.06489194685,-48057.625
1800000.0,2252248.9928318174,1.8344145e+06,-452248.99283181736,-34414.5
1675000.0,1698010.7382315034,1.7385619e+06,-23010.738231503405,-63561.875
2100000.0,2077351.0774214165,2.1205962e+06,22648.92257858347,-20596.25
530000.0,457867.6674349111,523121.56,72132.33256508887,6878.4375
950000.0,972685.3875760809,943122.25,-22685.38757608086,6877.75
3175000.0,2905576.0859058015,3.2807408e+06,269423.9140941985,-105740.75
1400000.0,1895237.4216015297,1.346572e+06,-495237.4216015297,53428.0
749000.0,614900.1722488913,763660.8,134099.82775110868,-14660.8125
5350000.0,4844840.54649429,4.628824e+06,505159.45350570977,721176.0
2551000.0,1927487.2141476288,2.2648175e+06,623512.7858523712,286182.5
1470000.0,1489052.5225726357,1.5199781e+06,-19052.522572635673,-49978.125
595000.0,731423.3791777657,601119.7,-136423.3791777657,-6119.6875
420000.0,321510.9423019078,406657.7,98489.05769809219,13342.3125
1650000.0,1910815.0404074767,1.6443678e+06,-260815.0404074767,5632.25
900000.0,1026310.5187362949,882424.5,-126310.51873629494,17575.5
3500000.0,3493133.8439803235,3.6212365e+06,6866.156019676477,-121236.5
659243.0,582798.938209956,645693.8,76444.06179004395,13549.1875
875000.0,1298280.0656806224,919695.6,-423280.06568062236,-44695.625
311750.0,1055103.5054228916,328752.03,-743353.5054228916,-17002.03125
1850000.0,1720167.1217285567,1.8199081e+06,129832.8782714433,30091.875
920000.0,1475416.0960649205,885246.5,-555416.0960649205,34753.5
1220000.0,1914250.982874924,1.2191441e+06,-694250.9828749241,855.875
1325000.0,1858875.4305551676,1.336711e+06,-533875.4305551676,-11711.0
750000.0,1423534.9852017309,780833.2,-673534.9852017309,-30833.1875
950000.0,1799582.999248217,959611.06,-849582.9992482171,-9611.0625
2715000.0,2523257.4409582634,2.6475825e+06,191742.55904173665,67417.5
1255000.0,1202702.8700673236,1.2208114e+06,52297.12993267644,34188.625
800000.0,842967.7077024116,811736.0,-42967.70770241157,-11736.0
2510000.0,2355331.2092370447,2.552177e+06,154668.79076295532,-42177.0
1850000.0,1939197.4961415473,1.8283452e+06,-89197.49614154734,21654.75
1190000.0,1454798.6868271246,1.236035e+06,-264798.68682712456,-46035.0
1525000.0,1456888.43602819,1.5090574e+06,68111.56397181004,15942.625
890000.0,1030114.3804379894,956522.8,-140114.38043798937,-66522.8125
1875000.0,1842312.3134026658,1.9711425e+06,32687.68659733422,-96142.5
455000.0,491284.46543419105,455886.62,-36284.46543419105,-886.625
2542800.0,2490701.32260916,2.761312e+06,52098.677390839905,-218512.0
1900000.0,1786892.5281796067,1.9262525e+06,113107.47182039334,-26252.5
2237000.0,2029210.2947026119,2.2320238e+06,207789.70529738814,4976.25
700000.0,707778.9869625409,738976.25,-7778.98696254089,-38976.25
910000.0,1018254.7766810476,934664.4,-108254.77668104763,-24664.375
1000000.0,1005107.8205417456,1.0821885e+06,-5107.820541745634,-82188.5
1475000.0,1885348.4110004897,1.317386e+06,-410348.4110004897,157614.0
4008888.0,3861921.598653025,4.0544132e+06,146966.401346975,-45525.25
556500.0,633465.7927018976,519606.78,-76965.79270189756,36893.21875
7800000.0,7512999.528799946,7.8425775e+06,287000.4712000536,-42577.5
425000.0,662481.6686887357,425966.8,-237481.6686887357,-966.8125
750000.0,1192106.5613273294,791378.94,-442106.5613273294,-41378.9375
610000.0,858514.0710061954,651265.3,-248514.0710061954,-41265.3125
1200000.0,1855305.3067554482,1.2549934e+06,-655305.3067554482,-54993.375
1900000.0,1757292.530347279,1.739386e+06,142707.46965272096,160614.0
955000.0,1048255.7841596664,939627.25,-93255.7841596664,15372.75
1475000.0,1539766.239478584,1.5470065e+06,-64766.23947858391,-72006.5
2670000.0,3008797.7976382715,2.728538e+06,-338797.79763827147,-58538.0
2800000.0,2582577.4037872385,2.747922e+06,217422.59621276148,52078.0
4050000.0,3992310.51788499,4.0957398e+06,57689.4821150098,-45739.75
1100000.0,1075114.9985068606,1.1081468e+06,24885.001493139425,-8146.75
4075000.0,4219749.731684318,4.1206338e+06,-144749.7316843178,-45633.75
540000.0,678727.8705343567,551870.4,-138727.87053435668,-11870.375
4300000.0,4256674.940325484,4.381981e+06,43325.05967451632,-81981.0
1995000.0,2138627.8807210783,2.0665634e+06,-143627.88072107825,-71563.375
291000.0,432187.07574591285,299325.2,-141187.07574591285,-8325.1875
2800000.0,2030631.4874918466,2.5055478e+06,769368.5125081534,294452.25
760000.0,828940.574295118,725140.8,-68940.57429511799,34859.1875
876000.0,1016021.3618821185,890842.0,-140021.3618821185,-14842.0
365000.0,394681.89989492996,354266.72,-29681.899894929957,10733.28125
540000.0,481496.3924823281,536858.6,58503.60751767189,3141.375
1600000.0,1595289.3807767811,1.623689e+06,4710.619223218877,-23689.0
1350000.0,1407967.9358452314,1.3338241e+06,-57967.935845231405,16175.875
1895000.0,1787663.31672305,1.9371898e+06,107336.68327694992,-42189.75
650000.0,820568.8870521362,661135.25,-170568.88705213624,-11135.25
5000000.0,4693390.051791378,4.84943e+06,306609.9482086217,150570.0
3500000.0,3360556.758328597,3.6647892e+06,139443.24167140294,-164789.25
3103000.0,2081745.1202523224,2.2062532e+06,1021254.8797476776,896746.75
4060000.0,3740670.7930010944,4.0455838e+06,319329.20699890563,14416.25
675000.0,1448160.0771926288,651367.2,-773160.0771926288,23632.8125
375000.0,332728.942193485,397547.47,42271.05780651502,-22547.46875
785000.0,829146.0167763449,809126.0,-44146.016776344855,-24126.0
600000.0,1022657.1299127112,595246.7,-422657.1299127112,4753.3125
1383000.0,1426386.0079431257,1.371704e+06,-43386.007943125675,11296.0
1250000.0,1741664.1892702314,1.1797928e+06,-491664.1892702314,70207.25
580000.0,1497292.7893766747,710504.5,-917292.7893766747,-130504.5
3450000.0,3029839.5795617746,3.2633785e+06,420160.4204382254,186621.5
2040000.0,1859275.7961482028,2.0847768e+06,180724.20385179715,-44776.75
680000.0,1526606.3675471488,780067.3,-846606.3675471488,-100067.3125
2350000.0,2060625.3490456317,2.243411e+06,289374.6509543683,106589.0
612500.0,715651.7645045279,602301.2,-103151.7645045279,10198.8125
1850000.0,1714089.0853316092,1.8930079e+06,135910.91466839076,-43007.875
1150000.0,1492483.503160464,1.150393e+06,-342483.5031604641,-393.0
995000.0,1153116.941020951,1.0860066e+06,-158116.9410209509,-91006.625
1700000.0,1652024.7292255554,1.6710245e+06,47975.270774444565,28975.5
1950000.0,1814083.5217995087,1.8770086e+06,135916.47820049128,72991.375
2050000.0,2217008.9151211544,2.0139072e+06,-167008.9151211544,36092.75
1675000.0,1790970.8906731599,1.6524732e+06,-115970.89067315985,22526.75
1850000.0,2235931.262604512,2.2518822e+06,-385931.2626045118,-401882.25
625000.0,802029.7994318818,630564.94,-177029.79943188175,-5564.9375
3500000.0,3778076.6423896044,4.0294888e+06,-278076.64238960436,-529488.75
1900000.0,1960475.9316903097,1.8466116e+06,-60475.93169030966,53388.375
615000.0,524937.7801480655,634148.3,90062.21985193447,-19148.3125
400000.0,1120906.629218502,415565.12,-720906.629218502,-15565.125
1840000.0,1940543.9594579174,1.8695375e+06,-100543.95945791737,-29537.5
3490500.0,3539319.4995082705,3.4785492e+06,-48819.49950827053,11950.75
1325000.0,1780667.093547943,1.350345e+06,-455667.09354794305,-25345.0
1275000.0,1205250.369762338,1.2844044e+06,69749.630237662,-9404.375
880000.0,1005905.4296998876,888984.25,-125905.42969988764,-8984.25
840000.0,1417667.58344645,839467.25,-577667.5834464501,532.75
699000.0,582690.4602844451,696381.44,116309.53971555491,2618.5625
746360.0,756107.1555456029,736685.9,-9747.155545602902,9674.125
3200000.0,2835915.847242496,2.9839082e+06,364084.152757504,216091.75
1780000.0,1808045.7181623327,1.7463404e+06,-28045.71816233266,33659.625
1588000.0,1486551.983825449,1.6007555e+06,101448.0161745511,-12755.5
1475000.0,1413679.8003042475,1.464496e+06,61320.19969575247,10504.0
615000.0,626837.9619091034,591692.94,-11837.96190910344,23307.0625
605000.0,821343.6499396227,614659.9,-216343.64993962273,-9659.875
910000.0,1089117.3095625085,944393.1,-179117.30956250848,-34393.125
3698000.0,3504209.4230374675,3.541668e+06,193790.57696253248,156332.0
457000.0,487483.08234681026,470999.94,-30483.08234681026,-13999.9375
1348888.0,1303834.5112464912,1.3342936e+06,45053.48875350878,14594.375
700000.0,839441.368909551,753163.3,-139441.36890955095,-53163.3125
5500000.0,5264874.803513026,5.3541385e+06,235125.19648697414,145861.5
1725000.0,1524964.7988096715,1.7199088e+06,200035.20119032846,5091.25
1230000.0,1053522.7962548956,1.02639006e+06,176477.20374510437,203609.9375
1575000.0,2037528.3575294777,1.538504e+06,-462528.3575294777,36496.0
1630000.0,1847743.392558477,1.6183432e+06,-217743.3925584769,11656.75
1452750.0,1413982.6822860094,1.5085522e+06,38767.317713990575,-55802.25
11000000.0,11658241.172604203,1.259e+07,-658241.1726042032,-1590000.0
4200000.0,3277477.085590525,3.5213998e+06,922522.9144094749,678600.25
2250000.0,1827388.7958946603,1.9750301e+06,422611.2041053397,274969.875
1905500.0,2535230.976764226,2.0984505e+06,-629730.9767642259,-192950.5
3625000.0,3292552.7974493895,3.5392842e+06,332447.2025506105,85715.75
605000.0,608235.6758088659,604060.9,-3235.6758088659262,939.125
2000000.0,1898891.9698107357,2.0348464e+06,101108.03018926433,-34846.375
745000.0,968418.251949874,730268.7,-223418.251949874,14731.3125
1150000.0,1805405.182460695,1.1701774e+06,-655405.182460695,-20177.375
725000.0,684243.1175743588,695289.2,40756.882425641175,29710.8125
1050500.0,965420.3789481185,1.0384948e+06,85079.62105188146,12005.1875
1115000.0,1862952.7678813464,1.2611254e+06,-747952.7678813464,-146125.375
315000.0,994389.3345360458,296311.16,-679389.3345360458,18688.84375
3595000.0,3259436.653419896,3.6263098e+06,335563.346580104,-31309.75
1050000.0,871253.4745118525,937640.06,178746.5254881475,112359.9375
519000.0,535006.1198051039,494701.8,-16006.119805103866,24298.1875
910000.0,903097.4480621631,834534.2,6902.551937836921,75465.8125
1255000.0,1444865.2189812867,1.2401239e+06,-189865.21898128674,14876.125
1320000.0,1290330.0348203164,1.2673419e+06,29669.96517968364,52658.125
3650000.0,2958849.0899355365,3.169624e+06,691150.9100644635,480376.0
800000.0,996177.7143878492,814055.5,-196177.7143878492,-14055.5
705000.0,1198527.23170625,664988.1,-493527.23170625,40011.875
285000.0,1049782.7639647564,284552.53,-764782.7639647564,447.46875
1866042.0,1575381.2559360582,1.7984585e+06,290660.74406394176,67583.5
1575000.0,1800887.1024811787,1.7417182e+06,-225887.1024811787,-166718.25
2152000.0,2180984.713999496,2.0980762e+06,-28984.71399949584,53923.75
1400000.0,2056236.2822073884,1.4293e+06,-656236.2822073884,-29300.0
4800000.0,4527843.706267681,4.8510215e+06,272156.293732319,-51021.5
650000.0,467305.3166423916,481781.0,182694.6833576084,168219.0
1072758.0,1072501.2921949069,1.1608251e+06,256.707805093145,-88067.125
2320000.0,2237554.9591304893,2.34642e+06,82445.04086951073,-26420.0
1240000.0,1179810.573946671,1.2074645e+06,60189.426053328905,32535.5
655000.0,593006.386415082,634267.44,61993.61358491797,20732.5625
840000.0,878877.97185903,824365.7,-38877.97185902996,15634.3125
1645000.0,1541831.8995930867,1.7194758e+06,103168.10040691332,-74475.75
2480000.0,2235501.964877125,2.356853e+06,244498.03512287512,123147.0
3777000.0,2996715.3708824376,3.179715e+06,780284.6291175624,597285.0
1060000.0,1887301.76813305,1.0376187e+06,-827301.7681330501,22381.3125
1175000.0,1815886.4269756107,1.2198664e+06,-640886.4269756107,-44866.375
830000.0,994164.8837232195,810004.56,-164164.8837232195,19995.4375
588000.0,663103.2264939931,601042.9,-75103.22649399308,-13042.875
2700000.0,2812042.193656374,2.7765775e+06,-112042.19365637377,-76577.5
530000.0,568778.5914500932,529995.6,-38778.5914500932,4.375
1960000.0,1937721.2757866974,1.9895678e+06,22278.7242133026,-29567.75
250000.0,430525.6814773554,254399.19,-180525.68147735542,-4399.1875
800000.0,786761.5493783669,813536.3,13238.450621633092,-13536.3125
925000.0,1514845.7780263931,930243.0,-589845.7780263931,-5243.0
2550000.0,2260051.789438314,2.5282328e+06,289948.2105616862,21767.25
1700000.0,1591022.8401922756,1.7698702e+06,108977.15980772441,-69870.25
995000.0,1076717.8518783732,1.00920225e+06,-81717.85187837319,-14202.25
829000.0,1527341.2135425413,811755.4,-698341.2135425413,17244.625
680000.0,714495.4711365837,629466.6,-34495.471136583714,50533.375
625000.0,852426.3975961973,629416.2,-227426.39759619732,-4416.1875
3285000.0,2875134.1788376765,3.0432625e+06,409865.82116232347,241737.5
1525000.0,1007615.7777316335,1.0907511e+06,517384.2222683665,434248.875
290000.0,350540.57665818825,284332.56,-60540.57665818825,5667.4375
1475000.0,2022847.3818935794,1.5732636e+06,-547847.3818935794,-98263.625
870000.0,946754.1304284607,869343.0,-76754.13042846066,657.0
1520000.0,2019425.2851564074,1.4851162e+06,-499425.2851564074,34883.75
1230000.0,1731192.227592731,1.2682922e+06,-501192.2275927309,-38292.25
410000.0,422573.16099520435,423722.62,-12573.160995204351,-13722.625
390000.0,357219.63830808375,394649.0,32780.361691916245,-4649.0
3420500.0,3068385.409298447,3.4132562e+06,352114.59070155304,7243.75
1158000.0,1351691.4601219688,1.1732235e+06,-193691.46012196876,-15223.5
1235000.0,1198861.0116369436,1.1901601e+06,36138.98836305644,44839.875
3005000.0,2718551.800897966,2.7982478e+06,286448.19910203386,206752.25
1274000.0,1919245.2929802607,1.3162871e+06,-645245.2929802607,-42287.125
565000.0,429400.2564015675,568381.75,135599.7435984325,-3381.75
3125000.0,2794083.3174645617,3.038411e+06,330916.68253543833,86589.0
4388000.0,4230889.000309187,4.3285965e+06,157110.999690813,59403.5
1565000.0,1599961.710798785,1.5886028e+06,-34961.71079878509,-23602.75
1550777.0,1798184.4547296972,1.6220932e+06,-247407.4547296972,-71316.25
2800000.0,2848074.893748249,3.0333935e+06,-48074.89374824893,-233393.5
869000.0,961547.874992894,852786.94,-92547.87499289401,16213.0625
1235000.0,1281310.995588169,1.227626e+06,-46310.99558816897,7374.0
1710000.0,1719808.2286121827,1.8236209e+06,-9808.228612182662,-113620.875
1180000.0,1335702.1333125513,1.2540614e+06,-155702.1333125513,-74061.375
987000.0,929211.1337128947,988997.56,57788.86628710525,-1997.5625
975000.0,1092623.012538411,946147.44,-117623.01253841096,28852.5625
930000.0,996895.2685528249,916995.5,-66895.26855282485,13004.5
4250000.0,3883008.2192360004,4.325629e+06,366991.78076399956,-75629.0
1253000.0,724208.3943610181,889118.25,528791.6056389819,363881.75
1000000.0,735726.6392471071,939524.25,264273.3607528929,60475.75
2300000.0,1888673.3246110133,2.1814025e+06,411326.6753889867,118597.5
808000.0,978678.4355577346,807185.3,-170678.43555773457,814.6875
835000.0,882383.9651434981,858597.25,-47383.96514349815,-23597.25
469000.0,417250.95661551587,468540.38,51749.04338448413,459.625
1557000.0,1527244.677136227,1.5806945e+06,29755.322863772977,-23694.5
845000.0,1416923.0035381357,845192.4,-571923.0035381357,-192.375
4305000.0,3668423.305522582,4.043632e+06,636576.694477418,261368.0
1080000.0,1485718.7321409585,1.04104125e+06,-405718.73214095854,38958.75
915000.0,1475839.9198538598,924876.25,-560839.9198538598,-9876.25
10325000.0,9803232.459905546,1.2072126e+07,521767.54009445384,-1747126.0
1520000.0,1484738.587896767,1.5557992e+06,35261.41210323293,-35799.25
970000.0,1098717.7443330446,1.04698825e+06,-128717.74433304463,-76988.25
365000.0,414199.92045142537,370044.97,-49199.920451425365,-5044.96875
560000.0,541765.8633791409,564155.44,18234.13662085915,-4155.4375
1410000.0,1380915.9452111125,1.5134272e+06,29084.0547888875,-103427.25
1725000.0,1761222.9645859967,1.8262105e+06,-36222.9645859967,-101210.5
769000.0,993581.2218529483,801439.3,-224581.2218529483,-32439.3125
950000.0,770975.100297562,978430.4,179024.89970243804,-28430.375
2700000.0,3327384.215916046,3.0130555e+06,-627384.2159160459,-313055.5
585000.0,561645.4933998187,611133.0,23354.50660018134,-26133.0
890000.0,1009205.9451065848,858734.0,-119205.94510658481,31266.0
893000.0,982055.0311736357,899867.44,-89055.03117363574,-6867.4375
1505000.0,1338453.1260870236,1.179867e+06,166546.87391297636,325133.0
3100000.0,2611328.8081063963,2.5213608e+06,488671.19189360365,578639.25
1650000.0,1574790.0593049251,1.5339315e+06,75209.94069507485,116068.5
1300000.0,1217738.7253784505,1.2429549e+06,82261.27462154953,57045.125
2800000.0,2424133.021877192,2.6542135e+06,375866.97812280804,145786.5
710000.0,1522328.526172146,822727.4,-812328.526172146,-112727.375
1050000.0,734755.5012340819,1.0593339e+06,315244.4987659181,-9333.875
695000.0,735509.914054039,701850.6,-40509.91405403905,-6850.625
435000.0,535816.8157718007,448845.72,-100816.8157718007,-13845.71875
1765000.0,1748020.8954410048,1.8050722e+06,16979.104558995226,-40072.25
2995000.0,3305768.4256823836,3.0125672e+06,-310768.4256823836,-17567.25
620000.0,580261.7772623607,592602.1,39738.22273763933,27397.875
950000.0,963007.5314050468,941085.5,-13007.531405046815,8914.5
4278000.0,3633001.1409631073,3.847261e+06,644998.8590368927,430739.0
1475000.0,1561310.527205192,1.4289608e+06,-86310.52720519202,46039.25
2225000.0,2081716.2046860382,2.2400225e+06,143283.7953139618,-15022.5
1455000.0,1430788.6459530708,1.3879779e+06,24211.354046929162,67022.125
1750000.0,1990407.0563473243,1.7765314e+06,-240407.05634732428,-26531.375
1086000.0,1000965.2569990393,1.0504096e+06,85034.74300096068,35590.375
1265000.0,1430960.3791366767,1.2950769e+06,-165960.37913667667,-30076.875
815000.0,1354509.4251844813,786515.44,-539509.4251844813,28484.5625
765000.0,1247113.2813581263,785175.44,-482113.2813581263,-20175.4375
2209150.0,2135004.4024905814,2.3483115e+06,74145.59750941861,-139161.5
1635000.0,1605525.0345421373,1.6557119e+06,29474.96545786271,-20711.875
1478880.0,1296090.5999659833,1.3674356e+06,182789.4000340167,111444.375
940000.0,899838.788663629,935834.6,40161.21133637102,4165.375
1330000.0,1228816.200437732,1.3217629e+06,101183.79956226796,8237.125
741000.0,824739.0162943741,736854.5,-83739.01629437413,4145.5
390000.0,657618.291974073,382772.94,-267618.29197407304,7227.0625
1366500.0,1849925.2132199605,1.320557e+06,-483425.21321996045,45943.0
1245000.0,1152162.1249550646,1.1789639e+06,92837.87504493538,66036.125
2450000.0,2382759.932911138,2.2923275e+06,67240.06708886195,157672.5
200000.0,280630.35407383833,197886.06,-80630.35407383833,2113.9375
1978990.0,2147719.354067243,2.0000519e+06,-168729.35406724317,-21061.875
1317000.0,1201700.2067056797,1.4222906e+06,115299.79329432035,-105290.625
1400000.0,1228790.588514483,1.3202271e+06,171209.41148551693,79772.875
1050000.0,1045506.9927013278,1.0717158e+06,4493.0072986722225,-21715.75
550000.0,1006377.697874171,545958.7,-456377.69787417096,4041.3125
970000.0,1096555.9606017405,975602.5,-126555.96060174052,-5602.5
4200000.0,3944345.810485815,4.2831675e+06,255654.18951418484,-83167.5
2925000.0,2492130.308187333,2.706589e+06,432869.69181266706,218411.0
866000.0,1244312.0028486508,949862.3,-378312.0028486508,-83862.3125
892000.0,1476672.6281602418,963507.44,-584672.6281602418,-71507.4375
1400000.0,1353092.138385523,1.392309e+06,46907.86161447689,7691.0
1999000.0,2363688.2203362146,1.9549694e+06,-364688.22033621464,44030.625
1660000.0,1344888.8447697626,1.4255632e+06,315111.1552302374,234436.75
850000.0,637902.7248023534,735016.4,212097.27519764658,114983.625
1255000.0,1626912.7990475628,1.1651474e+06,-371912.79904756276,89852.625
1805000.0,1409263.351843219,1.2256444e+06,395736.648156781,579355.625
1850000.0,2493690.2964234645,2.1058702e+06,-643690.2964234645,-255870.25
1310000.0,1366924.1371823724,1.2903638e+06,-56924.13718237239,19636.25
3620000.0,3084301.634513676,3.4200175e+06,535698.3654863238,199982.5
1575000.0,1122359.1031321096,1.2544824e+06,452640.8968678904,320517.625
5825000.0,4990824.154743737,4.9726855e+06,834175.8452562634,852314.5
775000.0,919599.8905963136,767285.3,-144599.89059631363,7714.6875
1335000.0,1548357.7558937985,1.4776048e+06,-213357.75589379855,-142604.75
2515000.0,2511064.751757498,2.5053972e+06,3935.2482425021008,9602.75
1130000.0,1148127.7709257628,1.1446061e+06,-18127.77092576283,-14606.125
1175000.0,1090018.5655346077,1.1359262e+06,84981.43446539226,39073.75
845000.0,1319643.1404489267,877810.6,-474643.1404489267,-32810.625
5450000.0,4968297.097469052,5.5292465e+06,481702.9025309477,-79246.5
3510000.0,2947933.619118482,3.2715115e+06,562066.3808815181,238488.5
1075000.0,1044399.4752863753,1.0840148e+06,30600.524713624734,-9014.75
585000.0,520597.11211360455,566097.25,64402.887886395445,18902.75
1903000.0,1546625.68519073,1.6967e+06,356374.31480926997,206300.0
3600000.0,3468983.372244101,3.865521e+06,131016.62775589898,-265521.0
479000.0,1174323.2481913995,490805.66,-695323.2481913995,-11805.65625
805000.0,1413543.863283333,845747.1,-608543.8632833329,-40747.125
799950.0,866763.7340162056,819852.9,-66813.73401620565,-19902.875
1525000.0,1475221.3894008007,1.5293492e+06,49778.61059919931,-4349.25
2925000.0,2795447.418848516,2.9893512e+06,129552.58115148405,-64351.25
500000.0,450018.4639342,506715.97,49981.5360658,-6715.96875
2190000.0,2020480.560503799,2.245044e+06,169519.439496201,-55044.0
865000.0,848399.0661740762,881389.2,16600.93382592383,-16389.1875
1080000.0,1196868.4369542117,1.0509488e+06,-116868.43695421168,29051.25
1600000.0,1560600.5319281667,1.6270216e+06,39399.46807183325,-27021.625
850000.0,923202.3906643825,862154.2,-73202.39066438249,-12154.1875
2520000.0,2995989.047268458,2.602251e+06,-475989.0472684582,-82251.0
3930000.0,3491829.952012332,3.6804592e+06,438170.04798766784,249540.75
855000.0,900821.3898164277,880457.5,-45821.38981642772,-25457.5
1470000.0,1317855.534053335,1.4366126e+06,152144.46594666503,33387.375
1080000.0,1142103.34775127,1.1243638e+06,-62103.34775127005,-44363.75
867000.0,940030.1020068878,873383.3,-73030.10200688778,-6383.3125
944000.0,1813170.5597840715,1.0060081e+06,-869170.5597840715,-62008.125
2920000.0,2781887.2509218464,2.9042698e+06,138112.74907815363,15730.25
858000.0,940483.1876258894,869905.3,-82483.18762588943,-11905.3125
1586500.0,1593441.203048272,1.5843876e+06,-6941.203048272058,2112.375
750000.0,1423886.5331268692,745793.5,-673886.5331268692,4206.5
908000.0,882900.2464113178,882427.9,25099.753588682157,25572.125
1730000.0,1918178.0570372003,1.947175e+06,-188178.0570372003,-217175.0
1055000.0,1752248.716512184,1.0632112e+06,-697248.7165121839,-8211.25
3277000.0,3136149.481633289,3.4331475e+06,140850.5183667112,-156147.5
2025000.0,2004644.9220805797,1.999474e+06,20355.07791942032,25526.0
805000.0,846812.1530713895,833228.4,-41812.15307138953,-28228.375
1249000.0,1177343.8696164954,1.2570152e+06,71656.13038350455,-8015.25
2265000.0,2370603.665451843,1.9330504e+06,-105603.66545184283,331949.625
825000.0,877607.600628084,815940.4,-52607.60062808404,9059.625
1325000.0,1375678.6637506564,1.3133768e+06,-50678.663750656415,11623.25
1200000.0,1215532.6051996553,1.1876532e+06,-15532.605199655285,12346.75
1390000.0,1596479.0559173762,1.3910178e+06,-206479.0559173762,-1017.75
1900000.0,1683325.9254928469,1.8108276e+06,216674.07450715313,89172.375
945000.0,1020043.4883395834,949703.8,-75043.48833958339,-4703.8125
1998800.0,1830744.8478806056,2.0926649e+06,168055.1521193944,-93864.875
480000.0,408824.4497879703,474799.1,71175.55021202972,5200.90625
879990.0,1344707.0852907007,903460.94,-464717.08529070066,-23470.9375
1000000.0,1005575.5153543222,959238.6,-5575.515354322153,40761.375
2578000.0,2516392.6923888186,2.5227245e+06,61607.3076111814,55275.5
1320000.0,1241932.8597997585,1.3190706e+06,78067.14020024147,929.375
597500.0,1743417.7439926355,627163.25,-1145917.7439926355,-29663.25
2325000.0,1950229.0929891947,2.1533048e+06,374770.9070108053,171695.25
767000.0,640363.3275977032,734701.75,126636.6724022968,32298.25
1050000.0,1180276.9317908462,1.1666996e+06,-130276.93179084617,-116699.625
1210000.0,1253915.7493054648,1.1939879e+06,-43915.74930546479,16012.125
660000.0,766521.9397913746,694631.7,-106521.9397913746,-34631.6875
2420000.0,2114050.296604732,2.138264e+06,305949.70339526795,281736.0
1162000.0,1867461.0121210846,1.2621819e+06,-705461.0121210846,-100181.875
699888.0,724766.083230481,683919.1,-24878.083230481017,15968.875
1300000.0,1318211.6147430355,1.2400942e+06,-18211.61474303552,59905.75
1725000.0,1635823.405662962,1.7272085e+06,89176.594337038,-2208.5
935000.0,1482764.0736491652,959809.6,-547764.0736491652,-24809.625
990000.0,1117126.4006105687,1.1479611e+06,-127126.4006105687,-157961.125
3500000.0,3126765.291147496,3.3002878e+06,373234.7088525039,199712.25
620000.0,676387.022928635,614687.44,-56387.02292863501,5312.5625
1210000.0,1683505.6212489055,1.2246722e+06,-473505.62124890555,-14672.25
710000.0,692634.0805827202,706336.06,17365.919417279772,3663.9375
440000.0,575046.0054368482,439882.25,-135046.00543684815,117.75
840000.0,1495846.7226618226,840438.1,-655846.7226618226,-438.125
1960000.0,2092793.4580395115,2.1728918e+06,-132793.45803951146,-212891.75
1550000.0,1736131.3979231662,1.6651464e+06,-186131.39792316617,-115146.375
1085000.0,1133088.2929555068,1.1070514e+06,-48088.292955506826,-22051.375
1080000.0,1773593.705013385,1.0836726e+06,-693593.705013385,-3672.625
990000.0,964939.0281840065,935914.0,25060.971815993544,54086.0
840500.0,1606489.0874972022,860327.5,-765989.0874972022,-19827.5
815000.0,1347242.7458988926,771192.5,-532242.7458988926,43807.5
718000.0,1392150.870834945,757414.5,-674150.870834945,-39414.5
895000.0,1536794.4033866995,874366.75,-641794.4033866995,20633.25
1725000.0,1409194.7520413636,1.587364e+06,315805.2479586364,137636.0
1275511.0,1115542.5007157978,1.0778841e+06,159968.49928420223,197626.875
4200000.0,3790509.556282046,4.0884302e+06,409490.4437179542,111569.75
2720000.0,2425278.096481085,2.6144e+06,294721.9035189152,105600.0
240000.0,485844.82457619265,238175.17,-245844.82457619265,1824.828125
865000.0,864127.054566157,878629.75,872.9454338429496,-13629.75
4950000.0,4328745.979538111,4.606097e+06,621254.020461889,343903.0
1000000.0,1163467.1176079554,1.049984e+06,-163467.11760795536,-49984.0
1000000.0,1138719.1415473623,1.068122e+06,-138719.14154736232,-68122.0
380000.0,450251.34302392334,381650.25,-70251.34302392334,-1650.25
925000.0,1044529.3795267553,917316.5,-119529.3795267553,7683.5
2370000.0,2600280.014004305,2.5551578e+06,-230280.014004305,-185157.75
1680001.0,1713898.079627595,1.6731038e+06,-33897.07962759491,6897.25
1080000.0,1266887.4174513044,1.1886549e+06,-186887.41745130438,-108654.875
590000.0,780117.2072296159,661253.8,-190117.2072296159,-71253.8125
1710000.0,1793977.0408189618,1.7460756e+06,-83977.0408189618,-36075.625
465000.0,774322.8569941861,514241.25,-309322.85699418606,-49241.25
595000.0,732514.2084748028,655166.9,-137514.20847480278,-60166.875
1390000.0,1267923.0527902485,1.2431268e+06,122076.94720975147,146873.25
910000.0,1522367.8694357933,878846.0,-612367.8694357933,31154.0
1080000.0,1035224.8549905182,1.0546939e+06,44775.145009481814,25306.125
970000.0,1888114.5574070262,958600.3,-918114.5574070262,11399.6875
1750000.0,2090707.2721702685,1.6536888e+06,-340707.27217026846,96311.25
1400000.0,1625616.4525524555,1.4137035e+06,-225616.45255245548,-13703.5
675000.0,821187.3679328735,697950.56,-146187.36793287355,-22950.5625
1520000.0,907594.8039640172,1.0345053e+06,612405.1960359828,485494.6875
950000.0,801639.7650608133,935913.1,148360.23493918672,14086.875
685000.0,725164.7694901247,690842.25,-40164.76949012466,-5842.25
2960000.0,2874651.6972198747,3.020458e+06,85348.30278012529,-60458.0
1420000.0,1911633.0770389861,1.4302532e+06,-491633.07703898614,-10253.25
1735000.0,1730402.511749842,1.5645122e+06,4597.488250158029,170487.75
3080000.0,3027748.581086639,3.299929e+06,52251.41891336115,-219929.0
1173600.0,1077724.9015734752,1.165981e+06,95875.09842652478,7619.0
1852500.0,1787796.2366322593,1.8839291e+06,64703.76336774067,-31429.125
4300000.0,3135344.266668031,3.7622022e+06,1164655.733331969,537797.75
1758888.0,1834501.295742989,1.8157231e+06,-75613.29574298905,-56835.125
1299000.0,1353657.268706213,1.3318298e+06,-54657.268706212984,-32829.75
1325000.0,1207649.9082388764,1.2746558e+06,117350.09176112362,50344.25
2838255.0,2850348.125539083,2.824811e+06,-12093.125539083034,13444.0
2050000.0,1818500.5110034496,1.910056e+06,231499.48899655044,139944.0
1757008.0,1669244.5866922876,1.7290988e+06,87763.41330771241,27909.25
1815000.0,2279539.844983576,1.786053e+06,-464539.84498357587,28947.0
2150000.0,2190931.9511955664,2.3374035e+06,-40931.95119556645,-187403.5
700000.0,1338885.8977441282,734252.75,-638885.8977441282,-34252.75
2700000.0,2663821.1812416594,2.6930975e+06,36178.81875834055,6902.5
3188000.0,2906161.623415136,2.9971585e+06,281838.3765848642,190841.5
487000.0,380228.06453907327,482446.78,106771.93546092673,4553.21875
485000.0,541189.3734669359,485943.25,-56189.37346693594,-943.25
1620000.0,1733853.6466713555,1.6438206e+06,-113853.64667135547,-23820.625
456000.0,387489.608707824,435792.3,68510.39129217598,20207.6875
410000.0,404627.3254496101,403303.38,5372.674550389871,6696.625
975000.0,980485.3060676134,1.03240106e+06,-5485.306067613419,-57401.0625
1935000.0,1654988.575076628,1.6990949e+06,280011.424923372,235905.125
1725000.0,1535507.1110052005,1.6511422e+06,189492.88899479946,73857.75
580000.0,631171.5578069218,576116.94,-51171.55780692177,3883.0625
1955000.0,1817823.1985851098,1.9357955e+06,137176.80141489021,19204.5
760000.0,849828.9100472576,765483.7,-89828.91004725755,-5483.6875
2050000.0,1133886.5310664573,1.3648925e+06,916113.4689335427,685107.5
1075000.0,1113282.9663765454,1.1043582e+06,-38282.96637654537,-29358.25
1300000.0,1636462.7345656073,1.2177241e+06,-336462.7345656073,82275.875
935000.0,937690.0255968827,973244.94,-2690.0255968826823,-38244.9375
2325000.0,2487381.560217846,2.407662e+06,-162381.56021784618,-82662.0
451000.0,634025.8798689372,404746.0,-183025.8798689372,46254.0
1700000.0,1641430.697560026,1.7805784e+06,58569.30243997392,-80578.375
1130000.0,1345034.496470645,1.0795971e+06,-215034.49647064507,50402.875
1850000.0,1671042.5946872826,1.7656439e+06,178957.40531271743,84356.125
1140000.0,1363845.8558610359,1.2118054e+06,-223845.85586103587,-71805.375
587000.0,577509.8605724174,505497.72,9490.139427582617,81502.28125
4750000.0,4198226.80689277,4.8712435e+06,551773.1931072297,-121243.5
1290000.0,1656884.775748604,1.3082278e+06,-366884.775748604,-18227.75
850000.0,764633.7016420658,840590.4,85366.29835793423,9409.625
688000.0,671042.9959494433,674256.7,16957.004050556687,13743.3125
2249000.0,2050338.1549619096,2.2128762e+06,198661.84503809037,36123.75
1390000.0,1310349.4522454687,1.3643758e+06,79650.54775453126,25624.25
1235000.0,1102950.0082006464,1.1837102e+06,132049.99179935362,51289.75
1420000.0,1528880.1938118807,1.5357436e+06,-108880.19381188066,-115743.625
500000.0,497435.0382552503,511978.06,2564.9617447496857,-11978.0625
1250000.0,1565672.4387002464,1.2263436e+06,-315672.4387002464,23656.375
585000.0,668274.7922659109,594969.75,-83274.79226591089,-9969.75
760000.0,690905.236344075,738290.9,69094.76365592505,21709.125
840000.0,940863.9608514463,850929.0,-100863.96085144626,-10929.0
649000.0,645322.857493616,663769.1,3677.142506384058,-14769.125
750000.0,829635.1656098403,819718.4,-79635.1656098403,-69718.375
1172790.0,1112479.2121530324,1.1192489e+06,60310.78784696758,53541.125
1300000.0,1397313.177761706,1.295602e+06,-97313.17776170606,4398.0
1765000.0,1686513.081886373,1.713576e+06,78486.918113627,51424.0
930000.0,826152.5605230308,915201.0,103847.43947696919,14799.0
595990.0,508721.81276546523,610010.9,87268.18723453477,-14020.875
847500.0,1658901.48103773,817706.3,-811401.4810377299,29793.6875
1370000.0,1381734.1348495956,1.3776954e+06,-11734.134849595604,-7695.375
860500.0,808190.6435287283,856791.2,52309.35647127172,3708.8125
1410000.0,1285082.943294123,1.3225018e+06,124917.05670587695,87498.25
1700000.0,1705608.3603929202,1.755213e+06,-5608.360392920207,-55213.0
24000000.0,23072138.817750957,2.2067668e+07,927861.1822490431,1932332.0
665000.0,1305582.6372480658,674163.44,-640582.6372480658,-9163.4375
1365000.0,1381799.223480461,1.2806628e+06,-16799.223480460932,84337.25
1925000.0,2099606.231738667,2.0513535e+06,-174606.231738667,-126353.5
1348888.0,1352725.6017879872,1.3295024e+06,-3837.601787987165,19385.625
650000.0,630454.0032322562,673954.5,19545.99676774384,-23954.5
1354000.0,1923357.863737159,1.4401655e+06,-569357.863737159,-86165.5
610000.0,604443.0239616598,600366.9,5556.976038340246,9633.125
1230000.0,1233011.3533113291,1.2145022e+06,-3011.3533113291487,15497.75
1777500.0,1689690.9661585113,1.8110608e+06,87809.03384148865,-33560.75
1100000.0,872063.7231990814,940532.75,227936.27680091863,159467.25
1755000.0,1921810.1316792443,1.6081506e+06,-166810.13167924434,146849.375
700000.0,730964.7316597917,678727.6,-30964.731659791665,21272.375
975000.0,1591375.0437933276,1.0098425e+06,-616375.0437933276,-34842.5
465000.0,825226.4276119035,509972.3,-360226.4276119035,-44972.3125
2680000.0,2523210.3377843723,2.823117e+06,156789.66221562773,-143117.0
1950000.0,1828357.321399874,1.9874154e+06,121642.67860012595,-37415.375
2265000.0,2685545.3084506863,2.3534188e+06,-420545.3084506863,-88418.75
327500.0,332099.02643774566,339668.78,-4599.026437745662,-12168.78125
1700000.0,2190883.022291824,1.7262632e+06,-490883.0222918242,-26263.25
2128000.0,1770017.6512649101,1.8547232e+06,357982.3487350899,273276.75
1800000.0,1990852.5589340155,1.7846652e+06,-190852.55893401545,15334.75
683000.0,870341.700017385,685351.7,-187341.70001738495,-2351.6875
570000.0,562784.7556284817,593571.6,7215.24437151826,-23571.625
1257000.0,1567970.928483911,1.3805548e+06,-310970.9284839111,-123554.75
461000.0,1005120.4887652883,510959.1,-544120.4887652883,-49959.09375
1225000.0,1368751.3811880574,1.2726491e+06,-143751.38118805736,-47649.125
1325000.0,1275552.564619342,1.3221662e+06,49447.4353806579,2833.75
585000.0,542270.8983544019,529496.5,42729.10164559807,55503.5
1400000.0,1435745.8070755505,1.303468e+06,-35745.80707555055,96532.0
650000.0,1339110.000078284,730289.6,-689110.000078284,-80289.625
420000.0,514737.96113073395,502263.7,-94737.96113073395,-82263.6875
1200000.0,1200255.2579217982,1.2384372e+06,-255.2579217981547,-38437.25
920000.0,908571.4438577592,935011.2,11428.556142240763,-15011.1875
880000.0,903217.5051371392,837108.9,-23217.505137139233,42891.125
1073000.0,1014800.03134767,1.04857106e+06,58199.96865232999,24428.9375
1250000.0,1154898.2114933103,1.2496084e+06,95101.78850668971,391.625
1850000.0,1599592.8872506022,1.7671751e+06,250407.11274939775,82824.875
1508250.0,2025454.3415411045,1.4515979e+06,-517204.3415411045,56652.125
925000.0,1098221.443475002,934797.25,-173221.44347500196,-9797.25
2850000.0,2387400.656151073,2.5302975e+06,462599.34384892695,319702.5
1355500.0,1398879.0022979935,1.3155392e+06,-43379.00229799352,39960.75
535000.0,1038630.6522314557,710171.9,-503630.65223145566,-175171.875
430000.0,658886.6850928329,481407.62,-228886.6850928329,-51407.625
855000.0,863044.180701795,869838.1,-8044.180701795034,-14838.125
1360000.0,1812236.7792488332,1.2091388e+06,-452236.7792488332,150861.25
589900.0,647389.0414102176,614688.0,-57489.041410217644,-24788.0
1210000.0,1192604.4329921657,1.2282479e+06,17395.567007834325,-18247.875
1365000.0,1131469.0405922935,1.0987558e+06,233530.9594077065,266244.25
625000.0,942034.9198966916,904410.06,-317034.9198966916,-279410.0625
563000.0,635761.5921264682,612367.5,-72761.5921264682,-49367.5
2325000.0,2034720.9950432049,2.2335675e+06,290279.00495679514,91432.5
1410000.0,2139665.3819106817,1.6814248e+06,-729665.3819106817,-271424.75
1940000.0,2204851.663452246,1.7698652e+06,-264851.6634522462,170134.75
665000.0,876165.0984013656,732862.6,-211165.09840136557,-67862.625
1440000.0,1253103.965171577,1.3889339e+06,186896.03482842306,51066.125
1580000.0,1490189.2280899207,1.4792402e+06,89810.77191007929,100759.75
560000.0,586085.7584004439,513538.47,-26085.75840044394,46461.53125
810000.0,882970.2775173252,805240.9,-72970.27751732524,4759.125
945000.0,1410394.399129866,931130.56,-465394.3991298659,13869.4375
530000.0,728325.2917847605,541958.06,-198325.29178476054,-11958.0625
1460888.0,1417374.2019202833,1.4348778e+06,43513.79807971674,26010.25
3850000.0,3564005.569922277,3.7509852e+06,285994.4300777232,99014.75
325000.0,290598.8657162647,341146.22,34401.1342837353,-16146.21875
429000.0,386194.84122765984,423091.5,42805.15877234016,5908.5
640000.0,1184377.8678523756,613990.25,-544377.8678523756,26009.75
1175000.0,1225188.9054614385,1.1603758e+06,-50188.905461438466,14624.25
2525000.0,2361174.2161334073,2.324956e+06,163825.78386659268,200044.0
1575000.0,1353706.741656541,1.3686516e+06,221293.2583434591,206348.375
539000.0,670690.2900004459,539906.44,-131690.2900004459,-906.4375
2826675.0,2278349.9374319687,2.5369422e+06,548325.0625680313,289732.75
1100000.0,1009129.7878031824,1.0198362e+06,90870.21219681762,80163.8125
390000.0,385330.4832008871,307771.0,4669.516799112898,82229.0
825000.0,883245.876779598,799573.5,-58245.87677959795,25426.5
15900000.0,14491558.140904699,1.3906333e+07,1408441.8590953015,1993667.0
3600000.0,3012713.1478722957,2.9298215e+06,587286.8521277043,670178.5
685000.0,959458.6158101805,683134.3,-274458.61581018055,1865.6875
835000.0,942403.7258913398,861716.06,-107403.72589133983,-26716.0625
850000.0,728260.1521829299,807351.6,121739.84781707008,42648.375
1585000.0,1437499.5682321754,1.5565859e+06,147500.43176782457,28414.125
1075000.0,1217675.5124698407,1.0691279e+06,-142675.5124698407,5872.125
1800500.0,2052029.306078241,1.6557276e+06,-251529.30607824097,144772.375
1375000.0,1265127.4716805075,1.3288078e+06,109872.52831949247,46192.25
1180000.0,1392990.034559968,1.1673551e+06,-212990.03455996793,12644.875
552953.0,504334.8927508403,545142.4,48618.107249159715,7810.625
800000.0,730787.8803584152,705270.5,69212.11964158481,94729.5
1180000.0,1155225.0458547317,1.0942958e+06,24774.954145268304,85704.25
932000.0,1445448.333878599,950355.25,-513448.3338785991,-18355.25
1810000.0,1726265.7838641768,1.7798094e+06,83734.21613582317,30190.625
1375000.0,1385826.6634929734,1.4364318e+06,-10826.663492973428,-61431.75
1500005.0,1287351.1489774592,1.1338102e+06,212653.85102254082,366194.75
685000.0,676143.2147328475,724772.3,8856.785267152474,-39772.3125
4200000.0,2608460.0548106856,3.1247925e+06,1591539.9451893144,1075207.5
2085000.0,2481329.7440574607,2.119365e+06,-396329.7440574607,-34365.0
897500.0,1086784.543335372,863425.44,-189284.54333537188,34074.5625
440000.0,523732.91245801176,435723.75,-83732.91245801176,4276.25
431000.0,402628.1267719853,421944.3,28371.87322801468,9055.6875
475000.0,1062774.786834678,468694.56,-587774.7868346779,6305.4375
795000.0,878056.9957773588,822641.8,-83056.99577735877,-27641.8125
720000.0,742149.2630260576,726515.5,-22149.263026057626,-6515.5
445000.0,427836.7494398834,428790.53,17163.250560116605,16209.46875
880000.0,879040.4860926727,889301.4,959.5139073273167,-9301.375
1619000.0,1423986.4417547244,1.5795402e+06,195013.55824527564,39459.75
777777.0,804095.1248679018,829209.4,-26318.124867901788,-51432.375
685000.0,727229.4590434553,617185.06,-42229.45904345531,67814.9375
2231000.0,1855297.7998737795,1.9434424e+06,375702.2001262205,287557.625
3390000.0,3276461.5048403563,3.382656e+06,113538.4951596437,7344.0
700000.0,806013.5012930692,718419.2,-106013.50129306922,-18419.1875
725000.0,1016482.5404160349,695040.56,-291482.54041603487,29959.4375
2201785.0,2342266.747753053,2.3245302e+06,-140481.74775305297,-122745.25
1580000.0,2151063.2296863245,1.6951861e+06,-571063.2296863245,-115186.125
930000.0,925743.5763984516,922264.7,4256.42360154842,7735.3125
745000.0,885423.1532409753,742985.1,-140423.15324097534,2014.875
787000.0,922098.582121426,765236.25,-135098.582121426,21763.75
729000.0,704282.348223375,779328.94,24717.65177662496,-50328.9375
2050000.0,1902912.6405117584,2.0826584e+06,147087.3594882416,-32658.375
1400000.0,1214421.514775561,1.240836e+06,185578.48522443906,159164.0
879990.0,1357707.7821947196,876534.94,-477717.78219471965,3455.0625
1750000.0,1968962.9755474774,1.6536715e+06,-218962.97554747737,96328.5
744000.0,649256.8957361714,724264.44,94743.1042638286,19735.5625
550000.0,525064.8395162707,537569.75,24935.160483729327,12430.25
1025000.0,979474.863187805,1.0300035e+06,45525.13681219495,-5003.5
905000.0,1013931.7026151305,922684.3,-108931.70261513046,-17684.3125
460000.0,382301.6477164,475877.1,77698.35228360002,-15877.09375
1300000.0,1194368.9936558162,1.3344489e+06,105631.00634418381,-34448.875
1600000.0,1384254.4384026406,1.4532032e+06,215745.56159735937,146796.75
842222.0,785459.3015710028,766140.25,56762.69842899719,76081.75
861000.0,1295112.7762218774,777196.56,-434112.77622187743,83803.4375
1005000.0,1626929.5446567163,1.0131686e+06,-621929.5446567163,-8168.625
1400000.0,1467066.5295784627,1.3545304e+06,-67066.52957846271,45469.625
615000.0,1293347.341941746,644834.1,-678347.341941746,-29834.125
670000.0,698246.190116194,676830.5,-28246.19011619396,-6830.5
975000.0,1019954.6098894376,1.087131e+06,-44954.60988943756,-112131.0
1500000.0,1788556.8381757142,1.515387e+06,-288556.83817571425,-15387.0
460000.0,465398.9709214568,457649.53,-5398.970921456814,2350.46875
4150000.0,3120564.99407638,3.3169258e+06,1029435.00592362,833074.25
560000.0,613473.1977291309,555959.56,-53473.19772913086,4040.4375
875000.0,818949.7663398305,872951.1,56050.23366016953,2048.875
638000.0,861901.489617452,644935.0,-223901.48961745203,-6935.0
1190000.0,1176619.0142761434,1.2203388e+06,13380.985723856604,-30338.75
730000.0,637468.1550489166,724158.75,92531.84495108342,5841.25
545000.0,473421.6079753018,532353.7,71578.3920246982,12646.3125
1365000.0,1392379.7136041468,1.2929382e+06,-27379.713604146848,72061.75
11000000.0,11782047.389073607,1.1665542e+07,-782047.3890736066,-665542.0
3500000.0,3211558.922745101,3.4371312e+06,288441.07725489885,62868.75
3100000.0,2756678.967083941,2.849017e+06,343321.0329160588,250983.0
625000.0,613789.0524635118,616739.6,11210.94753648818,8260.375
1225000.0,1873447.4691378197,1.2551358e+06,-648447.4691378197,-30135.75
225000.0,320581.8738787889,155969.22,-95581.8738787889,69030.78125
445000.0,467184.43647547346,450570.22,-22184.436475473456,-5570.21875
1315000.0,1295009.5519101052,1.3859501e+06,19990.44808989484,-70950.125
1700000.0,1515367.868650333,1.6591735e+06,184632.13134966698,40826.5
2520000.0,2490165.410441324,2.6373938e+06,29834.589558675885,-117393.75
1550000.0,1512129.2685032715,1.4624946e+06,37870.73149672849,87505.375
2620000.0,2919475.1549852393,2.613196e+06,-299475.15498523926,6804.0
240000.0,565668.2479410116,235105.77,-325668.24794101156,4894.234375
1450000.0,1074729.8471951056,990119.6,375270.1528048944,459880.375
1800000.0,1471261.8649786743,1.8216705e+06,328738.13502132567,-21670.5
2250000.0,2203768.6053657252,2.448931e+06,46231.394634274766,-198931.0
622500.0,666611.1400747257,630195.8,-44111.14007472573,-7695.8125
608000.0,711007.3492852068,601074.94,-103007.34928520676,6925.0625
1320000.0,1076185.8008696001,1.0919825e+06,243814.19913039985,228017.5
1340000.0,1103983.603530435,1.1495168e+06,236016.3964695651,190483.25
1100000.0,1290314.706301465,1.1407462e+06,-190314.70630146493,-40746.25
489000.0,470150.0880829318,509356.97,18849.91191706818,-20356.96875
830000.0,1076102.1849096054,865744.0,-246102.18490960542,-35744.0
968000.0,801174.6690406364,811619.1,166825.3309593636,156380.875
1260000.0,1176045.937241836,1.2919522e+06,83954.06275816401,-31952.25
900000.0,1307621.8311427182,959758.4,-407621.8311427182,-59758.375
1410000.0,1846459.3678932013,1.387377e+06,-436459.3678932013,22623.0
650000.0,677818.3874729138,648460.3,-27818.387472913833,1539.6875
965000.0,1007085.4589559715,947719.6,-42085.458955971524,17280.375
1000000.0,1312289.2642818368,778090.94,-312289.2642818368,221909.0625
2050000.0,1680896.5436512176,1.7680112e+06,369103.4563487824,281988.75
600000.0,770865.6974601267,602356.94,-170865.6974601267,-2356.9375
1685000.0,1252479.1428706404,1.1726921e+06,432520.8571293596,512307.875
3926000.0,3652185.657993596,3.745334e+06,273814.34200640395,180666.0
430000.0,590998.3408590668,429721.44,-160998.3408590668,278.5625
635000.0,900923.7315648426,768173.44,-265923.73156484263,-133173.4375
1600000.0,1528036.8799388986,1.6136982e+06,71963.12006110139,-13698.25
1010000.0,1238575.5678610867,1.03184494e+06,-228575.5678610867,-21844.9375
825000.0,901012.3034251671,867329.06,-76012.3034251671,-42329.0625
2760000.0,2753075.445423702,2.633051e+06,6924.554576298222,126949.0
945000.0,957884.5711211873,932220.8,-12884.571121187299,12779.1875
1200000.0,1504016.5706642615,1.2274891e+06,-304016.57066426147,-27489.125
2360000.0,2295783.1985491537,2.2881492e+06,64216.80145084625,71850.75
1875000.0,1795549.629711759,1.856068e+06,79450.37028824096,18932.0
1290000.0,1215244.4290487766,1.2699455e+06,74755.57095122337,20054.5
1585000.0,1428946.9277842739,1.5864756e+06,156053.07221572613,-1475.625
2200000.0,2212238.9703282374,2.0775384e+06,-12238.970328237396,122461.625
1995000.0,2363252.1850829027,2.007093e+06,-368252.18508290267,-12093.0
420000.0,369348.3103002638,411320.62,50651.68969973619,8679.375
3050000.0,3140496.734734308,3.051918e+06,-90496.73473430797,-1918.0
1299000.0,1298101.2276157676,1.250599e+06,898.7723842323758,48401.0
968000.0,1013104.5634479368,961837.44,-45104.56344793679,6162.5625
3525000.0,2953204.234593463,3.191524e+06,571795.7654065369,333476.0
1550000.0,1311465.8072773735,1.5633281e+06,238534.1927226265,-13328.125
1750000.0,1681985.9729990328,1.7792358e+06,68014.02700096718,-29235.75
560000.0,628576.7906910292,551094.6,-68576.79069102916,8905.375
900000.0,1314457.3759469255,802596.56,-414457.3759469255,97403.4375
570000.0,656047.8595255939,591133.44,-86047.85952559393,-21133.4375
2350000.0,2064648.5960248976,2.3381772e+06,285351.40397510235,11822.75
2350000.0,2211600.466044449,2.303794e+06,138399.53395555122,46206.0
1119120.0,1502933.232017105,1.2091319e+06,-383813.232017105,-90011.875
618000.0,623614.5611132474,616573.8,-5614.561113247415,1426.1875
1650000.0,1628652.0458697658,1.780609e+06,21347.954130234197,-130609.0
905000.0,930844.1437244373,919881.56,-25844.143724437337,-14881.5625
395000.0,387497.9746659433,390974.8,7502.0253340567,4025.1875
2005000.0,1837250.2241750709,1.9013596e+06,167749.77582492912,103640.375
740000.0,938879.3162512891,749000.25,-198879.3162512891,-9000.25
1235000.0,1185973.959651895,1.1879398e+06,49026.0403481049,47060.25
860000.0,975830.0856875045,844056.6,-115830.0856875045,15943.375
708500.0,774385.6300186757,725804.3,-65885.6300186757,-17304.3125
2225000.0,1997940.965756502,2.2830792e+06,227059.034243498,-58079.25
625000.0,909614.7008683691,673324.3,-284614.7008683691,-48324.3125
834000.0,742573.8547224563,801706.9,91426.14527754369,32293.125
100000.0,609922.2149653073,119905.84,-509922.21496530727,-19905.84375
1080000.0,1059519.921840616,1.08142e+06,20480.078159383964,-1420.0
1750000.0,1602343.1957798474,1.8395352e+06,147656.80422015255,-89535.25
1600000.0,1322159.3078743496,1.5188609e+06,277840.69212565036,81139.125
880000.0,1045645.1783371272,829205.4,-165645.1783371272,50794.625
2951000.0,2526436.9067831216,2.4609978e+06,424563.09321687836,490002.25
1350000.0,1385800.9536288367,1.3579929e+06,-35800.953628836665,-7992.875
1265000.0,1381836.1823592428,1.3354482e+06,-116836.18235924281,-70448.25
1690000.0,1812912.4126317715,1.6480148e+06,-122912.41263177153,41985.25
820000.0,771358.2185655553,768567.7,48641.78143444471,51432.3125
1315000.0,1203660.4531695307,1.1924391e+06,111339.54683046928,122560.875
1390000.0,2141693.9282485503,1.4167752e+06,-751693.9282485503,-26775.25
1464725.0,1231313.7978783771,1.2608934e+06,233411.20212162286,203831.625
925000.0,1042720.3384659891,955311.25,-117720.3384659891,-30311.25
950000.0,1802484.344163341,986701.7,-852484.344163341,-36701.6875
3200000.0,2862535.618237245,3.05296e+06,337464.3817627551,147040.0
595000.0,575299.6351726503,590016.0,19700.364827349666,4984.0
1008000.0,978828.5450936493,1.05062e+06,29171.4549063507,-42620.0
2050000.0,1829319.8169170418,1.7852015e+06,220680.18308295822,264798.5
956000.0,1020766.3595574067,1.152531e+06,-64766.359557406744,-196531.0
938000.0,1136303.2941318776,970380.2,-198303.2941318776,-32380.1875
350000.0,578404.4209639502,349212.3,-228404.42096395022,787.6875
999950.0,1016831.4855105738,1.0573102e+06,-16881.48551057384,-57360.25
622000.0,451798.54369323165,632931.5,170201.45630676835,-10931.5
744000.0,817076.5647372531,791165.4,-73076.56473725312,-47165.375
590000.0,801279.4294428044,785066.9,-211279.42944280442,-195066.875
480000.0,466795.81800260383,470316.34,13204.181997396168,9683.65625
1015000.0,1015249.537054931,1.081454e+06,-249.53705493104644,-66454.0
1476000.0,1395747.2712098828,1.3637865e+06,80252.7287901172,112213.5
810000.0,1387313.2545121145,860850.3,-577313.2545121145,-50850.3125
604000.0,984436.713316936,624882.6,-380436.71331693605,-20882.625
600000.0,746553.3847101964,621914.75,-146553.3847101964,-21914.75
1535000.0,2054960.2758202802,1.5001881e+06,-519960.2758202802,34811.875
2495000.0,2435133.2431265526,2.66719e+06,59866.75687344745,-172190.0
1200000.0,1289365.033003638,1.2308322e+06,-89365.03300363803,-30832.25
2925000.0,3263994.1282723513,2.9147192e+06,-338994.12827235134,10280.75
1780000.0,1261007.49203261,1.3484289e+06,518992.5079673899,431571.125
1000000.0,1093528.6086285864,1.175099e+06,-93528.6086285864,-175099.0
1375000.0,1320529.7243364097,1.2431801e+06,54470.27566359029,131819.875
640000.0,676394.2642243127,657349.9,-36394.264224312734,-17349.875
1800000.0,1713425.0042845388,2.0732968e+06,86574.9957154612,-273296.75
946000.0,1089058.4947475216,901775.5,-143058.4947475216,44224.5
1750000.0,1664810.2506771493,1.6951311e+06,85189.74932285072,54868.875
1425000.0,1324629.7911777308,1.384526e+06,100370.20882226923,40474.0
4850000.0,4855874.037639699,5.047994e+06,-5874.037639698945,-197994.0
950000.0,881949.4004764732,911453.0,68050.59952352685,38547.0
3586995.0,3344234.5454095006,3.647387e+06,242760.4545904994,-60392.0
525000.0,1337220.5296599246,575061.4,-812220.5296599246,-50061.375
1350000.0,1299697.1045148745,1.3040125e+06,50302.89548512548,45987.5
610000.0,475210.3932338166,617401.1,134789.6067661834,-7401.125
808888.0,808866.9279476912,820995.2,21.072052308823913,-12107.1875
3110000.0,2360049.590767269,2.5545048e+06,749950.409232731,555495.25
1425000.0,1458577.8633850648,1.3908745e+06,-33577.86338506476,34125.5
673000.0,781970.3466539953,683777.0,-108970.34665399534,-10777.0
840000.0,982386.2960839786,896490.0,-142386.2960839786,-56490.0
1560000.0,1064041.0768929515,1.2475876e+06,495958.9231070485,312412.375
1751300.0,2191889.5779197123,1.6920608e+06,-440589.5779197123,59239.25
736000.0,923145.3504184431,782144.1,-187145.3504184431,-46144.125
825000.0,887770.3531051083,878847.6,-62770.353105108254,-53847.625
1405000.0,1489841.2546940146,1.3600562e+06,-84841.25469401455,44943.75
1750000.0,1748664.1429623566,1.7552164e+06,1335.8570376434363,-5216.375
765000.0,837387.3461744119,749353.9,-72387.34617441194,15646.125
1245000.0,1019934.1812751867,1.2073021e+06,225065.8187248133,37697.875
740000.0,805367.9958762979,761416.6,-65367.99587629794,-21416.625
2900000.0,2784230.045060944,2.9274615e+06,115769.95493905619,-27461.5
455000.0,420885.7615733461,430204.06,34114.2384266539,24795.9375
850000.0,1411183.0228941508,1.0139351e+06,-561183.0228941508,-163935.125
985000.0,1040429.4719278924,1.0142436e+06,-55429.47192789242,-29243.625
1475000.0,1439039.9471030985,1.3203556e+06,35960.0528969015,154644.375
1500000.0,1472976.4238873112,1.3509028e+06,27023.576112688752,149097.25
2100000.0,1910662.56610746,2.0628615e+06,189337.43389253994,37138.5
1525000.0,1447164.660452673,1.582085e+06,77835.33954732702,-57085.0
865830.0,1690209.913444322,886018.5,-824379.9134443221,-20188.5
1208000.0,1261368.0922032248,1.2260408e+06,-53368.092203224776,-18040.75
470000.0,444511.9010621605,495420.84,25488.098937839502,-25420.84375
745000.0,1430869.3855032336,751768.25,-685869.3855032336,-6768.25
1040000.0,1075608.930960656,952929.06,-35608.93096065591,87070.9375
5350000.0,4565452.363127325,4.442874e+06,784547.6368726753,907126.0
1301000.0,1341594.7349542666,1.3659002e+06,-40594.734954266576,-64900.25
810000.0,1447798.467306015,773150.56,-637798.4673060151,36849.4375
675000.0,687967.3533722966,664467.06,-12967.353372296551,10532.9375
733000.0,791848.5647893664,699600.56,-58848.56478936644,33399.4375
1524000.0,1484455.92200553,1.6073671e+06,39544.07799447002,-83367.125
1875000.0,1914800.3099265106,1.9356958e+06,-39800.309926510556,-60695.75
950000.0,991563.0202219541,1.00245794e+06,-41563.020221954095,-52457.9375
4100000.0,4141723.989381746,4.0345915e+06,-41723.98938174592,65408.5
800000.0,1400684.9946148756,822191.6,-600684.9946148756,-22191.625
1017000.0,1617345.053936218,1.0521952e+06,-600345.0539362179,-35195.25
1010000.0,990450.7429740641,1.0444631e+06,19549.25702593592,-34463.125
761000.0,1154201.4555540609,739204.6,-393201.45555406087,21795.375
1740000.0,1814365.0082481508,1.800159e+06,-74365.00824815081,-60159.0
915000.0,1056286.017670802,839375.2,-141286.01767080207,75624.8125
989000.0,934964.4477562058,994287.8,54035.5522437942,-5287.8125
1450000.0,1372469.1831939872,1.2496298e+06,77530.81680601276,200370.25
1088000.0,1780789.535854472,1.0991205e+06,-692789.5358544721,-11120.5
1120000.0,1079565.3047897923,1.0778554e+06,40434.69521020772,42144.625
980000.0,1061883.7151869885,1.0146229e+06,-81883.71518698847,-34622.875
799000.0,1317055.049137679,792624.44,-518055.0491376789,6375.5625
801000.0,1431009.7711570617,819096.4,-630009.7711570617,-18096.375
975000.0,1518210.7614472604,940893.44,-543210.7614472604,34106.5625
1935000.0,2082505.4122279603,1.6512335e+06,-147505.4122279603,283766.5
318000.0,429045.3921788095,324322.28,-111045.3921788095,-6322.28125
1370000.0,1242708.9721372481,1.2424251e+06,127291.02786275186,127574.875
547000.0,555169.7297526032,513327.94,-8169.72975260322,33672.0625
530000.0,545396.2165537138,520448.88,-15396.216553713777,9551.125
500000.0,590851.8908965839,494874.03,-90851.89089658391,5125.96875
3338000.0,2966317.331865877,3.054116e+06,371682.6681341231,283884.0
1460000.0,1945117.6044100686,1.4077461e+06,-485117.6044100686,52253.875
7172500.0,6446153.501404199,6.972453e+06,726346.4985958012,200047.0
835000.0,819211.7043313702,859572.2,15788.295668629813,-24572.1875
2050000.0,1929367.9941653276,1.951594e+06,120632.00583467237,98406.0
4950000.0,3840170.298321471,3.9437885e+06,1109829.701678529,1006211.5
1370000.0,1367536.1560547056,1.3469098e+06,2463.843945294386,23090.25
2150000.0,2317402.271278657,2.4830212e+06,-167402.27127865702,-333021.25
425000.0,293431.90767313354,397810.28,131568.09232686646,27189.71875
1044000.0,1123484.1493490897,1.0824755e+06,-79484.14934908971,-38475.5
3650000.0,3497700.6387689626,3.7195772e+06,152299.36123103742,-69577.25
652000.0,716909.3171734039,651279.6,-64909.31717340392,720.375
2300000.0,1924074.1007330772,2.1091262e+06,375925.89926692285,190873.75
613000.0,864817.8402713299,601587.6,-251817.84027132986,11412.375
3800000.0,3503734.989732035,3.5665635e+06,296265.01026796503,233436.5
1379000.0,1397023.904441997,1.4362221e+06,-18023.904441996943,-57222.125
353000.0,298807.83642048377,350141.06,54192.16357951623,2858.9375
3060880.0,2528305.581294243,2.719832e+06,532574.4187057568,341048.0
5341000.0,4222298.88810499,4.555353e+06,1118701.1118950099,785647.0
6000000.0,5203706.949720461,5.2431295e+06,796293.0502795391,756870.5
1725000.0,2389949.5161535596,1.7243118e+06,-664949.5161535596,688.25
470500.0,381500.1099172045,483116.22,88999.89008279552,-12616.21875
875000.0,957006.7738673979,902166.0,-82006.77386739792,-27166.0
1050000.0,1318061.6931069493,1.1811178e+06,-268061.69310694933,-131117.75
1160000.0,1239956.3686276942,1.1736912e+06,-79956.3686276942,-13691.25
1250000.0,1291138.170369511,1.2283521e+06,-41138.170369511005,21647.875
1500000.0,1766657.3080368452,1.5823882e+06,-266657.3080368452,-82388.25
1057650.0,935789.6615447607,961674.2,121860.33845523931,95975.8125
775500.0,713650.3457355958,736677.44,61849.654264404206,38822.5625
390000.0,662928.8835803008,427479.06,-272928.88358030084,-37479.0625
900000.0,831705.7032910286,828123.5,68294.29670897138,71876.5
2140000.0,1222842.1392922837,1.2569745e+06,917157.8607077163,883025.5
850000.0,860080.0994920586,874679.5,-10080.099492058624,-24679.5
417000.0,662089.0393565353,413199.53,-245089.0393565353,3800.46875
4149500.0,3499372.415375326,3.7686625e+06,650127.5846246742,380837.5
775000.0,831569.9238573259,765471.25,-56569.92385732592,9528.75
2000000.0,1820287.2308229017,2.167306e+06,179712.7691770983,-167306.0
3300000.0,2238048.3665967276,2.5630358e+06,1061951.6334032724,736964.25
371000.0,414977.8225811805,350514.56,-43977.82258118049,20485.4375
1225000.0,1128666.3039539105,1.2097892e+06,96333.69604608952,15210.75
4422300.0,3916938.160591607,4.3006325e+06,505361.839408393,121667.5
695000.0,1421376.2295259875,709249.4,-726376.2295259875,-14249.375
1395000.0,1527875.533175994,1.440447e+06,-132875.53317599394,-45447.0
515000.0,596434.6063829451,509234.56,-81434.60638294509,5765.4375
910000.0,931438.3761460644,890259.4,-21438.376146064373,19740.625
2000000.0,1859356.2744964983,2.0520149e+06,140643.72550350172,-52014.875
1550000.0,1358209.014726166,1.4540211e+06,191790.98527383409,95978.875
825000.0,970673.0198350962,847082.25,-145673.0198350962,-22082.25
930000.0,973954.9045661087,928886.7,-43954.904566108715,1113.3125
1125000.0,1517432.1524364203,1.0685856e+06,-392432.1524364203,56414.375
5550000.0,5041301.513184333,5.486694e+06,508698.4868156668,63306.0
540000.0,663002.391321152,539076.5,-123002.39132115198,923.5
370000.0,573225.5215871378,373583.06,-203225.52158713783,-3583.0625
4850000.0,4522795.319706211,4.788944e+06,327204.68029378913,61056.0
1588888.0,1735992.538328483,1.5252622e+06,-147104.538328483,63625.75
696180.0,673184.8192419139,694140.3,22995.18075808615,2039.6875
887000.0,1460893.8472354736,848984.44,-573893.8472354736,38015.5625
1500000.0,1677993.717678137,1.4681136e+06,-177993.7176781369,31886.375
1515000.0,1541484.1608706194,1.4248905e+06,-26484.16087061935,90109.5
3500000.0,3505857.585064614,3.4167378e+06,-5857.585064614192,83262.25
635000.0,687966.3415948427,586481.2,-52966.34159484273,48518.8125
765000.0,799167.5500469166,784105.4,-34167.550046916585,-19105.375
1185000.0,1647845.2595633913,1.168274e+06,-462845.25956339133,16726.0
510625.0,519026.81046729896,519053.06,-8401.810467298958,-8428.0625
1277500.0,1139192.8149163576,1.2941324e+06,138307.18508364237,-16632.375
1365000.0,1246342.3187536024,1.3122512e+06,118657.68124639755,52748.75
1675000.0,2153802.3024219493,1.6831879e+06,-478802.30242194934,-8187.875
1380000.0,1273976.402428398,1.2928939e+06,106023.59757160209,87106.125
1782000.0,1849243.661727826,1.7684311e+06,-67243.66172782611,13568.875
480000.0,454218.95702503144,481570.16,25781.042974968557,-1570.15625
1360000.0,1268558.9220025428,1.281974e+06,91441.07799745724,78026.0
811000.0,935907.2706539999,806372.8,-124907.27065399988,4627.1875
1165000.0,1349591.1468606307,1.2638405e+06,-184591.14686063072,-98840.5
1530000.0,1497331.3697775428,1.5852415e+06,32668.63022245723,-55241.5
1580000.0,2300351.5841948874,1.6070406e+06,-720351.5841948874,-27040.625
2670000.0,2323408.3162084306,2.5587422e+06,346591.68379156943,111257.75
890000.0,1072007.8934724093,879508.4,-182007.89347240934,10491.625
3300000.0,2716930.142171762,3.013961e+06,583069.857828238,286039.0
659000.0,659066.4666412054,652225.6,-66.46664120536298,6774.375
1200000.0,1268659.6149519077,1.2311375e+06,-68659.61495190766,-31137.5
1240000.0,1381433.2870684091,1.1949151e+06,-141433.28706840915,45084.875
3600000.0,3527984.2805326576,3.6687338e+06,72015.71946734237,-68733.75
555000.0,718359.238777003,513502.25,-163359.23877700302,41497.75
793000.0,967654.8290873382,830499.4,-174654.82908733818,-37499.375
1260000.0,1771107.2038969346,1.2418435e+06,-511107.20389693463,18156.5
4230000.0,3243319.4046955025,3.489983e+06,986680.5953044975,740017.0
4728750.0,4287483.541868245,4.765004e+06,441266.45813175477,-36254.0
1492718.0,1936087.045791672,1.528441e+06,-443369.0457916721,-35723.0
820000.0,936442.4736101597,940333.7,-116442.47361015971,-120333.6875
1220000.0,1095441.1457606002,1.1763964e+06,124558.85423939978,43603.625
3975000.0,3589945.3758737524,3.8521515e+06,385054.6241262476,122848.5
2430000.0,2766670.9727180735,2.4506155e+06,-336670.9727180735,-20615.5
765900.0,706288.707020178,755773.75,59611.29297982203,10126.25
1045000.0,1056759.5920639334,1.1189212e+06,-11759.592063933378,-73921.25
975000.0,1221916.0624932968,942790.44,-246916.0624932968,32209.5625
1793300.0,2358909.10643268,1.7868128e+06,-565609.10643268,6487.25
305000.0,239426.14162992605,288381.62,65573.85837007395,16618.375
1600000.0,2077160.3086621454,1.5503975e+06,-477160.3086621454,49602.5
938000.0,832432.6576948601,853560.75,105567.34230513987,84439.25
815000.0,936191.5669603676,849215.2,-121191.5669603676,-34215.1875
2300000.0,1597688.9761549104,1.8733372e+06,702311.0238450896,426662.75
1130000.0,911462.8715763981,1.0881434e+06,218537.12842360185,41856.625
499000.0,414931.35918147,498954.25,84068.64081853,45.75
1120000.0,1658203.4750226045,1.0917492e+06,-538203.4750226045,28250.75
3608888.0,3016578.028135751,3.2032665e+06,592309.9718642491,405621.5
1120000.0,1482184.1950377207,1.03895344e+06,-362184.1950377207,81046.5625
1200000.0,1340750.7678085887,1.1507814e+06,-140750.7678085887,49218.625
1020000.0,978308.8555931506,1.0636109e+06,41691.1444068494,-43610.875
990000.0,1500224.374713181,1.0209115e+06,-510224.37471318105,-30911.5
1575000.0,1565248.8317516416,1.6587526e+06,9751.168248358415,-83752.625
3477000.0,2651594.578938731,2.7986855e+06,825405.421061269,678314.5
4900000.0,3415612.8961243015,3.5996445e+06,1484387.1038756985,1300355.5
655000.0,715790.0299462313,649633.9,-60790.02994623128,5366.125
11150000.0,1249366.4455320332,1.066165e+06,9900633.554467967,10083835.0
1025000.0,1600064.3799614087,1.0639781e+06,-575064.3799614087,-38978.125
3500000.0,3307917.219347201,3.5576495e+06,192082.78065279918,-57649.5
1051000.0,1220697.4400585126,1.0385958e+06,-169697.4400585126,12404.1875
779900.0,1125507.6322686747,776703.8,-345607.6322686747,3196.1875
1595000.0,2108722.672569483,1.642899e+06,-513722.67256948305,-47899.0
1580000.0,1521958.070162362,1.6057936e+06,58041.92983763805,-25793.625
716000.0,700392.2663671263,738776.9,15607.733632873744,-22776.875
795000.0,977929.4402556843,792028.25,-182929.4402556843,2971.75
785000.0,1325196.566918664,782166.5,-540196.5669186639,2833.5
1225000.0,1104677.8411750651,1.0591792e+06,120322.15882493486,165820.75
1365000.0,1435846.0645109809,1.4133462e+06,-70846.06451098085,-48346.25
975000.0,818688.3052677594,966032.1,156311.69473224063,8967.875
550000.0,584323.1383157203,557637.0,-34323.13831572025,-7637.0
3140000.0,3446102.0407222826,3.132401e+06,-306102.0407222826,7599.0
815000.0,1315933.9141171973,805100.3,-500933.9141171973,9899.6875
865000.0,924518.7916259666,876734.75,-59518.79162596655,-11734.75
3110000.0,2902940.190947488,2.8326532e+06,207059.80905251205,277346.75
2220000.0,2201598.190582584,2.300707e+06,18401.809417415876,-80707.0
875000.0,851778.4575490763,896379.7,23221.542450923705,-21379.6875
590000.0,795176.2320029463,612251.25,-205176.23200294632,-22251.25
1645000.0,1647533.4595855922,1.7202926e+06,-2533.4595855921507,-75292.625
1400000.0,1000479.4018498072,911721.6,399520.59815019276,488278.375
1050000.0,997762.7501384557,1.1222438e+06,52237.24986154435,-72243.75
5390000.0,4496191.672858258,4.571765e+06,893808.3271417422,818235.0
2100000.0,1831263.079308778,1.9710241e+06,268736.92069122195,128975.875
875000.0,1070923.4274130475,861335.6,-195923.42741304752,13664.375
715000.0,682223.5970323095,701429.75,32776.40296769049,13570.25
2145000.0,1646037.5498784299,1.9450574e+06,498962.45012157015,199942.625
1295000.0,1862407.5753217721,1.3674344e+06,-567407.5753217721,-72434.375
627000.0,630792.7762779569,648591.44,-3792.776277956902,-21591.4375
948000.0,1067926.8730741595,984416.75,-119926.87307415949,-36416.75
870000.0,1483738.6570696314,984910.7,-613738.6570696314,-114910.6875
1555000.0,1518949.8193974236,1.4571445e+06,36050.18060257635,97855.5
1025000.0,1590897.35014045,1.0454198e+06,-565897.35014045,-20419.8125
644000.0,629950.8506993413,651341.1,14049.149300658726,-7341.125
5855000.0,4564555.278060922,5.2073305e+06,1290444.7219390776,647669.5
620000.0,854069.4835413652,630296.75,-234069.48354136525,-10296.75
1315000.0,1868871.8376008214,1.3236651e+06,-553871.8376008214,-8665.125
815000.0,967315.713966209,813530.9,-152315.71396620898,1469.125
1650000.0,1588007.8479851214,1.7456444e+06,61992.15201487858,-95644.375
1150000.0,1322929.4434031853,1.0931181e+06,-172929.44340318535,56881.875
2525000.0,2451386.609653116,2.5995945e+06,73613.3903468838,-74594.5
800000.0,1219369.7282562824,780532.4,-419369.7282562824,19467.625
590000.0,586976.4694209542,593966.9,3023.530579045764,-3966.875
1280000.0,1296184.2153000482,1.228781e+06,-16184.215300048236,51219.0
1775000.0,1693853.2999050675,1.6358682e+06,81146.70009493246,139131.75
1217500.0,1871701.7230193769,1.2684568e+06,-654201.7230193769,-50956.75
250000.0,379370.2692547159,279267.88,-129370.26925471588,-29267.875
1100000.0,1088018.0478846482,1.0628058e+06,11981.9521153518,37194.25
1005000.0,1548322.405007556,935320.7,-543322.4050075561,69679.3125
1570000.0,1563391.958716984,1.7373982e+06,6608.041283016093,-167398.25
1495000.0,2036393.6519947546,1.528454e+06,-541393.6519947546,-33454.0
1200000.0,1147945.9811554642,1.188257e+06,52054.01884453581,11743.0
1330000.0,1331846.2248593573,1.2258045e+06,-1846.2248593573458,104195.5
830550.0,938264.2388228197,860506.4,-107714.23882281967,-29956.375
1219000.0,1751910.957484921,1.2241176e+06,-532910.957484921,-5117.625
1500000.0,1582509.709929292,1.5749525e+06,-82509.70992929209,-74952.5
585000.0,619019.7204222303,570009.1,-34019.72042223031,14990.875
508888.0,700523.4160665617,508295.72,-191635.4160665617,592.28125
530000.0,607925.8224711714,533898.8,-77925.82247117138,-3898.8125
2438018.0,2141852.794791191,2.335563e+06,296165.2052088091,102455.0
1280000.0,1836341.0294758482,1.32942e+06,-556341.0294758482,-49420.0
3500000.0,2905379.502855507,3.175654e+06,594620.4971444928,324346.0
1950000.0,2342223.91908308,1.9332588e+06,-392223.9190830798,16741.25
1375000.0,1308778.1723186565,1.2865411e+06,66221.82768134354,88458.875
1180000.0,1275764.9929358815,1.1112655e+06,-95764.99293588148,68734.5
690000.0,636080.2164713038,674414.25,53919.78352869616,15585.75
1615000.0,1538258.0773038054,1.570718e+06,76741.92269619461,44282.0
1842500.0,1773825.8081946392,1.905393e+06,68674.19180536084,-62893.0
775000.0,1304011.7511690673,769111.75,-529011.7511690673,5888.25
610000.0,669562.1072485421,617324.0,-59562.10724854213,-7324.0
1675000.0,1693120.5957710913,1.7583108e+06,-18120.59577109129,-83310.75
810000.0,1373849.1393202147,804965.2,-563849.1393202147,5034.8125
861000.0,880492.9976100881,882576.0,-19492.99761008809,-21576.0
1500000.0,1348186.5072396635,1.4566638e+06,151813.4927603365,43336.25
660000.0,701899.5946762142,673795.8,-41899.594676214154,-13795.8125
835000.0,982477.57712976,852174.75,-147477.57712975994,-17174.75
1757500.0,2688752.4745789506,1.8256498e+06,-931252.4745789506,-68149.75
475000.0,453852.4662634616,463614.2,21147.533736538375,11385.8125
1050000.0,1253313.2672164561,1.0508184e+06,-203313.26721645612,-818.375
1835000.0,1921361.3045152351,1.8796885e+06,-86361.30451523513,-44688.5
500000.0,459371.8691439091,478134.8,40628.130856090924,21865.1875
980000.0,1107248.1806028595,1.014173e+06,-127248.18060285947,-34173.0
1200000.0,1854060.9618928104,1.2164045e+06,-654060.9618928104,-16404.5
2800000.0,2530020.962403007,2.6131785e+06,269979.03759699315,186821.5
765000.0,729778.8258752801,760362.25,35221.174124719924,4637.75
1390000.0,1906866.1690955218,1.4039748e+06,-516866.1690955218,-13974.75
430000.0,510001.9871059654,427354.34,-80001.98710596538,2645.65625
1250000.0,1348213.4980758673,1.35521e+06,-98213.4980758673,-105210.0
2200000.0,2064838.0945113925,2.0856299e+06,135161.90548860747,114370.125
955000.0,1531693.1895369054,1.0157391e+06,-576693.1895369054,-60739.125
660000.0,636903.6696944813,663985.0,23096.3303055187,-3985.0
664000.0,696218.1015160187,657902.4,-32218.101516018738,6097.625
730000.0,555395.8091102517,626578.0,174604.19088974828,103422.0
300000.0,627529.4348513694,303626.56,-327529.43485136935,-3626.5625
860000.0,957822.6255596152,828125.1,-97822.6255596152,31874.875
999000.0,1055779.6961323568,987851.3,-56779.69613235677,11148.6875
2160000.0,1860117.583708021,2.0347182e+06,299882.4162919789,125281.75
3620000.0,3564101.419191365,3.4846918e+06,55898.58080863487,135308.25
1600000.0,1677634.832587717,1.6683859e+06,-77634.8325877171,-68385.875
4410000.0,4061638.637228491,4.4301475e+06,348361.3627715092,-20147.5
580000.0,752706.7020774251,560096.75,-172706.70207742509,19903.25
1500000.0,1509683.1501541666,1.5765244e+06,-9683.150154166622,-76524.375
1290000.0,1237181.6226484021,1.2436212e+06,52818.37735159788,46378.75
3785000.0,3467922.6910111587,3.717251e+06,317077.30898884125,67749.0
480000.0,568363.3773246735,473053.6,-88363.37732467346,6946.40625
900200.0,886963.6647747718,915833.1,13236.33522522822,-15633.125
770000.0,866796.292751193,786289.7,-96796.29275119305,-16289.6875
935000.0,890052.6269492339,978773.8,44947.373050766066,-43773.8125
900000.0,1497854.3165683886,932757.06,-597854.3165683886,-32757.0625
675000.0,1238178.4740261491,695042.56,-563178.4740261491,-20042.5625
615000.0,1285858.3672048585,662409.5,-670858.3672048585,-47409.5
1696000.0,1535989.468624066,1.6336762e+06,160010.5313759339,62323.75
1050000.0,988415.611953235,927052.1,61584.388046765,122947.875
885000.0,1100387.242506189,864072.9,-215387.24250618904,20927.125
1682000.0,1628234.5016462482,1.7186364e+06,53765.49835375184,-36636.375
650000.0,651477.7477207521,645522.06,-1477.7477207521442,4477.9375
2600000.0,1620752.8852844844,1.9092182e+06,979247.1147155156,690781.75
1350000.0,1249093.116696157,1.3312228e+06,100906.88330384297,18777.25
1010000.0,982339.071419234,1.0575512e+06,27660.92858076596,-47551.25
765000.0,870885.7861805344,848829.8,-105885.7861805344,-83829.8125
3600000.0,4105722.5976888584,3.6381255e+06,-505722.5976888584,-38125.5
475000.0,441992.0454552629,497300.12,33007.95454473712,-22300.125
4550000.0,4128945.504437567,4.5802135e+06,421054.4955624328,-30213.5
1320000.0,1214723.506488442,1.3015872e+06,105276.49351155804,18412.75
660000.0,1404585.1261043819,675150.44,-744585.1261043819,-15150.4375
1050000.0,1562416.45153073,1.0521591e+06,-512416.4515307299,-2159.125
1000000.0,1452230.663813306,1.04406175e+06,-452230.663813306,-44061.75
689000.0,599464.7418076176,667743.0,89535.2581923824,21257.0
1240000.0,1075704.620040734,1.1387865e+06,164295.37995926593,101213.5
925000.0,858877.4493693251,915085.8,66122.55063067493,9914.1875
21450000.0,20048201.425290734,1.7050262e+07,1401798.5747092664,4399738.0
710000.0,724695.0756627594,712534.1,-14695.075662759366,-2534.125
400000.0,574890.5188821099,403950.44,-174890.5188821099,-3950.4375
443900.0,535518.6572201111,440152.9,-91618.65722011111,3747.09375
850000.0,1000928.1004353091,874959.8,-150928.1004353091,-24959.8125
1110000.0,960185.3580241702,1.1589238e+06,149814.64197582984,-48923.75
2225000.0,2321509.467830778,2.2328602e+06,-96509.4678307781,-7860.25
1500000.0,1492610.1787241069,1.4846574e+06,7389.821275893133,15342.625
530000.0,632255.5198973954,554928.75,-102255.5198973954,-24928.75
1310000.0,1249264.903852981,1.2027696e+06,60735.09614701895,107230.375
1152000.0,1125446.920221414,1.1845878e+06,26553.07977858605,-32587.75
1065000.0,1648003.801666145,1.0593166e+06,-583003.801666145,5683.375
880000.0,1096862.6841046738,880468.44,-216862.6841046738,-468.4375
819000.0,772300.2104262137,809847.75,46699.789573786315,9152.25
800000.0,1440322.6060711332,820935.7,-640322.6060711332,-20935.6875
1100000.0,1055014.6712559168,1.0491772e+06,44985.32874408318,50822.75
1615000.0,1732661.1134417667,1.6727592e+06,-117661.1134417667,-57759.25
2070000.0,1459853.696855392,1.7977315e+06,610146.3031446079,272268.5
795000.0,907559.3662154757,809270.25,-112559.36621547572,-14270.25
1750000.0,2060861.408735954,1.7308064e+06,-310861.40873595397,19193.625
3100000.0,3541630.552807804,3.2606565e+06,-441630.5528078042,-160656.5
1316400.0,1168879.6375939343,1.2179912e+06,147520.3624060657,98408.75
1275000.0,1341352.974452622,1.0620064e+06,-66352.974452622,212993.625
4211000.0,3687478.8908307995,4.063165e+06,523521.1091692005,147835.0
2400000.0,2332084.968031979,2.2070678e+06,67915.03196802083,192932.25
843000.0,1433027.3723130869,892859.5,-590027.3723130869,-49859.5
1230000.0,1297587.8805919336,1.1916628e+06,-67587.88059193362,38337.25
2550000.0,2071016.8460019003,2.46039e+06,478983.15399809973,89610.0
625000.0,533957.5304343799,614226.8,91042.46956562006,10773.1875
1341539.0,975798.6292021732,1.2705839e+06,365740.3707978268,70955.125
775000.0,878346.886360127,790305.7,-103346.88636012701,-15305.6875
1600000.0,1698073.9743054737,1.6553219e+06,-98073.97430547373,-55321.875
745000.0,698192.3567968662,783770.44,46807.64320313383,-38770.4375
3200000.0,2727647.199505882,2.8870298e+06,472352.8004941181,312970.25
2650000.0,2546654.5507217506,2.5969358e+06,103345.4492782494,53064.25
3120000.0,2938790.7300667353,3.327289e+06,181209.2699332647,-207289.0
374900.0,410415.55731346866,370019.9,-35515.55731346866,4880.09375
955000.0,920871.5921406762,934125.25,34128.40785932378,20874.75
455000.0,370381.4036428847,432144.12,84618.59635711531,22855.875
1100000.0,1039731.8517745016,1.0554918e+06,60268.148225498386,44508.25
1975625.0,1848678.824155698,1.9322155e+06,126946.17584430194,43409.5
1150000.0,1066338.3733233644,1.2361222e+06,83661.62667663558,-86122.25
580000.0,564196.251962408,585432.25,15803.748037592042,-5432.25
680000.0,676857.1289883284,681974.4,3142.87101167161,-1974.375
3660000.0,3512214.439726003,3.5510295e+06,147785.56027399702,108970.5
1290000.0,1773494.71743946,1.2564448e+06,-483494.7174394601,33555.25
1000000.0,1097859.5360537246,979198.6,-97859.53605372459,20801.375
357000.0,348902.33590405644,374613.38,8097.664095943561,-17613.375
624900.0,606974.2895862787,633881.7,17925.710413721274,-8981.6875
1930000.0,2387220.0054445453,2.0452842e+06,-457220.0054445453,-115284.25
1600000.0,2049346.1278402603,1.542325e+06,-449346.1278402603,57675.0
755000.0,1436101.9888960593,815941.9,-681101.9888960593,-60941.875
1000000.0,1033290.6087775506,1.0572004e+06,-33290.60877755063,-57200.375
310000.0,344135.22509333526,235519.12,-34135.22509333526,74480.875
1925000.0,1848589.8758705673,2.024064e+06,76410.12412943272,-99064.0
1190000.0,1074786.7402125145,1.1678796e+06,115213.25978748547,22120.375
1410000.0,1172385.212199487,1.2933589e+06,237614.78780051298,116641.125
1075000.0,1104798.3335269885,1.0974321e+06,-29798.333526988514,-22432.125
1500000.0,1344120.5486750035,1.4426824e+06,155879.45132499654,57317.625
625000.0,793011.6777354903,612216.8,-168011.67773549026,12783.1875
1735500.0,1259281.908503023,1.4763975e+06,476218.091496977,259102.5
915000.0,1499812.3963253656,915988.6,-584812.3963253656,-988.625
455000.0,532354.8041809596,456516.62,-77354.80418095959,-1516.625
365000.0,370956.0155129777,355554.94,-5956.015512977727,9445.0625
470000.0,504505.7791493683,505276.0,-34505.77914936829,-35276.0
1600000.0,2018057.867069394,1.5079928e+06,-418057.8670693941,92007.25
2635500.0,2113345.6771747894,2.1922345e+06,522154.32282521063,443265.5
760000.0,840561.8076191323,779401.75,-80561.80761913233,-19401.75
1080000.0,1007015.0106855244,1.1198308e+06,72984.98931447556,-39830.75
895000.0,835643.0574972149,890964.4,59356.942502785125,4035.625
1900000.0,1802416.973765681,1.8594236e+06,97583.02623431897,40576.375
1500000.0,918311.9222869655,1.1837181e+06,581688.0777130345,316281.875
950000.0,1799694.2691256823,1.01435394e+06,-849694.2691256823,-64353.9375
900000.0,1453597.2899917816,866058.6,-553597.2899917816,33941.375
2200000.0,2382288.4635371026,1.966818e+06,-182288.46353710257,233182.0
1100000.0,1590188.6080496372,1.1173952e+06,-490188.6080496372,-17395.25
2105000.0,1918149.8487532234,2.0265364e+06,186850.15124677657,78463.625
815000.0,725936.791072394,818698.8,89063.208927606,-3698.8125
875000.0,1340184.593547848,878716.94,-465184.59354784805,-3716.9375
3250000.0,3045197.241335314,3.3899222e+06,204802.75866468623,-139922.25
1625000.0,1583617.3532146919,1.653006e+06,41382.64678530814,-28006.0
622990.0,589325.9111563831,636944.25,33664.08884361689,-13954.25
290000.0,361709.89493646927,276710.1,-71709.89493646927,13289.90625
700000.0,855236.4697643681,707993.06,-155236.46976436814,-7993.0625
3054893.0,2783865.7974827774,3.1432275e+06,271027.2025172226,-88334.5
1171500.0,1104445.802866923,1.1704731e+06,67054.19713307708,1026.875
775000.0,711231.8588958815,737000.0,63768.14110411855,38000.0
1750000.0,2271421.7765449965,1.8069065e+06,-521421.77654499654,-56906.5
367500.0,440046.8155508329,349357.56,-72546.8155508329,18142.4375
1150000.0,1072931.8954562931,1.0687314e+06,77068.10454370687,81268.625
1050000.0,1202130.849411858,1.1014951e+06,-152130.849411858,-51495.125
735000.0,844327.6019368339,744934.1,-109327.60193683393,-9934.125
1650000.0,1809112.210316048,1.7325239e+06,-159112.210316048,-82523.875
1765000.0,1795173.769589371,1.7507795e+06,-30173.769589371048,14220.5
751535.0,1456348.0570454246,793196.1,-704813.0570454246,-41661.125
2900000.0,2540419.0128270066,2.613288e+06,359580.98717299337,286712.0
295500.0,370898.9962710199,283721.75,-75398.99627101992,11778.25
355000.0,332034.3344434382,356072.06,22965.665556561784,-1072.0625
1095000.0,1094157.4934061975,1.1297422e+06,842.5065938024782,-34742.25
910000.0,1065123.571918989,922089.7,-155123.57191898907,-12089.6875
785000.0,601968.7075119762,769546.8,183031.29248802376,15453.1875
615000.0,570606.1531304051,581806.7,44393.84686959488,33193.3125
455000.0,433157.7700159339,443555.16,21842.2299840661,11444.84375
960000.0,1135663.1099764593,1.0215309e+06,-175663.1099764593,-61530.875
1090000.0,990511.2810567725,1.0665626e+06,99488.71894322755,23437.375
830000.0,867994.7700030039,816377.75,-37994.77000300388,13622.25
745000.0,846437.5680043146,753831.6,-101437.56800431455,-8831.625
2100000.0,2497481.3027831498,2.0512714e+06,-397481.30278314976,48728.625
2450000.0,2201791.9737953064,2.4562895e+06,248208.0262046936,-6289.5
1010000.0,1300258.8711863353,1.0119548e+06,-290258.87118633534,-1954.8125
1598000.0,1387725.60332079,1.4953345e+06,210274.39667921,102665.5
940000.0,1054366.3931770457,925843.44,-114366.39317704574,14156.5625
362000.0,411018.39617292536,347206.56,-49018.396172925364,14793.4375
800000.0,1295787.600720469,712331.6,-495787.6007204689,87668.375
1300000.0,1367851.9230487493,1.2881801e+06,-67851.92304874933,11819.875
1125000.0,1061607.1452058288,1.0697132e+06,63392.85479417117,55286.75
985000.0,869089.2890146726,1.01740475e+06,115910.71098532737,-32404.75
1988888.0,2006112.2718443468,2.0830219e+06,-17224.271844346775,-94133.875
830000.0,814352.2814231466,818425.6,15647.718576853396,11574.375
1598000.0,1642492.7299996,1.6398232e+06,-44492.72999959998,-41823.25
1247000.0,1232209.3345679238,1.3230089e+06,14790.665432076203,-76008.875
3608000.0,3039416.578187449,3.1840938e+06,568583.4218125511,423906.25
670000.0,632470.7114601044,629045.94,37529.288539895555,40954.0625
560000.0,759359.9185192324,568452.2,-199359.91851923242,-8452.1875
1051670.0,1162415.7349407678,1.0939034e+06,-110745.73494076775,-42233.375
610000.0,542182.978423983,626167.56,67817.02157601702,-16167.5625
1450000.0,1500331.3250438583,1.4256408e+06,-50331.32504385826,24359.25
705000.0,794870.0212190995,703723.9,-89870.02121909952,1276.125
440000.0,312632.51297770836,454772.38,127367.48702229164,-14772.375
1000000.0,1110634.713899766,1.02142375e+06,-110634.7138997661,-21423.75
1601000.0,1419806.6234217335,1.4692384e+06,181193.3765782665,131761.625
1770000.0,2384559.8924369575,1.7175255e+06,-614559.8924369575,52474.5
4600000.0,4816187.839762632,4.705252e+06,-216187.8397626318,-105252.0
990000.0,809954.3117310603,921136.06,180045.68826893973,68863.9375
3100000.0,3089720.230735291,2.916307e+06,10279.769264709204,183693.0
635000.0,677351.9500627591,640991.7,-42351.950062759104,-5991.6875
955000.0,1003524.66003555,981953.56,-48524.66003555001,-26953.5625
1125000.0,1272810.6935777927,1.1294406e+06,-147810.69357779273,-4440.625
2389000.0,2276054.977744,2.3803315e+06,112945.02225599997,8668.5
2650000.0,1813247.3868006119,2.0316508e+06,836752.6131993881,618349.25
3800000.0,3801385.3504952085,3.6987422e+06,-1385.3504952085204,101257.75
1890000.0,2059346.4637925935,2.0243999e+06,-169346.46379259345,-134399.875
930000.0,1491684.683534801,855589.25,-561684.683534801,74410.75
1550000.0,1374277.646948158,1.5423279e+06,175722.35305184196,7672.125
1375000.0,1337172.2250938106,1.3647362e+06,37827.774906189414,10263.75
2634180.0,2424364.32022974,2.3792555e+06,209815.67977026012,254924.5
3851000.0,3393403.8322707373,3.5101508e+06,457596.1677292627,340849.25
540000.0,543931.2669911917,535078.3,-3931.26699119166,4921.6875
346500.0,443509.56981621135,388675.44,-97009.56981621135,-42175.4375
1500000.0,1527731.9591040127,1.5783416e+06,-27731.959104012698,-78341.625
1090000.0,1246612.3618513348,1.0718598e+06,-156612.3618513348,18140.25
1350000.0,1733761.191144113,1.3523065e+06,-383761.19114411296,-2306.5
740000.0,839939.1780422567,724772.3,-99939.17804225674,15227.6875
2980000.0,3494672.5104756043,3.0822235e+06,-514672.51047560433,-102223.5
469000.0,539903.1205489713,455579.78,-70903.12054897135,13420.21875
600000.0,648403.2255173849,553604.1,-48403.22551738494,46395.875
829000.0,1006626.170678538,827129.0,-177626.17067853804,1871.0
2010000.0,2439037.103079901,2.0609089e+06,-429037.1030799011,-50908.875
805000.0,897232.5108483041,736187.94,-92232.51084830414,68812.0625
1310000.0,1206887.4716399645,1.2828582e+06,103112.5283600355,27141.75
1100000.0,1151449.5406127651,1.1308762e+06,-51449.54061276512,-30876.25
2325000.0,2324300.6565351356,2.1341975e+06,699.3434648644179,190802.5
915000.0,887480.1157755787,940225.2,27519.884224421345,-25225.1875
1600000.0,1417115.7445018694,1.6423555e+06,182884.25549813057,-42355.5
890000.0,1302210.594643193,853571.3,-412210.59464319306,36428.6875
1242000.0,1236244.6806259048,1.272773e+06,5755.319374095183,-30773.0
1100000.0,1130110.3212789122,1.1027459e+06,-30110.321278912248,-2745.875
1050000.0,1133318.2187350236,1.051086e+06,-83318.21873502363,-1086.0
1580000.0,1576442.4657282704,1.6306161e+06,3557.5342717296444,-50616.125
790000.0,844030.0288422843,751478.7,-54030.028842284344,38521.3125
250000.0,246578.3112652843,239690.25,3421.688734715688,10309.75
1780000.0,1758974.056277219,1.7326875e+06,21025.943722781027,47312.5
950888.0,1226974.2368839295,974957.94,-276086.23688392946,-24069.9375
1300000.0,1255430.4652979374,1.3138629e+06,44569.53470206261,-13862.875
7300000.0,6287325.956192113,7.007002e+06,1012674.0438078865,292998.0
925000.0,1047173.4802607129,907226.25,-122173.48026071291,17773.75
3150000.0,3504356.157365769,3.1731142e+06,-354356.15736576915,-23114.25
4300000.0,4008317.141002796,4.1869695e+06,291682.8589972039,113030.5
820000.0,929180.9640949098,828180.4,-109180.96409490984,-8180.375
550000.0,768886.780555574,624038.75,-218886.780555574,-74038.75
2250000.0,1934039.9994548585,2.0871938e+06,315960.0005451415,162806.25
975000.0,912423.2072762653,1.0153779e+06,62576.79272373475,-40377.875
965000.0,1008168.5875213977,969693.75,-43168.58752139774,-4693.75
970000.0,1110146.8024190974,950919.1,-140146.8024190974,19080.875
1222000.0,1299971.5853080903,1.2561788e+06,-77971.58530809032,-34178.75
507000.0,648240.8630600522,475374.97,-141240.86306005216,31625.03125
675000.0,616567.5324240883,680757.94,58432.467575911665,-5757.9375
942000.0,1028212.7353710886,917400.5,-86212.73537108861,24599.5
3200000.0,2514544.5309712477,2.8368275e+06,685455.4690287523,363172.5
490000.0,462221.53660890914,509761.28,27778.46339109086,-19761.28125
525000.0,490364.8734177501,516318.44,34635.12658224988,8681.5625
475000.0,391926.8862631625,471276.28,83073.11373683752,3723.71875
465000.0,595282.1349148997,438428.53,-130282.13491489971,26571.46875
867000.0,790739.2409431101,829881.8,76260.75905688992,37118.1875
130000.0,769280.6426500031,149820.39,-639280.6426500031,-19820.390625
658000.0,773557.8685053561,645918.0,-115557.86850535613,12082.0
1700000.0,1585368.5025439134,1.656105e+06,114631.49745608657,43895.0
811100.0,1344940.0474298089,835134.5,-533840.0474298089,-24034.5
985000.0,955081.0643981678,1.0578881e+06,29918.93560183223,-72888.125
660000.0,858244.3475873045,655714.44,-198244.34758730454,4285.5625
316000.0,227420.22930670786,323488.84,88579.77069329214,-7488.84375
300000.0,520876.01574231486,255535.7,-220876.01574231486,44464.296875
1750000.0,1661244.7546204652,1.697616e+06,88755.24537953478,52384.0
779000.0,772157.7344156308,775047.1,6842.26558436919,3952.875
667000.0,529246.7161204783,672982.1,137753.28387952165,-5982.125
1780000.0,1744256.274257056,1.8373349e+06,35743.72574294405,-57334.875
1800000.0,1675786.8156504352,1.7546574e+06,124213.18434956484,45342.625
3128000.0,2466931.2050832724,2.650096e+06,661068.7949167276,477904.0
2100000.0,2252453.47204541,2.7078232e+06,-152453.47204540996,-607823.25
630000.0,909290.2859867762,638023.4,-279290.28598677623,-8023.375
1100000.0,1139334.1903088805,1.084143e+06,-39334.19030888053,15857.0
1150000.0,1161156.199874095,1.0107761e+06,-11156.19987409492,139223.875
2705000.0,2554271.7978560347,2.5597772e+06,150728.2021439653,145222.75
2385000.0,2245986.4548262917,2.410658e+06,139013.54517370835,-25658.0
620000.0,607866.4621414206,637484.5,12133.537858579424,-17484.5
550000.0,1303287.6417795578,596714.25,-753287.6417795578,-46714.25
1350000.0,1397013.6569146467,1.2328622e+06,-47013.65691464674,117137.75
1438000.0,1520206.6909186074,1.496249e+06,-82206.6909186074,-58249.0
533000.0,655642.9120940793,535179.4,-122642.91209407931,-2179.375
1350000.0,1510151.4157070888,1.3715942e+06,-160151.41570708877,-21594.25
1575000.0,1638605.4556778157,1.6686214e+06,-63605.45567781571,-93621.375
2575000.0,2290134.8959352495,2.4811135e+06,284865.1040647505,93886.5
870000.0,1263201.6283400266,849432.25,-393201.6283400266,20567.75
712500.0,711592.3649606011,698355.4,907.6350393989123,14144.625
2050000.0,1914668.7988779591,2.1009235e+06,135331.20112204086,-50923.5
575000.0,807260.0121038455,569583.6,-232260.01210384548,5416.375
2030643.0,1500118.6901844786,1.5160404e+06,530524.3098155214,514602.625
719990.0,846646.6572903027,744003.3,-126656.65729030268,-24013.3125
660000.0,914973.2016006003,718567.2,-254973.20160060027,-58567.1875
2018578.0,1787234.0649707937,1.9567302e+06,231343.93502920633,61847.75
1205000.0,1196288.2406157083,1.2353174e+06,8711.759384291712,-30317.375
1150000.0,1632283.1470822177,1.1196439e+06,-482283.14708221774,30356.125
487000.0,512326.5450887426,459666.0,-25326.545088742627,27334.0
820000.0,864516.5674174678,828869.4,-44516.56741746783,-8869.375
1750000.0,1586258.7980433214,1.7874298e+06,163741.20195667865,-37429.75
1050000.0,1006444.6651113791,1.1165878e+06,43555.334888620884,-66587.75
990000.0,1286667.9262132477,1.0113508e+06,-296667.9262132477,-21350.8125
499000.0,518187.57941865723,480411.47,-19187.57941865723,18588.53125
2650000.0,1801612.0421677576,2.130027e+06,848387.9578322424,519973.0
600000.0,686720.5272834785,601782.2,-86720.52728347853,-1782.1875
275000.0,376045.9919047621,278711.8,-101045.99190476211,-3711.8125
1000000.0,998458.1989929429,943891.6,1541.8010070570745,56108.375
1030000.0,944469.1924445635,1.01935006e+06,85530.8075554365,10649.9375
269000.0,220971.50236607622,256971.45,48028.49763392378,12028.546875
800000.0,1387647.1921830836,821914.9,-587647.1921830836,-21914.875
4075000.0,4905844.272759359,4.2301715e+06,-830844.2727593593,-155171.5
755000.0,763155.4568957721,755810.5,-8155.456895772135,-810.5
2050000.0,2247250.3352238038,2.097248e+06,-197250.33522380376,-47248.0
625000.0,719556.762944316,629851.5,-94556.76294431603,-4851.5
1449000.0,1557662.3463842971,1.456254e+06,-108662.34638429713,-7254.0
927000.0,999382.9659229948,908086.6,-72382.96592299477,18913.375
1470000.0,1210427.2751567299,1.2389489e+06,259572.72484327015,231051.125
885000.0,1272429.880982055,779218.2,-387429.8809820551,105781.8125
2620000.0,2932978.123273758,2.4989375e+06,-312978.1232737582,121062.5
1030000.0,1589371.6565387822,1.1847312e+06,-559371.6565387822,-154731.25
980000.0,1102939.395008019,957306.7,-122939.39500801894,22693.3125
770000.0,864112.3454001072,770535.25,-94112.34540010721,-535.25
1291000.0,1813788.3685566029,1.2248148e+06,-522788.36855660286,66185.25
916000.0,941541.5674771587,869584.3,-25541.567477158736,46415.6875
1805000.0,1725811.780955109,1.9273329e+06,79188.21904489095,-122332.875
330000.0,506820.99463963194,317662.5,-176820.99463963194,12337.5
1800000.0,1753779.9749762213,1.8152124e+06,46220.02502377867,-15212.375
1645000.0,1574674.590265808,1.6499569e+06,70325.40973419207,-4956.875
2355000.0,2857347.4673271016,2.4201462e+06,-502347.4673271016,-65146.25
2400000.0,2717595.922535911,2.3507225e+06,-317595.9225359112,49277.5
31000000.0,32606342.277651742,3.0188248e+07,-1606342.277651742,811752.0
643500.0,726919.6021602312,669904.7,-83419.60216023121,-26404.6875
2475000.0,2523759.8333694427,2.4485082e+06,-48759.83336944273,26491.75
1625000.0,1330189.7481495324,1.3976825e+06,294810.25185046764,227317.5
1140000.0,1076469.223559536,1.1105652e+06,63530.77644046396,29434.75
1435000.0,1291841.6024959653,1.4342265e+06,143158.39750403468,773.5
1257300.0,1675172.5997326227,1.2026365e+06,-417872.59973262274,54663.5
2314750.0,2773008.680813374,2.371524e+06,-458258.680813374,-56774.0
796000.0,874454.5206466598,759883.1,-78454.52064665977,36116.875
920000.0,1144040.608374941,1.1254676e+06,-224040.60837494093,-205467.625
1900000.0,1919008.1606078544,1.9664035e+06,-19008.16060785437,-66403.5
400000.0,444628.46738703793,453652.62,-44628.467387037934,-53652.625
760000.0,930590.7822023972,791375.9,-170590.78220239724,-31375.875
4075000.0,4216411.050860919,4.0229152e+06,-141411.05086091906,52084.75
2340000.0,2262202.8496485776,2.2861075e+06,77797.15035142237,53892.5
1475000.0,1433645.9147040586,1.4496845e+06,41354.08529594145,25315.5
905000.0,1568687.7430747661,910147.5,-663687.7430747661,-5147.5
810000.0,1542157.4736076365,723368.44,-732157.4736076365,86631.5625
1075000.0,1107709.3950118297,1.0534292e+06,-32709.395011829678,21570.75
1230000.0,1162932.3042743502,1.2322945e+06,67067.69572564983,-2294.5
371000.0,406174.893391547,355170.28,-35174.893391547026,15829.71875
625000.0,613247.3964628148,627356.44,11752.603537185234,-2356.4375
1151000.0,1218936.1213754427,1.1590188e+06,-67936.12137544272,-8018.75
719900.0,705136.4016709828,731557.56,14763.598329017172,-11657.5625
1225000.0,1717778.6618576248,1.2707815e+06,-492778.6618576248,-45781.5
1403000.0,1586538.497701094,1.3792532e+06,-183538.49770109402,23746.75
1025000.0,964500.3171141082,972345.0,60499.68288589176,52655.0
1300000.0,1437743.5291507833,1.3893472e+06,-137743.52915078332,-89347.25
4451000.0,4158032.9203075296,4.483621e+06,292967.0796924704,-32621.0
7550000.0,6828635.627628618,8.002889e+06,721364.3723713821,-452889.0
1400000.0,1225194.010749148,1.391648e+06,174805.98925085203,8352.0
6150000.0,5280307.197836533,5.454967e+06,869692.8021634668,695033.0
3080000.0,2735816.510545534,2.9207325e+06,344183.4894544659,159267.5
2880000.0,2914175.721143802,2.900594e+06,-34175.72114380216,-20594.0
510000.0,460359.03678443166,522402.16,49640.963215568336,-12402.15625
1025000.0,988112.4482848569,1.0810456e+06,36887.55171514314,-56045.625
1500000.0,1765689.8409106054,1.4768609e+06,-265689.8409106054,23139.125
718000.0,916385.4424690865,757605.25,-198385.4424690865,-39605.25
799000.0,1454088.9593761284,783230.2,-655088.9593761284,15769.8125
755000.0,805268.8583608409,769740.56,-50268.85836084094,-14740.5625
415000.0,735990.8022740083,413684.5,-320990.8022740083,1315.5
1200000.0,1085213.5134067645,1.139923e+06,114786.48659323552,60077.0
3650000.0,3472421.3074943745,3.5824048e+06,177578.69250562554,67595.25
905000.0,787185.8853060699,905180.6,117814.11469393014,-180.625
940000.0,873565.7276560038,948550.6,66434.27234399621,-8550.625
887000.0,721441.6314882275,762124.94,165558.36851177248,124875.0625
620000.0,409330.9709013372,625143.7,210669.02909866278,-5143.6875
1220000.0,1267795.634187814,1.164823e+06,-47795.63418781408,55177.0
690000.0,617562.4847912496,723519.56,72437.51520875038,-33519.5625
750000.0,792320.4500543225,720275.56,-42320.450054322486,29724.4375
695000.0,829554.9293941988,648189.5,-134554.9293941988,46810.5
757000.0,789025.3477928905,783872.9,-32025.347792890505,-26872.875
4205000.0,2924185.8967010984,3.43962e+06,1280814.1032989016,765380.0
1140000.0,861944.3883481242,953458.1,278055.6116518758,186541.875
1327500.0,1276127.244915473,1.3286178e+06,51372.75508452696,-1117.75
820000.0,1264924.1409522034,815743.5,-444924.1409522034,4256.5
434000.0,416329.8298185918,425985.5,17670.170181408175,8014.5
415000.0,1008041.8636242704,426436.28,-593041.8636242704,-11436.28125
1678000.0,1449036.492195528,1.5528006e+06,228963.507804472,125199.375
1965525.0,1909572.0942330337,2.0532461e+06,55952.90576696629,-87721.125
1791216.0,1660404.0444278053,1.767723e+06,130811.95557219465,23493.0
1270000.0,1751284.705283444,1.217168e+06,-481284.7052834439,52832.0
87000.0,286087.52127900615,105439.164,-199087.52127900615,-18439.1640625
1393000.0,1297365.378693525,1.3307912e+06,95634.62130647502,62208.75
540000.0,655001.3244378099,550875.5,-115001.32443780988,-10875.5
1130000.0,1028623.2262425888,1.0351527e+06,101376.77375741117,94847.3125
1400000.0,1495242.9410432677,1.4310855e+06,-95242.94104326773,-31085.5
915000.0,1158022.0030131668,908278.94,-243022.00301316683,6721.0625
4890000.0,4578702.339936433,4.426638e+06,311297.66006356664,463362.0
565286.0,712913.1799023203,571437.3,-147627.17990232026,-6151.3125
565286.0,712913.1799023203,571437.3,-147627.17990232026,-6151.3125
1450000.0,1470978.2650078945,1.5224358e+06,-20978.265007894486,-72435.75
750000.0,549701.3934200738,710514.0,200298.6065799262,39486.0
1500000.0,1419587.7075266782,1.5351696e+06,80412.29247332178,-35169.625
958888.0,1498444.844008594,968996.75,-539556.844008594,-10108.75
565000.0,568156.4751579436,562436.4,-3156.475157943554,2563.625
4350000.0,4043496.702805025,4.6206425e+06,306503.29719497496,-270642.5
545000.0,603914.4122572547,552138.3,-58914.412257254706,-7138.3125
2000000.0,1656190.347013426,1.9077821e+06,343809.652986574,92217.875
3188000.0,3051200.866439058,3.137651e+06,136799.13356094202,50349.0
985000.0,1441703.5507041481,959682.44,-456703.55070414813,25317.5625
1423000.0,1366381.3733323608,1.4536301e+06,56618.62666763924,-30630.125
4595000.0,4422945.2351490995,4.688231e+06,172054.7648509005,-93231.0
535000.0,720036.3777086856,571322.9,-185036.37770868558,-36322.875
600000.0,640302.2320647745,608460.2,-40302.23206477449,-8460.1875
1200000.0,1109906.8839943958,1.1214039e+06,90093.11600560416,78596.125
1370000.0,1216919.9498241825,1.3730652e+06,153080.05017581745,-3065.25
1250000.0,1180464.2512767096,1.2174501e+06,69535.7487232904,32549.875
840000.0,688271.0143891125,830507.25,151728.98561088752,9492.75
725000.0,1371468.7998443008,722227.6,-646468.7998443008,2772.375
6960000.0,6651639.7974256035,6.246437e+06,308360.2025743965,713563.0
1085000.0,962526.915044993,972856.1,122473.08495500695,112143.875
810186.0,793405.0997132866,854146.25,16780.900286713382,-43960.25
1260000.0,1049573.6257939094,1.1573675e+06,210426.37420609058,102632.5
2050000.0,1720184.9886997603,2.1854045e+06,329815.0113002397,-135404.5
757428.0,609341.9886137818,764880.94,148086.01138621825,-7452.9375
645000.0,530030.1635970605,637962.56,114969.83640293952,7037.4375
1300000.0,1232080.9069522368,1.2814264e+06,67919.09304776322,18573.625
1350000.0,1457452.7611805978,1.32217e+06,-107452.76118059782,27830.0
1325000.0,1321278.8811758084,1.3117145e+06,3721.1188241916243,13285.5
575000.0,894828.3613727294,640260.4,-319828.3613727294,-65260.375
365000.0,274395.59225834033,332021.94,90604.40774165967,32978.0625
1275000.0,1222535.4071948598,1.3003242e+06,52464.592805140186,-25324.25
2325000.0,1679813.455549958,1.8170656e+06,645186.5444500421,507934.375
1075000.0,934363.430374648,1.0663571e+06,140636.56962535204,8642.875
1200000.0,1816312.9530774995,1.2120574e+06,-616312.9530774995,-12057.375
920000.0,1408078.4648914298,910147.5,-488078.46489142976,9852.5
642500.0,830933.3682503472,637211.6,-188433.3682503472,5288.375
970000.0,1154536.7239899924,932422.6,-184536.7239899924,37577.375
445000.0,458835.58157051005,418320.7,-13835.581570510054,26679.3125
2120000.0,1942099.9859702026,2.1106875e+06,177900.0140297974,9312.5
730000.0,1352424.7753803923,742288.9,-622424.7753803923,-12288.875
1700000.0,1645349.4999468313,1.6886786e+06,54650.50005316874,11321.375
1425000.0,1232866.8702314023,1.2786419e+06,192133.12976859766,146358.125
366000.0,404315.38369887066,362059.38,-38315.38369887066,3940.625
980000.0,1011595.1213997165,955203.75,-31595.121399716474,24796.25
290000.0,315260.7336705817,303126.03,-25260.733670581714,-13126.03125
1505000.0,1361133.943584661,1.3692078e+06,143866.056415339,135792.25
1135000.0,1743154.5830401538,1.155961e+06,-608154.5830401538,-20961.0
2125000.0,1923772.854522732,2.0920324e+06,201227.1454772679,32967.625
3700000.0,3385281.55240377,3.7666145e+06,314718.4475962301,-66614.5
650000.0,726675.010091412,683805.7,-76675.010091412,-33805.6875
750000.0,940797.318065884,748486.9,-190797.31806588406,1513.125
419000.0,1021431.9746197523,426539.6,-602431.9746197523,-7539.59375
325000.0,467685.8198342201,327262.1,-142685.8198342201,-2262.09375
1600000.0,1251133.2134085305,1.3496588e+06,348866.78659146954,250341.25
505000.0,501473.07327460265,499869.66,3526.926725397352,5130.34375
912500.0,1022721.4413239678,973638.5,-110221.44132396777,-61138.5
635000.0,509545.27679993736,638699.75,125454.72320006264,-3699.75
1070000.0,1048142.7075935046,1.0917356e+06,21857.292406495428,-21735.625
1035000.0,1168140.972161417,1.051823e+06,-133140.9721614169,-16823.0
675000.0,619817.0441492575,669395.06,55182.955850742524,5604.9375
965000.0,998744.0626093864,983833.94,-33744.0626093864,-18833.9375
655000.0,586481.1495284815,675285.7,68518.85047151847,-20285.6875
600000.0,590850.293414041,596345.6,9149.70658595895,3654.375
856000.0,922876.9441152653,819770.75,-66876.94411526527,36229.25
1169000.0,1297158.0603442856,1.130252e+06,-128158.06034428556,38748.0
308000.0,956716.1197118213,310414.22,-648716.1197118213,-2414.21875
725000.0,752549.2499164725,738750.06,-27549.249916472472,-13750.0625
1460000.0,1910024.8819676456,1.5332426e+06,-450024.8819676456,-73242.625
2300000.0,2355089.3857843345,2.3896272e+06,-55089.3857843345,-89627.25
1515000.0,1866152.299250789,1.6371934e+06,-351152.299250789,-122193.375
4875000.0,5514013.9470508015,4.9684715e+06,-639013.9470508015,-93471.5
3500000.0,4393127.655445957,3.5063032e+06,-893127.6554459566,-6303.25
410000.0,403601.5720625896,416342.62,6398.427937410423,-6342.625
665000.0,675495.5072666666,602998.4,-10495.507266666624,62001.625
378000.0,383257.3418093056,389885.7,-5257.341809305595,-11885.6875
810000.0,807083.5126113291,841083.56,2916.48738867091,-31083.5625
1550000.0,1397817.8568169693,1.4760202e+06,152182.14318303065,73979.75
3850000.0,3632335.487849854,3.7750365e+06,217664.51215014607,74963.5
620000.0,836724.3103905416,639606.1,-216724.31039054156,-19606.125
625000.0,671372.1465541598,627655.06,-46372.146554159815,-2655.0625
450000.0,569258.6903719429,439217.4,-119258.69037194294,10782.59375
2850000.0,2739066.1049450245,2.8964862e+06,110933.89505497552,-46486.25
1415000.0,1269253.3994250102,1.3854096e+06,145746.6005749898,29590.375
1105000.0,1211101.5063975644,1.1244602e+06,-106101.50639756443,-19460.25
576000.0,532720.2651376843,570116.75,43279.7348623157,5883.25
4350000.0,3690213.689696336,4.0657542e+06,659786.3103036638,284245.75
327500.0,378215.28195575124,295526.9,-50715.28195575124,31973.09375
675000.0,1347136.5493439918,706056.56,-672136.5493439918,-31056.5625
1175000.0,1187328.6364885676,1.1989994e+06,-12328.636488567572,-23999.375
910000.0,1487050.7013075575,873777.4,-577050.7013075575,36222.625
1415000.0,1342699.6078969203,1.4247628e+06,72300.3921030797,-9762.75
1215000.0,1050952.6094590207,1.2564052e+06,164047.39054097934,-41405.25
1300000.0,1324038.8012665487,1.2822809e+06,-24038.80126654869,17719.125
474990.0,410636.69591346406,467517.8,64353.304086535936,7472.1875
865000.0,987696.2827709536,862377.0,-122696.2827709536,2623.0
1645500.0,2248628.415389776,1.5855425e+06,-603128.4153897762,59957.5
1450000.0,1444148.4182301967,1.4246568e+06,5851.581769803306,25343.25
2950000.0,2674984.610807499,2.606093e+06,275015.3891925011,343907.0
650000.0,726041.4780631245,654909.5,-76041.47806312446,-4909.5
805000.0,1029847.2373971707,831151.44,-224847.23739717074,-26151.4375
1725000.0,1087259.7909732803,1.324102e+06,637740.2090267197,400898.0
1250000.0,1723104.8166964175,1.2342645e+06,-473104.8166964175,15735.5
5050000.0,3879690.0719928253,4.2910135e+06,1170309.9280071747,758986.5
1350000.0,1191483.5802624435,1.448275e+06,158516.41973755648,-98275.0
350000.0,298446.5352247235,407724.8,51553.46477527649,-57724.8125
1435000.0,1140055.7072286839,1.3286558e+06,294944.29277131613,106344.25
1070000.0,1219766.53779268,1.0611438e+06,-149766.5377926801,8856.25
790000.0,816881.1087243359,781225.75,-26881.108724335907,8774.25
1300000.0,1288960.3965821792,1.2953721e+06,11039.603417820763,4627.875
593000.0,538563.4491463547,595478.94,54436.55085364531,-2478.9375
410000.0,487898.58711131115,420799.44,-77898.58711131115,-10799.4375
459000.0,363243.5091634868,461457.16,95756.49083651323,-2457.15625
705000.0,910125.460207754,705569.25,-205125.46020775405,-569.25
1850000.0,1381896.4971626753,1.6486482e+06,468103.50283732475,201351.75
718000.0,773315.3710711903,731653.1,-55315.37107119034,-13653.125
1710000.0,1767800.4976204592,1.7908422e+06,-57800.49762045918,-80842.25
717000.0,680868.1103823653,707490.9,36131.889617634704,9509.125
535000.0,484606.61442671367,447478.47,50393.38557328633,87521.53125
825000.0,781363.0923178524,844837.8,43636.907682147576,-19837.8125
2250000.0,2347783.5440835245,2.4133032e+06,-97783.5440835245,-163303.25
1375000.0,1495425.6676206226,1.3973959e+06,-120425.66762062255,-22395.875
1880000.0,1741293.6279081507,1.8095156e+06,138706.37209184933,70484.375
799000.0,801910.5290783918,798494.5,-2910.5290783918463,505.5
521900.0,621185.846118783,532503.5,-99285.846118783,-10603.5
2595000.0,2474598.635218027,2.5641898e+06,120401.36478197295,30810.25
1799000.0,1833520.1784434365,1.8832124e+06,-34520.17844343651,-84212.375
2300000.0,2094590.4088575463,2.2938015e+06,205409.59114245372,6198.5
680000.0,787614.0636720723,711743.56,-107614.06367207225,-31743.5625
799000.0,872679.6564641057,828183.5,-73679.6564641057,-29183.5
1020000.0,1233649.7375692,1.1367856e+06,-213649.7375692001,-116785.625
465000.0,993684.6968377932,459241.84,-528684.6968377932,5758.15625
2550000.0,2432177.748722408,2.4606128e+06,117822.25127759203,89387.25
690000.0,800982.3105464124,732217.1,-110982.31054641237,-42217.125
607000.0,644019.3838793172,608509.5,-37019.3838793172,-1509.5
940000.0,953863.0687640337,918545.56,-13863.068764033727,21454.4375
1055000.0,993971.5750924813,1.0808075e+06,61028.42490751867,-25807.5
910000.0,1717477.208998693,925564.44,-807477.2089986929,-15564.4375
750000.0,1105092.2664468673,779284.4,-355092.26644686726,-29284.375
1487500.0,1446571.9721659888,1.5186148e+06,40928.02783401124,-31114.75
650000.0,529233.8919935188,613176.9,120766.1080064812,36823.125
1069450.0,1047231.8892143621,1.074775e+06,22218.110785637866,-5325.0
1650000.0,2347502.9446520237,1.8678872e+06,-697502.9446520237,-217887.25
4635000.0,4248100.738890773,4.4190285e+06,386899.2611092273,215971.5
299900.0,844303.6349978185,305397.75,-544403.6349978185,-5497.75
2200000.0,2370473.061984064,2.3993668e+06,-170473.06198406406,-199366.75
900000.0,1106655.6730462662,903204.25,-206655.6730462662,-3204.25
4500000.0,4392491.121368065,4.4601525e+06,107508.87863193545,39847.5
2505000.0,2271146.490225185,2.2120385e+06,233853.50977481483,292961.5
775000.0,675261.1276229502,777920.3,99738.87237704976,-2920.3125
899000.0,1542076.7138514114,921717.75,-643076.7138514114,-22717.75
4700000.0,4498890.753886099,4.7126035e+06,201109.24611390103,-12603.5
1675000.0,1557711.2426416771,1.6368342e+06,117288.75735832285,38165.75
2500000.0,1977297.0873366757,2.1699305e+06,522702.91266332427,330069.5
2525000.0,2404753.5359092206,2.6105308e+06,120246.46409077942,-85530.75
835000.0,999905.118797543,842678.9,-164905.118797543,-7678.875
750000.0,862170.1120691395,713479.94,-112170.11206913949,36520.0625
900000.0,907494.189466351,849016.8,-7494.189466350945,50983.1875
795000.0,894550.3496144539,752378.6,-99550.34961445385,42621.375
2900000.0,2977536.750832356,3.1919378e+06,-77536.75083235605,-291937.75
1325000.0,1331262.7728960272,1.2441265e+06,-6262.7728960271925,80873.5
1650000.0,1634171.5265463013,1.8408374e+06,15828.47345369868,-190837.375
2000000.0,1974472.700045593,2.1560932e+06,25527.299954406917,-156093.25
775000.0,809470.3819299361,759137.75,-34470.38192993612,15862.25
2650000.0,2353856.5625333684,2.6194288e+06,296143.43746663164,30571.25
1925500.0,1729491.080603096,1.8773612e+06,196008.91939690406,48138.75
2450000.0,1773017.8428055346,1.9898524e+06,676982.1571944654,460147.625
905000.0,1036298.7585790907,901553.6,-131298.7585790907,3446.375
1100000.0,1197297.0719995117,1.2043674e+06,-97297.07199951168,-104367.375
1300000.0,1388536.8066526747,1.2403332e+06,-88536.80665267468,59666.75
4400000.0,4124921.5500941225,4.3076065e+06,275078.44990587747,92393.5
1259500.0,1221597.950613334,1.278959e+06,37902.04938666592,-19459.0
1115000.0,1131267.7296496667,1.1514422e+06,-16267.729649666697,-36442.25
780000.0,1311672.446583854,775218.6,-531672.446583854,4781.375
844000.0,1004560.7949540315,849938.75,-160560.79495403147,-5938.75
550000.0,723612.6514863942,552351.6,-173612.65148639423,-2351.625
850000.0,977280.7574438285,846913.44,-127280.75744382851,3086.5625
1450000.0,1121074.1449389188,1.1765702e+06,328925.85506108124,273429.75
520000.0,507204.0745728697,521235.7,12795.925427130307,-1235.6875
1988888.0,2020080.2031826898,2.0808399e+06,-31192.203182689846,-91951.875
1650000.0,1596229.7274937332,1.4848032e+06,53770.27250626683,165196.75
780000.0,969027.7511715067,844978.8,-189027.7511715067,-64978.8125
1202000.0,1191567.8613355947,1.1082165e+06,10432.138664405327,93783.5
315000.0,415275.291628812,304386.75,-100275.29162881197,10613.25
1400000.0,1496950.9238878095,1.4829041e+06,-96950.9238878095,-82904.125
1135000.0,1979344.7644283213,1.1035875e+06,-844344.7644283213,31412.5
855000.0,919974.1988916094,832847.06,-64974.19889160944,22152.9375
1695000.0,1713117.6556634933,1.4371881e+06,-18117.655663493322,257811.875
645000.0,605392.7354606079,632793.25,39607.26453939208,12206.75
535000.0,456346.7585736328,510301.2,78653.2414263672,24698.8125
1450000.0,1955887.313738063,1.4637281e+06,-505887.313738063,-13728.125
1709675.0,1428107.269927585,1.4640422e+06,281567.73007241497,245632.75
1758000.0,1853309.396193081,1.7782111e+06,-95309.39619308105,-20211.125
368000.0,456792.9506892413,388950.94,-88792.95068924129,-20950.9375
1484000.0,1520977.0113870183,1.5447288e+06,-36977.011387018254,-60728.75
815000.0,752551.3000221172,827404.4,62448.69997788279,-12404.375
473880.0,579238.9021197555,453349.44,-105358.90211975551,20530.5625
710000.0,793409.0932655287,679834.06,-83409.09326552867,30165.9375
750333.0,961257.9448059305,765715.9,-210924.94480593049,-15382.875
1800000.0,1935399.2775172296,1.8042702e+06,-135399.27751722955,-4270.25
867000.0,960119.1853662448,859955.9,-93119.18536624475,7044.125
395000.0,519601.44813703746,390581.25,-124601.44813703746,4418.75
1010000.0,1110714.8814586008,1.03123894e+06,-100714.88145860075,-21238.9375
1450000.0,1362883.6607523253,1.4484905e+06,87116.33924767468,1509.5
875000.0,968690.8592404353,853735.75,-93690.8592404353,21264.25
374250.0,339662.4861131427,369092.66,34587.51388685731,5157.34375
1435000.0,1286227.8385069247,1.4088448e+06,148772.1614930753,26155.25
2900000.0,3241735.4561071056,3.1689078e+06,-341735.4561071056,-268907.75
3488000.0,2912984.9214008604,3.2627188e+06,575015.0785991396,225281.25
680000.0,757972.5108313739,723895.7,-77972.51083137386,-43895.6875
5052081.0,4367103.822662953,4.9113595e+06,684977.1773370467,140721.5
480000.0,608049.035640652,479414.62,-128049.03564065194,585.375
1025000.0,1019358.0230298412,1.0639538e+06,5641.97697015875,-38953.75
435000.0,440977.54578002624,416807.03,-5977.5457800262375,18192.96875
595000.0,589533.1663611633,605993.25,5466.833638836746,-10993.25
3100000.0,3080630.5377646657,3.2422745e+06,19369.46223533433,-142274.5
1180000.0,1314506.0205520866,1.2058315e+06,-134506.02055208664,-25831.5
660000.0,706510.4669838767,693066.75,-46510.46698387666,-33066.75
875000.0,853020.5089818733,888726.56,21979.49101812672,-13726.5625
1650000.0,1100123.0738846161,1.3557995e+06,549876.9261153839,294200.5
1203663.0,1052147.0399854637,1.0615618e+06,151515.96001453628,142101.25
630000.0,813747.7531477325,515528.75,-183747.75314773247,114471.25
733000.0,814304.1373846985,736250.4,-81304.1373846985,-3250.375
435000.0,928661.3384703314,443224.9,-493661.3384703314,-8224.90625
3200000.0,3027324.6820898987,3.237887e+06,172675.31791010126,-37887.0
1560000.0,1602627.173807603,1.5694602e+06,-42627.173807603074,-9460.25
4850000.0,4079705.650695743,4.7121315e+06,770294.349304257,137868.5
1040000.0,863714.4254104805,1.0714796e+06,176285.57458951953,-31479.625
1622500.0,2166390.1255251523,1.629155e+06,-543890.1255251523,-6655.0
1299000.0,1725977.861346128,1.334305e+06,-426977.86134612793,-35305.0
9000000.0,7944418.515815212,7.991266e+06,1055581.4841847876,1008734.0
605000.0,583436.6055326898,590242.25,21563.394467310165,14757.75
470000.0,442060.4123825036,447738.44,27939.587617496378,22261.5625
2189888.0,2362895.426456756,2.2156025e+06,-173007.42645675596,-25714.5
1220000.0,1202749.6834245138,1.1745892e+06,17250.316575486213,45410.75
1205000.0,1454161.1736592702,1.2331375e+06,-249161.17365927016,-28137.5
520000.0,633305.9836266835,534418.94,-113305.98362668348,-14418.9375
1489000.0,1309811.8583567329,1.3706868e+06,179188.14164326712,118313.25
15500000.0,13643472.215235636,1.3251912e+07,1856527.7847643644,2248088.0
1038000.0,1204578.2995078529,1.1825345e+06,-166578.29950785288,-144534.5
722500.0,704417.7698209285,708174.75,18082.230179071543,14325.25
1567500.0,1565190.0874444991,1.6522022e+06,2309.912555500865,-84702.25
1020000.0,1092803.5618076671,1.03452306e+06,-72803.56180766714,-14523.0625
730000.0,825180.0203398801,748772.44,-95180.02033988014,-18772.4375
730000.0,813832.4604181664,741748.25,-83832.46041816636,-11748.25
885000.0,1421054.0415484784,840749.94,-536054.0415484784,44250.0625
430000.0,463902.83390175726,429829.66,-33902.83390175726,170.34375
1150000.0,1308985.5052194193,1.1343175e+06,-158985.50521941925,15682.5
1900000.0,1867331.9809032322,2.0679829e+06,32668.019096767763,-167982.875
886900.0,892793.4410501354,911249.6,-5893.441050135414,-24349.625
745000.0,1241043.3584879949,745873.1,-496043.3584879949,-873.125
1100000.0,1028088.3209394553,1.0975535e+06,71911.6790605447,2446.5
5800000.0,5805325.066863144,5.6988095e+06,-5325.066863143817,101190.5
961250.0,1076102.2640773673,999174.6,-114852.26407736726,-37924.625
2375000.0,2363172.085417575,2.6596818e+06,11827.914582424797,-284681.75
435000.0,348422.3161735899,431678.25,86577.6838264101,3321.75
4100000.0,3946804.2184834625,4.0023465e+06,153195.78151653754,97653.5
2510000.0,1847726.6578082312,1.9468538e+06,662273.3421917688,563146.25
820000.0,1513594.1544748005,884076.4,-693594.1544748005,-64076.375
846500.0,846235.4331950257,819947.5,264.5668049743399,26552.5
805000.0,612683.6357885312,719535.44,192316.36421146884,85464.5625
340000.0,555910.7798069174,344045.25,-215910.77980691742,-4045.25
825000.0,770991.5674490923,800043.4,54008.43255090772,24956.625
980000.0,1134269.5468101215,964983.4,-154269.5468101215,15016.625
1573000.0,1540521.3972324012,1.6011692e+06,32478.602767598815,-28169.25
1685000.0,1591043.90511554,1.6268339e+06,93956.0948844601,58166.125
2550000.0,2557315.1148890285,2.6253985e+06,-7315.114889028482,-75398.5
2870000.0,2605543.2293648147,2.717452e+06,264456.7706351853,152548.0
720000.0,773071.6963920591,720160.1,-53071.69639205909,-160.125
1999000.0,2384853.132377973,2.0629952e+06,-385853.1323779728,-63995.25
1125000.0,974629.2462735514,1.04851706e+06,150370.75372644863,76482.9375
868000.0,787147.9585636695,635159.06,80852.04143633053,232840.9375
890000.0,849342.3179145663,856408.9,40657.68208543374,33591.125
1725000.0,1652739.2032716847,1.762155e+06,72260.7967283153,-37155.0
820000.0,784462.7559823324,854728.0,35537.2440176676,-34728.0
1455000.0,1493848.6632507297,1.520429e+06,-38848.663250729674,-65429.0
1020000.0,1025691.4241096352,1.03067756e+06,-5691.424109635176,-10677.5625
699800.0,958329.6150979286,773323.1,-258529.61509792856,-73523.125
2800000.0,2850186.2702992167,2.769836e+06,-50186.27029921673,30164.0
850000.0,1057096.3660848364,883345.7,-207096.36608483642,-33345.6875
1226500.0,1117024.3913498775,1.1753591e+06,109475.60865012254,51140.875
1258000.0,1330121.391599178,1.2611891e+06,-72121.39159917808,-3189.125
2700000.0,2635405.303585466,2.801874e+06,64594.696414534,-101874.0
955000.0,1572710.0198287093,964630.94,-617710.0198287093,-9630.9375
1775000.0,1687976.9129716333,1.8244924e+06,87023.08702836675,-49492.375
687000.0,866519.1114875842,696779.4,-179519.1114875842,-9779.375
972000.0,1142249.5276258215,960629.25,-170249.52762582153,11370.75
2097000.0,1852262.9969395464,2.0233828e+06,244737.00306045357,73617.25
900000.0,1009327.2453391668,899208.6,-109327.24533916684,791.375
510000.0,650802.8321330904,565496.7,-140802.83213309036,-55496.6875
600000.0,507077.88503321307,591428.94,92922.11496678693,8571.0625
2575000.0,2347242.299744831,2.652956e+06,227757.70025516907,-77956.0
2717000.0,2906460.664982138,2.8531035e+06,-189460.6649821382,-136103.5
2150000.0,1439665.6334601983,1.8213128e+06,710334.3665398017,328687.25
3005000.0,2808606.2918694033,2.9200808e+06,196393.70813059667,84919.25
2700000.0,2288821.9244897207,2.367847e+06,411178.0755102793,332153.0
995000.0,831286.2052154574,996411.25,163713.79478454264,-1411.25
570000.0,549889.5859679837,580952.3,20110.4140320163,-10952.3125
774000.0,1358598.7821117723,780188.56,-584598.7821117723,-6188.5625
887000.0,1078360.0835532574,891885.06,-191360.0835532574,-4885.0625
2625000.0,2914548.1283335006,2.6593595e+06,-289548.1283335006,-34359.5
986000.0,1189542.8767314663,919215.1,-203542.87673146627,66784.875
2600000.0,2883121.8284214046,2.583929e+06,-283121.8284214046,16071.0
539000.0,520639.8047388684,543602.06,18360.195261131623,-4602.0625
1180000.0,1742771.2446927396,1.1676401e+06,-562771.2446927396,12359.875
1225000.0,1168832.8893642332,1.278103e+06,56167.11063576676,-53103.0
695000.0,714697.9924334723,720235.75,-19697.992433472304,-25235.75
780000.0,1359094.2546695229,785773.2,-579094.2546695229,-5773.1875
1170000.0,956575.2498061121,1.0897904e+06,213424.75019388786,80209.625
2210000.0,2338832.1092525246,2.1820225e+06,-128832.10925252456,27977.5
830000.0,778309.7926246956,837723.75,51690.207375304424,-7723.75
1650000.0,1438728.4932739136,1.5525475e+06,211271.50672608637,97452.5
2200000.0,2181351.391593769,1.9306332e+06,18648.608406230807,269366.75
800000.0,768057.9420266203,826229.5,31942.057973379735,-26229.5
1750000.0,1695326.3460174608,1.7324231e+06,54673.653982539196,17576.875
2380000.0,2082111.1710887044,2.2064385e+06,297888.8289112956,173561.5
38000.0,188727.45680751489,81613.09,-150727.45680751489,-43613.09375
1355000.0,1812649.6349629955,1.2973874e+06,-457649.63496299554,57612.625
1350000.0,1398894.6319239035,1.3091712e+06,-48894.63192390348,40828.75
365000.0,406078.2438184123,357494.0,-41078.2438184123,7506.0
850000.0,1081907.013368173,797205.56,-231907.01336817304,52794.4375
3165000.0,2745697.0806649383,2.7496942e+06,419302.9193350617,415305.75
1275000.0,1185253.1701108855,1.2781176e+06,89746.82988911448,-3117.625
390000.0,356701.03391413565,412686.78,33298.96608586435,-22686.78125
375000.0,478826.63944521185,368124.88,-103826.63944521185,6875.125
624000.0,526001.7046606524,602415.5,97998.29533934756,21584.5
2600000.0,2618045.613323002,2.441704e+06,-18045.613323002122,158296.0
345000.0,499532.2528937276,349928.06,-154532.25289372762,-4928.0625
940000.0,1484388.3590274549,929342.1,-544388.3590274549,10657.875
435000.0,454170.809902429,424097.0,-19170.809902429,10903.0
424950.0,502751.9436155576,435122.06,-77801.94361555763,-10172.0625
2270000.0,2080058.4873520234,2.2461725e+06,189941.51264797663,23827.5
850000.0,940226.9397736083,871374.94,-90226.93977360835,-21374.9375
575000.0,550514.2122171625,599914.1,24485.78778283752,-24914.125
475000.0,553930.5456959107,471265.94,-78930.5456959107,3734.0625
990000.0,1077944.4016189654,1.0545148e+06,-87944.40161896544,-64514.75
665000.0,601547.5085513484,672772.94,63452.49144865165,-7772.9375
1700000.0,2021495.9408583771,1.7892649e+06,-321495.94085837714,-89264.875
1269900.0,1260472.4108736736,1.2835765e+06,9427.589126326377,-13676.5
1725000.0,1651703.7934032853,1.8493292e+06,73296.20659671468,-124329.25
3066000.0,2485886.162190975,2.6823242e+06,580113.8378090248,383675.75
790000.0,1008182.3302683632,811957.44,-218182.33026836324,-21957.4375
1355000.0,1122490.60905271,1.2948288e+06,232509.39094729,60171.25
1750000.0,1635799.6981319245,1.7862949e+06,114200.3018680755,-36294.875
1590000.0,2033087.8976454223,1.4380615e+06,-443087.89764542226,151938.5
2185000.0,2695058.9893372683,2.2365858e+06,-510058.9893372683,-51585.75
871000.0,1464743.0609747223,850404.1,-593743.0609747223,20595.875
1390000.0,966099.2896183943,1.0548045e+06,423900.71038160566,335195.5
760000.0,847936.0920460394,760748.1,-87936.09204603941,-748.125
109999.0,297535.57455162774,87930.016,-187536.57455162774,22068.984375
3590000.0,3593984.229722074,3.6118278e+06,-3984.2297220737673,-21827.75
495000.0,387677.075123093,487346.7,107322.92487690703,7653.3125
1100000.0,1516932.5100700725,942139.7,-416932.5100700725,157860.3125
649900.0,635320.095900484,661093.7,14579.904099515988,-11193.6875
1805000.0,1668815.9033217053,1.8083442e+06,136184.0966782947,-3344.25
1090000.0,1795850.2287179315,1.1339898e+06,-705850.2287179315,-43989.75
775000.0,1184676.7788183559,805777.8,-409676.7788183559,-30777.8125
1300000.0,1168865.8362302573,1.2176778e+06,131134.1637697427,82322.25
1100000.0,1008653.6047649621,1.03344425e+06,91346.3952350379,66555.75
8415000.0,7733283.4751157295,7.9492855e+06,681716.5248842705,465714.5
800000.0,931009.9617298162,774527.6,-131009.96172981616,25472.375
1900000.0,1705196.4978773457,1.6849514e+06,194803.50212265435,215048.625
433000.0,453217.32866015146,437987.66,-20217.328660151456,-4987.65625
579000.0,540189.6544958025,565229.25,38810.345504197525,13770.75
555000.0,616988.2711209492,535258.0,-61988.27112094918,19742.0
790000.0,1352899.8765222703,786515.44,-562899.8765222703,3484.5625
825000.0,1389232.905015877,854213.0,-564232.905015877,-29213.0
549000.0,591112.6188740972,539446.8,-42112.61887409724,9553.1875
1080000.0,1248882.8816683881,1.0847945e+06,-168882.88166838815,-4794.5
375000.0,372045.37608114816,366360.44,2954.6239188518375,8639.5625
408800.0,631367.9360811447,391345.62,-222567.93608114473,17454.375
655000.0,925888.371587932,668232.94,-270888.371587932,-13232.9375
3464000.0,3393189.610040265,3.2060478e+06,70810.38995973486,257952.25
3520000.0,3104323.2141309786,3.289538e+06,415676.78586902143,230462.0
1800000.0,1674867.7810533373,1.6676399e+06,125132.21894666273,132360.125
1180000.0,1149018.9539212005,1.2227362e+06,30981.046078799525,-42736.25
449000.0,372076.21178571915,457570.12,76923.78821428085,-8570.125
1430000.0,1352182.7598980402,1.4007048e+06,77817.24010195979,29295.25
1203000.0,1425793.7277434464,1.3254866e+06,-222793.72774344636,-122486.625
640000.0,662601.4335315466,678769.7,-22601.433531546616,-38769.6875
955500.0,874780.5748627129,902785.7,80719.42513728712,52714.3125
400000.0,610068.8015783997,430935.8,-210068.80157839973,-30935.8125
1000000.0,1179647.4021830063,1.0358489e+06,-179647.40218300628,-35848.875
1575150.0,1335391.6399858522,1.5067766e+06,239758.36001414782,68373.375
799000.0,986140.0874352381,814375.44,-187140.08743523806,-15375.4375
910000.0,1103724.3179903382,850787.8,-193724.3179903382,59212.1875
240000.0,939427.5373316531,236325.06,-699427.5373316531,3674.9375
575000.0,609350.3329937602,555833.44,-34350.33299376024,19166.5625
889000.0,894596.7237765603,849497.9,-5596.723776560277,39502.125
930000.0,1064615.3439945756,946812.6,-134615.34399457555,-16812.625
1555000.0,1640463.295628945,1.5747318e+06,-85463.29562894511,-19731.75
230000.0,166039.22419733508,198669.84,63960.775802664924,31330.15625
670000.0,620848.2911239099,656111.6,49151.708876090124,13888.375
1460000.0,1454139.9767636503,1.5425648e+06,5860.023236349691,-82564.75
830000.0,1376952.5511582682,817071.75,-546952.5511582682,12928.25
1150000.0,1610558.2899979544,1.134245e+06,-460558.2899979544,15755.0
330000.0,346022.3587052113,336850.66,-16022.358705211314,-6850.65625
1475000.0,1960738.6435785603,1.379419e+06,-485738.6435785603,95581.0
965000.0,950555.704456511,911855.56,14444.295543489046,53144.4375
588000.0,707273.4213897132,639117.75,-119273.42138971318,-51117.75
590000.0,1058685.9940935362,593347.5,-468685.99409353617,-3347.5
1553000.0,1224149.8467551682,1.4557762e+06,328850.15324483183,97223.75
745000.0,966221.5261976413,747862.5,-221221.52619764127,-2862.5
988800.0,893653.9061575094,806010.7,95146.09384249058,182789.3125
1510000.0,1593474.9888781735,1.5440998e+06,-83474.98887817352,-34099.75
730000.0,978615.2158921218,708032.25,-248615.21589212178,21967.75
2025000.0,1820941.8821217655,1.9587541e+06,204058.11787823448,66245.875
2970000.0,2901566.539151244,3.106611e+06,68433.46084875613,-136611.0
800000.0,986882.7929948219,765761.1,-186882.7929948219,34238.875
1350000.0,1899603.163658781,1.3962649e+06,-549603.163658781,-46264.875
2400000.0,2298612.9611978913,2.3144235e+06,101387.03880210873,85576.5
1049000.0,1241762.7432028786,1.03968394e+06,-192762.74320287863,9316.0625
870000.0,997875.2428040374,769235.0,-127875.2428040374,100765.0
575000.0,733260.5014128913,583874.44,-158260.50141289132,-8874.4375
3100000.0,3248432.159379212,3.0549055e+06,-148432.1593792122,45094.5
539000.0,424632.8241367681,550532.56,114367.17586323188,-11532.5625
2860000.0,2595251.738045739,2.910944e+06,264748.261954261,-50944.0
930000.0,1106559.3747493795,963244.7,-176559.37474937947,-33244.6875
1630000.0,1584755.3302283117,1.6456746e+06,45244.66977168829,-15674.625
1180000.0,1020041.9446705295,1.1801428e+06,159958.05532947055,-142.75
2153000.0,1770595.0220277114,1.923055e+06,382404.9779722886,229945.0
975000.0,1735900.0198918767,950223.8,-760900.0198918767,24776.1875
1730000.0,1422409.2862273182,1.5443119e+06,307590.7137726818,185688.125
890000.0,924092.5107619277,900037.4,-34092.5107619277,-10037.375
860000.0,1416550.460104066,923550.6,-556550.460104066,-63550.625
965000.0,995216.9430462511,958677.1,-30216.94304625108,6322.875
585000.0,622920.4520097465,611044.4,-37920.452009746456,-26044.375
440000.0,696654.836146603,420836.75,-256654.836146603,19163.25
2099000.0,1959356.0788433761,2.040441e+06,139643.92115662387,58559.0
3000000.0,2022379.069328858,2.290245e+06,977620.930671142,709755.0
525000.0,476383.6620598929,527734.56,48616.3379401071,-2734.5625
1850000.0,2332137.928719894,1.7853105e+06,-482137.92871989403,64689.5
2353000.0,2216487.051919364,2.2829138e+06,136512.9480806361,70086.25
865000.0,1288501.9832069147,797147.75,-423501.98320691474,67852.25
2000000.0,2912128.843468042,2.3705132e+06,-912128.8434680421,-370513.25
1118000.0,1292255.5071097903,1.2326918e+06,-174255.50710979034,-114691.75
1510000.0,1530790.772633852,1.5106211e+06,-20790.77263385197,-621.125
2880000.0,2509869.310490643,2.873666e+06,370130.68950935686,6334.0
1760000.0,1785990.2538733403,1.8255384e+06,-25990.25387334032,-65538.375
875000.0,893841.3350253918,861705.4,-18841.335025391774,13294.625
860000.0,1553736.366545689,879017.0,-693736.3665456891,-19017.0
470000.0,629061.3020013357,414185.88,-159061.30200133566,55814.125
850000.0,832238.0455924617,863412.25,17761.954407538287,-13412.25
899500.0,1026093.1951448247,941862.1,-126593.19514482468,-42362.125
1727000.0,1574208.6370573156,1.6940822e+06,152791.36294268444,32917.75
735000.0,1377021.9962420524,764511.2,-642021.9962420524,-29511.1875
875000.0,1028240.3670218464,939854.0,-153240.36702184635,-64854.0
951000.0,827430.2693342532,943816.9,123569.73066574684,7183.125
1660000.0,1690805.5872070603,1.639806e+06,-30805.587207060307,20194.0
600000.0,665192.7553558794,591962.75,-65192.75535587943,8037.25
1851000.0,1765685.2877123584,1.7496661e+06,85314.7122876416,101333.875
419500.0,348976.9483535852,408916.0,70523.0516464148,10584.0
175000.0,282818.7637419617,138103.1,-107818.76374196168,36896.90625
1269000.0,1134674.3418220202,1.1841428e+06,134325.65817797976,84857.25
770000.0,959827.4235823486,759412.94,-189827.42358234862,10587.0625
927000.0,1555581.3945771495,916167.75,-628581.3945771495,10832.25
2950000.0,3325437.0347114876,3.0685445e+06,-375437.0347114876,-118544.5
650000.0,723509.9716039991,667261.75,-73509.97160399915,-17261.75
1180000.0,1076278.71572311,1.1345708e+06,103721.2842768901,45429.25
3020000.0,2803691.4244613047,2.955336e+06,216308.57553869532,64664.0
684000.0,1217311.83209748,817377.25,-533311.8320974801,-133377.25
1875000.0,1793585.37251443,1.8565709e+06,81414.62748557003,18429.125
1785000.0,2111073.614457429,1.8561265e+06,-326073.6144574289,-71126.5
5150000.0,4394242.361455425,4.7818885e+06,755757.6385445753,368111.5
975000.0,1094331.1224410387,1.01263344e+06,-119331.12244103872,-37633.4375
885000.0,818656.3428560758,876997.3,66343.65714392415,8002.6875
2825000.0,2579509.081609527,2.8125025e+06,245490.91839047289,12497.5
2400000.0,2433309.816590789,2.418658e+06,-33309.816590788774,-18658.0
925000.0,975566.0399354552,967423.4,-50566.03993545519,-42423.375
2210000.0,1858780.4542277288,1.9382542e+06,351219.54577227123,271745.75
479000.0,433765.05874698586,481798.47,45234.94125301414,-2798.46875
735000.0,934202.0466739233,740005.2,-199202.04667392327,-5005.1875
730000.0,981253.5387329431,758205.1,-251253.53873294313,-28205.125
3500000.0,2986955.4626898095,3.3546008e+06,513044.5373101905,145399.25
2185000.0,2401205.8916791044,2.4090768e+06,-216205.89167910442,-224076.75
1400000.0,1443985.4370898278,1.4186181e+06,-43985.43708982784,-18618.125
749000.0,1386084.7352248009,776221.75,-637084.7352248009,-27221.75
1190000.0,1318622.350597752,1.1926006e+06,-128622.35059775203,-2600.625
4650000.0,3898786.4630356394,4.252913e+06,751213.5369643606,397087.0
1293600.0,1282820.055708697,1.4265194e+06,10779.944291302934,-132919.375
1461580.0,1487990.3458279888,1.4452231e+06,-26410.345827988815,16356.875
1650000.0,1469246.0037441065,1.7228128e+06,180753.9962558935,-72812.75
2098000.0,2117748.1965688653,2.1019355e+06,-19748.19656886533,-3935.5
1560000.0,1459734.017218819,1.5287995e+06,100265.98278118111,31200.5
613000.0,1179205.125476914,608644.1,-566205.125476914,4355.875
1385000.0,1927028.0432691346,1.3851071e+06,-542028.0432691346,-107.125
3230000.0,3053049.2037990997,3.2797648e+06,176950.79620090034,-49764.75
1220670.0,1016162.5188764498,1.2585279e+06,204507.4811235502,-37857.875
1300000.0,1351124.9592786212,1.0762181e+06,-51124.959278621245,223781.875
2605000.0,2410598.978662806,2.5791085e+06,194401.0213371939,25891.5
850502.0,1053098.6981709385,777869.9,-202596.69817093853,72632.125
1025000.0,1034108.2782425957,1.035052e+06,-9108.278242595727,-10052.0
520000.0,564810.7390278891,548018.7,-44810.739027889096,-28018.6875
1590000.0,1528342.1267183896,1.6511895e+06,61657.87328161043,-61189.5
699000.0,843613.6088103637,720728.4,-144613.6088103637,-21728.375
635000.0,568655.1666868359,664768.1,66344.83331316407,-29768.125
619000.0,609151.5351589081,629305.1,9848.464841091889,-10305.125
1090000.0,1069634.9256990878,1.0670366e+06,20365.07430091221,22963.375
995000.0,890633.2219573689,978366.0,104366.77804263111,16634.0
3400000.0,3282342.457745504,3.593395e+06,117657.5422544959,-193395.0
445000.0,410302.17406920576,444246.88,34697.825930794235,753.125
1800000.0,1986959.4692135393,1.877954e+06,-186959.46921353927,-77954.0
810000.0,1186439.5943714639,728728.4,-376439.59437146387,81271.625
1993365.0,1445822.7556167934,1.657015e+06,547542.2443832066,336350.0
505000.0,1059711.6501074517,498114.16,-554711.6501074517,6885.84375
6175000.0,5523507.150416542,6.549888e+06,651492.8495834582,-374888.0
1700000.0,2259245.6067978437,1.5982752e+06,-559245.6067978437,101724.75
425000.0,585506.7530939607,426731.62,-160506.7530939607,-1731.625
927000.0,796400.3052101457,975393.2,130599.69478985434,-48393.1875
2512000.0,2517115.283542826,2.8088462e+06,-5115.28354282584,-296846.25
1285000.0,1791376.152091707,1.2929494e+06,-506376.1520917071,-7949.375
922000.0,872152.7788392741,935285.0,49847.22116072592,-13285.0
2060000.0,2033999.2221612732,2.0333952e+06,26000.77783872676,26604.75
900000.0,991803.313405198,943362.44,-91803.31340519805,-43362.4375
980000.0,1090723.5319036252,945369.06,-110723.53190362523,34630.9375
2270000.0,1768164.92493948,1.6059314e+06,501835.0750605201,664068.625
1475000.0,1131613.5490518955,1.2899971e+06,343386.4509481045,185002.875
2385000.0,2620687.933327007,2.573298e+06,-235687.9333270071,-188298.0
2580000.0,2702364.1387146413,2.573396e+06,-122364.13871464133,6604.0
1115000.0,1585473.222305217,1.0755522e+06,-470473.22230521706,39447.75
875000.0,1482552.0999934184,903149.94,-607552.0999934184,-28149.9375
874000.0,849716.4060652646,893734.44,24283.5939347354,-19734.4375
1470000.0,1484804.818983971,1.4774188e+06,-14804.818983970908,-7418.75
2050000.0,2233606.9128288706,2.1538058e+06,-183606.91282887058,-103805.75
520000.0,595876.5500172743,515754.47,-75876.55001727433,4245.53125
1000000.0,1555907.9135932855,1.010355e+06,-555907.9135932855,-10355.0
520000.0,454019.76003785396,505692.03,65980.23996214604,14307.96875
730000.0,1445728.7146887002,723437.44,-715728.7146887002,6562.5625
1130000.0,1805362.1930789077,1.1261978e+06,-675362.1930789077,3802.25
1205000.0,1460475.3372132701,1.223331e+06,-255475.33721327013,-18331.0
1299900.0,1430385.9047980765,1.3346486e+06,-130485.90479807649,-34748.625
2620000.0,2989830.0309935324,2.5225825e+06,-369830.0309935324,97417.5
875000.0,875462.8845486746,881174.06,-462.8845486745704,-6174.0625
1395000.0,1234248.8116058717,1.2258221e+06,160751.18839412834,169177.875
1127500.0,1765369.130602911,1.1206064e+06,-637869.1306029111,6893.625
950000.0,1602427.3272687679,974673.5,-652427.3272687679,-24673.5
536000.0,604627.7592911243,541376.9,-68627.7592911243,-5376.875
1330000.0,1310759.4878135927,1.2819116e+06,19240.512186407344,48088.375
4200000.0,3513916.034926568,3.7528745e+06,686083.9650734318,447125.5
1533500.0,2024360.6725438556,1.5554121e+06,-490860.6725438556,-21912.125
1450000.0,1027821.2236675903,1.2136548e+06,422178.7763324097,236345.25
1675000.0,1894415.7995573313,1.5400526e+06,-219415.79955733125,134947.375
1250000.0,1050049.865855223,1.143887e+06,199950.13414477697,106113.0
1160000.0,1299563.2213182182,1.1863231e+06,-139563.22131821816,-26323.125
1463000.0,1846871.7935159965,1.378714e+06,-383871.79351599654,84286.0
1557500.0,1950668.243606395,1.5808106e+06,-393168.2436063951,-23310.625
1485000.0,1416045.8524698997,1.5440998e+06,68954.14753010031,-59099.75
1040000.0,1031881.0146134391,1.0492312e+06,8118.985386560904,-9231.25
805000.0,803930.1910502438,811414.0,1069.8089497562032,-6414.0
350000.0,545399.1123995726,350394.6,-195399.11239957262,-394.59375
650000.0,642832.0252830845,623444.5,7167.974716915516,26555.5
660000.0,598653.5918796422,679784.1,61346.40812035778,-19784.125
159000.0,595792.8692942654,149049.53,-436792.8692942654,9950.46875
865000.0,926084.4419188467,792442.25,-61084.441918846685,72557.75
1350000.0,1373298.2721281238,1.2876815e+06,-23298.27212812379,62318.5
975000.0,968924.1855433271,960291.25,6075.814456672873,14708.75
801000.0,801681.8356487912,782958.4,-681.835648791166,18041.625
780726.0,871968.9000703921,835491.4,-91242.90007039206,-54765.375
320000.0,395123.80295967695,299031.88,-75123.80295967695,20968.125
773567.0,742589.6308170601,812694.2,30977.369182939874,-39127.1875
2125000.0,1996763.713795032,2.124886e+06,128236.28620496811,114.0
3100000.0,2776157.2392220125,3.0626445e+06,323842.76077798754,37355.5
677000.0,1481392.870102461,701902.8,-804392.870102461,-24902.8125
1275750.0,1742922.0158016789,1.2682946e+06,-467172.0158016789,7455.375
1023750.0,1558052.1507568792,1.030881e+06,-534302.1507568792,-7131.0
805000.0,937582.2682239146,813247.0,-132582.26822391455,-8247.0
1185000.0,1338506.904934146,1.2220344e+06,-153506.90493414598,-37034.375
1585000.0,1576201.8110240032,1.5659468e+06,8798.188975996803,19053.25
560000.0,721949.9175881937,555351.25,-161949.91758819367,4648.75
1000000.0,986372.4899691152,1.0266916e+06,13627.510030884761,-26691.625
1600000.0,2080828.8926535307,1.6317704e+06,-480828.8926535307,-31770.375
4295000.0,4103902.0878108926,4.238381e+06,191097.9121891074,56619.0
1097000.0,1212552.3901698082,1.0819006e+06,-115552.39016980818,15099.375
1405000.0,1842164.7516798957,1.4452961e+06,-437164.7516798957,-40296.125
1280888.0,2117331.226868186,1.3145798e+06,-836443.2268681861,-33691.75
2100000.0,1823913.2267824288,1.9956411e+06,276086.7732175712,104358.875
1700000.0,1752263.7208507066,1.7933444e+06,-52263.720850706566,-93344.375
1480000.0,1407243.9582879662,1.4800925e+06,72756.0417120338,-92.5
1260000.0,954769.0430528506,1.1155745e+06,305230.95694714936,144425.5
1395000.0,1343693.0008297204,1.424184e+06,51306.999170279596,-29184.0
1813500.0,1663397.3701217733,1.8259911e+06,150102.62987822667,-12491.125
1950000.0,1968686.2966799857,2.0200491e+06,-18686.29667998571,-70049.125
1150000.0,1171955.9491498969,1.1403428e+06,-21955.949149896856,9657.25
615000.0,599831.7397562948,610874.25,15168.260243705241,4125.75
650000.0,815341.3121957576,652909.56,-165341.31219575764,-2909.5625
1230000.0,1704802.3882768885,1.1835511e+06,-474802.3882768885,46448.875
1280000.0,1257352.231809025,1.115299e+06,22647.768190975068,164701.0
2005000.0,1617592.3207098318,1.5496954e+06,387407.6792901682,455304.625
799000.0,915007.2107836748,842514.94,-116007.21078367485,-43514.9375
4900000.0,4290318.439781951,4.7455215e+06,609681.5602180492,154478.5
1000000.0,1564066.2143669329,1.03253894e+06,-564066.2143669329,-32538.9375
650000.0,655784.0373481851,667021.25,-5784.037348185084,-17021.25
419999.0,506421.15853114834,417473.0,-86422.15853114834,2526.0
930000.0,918778.7495092411,922951.9,11221.250490758917,7048.125
425000.0,284733.26110377326,386457.0,140266.73889622674,38543.0
561000.0,1492015.6443066855,696643.8,-931015.6443066855,-135643.8125
775000.0,750142.9200524567,753157.56,24857.07994754333,21842.4375
1550000.0,1582446.652119812,1.6593144e+06,-32446.65211981209,-109314.375
1525000.0,1519141.3149573402,1.514747e+06,5858.685042659752,10253.0
349500.0,402445.8254129493,348494.03,-52945.825412949314,1005.96875
1450000.0,1497732.4566684812,1.50843e+06,-47732.45666848123,-58430.0
1000000.0,1593495.4037697813,1.0189253e+06,-593495.4037697813,-18925.3125
630000.0,604840.0338320329,617480.6,25159.966167967068,12519.375
355000.0,383216.7324378138,357376.06,-28216.73243781377,-2376.0625
1190000.0,1615072.4582345034,1.0899775e+06,-425072.4582345034,100022.5
3600000.0,3076828.444318002,3.295768e+06,523171.5556819979,304232.0
1101575.0,940321.4797882357,1.0742688e+06,161253.52021176426,27306.25
1495000.0,1362682.6388651815,1.509551e+06,132317.36113481852,-14551.0
1763000.0,1519913.890780096,1.6885918e+06,243086.10921990406,74408.25
1755000.0,1477152.269133186,1.6284311e+06,277847.73086681403,126568.875
675000.0,885368.7878794384,681309.4,-210368.78787943837,-6309.375
807500.0,929855.1154828205,814225.56,-122355.11548282055,-6725.5625
850000.0,1062831.6892714337,824653.5,-212831.68927143374,25346.5
3650000.0,3327748.2184398444,3.5708928e+06,322251.78156015556,79107.25
1125000.0,1090385.5304950674,1.0644094e+06,34614.46950493264,60590.625
5000000.0,4079993.3729647086,4.2832205e+06,920006.6270352914,716779.5
1065000.0,992447.9020309547,1.0658945e+06,72552.09796904528,-894.5
580000.0,1688558.3762079466,600098.4,-1108558.3762079466,-20098.375
800000.0,759911.6105424282,759209.44,40088.389457571786,40790.5625
863000.0,890065.7406264446,814071.06,-27065.740626444574,48928.9375
1019230.0,1244928.3027164922,1.066408e+06,-225698.3027164922,-47178.0
480000.0,365528.35696581926,473299.97,114471.64303418074,6700.03125
505000.0,532351.8064163562,480052.88,-27351.806416356238,24947.125
870000.0,837315.8484937989,821963.5,32684.15150620113,48036.5
880000.0,973090.1992192237,899188.0,-93090.1992192237,-19188.0
500000.0,605255.4256997536,499548.94,-105255.42569975357,451.0625
1050000.0,1249072.373386755,1.1002846e+06,-199072.3733867549,-50284.625
1265000.0,1828675.203715899,1.1988645e+06,-563675.203715899,66135.5
1888000.0,1676731.6462993852,1.916475e+06,211268.35370061477,-28475.0
2475000.0,2296268.564298124,2.4377322e+06,178731.43570187595,37267.75
690000.0,1345915.4274729097,680810.5,-655915.4274729097,9189.5
2600000.0,1639937.3779049981,1.8067255e+06,960062.6220950019,793274.5
575000.0,469215.81047949486,582761.25,105784.18952050514,-7761.25
830000.0,876362.6681465275,861425.2,-46362.66814652749,-31425.1875
390000.0,235853.72538371466,378503.3,154146.27461628534,11496.6875
930000.0,1395778.2855130057,909174.1,-465778.2855130057,20825.875
1450000.0,1745403.2302010031,1.4548935e+06,-295403.23020100314,-4893.5
1450000.0,1389403.4259314137,1.4370059e+06,60596.57406858634,12994.125
685000.0,879454.2407390841,679208.06,-194454.24073908408,5791.9375
824900.0,915414.5402331299,861545.1,-90514.54023312987,-36645.125
1270000.0,1779856.4630303257,1.2284986e+06,-509856.4630303257,41501.375
2735000.0,2518899.2738130502,2.7073532e+06,216100.72618694976,27646.75
1071000.0,1065407.3415710025,1.1263729e+06,5592.6584289975,-55372.875
630000.0,755787.5475817178,617834.0,-125787.54758171784,12166.0
715000.0,1379530.4955757349,733746.6,-664530.4955757349,-18746.625
2010000.0,2239322.13201716,2.2242848e+06,-229322.13201715983,-214284.75
800000.0,822912.6363766426,767100.25,-22912.636376642622,32899.75
412000.0,497741.99214562017,386493.88,-85741.99214562017,25506.125
1349999.0,1786374.94472929,1.3430425e+06,-436375.94472929,6956.5
836000.0,842456.0105331062,817576.06,-6456.010533106164,18423.9375
1550000.0,1811072.4297370422,1.6218226e+06,-261072.42973704217,-71822.625
2251235.0,2100356.5780715575,2.2507442e+06,150878.42192844255,490.75
1405000.0,1784344.7927543127,1.4707131e+06,-379344.79275431274,-65713.125
1015000.0,966404.2128804862,1.0623315e+06,48595.78711951384,-47331.5
649000.0,690210.3194577042,663592.5,-41210.3194577042,-14592.5
1510000.0,1464671.7921760126,1.4361522e+06,45328.20782398735,73847.75
1140000.0,1069160.0508811895,1.0501452e+06,70839.94911881047,89854.75
470000.0,492795.897388382,457374.22,-22795.897388382,12625.78125
1175000.0,1223197.6068162778,1.1945915e+06,-48197.60681627784,-19591.5
785000.0,990696.2301338452,790591.4,-205696.23013384524,-5591.375
740000.0,600529.6001260845,730007.6,139470.39987391548,9992.375
915000.0,1058446.133233377,947916.7,-143446.133233377,-32916.6875
3420000.0,3091255.7194800773,3.168829e+06,328744.28051992273,251171.0
1060000.0,1683071.2505437362,1.0507232e+06,-623071.2505437362,9276.75
1760000.0,1020893.2313685362,1.4268704e+06,739106.7686314638,333129.625
1280000.0,1008550.3280865677,1.01773856e+06,271449.6719134323,262261.4375
1050000.0,962832.6323179656,938124.8,87167.36768203438,111875.1875
525000.0,999215.1664349525,546563.5,-474215.1664349525,-21563.5
1200000.0,1215708.266157145,1.2551801e+06,-15708.266157144913,-55180.125
775000.0,1333484.988159147,750739.44,-558484.9881591471,24260.5625
802000.0,779156.2586838813,779875.4,22843.741316118743,22124.625
1150000.0,1144280.4379759347,1.1780186e+06,5719.562024065293,-28018.625
1165000.0,1828045.3082800366,1.157235e+06,-663045.3082800366,7765.0
1199000.0,1398815.4091383223,1.237991e+06,-199815.40913832234,-38991.0
650000.0,717298.5648425613,687714.6,-67298.56484256126,-37714.625
1039200.0,1341546.038866685,1.04612494e+06,-302346.038866685,-6924.9375
965000.0,1586344.2489054245,1.0054375e+06,-621344.2489054245,-40437.5
1400000.0,1439175.6698912443,1.3954795e+06,-39175.669891244266,4520.5
1250000.0,1205939.396734464,1.2084252e+06,44060.60326553602,41574.75
3450000.0,3201549.8500021272,3.293531e+06,248450.14999787277,156469.0
850000.0,1075332.2265970046,920727.6,-225332.22659700457,-70727.625
2205000.0,2637624.389560625,2.2738312e+06,-432624.38956062496,-68831.25
424000.0,329634.443571743,430621.94,94365.55642825703,-6621.9375
527000.0,595937.2624119464,490282.62,-68937.26241194643,36717.375
1010000.0,1120645.0271893083,1.0998398e+06,-110645.02718930831,-89839.75
1100000.0,1673113.5864628525,1.0512945e+06,-573113.5864628525,48705.5
1000000.0,1009314.0191504736,1.0537306e+06,-9314.019150473643,-53730.625
1299990.0,1203932.4623172286,1.2914448e+06,96057.53768277145,8545.25
2016000.0,2444642.56788045,2.079709e+06,-428642.5678804498,-63709.0
515000.0,615706.3481423666,522389.22,-100706.34814236662,-7389.21875
1085000.0,1593431.9694343433,1.0667304e+06,-508431.9694343433,18269.625
2050000.0,1940229.4374885072,2.1171348e+06,109770.56251149275,-67134.75
399500.0,430025.2796023701,391910.7,-30525.27960237011,7589.3125
810000.0,1044071.6043890915,822793.25,-234071.6043890915,-12793.25
605000.0,569132.0525616042,582896.9,35867.947438395815,22103.125
790000.0,1317683.33821047,1.0820554e+06,-527683.33821047,-292055.375
569900.0,484734.46366766386,576785.44,85165.53633233614,-6885.4375
920000.0,911391.963405396,946506.6,8608.036594604026,-26506.625
722000.0,873357.8140373382,747182.4,-151357.81403733825,-25182.375
1120000.0,1646803.0616295398,1.1364062e+06,-526803.0616295398,-16406.25
665000.0,790313.9810931301,663853.3,-125313.98109313007,1146.6875
1395000.0,1207942.1362499164,1.414889e+06,187057.8637500836,-19889.0
2620000.0,2450776.916055956,2.4560832e+06,169223.08394404408,163916.75
540000.0,634562.0724283305,539219.44,-94562.07242833055,780.5625
880000.0,1019844.8854476796,856542.0,-139844.88544767955,23458.0
2130000.0,1996130.7282196055,2.169829e+06,133869.27178039448,-39829.0
1517000.0,1434446.433144682,1.5740275e+06,82553.56685531791,-57027.5
500000.0,447194.3050653711,535025.75,52805.694934628904,-35025.75
1208000.0,1463864.156106274,1.2794932e+06,-255864.1561062741,-71493.25
1150000.0,1152797.0415883115,1.1118454e+06,-2797.0415883115493,38154.625
374000.0,360637.58567124815,373778.0,13362.414328751853,222.0
1055000.0,1107857.7178349227,1.0872844e+06,-52857.71783492272,-32284.375
1870000.0,1790812.971836764,1.8104184e+06,79187.0281632361,59581.625
1122540.0,1260228.3508115136,1.1629139e+06,-137688.3508115136,-40373.875
1300000.0,1462654.4663930247,1.3007448e+06,-162654.46639302466,-744.75
1375021.0,1535467.521480802,1.3892942e+06,-160446.52148080198,-14273.25
3330000.0,3013815.7106140433,3.0971152e+06,316184.2893859567,232884.75
890000.0,956915.2983452012,866602.25,-66915.29834520118,23397.75
1379000.0,1408308.2387149183,1.405947e+06,-29308.23871491826,-26947.0
790000.0,886957.8586372292,757408.0,-96957.85863722919,32592.0
1950000.0,2040695.252611828,2.0049905e+06,-90695.25261182804,-54990.5
545000.0,507523.97287678963,542504.6,37476.02712321037,2495.375
975000.0,1061165.346487677,959571.7,-86165.34648767696,15428.3125
793000.0,731859.9555497321,812121.6,61140.04445026792,-19121.625
870000.0,1021406.6099512401,875397.1,-151406.60995124013,-5397.125
720000.0,767043.4724363413,722448.75,-47043.47243634134,-2448.75
4300000.0,3905254.534442342,4.2103335e+06,394745.4655576581,89666.5
350000.0,389261.0509129978,351505.1,-39261.0509129978,-1505.09375
1030000.0,908003.1455323878,1.0436178e+06,121996.85446761223,-13617.8125
505000.0,761844.0402840364,491055.66,-256844.04028403643,13944.34375
519000.0,511612.32989162207,519470.03,7387.6701083779335,-470.03125
925000.0,1428996.027961941,896353.2,-503996.02796194097,28646.8125
1960000.0,1917719.7441347186,1.9198171e+06,42280.25586528145,40182.875
1210000.0,1261993.507282816,1.1637104e+06,-51993.50728281611,46289.625
1170000.0,1155299.823603563,1.1743271e+06,14700.17639643699,-4327.125
1700000.0,1658345.8330298204,1.5703108e+06,41654.16697017965,129689.25
2850000.0,2361334.2383316658,2.544747e+06,488665.76166833425,305253.0
628579.0,463916.0862383732,636546.5,164662.9137616268,-7967.5
1300000.0,1369146.8531882605,1.4264676e+06,-69146.85318826046,-126467.625
2150000.0,2609672.5468612495,2.1465672e+06,-459672.5468612495,3432.75
790000.0,1313772.249855388,759411.5,-523772.24985538796,30588.5
1720000.0,1579677.9023554642,1.6474679e+06,140322.09764453582,72532.125
800000.0,1008750.1482582567,801482.1,-208750.14825825673,-1482.125
515000.0,1108843.2994860176,507518.28,-593843.2994860176,7481.71875
465000.0,546043.728217613,466241.28,-81043.72821761295,-1241.28125
1720000.0,2261548.520018148,1.6948886e+06,-541548.5200181478,25111.375
625000.0,771705.7555313137,619067.9,-146705.7555313137,5932.125
960000.0,1041677.3989631478,971002.25,-81677.39896314777,-11002.25
549000.0,564936.6281199831,547108.0,-15936.628119983128,1892.0
1276000.0,1247984.3449006816,1.2495106e+06,28015.655099318363,26489.375
736000.0,828501.6022017617,698482.56,-92501.60220176168,37517.4375
1250000.0,1872822.6012269096,1.3187109e+06,-622822.6012269096,-68710.875
3150000.0,2809713.724384185,3.152961e+06,340286.2756158151,-2961.0
790000.0,908836.2995366898,821853.0,-118836.29953668977,-31853.0
2000000.0,1553792.7108904363,1.9476746e+06,446207.2891095637,52325.375
1350000.0,1904250.3026309274,1.3043906e+06,-554250.3026309274,45609.375
780000.0,942114.0451784232,758469.9,-162114.04517842317,21530.125
789990.0,755493.0125859152,794849.1,34496.98741408484,-4859.125
1160000.0,1439442.7322435651,1.1828481e+06,-279442.73224356514,-22848.125
2050000.0,1843679.8286249875,1.9699811e+06,206320.1713750125,80018.875
850000.0,939845.1818924502,873198.44,-89845.1818924502,-23198.4375
1100000.0,1448171.3770114165,1.0266897e+06,-348171.3770114165,73310.3125
550000.0,497893.41737566586,568874.6,52106.58262433414,-18874.625
757500.0,846669.4851176424,749825.0,-89169.48511764244,7675.0
420000.0,470848.59857646737,412061.88,-50848.59857646737,7938.125
782000.0,987699.6799292455,782286.6,-205699.6799292455,-286.625
3685000.0,3715812.163298683,3.7771145e+06,-30812.163298682775,-92114.5
1050000.0,1006324.5848154135,1.0522012e+06,43675.41518458654,-2201.25
419000.0,509420.2870906526,420058.88,-90420.28709065262,-1058.875
1287000.0,1085682.6680328366,1.06297e+06,201317.33196716337,224030.0
1860000.0,1814462.0856749848,1.8635795e+06,45537.914325015154,-3579.5
1625000.0,1496276.0715461774,1.638171e+06,128723.92845382262,-13171.0
775000.0,820808.7274438629,763600.4,-45808.72744386294,11399.625
735000.0,832770.951987176,742134.6,-97770.95198717597,-7134.625
910000.0,843767.5666470313,917505.5,66232.43335296866,-7505.5
1590000.0,1524480.7048299965,1.5022426e+06,65519.29517000355,87757.375
981000.0,1545961.6677714675,985744.2,-564961.6677714675,-4744.1875
1150000.0,1675985.932889117,1.1066545e+06,-525985.9328891169,43345.5
1670050.0,1237574.8177243904,1.3311848e+06,432475.1822756096,338865.25
1300000.0,1427023.3602212898,1.2113109e+06,-127023.3602212898,88689.125
1600000.0,933023.0667683412,1.1583646e+06,666976.9332316588,441635.375
2454000.0,2335742.8821430253,2.468635e+06,118257.11785697471,-14635.0
1000000.0,1129893.5456988174,920673.2,-129893.54569881735,79326.8125
930000.0,952600.6342915929,923045.2,-22600.63429159287,6954.8125
1410000.0,1378999.5574428309,1.4487544e+06,31000.442557169124,-38754.375
650000.0,747347.2362493093,715829.9,-97347.23624930927,-65829.875
890000.0,1663009.752543427,937168.94,-773009.752543427,-47168.9375
1250000.0,1166975.408766454,1.2275278e+06,83024.59123354591,22472.25
1225000.0,1376745.6131471533,1.2818224e+06,-151745.6131471533,-56822.375
1615000.0,1560778.9933408066,1.6557135e+06,54221.00665919343,-40713.5
2150000.0,1919886.6451538638,2.0063008e+06,230113.35484613618,143699.25
1650000.0,1433617.4770713479,1.5712455e+06,216382.52292865212,78754.5
1150000.0,1071516.338354353,1.2441729e+06,78483.6616456469,-94172.875
1600000.0,1461687.6808498031,1.4169848e+06,138312.31915019685,183015.25
1030000.0,642404.9861154509,882656.0,387595.01388454915,147344.0
1876875.0,1848379.6360143283,1.9879006e+06,28495.36398567166,-111025.625
1850000.0,1515859.403386055,1.7435048e+06,334140.596613945,106495.25
1445000.0,1815130.6111538778,1.5119788e+06,-370130.6111538778,-66978.75
1500000.0,1046373.9889323028,1.3287318e+06,453626.0110676972,171268.25
2030000.0,1939181.9855332114,1.9474405e+06,90818.01446678862,82559.5
1120000.0,1147817.6511116168,1.1646675e+06,-27817.651111616753,-44667.5
1548000.0,2229715.853633902,1.5371502e+06,-681715.853633902,10849.75
850000.0,1146847.972932214,825830.06,-296847.9729322139,24169.9375
3330000.0,1999149.4115049862,2.539244e+06,1330850.5884950138,790756.0
817000.0,823408.9915940829,794975.0,-6408.991594082909,22025.0
1765000.0,1806278.0618476735,1.7811575e+06,-41278.061847673496,-16157.5
1875000.0,1560119.2474391095,1.7414808e+06,314880.7525608905,133519.25
1315000.0,1194009.2631542766,1.3055705e+06,120990.73684572335,9429.5
835000.0,1858587.6287902184,857198.2,-1023587.6287902184,-22198.1875
1475000.0,1439828.3015352164,1.417516e+06,35171.69846478361,57484.0
1520000.0,1401847.1672236486,1.5730161e+06,118152.83277635137,-53016.125
935000.0,873161.5276576892,933296.25,61838.47234231082,1703.75
1499000.0,1737831.3652615375,1.5016668e+06,-238831.3652615375,-2666.75
2400000.0,2689934.7346851113,2.329146e+06,-289934.7346851113,70854.0
1325000.0,1179123.7233129817,1.3198734e+06,145876.27668701834,5126.625
437000.0,353533.04288736696,429938.3,83466.95711263304,7061.6875
980000.0,1573845.1839024753,1.01938306e+06,-593845.1839024753,-39383.0625
1695000.0,2174745.4731446076,1.7064445e+06,-479745.4731446076,-11444.5
1600000.0,747828.0727818278,1.0912548e+06,852171.9272181722,508745.25
1800000.0,1384777.8672856572,1.6850494e+06,415222.1327143428,114950.625
895000.0,981165.564195687,888724.0,-86165.56419568695,6276.0
675000.0,603128.8506457203,663711.5,71871.14935427974,11288.5
3888888.0,3508919.3193699266,3.8466118e+06,379968.6806300734,42276.25
1285000.0,1361199.8813664173,1.2241048e+06,-76199.88136641728,60895.25
550000.0,549018.9318833165,542256.4,981.0681166835129,7743.625
950000.0,1037616.7698091194,974952.4,-87616.7698091194,-24952.375
5710000.0,5253244.210005067,6.0378905e+06,456755.7899949327,-327890.5
655000.0,673221.611600193,676826.6,-18221.611600192962,-21826.625
630000.0,777402.2991423701,649313.6,-147402.29914237012,-19313.625
1445000.0,1214665.4022685676,1.1856049e+06,230334.5977314324,259395.125
1207500.0,1156490.8031924288,1.3119459e+06,51009.19680757122,-104445.875
850000.0,958522.2009852132,915934.5,-108522.20098521316,-65934.5
2400000.0,1369402.9686025716,1.6100565e+06,1030597.0313974284,789943.5
735000.0,737099.8264257978,632359.5,-2099.8264257977717,102640.5
925000.0,870046.0216777872,869027.2,54953.97832221282,55972.8125
1166000.0,1234606.9007121448,1.161761e+06,-68606.9007121448,4239.0
3000000.0,2869419.038232196,3.143992e+06,130580.96176780388,-143992.0
860000.0,1054895.6894968394,769953.5,-194895.68949683942,90046.5
1925000.0,1713499.9446766516,2.1625572e+06,211500.05532334838,-237557.25
1415000.0,1483492.2263960587,1.3999942e+06,-68492.22639605869,15005.75
1235000.0,1230916.1539623018,1.2960011e+06,4083.846037698211,-61001.125
850000.0,1019957.2439864454,826919.2,-169957.24398644536,23080.8125
77000.0,817.0406039152294,149528.48,76182.95939608477,-72528.484375
4300000.0,3529163.089098972,3.62824e+06,770836.9109010282,671760.0
3350000.0,3228650.0487489244,3.2697398e+06,121349.9512510756,80260.25
1255000.0,1289137.3987654229,1.277043e+06,-34137.39876542287,-22043.0
528000.0,541555.0013143873,520447.4,-13555.001314387308,7552.59375
1100000.0,1166022.7581972906,1.0962542e+06,-66022.75819729059,3745.75
1500000.0,1523614.279470212,1.5613762e+06,-23614.27947021206,-61376.25
926000.0,1225904.609827299,955846.2,-299904.6098272989,-29846.1875
515000.0,430947.79001779575,490691.94,84052.20998220425,24308.0625
1575000.0,1250534.1594669858,1.2730801e+06,324465.84053301415,301919.875
900000.0,1069945.1064265727,966914.2,-169945.10642657266,-66914.1875
670000.0,597615.8206651496,615777.0,72384.1793348504,54223.0
4275000.0,3895846.3262681016,4.124585e+06,379153.6737318984,150415.0
1225000.0,1304905.250208372,1.1890596e+06,-79905.25020837202,35940.375
1390000.0,1365835.3461719998,1.4226311e+06,24164.653828000184,-32631.125
642000.0,616206.5420655806,640310.44,25793.45793441939,1689.5625
465000.0,549584.7216149267,456972.25,-84584.7216149267,8027.75
522500.0,1320696.1629265104,691475.7,-798196.1629265104,-168975.6875
800000.0,1335707.5327889258,800319.6,-535707.5327889258,-319.625
1300000.0,1202781.3373782183,1.2511729e+06,97218.6626217817,48827.125
899888.0,1498037.4482366545,926363.6,-598149.4482366545,-26475.625
575000.0,835747.6771850649,620191.8,-260747.67718506488,-45191.8125
875000.0,877033.9788396388,889931.75,-2033.9788396387594,-14931.75
1170000.0,1424206.0078845075,1.1825932e+06,-254206.00788450753,-12593.25
1670000.0,1520613.673332222,1.6194826e+06,149386.32666777796,50517.375
600000.0,432863.7199958969,561296.6,167136.2800041031,38703.375
565000.0,476803.84766620223,572176.75,88196.15233379777,-7176.75
1120000.0,1148838.2960339768,1.1547458e+06,-28838.296033976832,-34745.75
930000.0,1443701.6561160558,968666.0,-513701.6561160558,-38666.0
984000.0,999376.4995010335,1.0489531e+06,-15376.499501033453,-64953.125
585000.0,796953.9082481277,583425.25,-211953.90824812767,1574.75
1176330.0,1280680.4694254645,1.1817184e+06,-104350.46942546451,-5388.375
928800.0,980398.832442829,911964.25,-51598.832442829036,16835.75
2615000.0,2362308.736787402,2.5498438e+06,252691.26321259793,65156.25
1138000.0,1240367.343134828,1.1635062e+06,-102367.34313482791,-25506.25
850000.0,975556.2581273934,878546.0,-125556.25812739343,-28546.0
1325000.0,1384801.4404644277,1.3596024e+06,-59801.440464427695,-34602.375
1030000.0,1594893.7117630537,1.0909968e+06,-564893.7117630537,-60996.75
435000.0,920597.4670203435,421468.56,-485597.4670203435,13531.4375
3200000.0,2703887.7487306325,2.8829138e+06,496112.2512693675,317086.25
1400000.0,1240777.710624762,1.3596348e+06,159222.2893752379,40365.25
1940000.0,1796822.6060276874,1.7861142e+06,143177.39397231257,153885.75
4015000.0,3689944.117585115,3.570215e+06,325055.88241488487,444785.0
929888.0,1103514.6328097214,885707.6,-173626.6328097214,44180.375
582000.0,533867.4690140362,596969.25,48132.530985963764,-14969.25
1815000.0,1782998.3840835998,1.7154204e+06,32001.615916400217,99579.625
2350000.0,2079596.881418062,2.1775842e+06,270403.1185819381,172415.75
875000.0,823730.6534991026,862262.75,51269.34650089743,12737.25
1650000.0,1478206.568477319,1.6819444e+06,171793.4315226809,-31944.375
552750.0,610150.2669647619,548512.8,-57400.26696476189,4237.1875
891000.0,923588.0389896003,839270.3,-32588.03898960026,51729.6875
2500000.0,2461356.9648878826,2.526625e+06,38643.03511211742,-26625.0
1875000.0,2319774.3885547137,1.7715285e+06,-444774.3885547137,103471.5
3800000.0,3142312.7154784356,3.426661e+06,657687.2845215644,373339.0
8458394.0,7790855.36210668,8.352338e+06,667538.6378933201,106056.0
471111.0,425224.5378226347,420908.62,45886.46217736532,50202.375
2175000.0,2488461.875030903,2.148849e+06,-313461.87503090315,26151.0
960000.0,947156.3686406079,974098.25,12843.631359392079,-14098.25
665000.0,641371.1408587013,654488.7,23628.859141298686,10511.3125
1888000.0,1603310.0806727214,1.6618656e+06,284689.9193272786,226134.375
1750000.0,1588582.281795437,1.7104901e+06,161417.71820456302,39509.875
1125000.0,1068674.7956910967,1.077731e+06,56325.20430890331,47269.0
630000.0,595424.0251590157,623092.6,34575.97484098433,6907.375
920000.0,1133719.2799872027,935113.75,-213719.27998720272,-15113.75
599999.0,1041887.8039179385,616454.44,-441888.8039179385,-16455.4375
651000.0,718877.8469051585,604218.75,-67877.84690515848,46781.25
912000.0,1417207.5428087485,895356.2,-505207.54280874855,16643.8125
1650000.0,1604252.759258049,1.668736e+06,45747.240741950925,-18736.0
780000.0,847625.5651461715,765342.8,-67625.56514617149,14657.1875
2050000.0,1954682.8632970757,2.0286072e+06,95317.13670292427,21392.75
970000.0,992016.8116268716,934006.8,-22016.811626871582,35993.1875
1220000.0,1334213.4403058968,1.2385898e+06,-114213.4403058968,-18589.75
3900000.0,3575100.5659315283,3.9873322e+06,324899.43406847166,-87332.25
1830000.0,1875070.0536944172,1.7457992e+06,-45070.053694417235,84200.75
875000.0,1071011.9418123376,911391.3,-196011.9418123376,-36391.3125
2488000.0,1941936.9160553575,1.8753195e+06,546063.0839446425,612680.5
705000.0,742357.0434216044,728654.75,-37357.04342160444,-23654.75
1815000.0,1905594.270402283,1.872112e+06,-90594.27040228294,-57112.0
680000.0,764224.5839980647,716599.7,-84224.58399806474,-36599.6875
1775000.0,1658172.5040245613,1.7410241e+06,116827.49597543874,33975.875
600000.0,544492.2732499399,577909.75,55507.7267500601,22090.25
1180000.0,1635763.969127134,1.1988439e+06,-455763.96912713395,-18843.875
2850000.0,2377329.0333719095,2.6291818e+06,472670.9666280905,220818.25
1590000.0,1732974.3618355973,1.6295605e+06,-142974.36183559732,-39560.5
3152500.0,3072658.616513253,3.1842122e+06,79841.38348674681,-31712.25
1368000.0,1257696.7219113968,1.3007175e+06,110303.27808860317,67282.5
412000.0,555453.6080558089,426651.88,-143453.60805580893,-14651.875
825000.0,1410745.4568154342,839696.25,-585745.4568154342,-14696.25
1250000.0,1746123.5165899666,1.3313269e+06,-496123.5165899666,-81326.875
1038000.0,1515559.3879203454,972749.4,-477559.3879203454,65250.625
770000.0,794027.2359249847,782023.3,-24027.235924984678,-12023.3125
420000.0,523307.21644498536,445313.7,-103307.21644498536,-25313.6875
900000.0,770775.7494011202,909904.5,129224.25059887976,-9904.5
800000.0,971730.0105726444,807716.6,-171730.01057264442,-7716.625
3750000.0,3793332.1185821155,3.6089528e+06,-43332.11858211551,141047.25
1286800.0,1170731.2964834957,1.1567495e+06,116068.70351650426,130050.5
1320000.0,1532593.2630201192,1.3556224e+06,-212593.26302011916,-35622.375
1500000.0,1624397.3730741213,1.5799711e+06,-124397.37307412131,-79971.125
1060000.0,1091090.150589223,1.1000821e+06,-31090.15058922302,-40082.125
760000.0,786700.6303212664,743625.94,-26700.630321266362,16374.0625
5060000.0,4961730.275351232,4.792791e+06,98269.72464876808,267209.0
880000.0,776044.4918908055,844225.7,103955.50810919446,35774.3125
822000.0,800967.9788551929,770769.0,21032.021144807106,51231.0
725000.0,596844.799655226,740406.1,128155.20034477406,-15406.125
1980000.0,1897912.9019152871,2.1088588e+06,82087.09808471287,-128858.75
941500.0,1042171.9869024042,901482.25,-100671.98690240423,40017.75
2200000.0,1264865.8133433152,1.4528332e+06,935134.1866566848,747166.75
1510000.0,1542510.3635107041,1.5572035e+06,-32510.363510704134,-47203.5
1625000.0,1537596.9282886637,1.6438252e+06,87403.07171133626,-18825.25
1850000.0,1765627.1742960713,1.7572229e+06,84372.82570392871,92777.125
1830000.0,1323875.5410205338,1.6169301e+06,506124.45897946623,213069.875
2000000.0,1805117.3733090018,1.9273972e+06,194882.6266909982,72602.75
755000.0,668878.4623223955,718301.4,86121.53767760447,36698.625
796000.0,691960.2099398058,762956.9,104039.79006019421,33043.125
309000.0,312056.2539943805,301229.53,-3056.253994380473,7770.46875
1875000.0,2121859.5609035753,1.8922444e+06,-246859.56090357527,-17244.375
1888888.0,1920233.794804147,1.8875132e+06,-31345.79480414698,1374.75
680000.0,619406.6869628124,672932.06,60593.31303718756,7067.9375
675000.0,904213.1424108688,689133.4,-229213.14241086878,-14133.375
1015000.0,1757677.574528484,1.2655905e+06,-742677.5745284839,-250590.5
460000.0,478746.6825448192,454638.8,-18746.682544819196,5361.1875
2680000.0,2553681.4225672754,2.5887015e+06,126318.57743272465,91298.5
1750000.0,2268674.667513093,1.7085419e+06,-518674.667513093,41458.125
570000.0,721724.4503213991,553637.4,-151724.45032139914,16362.625
777000.0,931512.6767705854,780713.3,-154512.67677058536,-3713.3125
1200000.0,1331833.1292182624,1.3300781e+06,-131833.1292182624,-130078.125
650000.0,691362.7201435396,660934.8,-41362.7201435396,-10934.8125
2600000.0,2314962.066820703,2.543272e+06,285037.933179297,56728.0
1314500.0,1270075.3239320721,1.3114492e+06,44424.67606792785,3050.75
1344500.0,1271511.4247288634,1.2998952e+06,72988.5752711366,44604.75
1089000.0,1096928.1696764138,1.0630714e+06,-7928.16967641376,25928.625
385000.0,604057.1756315242,393779.44,-219057.17563152418,-8779.4375
1675000.0,1819848.155562669,1.6783648e+06,-144848.15556266904,-3364.75
950000.0,1543382.2735840487,959171.9,-593382.2735840487,-9171.875
1070000.0,1528083.8923720026,963871.4,-458083.8923720026,106128.625
587000.0,516476.56251730875,571955.25,70523.43748269125,15044.75
1594000.0,1576013.8890136124,1.663821e+06,17986.11098638759,-69821.0
1275000.0,1292338.2402136496,1.2739619e+06,-17338.24021364958,1038.125
970000.0,1016261.570047122,953223.56,-46261.57004712196,16776.4375
840000.0,829420.7802516229,830841.56,10579.219748377101,9158.4375
730000.0,938996.6674017562,721314.25,-208996.66740175616,8685.75
1155000.0,1002369.3952603124,1.1388028e+06,152630.60473968764,16197.25
1200000.0,1123229.798346746,1.0627165e+06,76770.20165325399,137283.5
800000.0,799139.5395059664,781928.6,860.460494033643,18071.375
850000.0,898164.122220704,867916.5,-48164.12222070398,-17916.5
980000.0,1719934.3546522725,1.0001747e+06,-739934.3546522725,-20174.6875
1945000.0,1892526.8770271877,1.948546e+06,52473.12297281227,-3546.0
2000000.0,1941485.0797133106,2.0285899e+06,58514.92028668942,-28589.875
1250000.0,1334304.38151889,1.2377076e+06,-84304.38151888992,12292.375
1080000.0,1076396.3911954337,1.0842474e+06,3603.60880456632,-4247.375
1695000.0,1569725.940076296,1.6475669e+06,125274.05992370402,47433.125
705000.0,808338.209285664,714450.9,-103338.20928566402,-9450.875
520000.0,766209.6012376905,543223.75,-246209.60123769054,-23223.75
960000.0,945373.483860143,949175.94,14626.516139857005,10824.0625
729000.0,886389.4961580292,741402.44,-157389.4961580292,-12402.4375
1215000.0,1035204.1035772704,1.1617742e+06,179795.8964227296,53225.75
460000.0,965531.0573152244,453630.56,-505531.05731522443,6369.4375
1530000.0,1568135.5883942547,1.5160881e+06,-38135.58839425468,13911.875
4150000.0,3850517.762419329,4.250926e+06,299482.237580671,-100926.0
649000.0,677811.192792697,653593.6,-28811.192792696995,-4593.625
915000.0,896898.8975237528,895426.2,18101.102476247237,19573.8125
885000.0,1480825.4590004412,828116.4,-595825.4590004412,56883.625
1650000.0,1392199.5871495053,1.4190091e+06,257800.41285049473,230990.875
2760000.0,3145468.1623349376,2.7937655e+06,-385468.1623349376,-33765.5
1230000.0,1135688.7478855199,1.0646855e+06,94311.25211448013,165314.5
2798000.0,2831088.442063864,2.70288e+06,-33088.442063863855,95120.0
992500.0,1044835.1663779651,1.04083175e+06,-52335.16637796513,-48331.75
4500000.0,4130289.2398824254,4.7877795e+06,369710.7601175746,-287779.5
1250000.0,1282202.2820268576,1.3291424e+06,-32202.282026857603,-79142.375
640000.0,539546.3495655765,633095.06,100453.65043442347,6904.9375
1200000.0,1076213.93607774,1.1404536e+06,123786.06392225996,59546.375
1800000.0,1616508.3928864682,1.7649906e+06,183491.6071135318,35009.375
1960000.0,1913481.0513387576,1.893192e+06,46518.94866124238,66808.0
1850000.0,1517428.6858436884,1.6842091e+06,332571.31415631156,165790.875
1240000.0,1182828.7435676898,1.2987578e+06,57171.25643231021,-58757.75
1605000.0,1891408.3128526118,1.4390959e+06,-286408.31285261177,165904.125
3805000.0,3560090.763210986,3.5449965e+06,244909.2367890142,260003.5
525000.0,476451.2569345385,527734.56,48548.74306546152,-2734.5625
727000.0,1168342.5496397389,703297.9,-441342.54963973886,23702.125
710000.0,722610.5867061126,689960.0,-12610.586706112605,20040.0
1455000.0,1631801.3554865392,1.475387e+06,-176801.3554865392,-20387.0
800000.0,1266994.2241786357,879955.5,-466994.22417863575,-79955.5
10100000.0,10204646.156407278,1.1497068e+07,-104646.15640727803,-1397068.0
975000.0,1450864.4757766826,1.0152791e+06,-475864.4757766826,-40279.125
795000.0,1400112.795066816,801051.94,-605112.795066816,-6051.9375
130000.0,936118.0403995136,139710.1,-806118.0403995136,-9710.09375
930000.0,1098060.6530113793,951825.5,-168060.6530113793,-21825.5
699000.0,798666.0083537106,720738.7,-99666.00835371064,-21738.6875
1780000.0,1670483.43302453,1.7590354e+06,109516.56697546993,20964.625
1810000.0,1769726.191574016,1.7283668e+06,40273.80842598411,81633.25
3890450.0,3883420.396388122,3.8465275e+06,7029.603611878119,43922.5
1135000.0,1084187.105005785,1.1121646e+06,50812.89499421511,22835.375
859000.0,1463439.0809970577,878545.1,-604439.0809970577,-19545.125
1085000.0,1566751.1497718426,1.0999111e+06,-481751.14977184264,-14911.125
115000.0,237463.31850855157,259639.05,-122463.31850855157,-144639.046875
1250000.0,1723886.669972173,1.2938621e+06,-473886.66997217294,-43862.125
348000.0,374107.438289472,369540.66,-26107.43828947202,-21540.65625
4250000.0,3827702.8238235996,4.188647e+06,422297.1761764004,61353.0
1000000.0,1725271.68542792,1.04487856e+06,-725271.68542792,-44878.5625
2500000.0,2426822.497032567,2.5427118e+06,73177.50296743307,-42711.75
1325000.0,1275117.1045412035,1.2797471e+06,49882.89545879653,45252.875
1200013.0,1651156.0691724103,1.1171098e+06,-451143.0691724103,82903.25
790000.0,661345.3588331542,772040.25,128654.6411668458,17959.75
3325000.0,3513676.669915117,3.5835665e+06,-188676.66991511686,-258566.5
2542500.0,2243850.444533888,2.2322855e+06,298649.5554661122,310214.5
1010000.0,1074514.3142678624,958749.4,-64514.314267862355,51250.625
1500000.0,1332879.6528604042,1.519694e+06,167120.34713959577,-19694.0
3050000.0,2930355.1254140297,3.2411308e+06,119644.8745859703,-191130.75
2300000.0,2214657.8469820167,2.3001518e+06,85342.1530179833,-151.75
680000.0,664149.1469788258,687367.75,15850.853021174204,-7367.75
675000.0,882847.5835619165,658118.25,-207847.5835619165,16881.75
805000.0,907399.4492481246,815994.8,-102399.44924812461,-10994.8125
730000.0,664611.2547586699,665247.6,65388.74524133012,64752.375
417000.0,430402.87198743864,404126.16,-13402.871987438644,12873.84375
1300000.0,1298483.3852970323,1.3744448e+06,1516.614702967694,-74444.75
1635000.0,1465769.7009418001,1.5610219e+06,169230.29905819986,73978.125
1600000.0,1681531.388078808,1.4653315e+06,-81531.38807880809,134668.5
6500000.0,5348891.480017643,6.269809e+06,1151108.5199823566,230191.0
3895000.0,3477512.8082991485,3.6850708e+06,417487.19170085154,209929.25
440000.0,353033.82821042987,449615.16,86966.17178957013,-9615.15625
700000.0,647298.4796525531,665561.7,52701.5203474469,34438.3125
1200000.0,924090.3564846958,1.0247372e+06,275909.6435153042,175262.8125
350000.0,701444.0960096653,362942.66,-351444.0960096653,-12942.65625
565000.0,572254.8045284165,550365.6,-7254.804528416484,14634.375
3473600.0,3860532.194052196,3.3906045e+06,-386932.1940521961,82995.5
379900.0,302852.7731122507,389469.84,77047.22688774928,-9569.84375
1360000.0,1004745.7831512529,1.3216608e+06,355254.2168487471,38339.25
659900.0,835496.9226763729,656213.6,-175596.92267637292,3686.375
1010000.0,1039202.9734807196,1.054729e+06,-29202.973480719607,-44729.0
8499000.0,7701634.254549701,6.8477145e+06,797365.7454502992,1651285.5
2225000.0,2169872.8179164585,2.2858395e+06,55127.18208354153,-60839.5
565000.0,622556.0144292406,587988.75,-57556.014429240604,-22988.75
799000.0,787316.4486043177,815721.75,11683.551395682269,-16721.75
990000.0,938932.0166622638,1.0747576e+06,51067.98333773622,-84757.625
1700000.0,1499839.5542245174,1.5565028e+06,200160.44577548257,143497.25
7300000.0,6658390.657805034,6.593112e+06,641609.342194966,706888.0
1500000.0,1476715.464255203,1.3194971e+06,23284.535744796973,180502.875
1250000.0,1413688.6496456917,1.2801634e+06,-163688.64964569174,-30163.375
5150000.0,4564609.97998133,4.916421e+06,585390.0200186698,233579.0
899000.0,806427.2319594347,940564.2,92572.76804056531,-41564.1875
2120000.0,1813317.4648503007,1.7038622e+06,306682.5351496993,416137.75
1119000.0,1659552.9659932666,1.0967364e+06,-540552.9659932666,22263.625
1762500.0,1782062.8350951215,1.888446e+06,-19562.835095121525,-125946.0
698000.0,516789.7461588436,666869.25,181210.25384115637,31130.75
849000.0,1009714.171811067,878460.5,-160714.17181106703,-29460.5
1750000.0,1835760.3160600748,1.7207914e+06,-85760.31606007484,29208.625
1600000.0,1420633.5567389054,1.5025335e+06,179366.44326109462,97466.5
625000.0,874154.7127031307,619161.75,-249154.71270313067,5838.25
855000.0,1553517.6824395205,900157.56,-698517.6824395205,-45157.5625
751000.0,583180.4195477325,728945.25,167819.58045226755,22054.75
1273000.0,1282572.8765167436,1.3069969e+06,-9572.876516743563,-33996.875
1975000.0,1917715.2997970185,2.0492632e+06,57284.700202981476,-74263.25
615990.0,625986.9051412371,649812.94,-9996.905141237075,-33822.9375
313000.0,344093.87893346907,273685.12,-31093.878933469066,39314.875
715000.0,728912.4663906824,718434.94,-13912.466390682384,-3434.9375
630000.0,835501.7024322376,630839.2,-205501.70243223757,-839.1875
4250000.0,4395773.867226539,4.1639695e+06,-145773.86722653918,86030.5
715000.0,859474.6038560752,714320.06,-144474.6038560752,679.9375
1280000.0,1257758.923039801,1.3479288e+06,22241.076960199047,-67928.75
1530000.0,1498290.3112036088,1.5676084e+06,31709.688796391245,-37608.375
1210000.0,1235643.0049260315,1.2675848e+06,-25643.004926031455,-57584.75
667000.0,756883.7888045817,664952.6,-89883.78880458174,2047.375
660000.0,648385.6113498494,681464.6,11614.38865015062,-21464.625
925000.0,1024185.6543999366,1.0153353e+06,-99185.65439993655,-90335.3125
556000.0,542618.1954827495,541737.94,13381.804517250508,14262.0625
810000.0,875935.7323970837,793010.0,-65935.73239708366,16990.0
965000.0,1108160.1147094686,1.0580092e+06,-143160.11470946856,-93009.25
1200000.0,1127221.106334176,1.1808644e+06,72778.89366582409,19135.625
369000.0,440181.87247669266,374494.44,-71181.87247669266,-5494.4375
1380000.0,1332841.3660878194,1.3536639e+06,47158.63391218055,26336.125
1785000.0,1598222.4460874647,1.7923492e+06,186777.5539125353,-7349.25
2045000.0,1891483.3652127122,2.0281391e+06,153516.6347872878,16860.875
2070000.0,2487556.516297114,2.1084422e+06,-417556.5162971141,-38442.25
790000.0,798336.0599119862,813851.4,-8336.05991198623,-23851.375
353000.0,391487.5780224615,351323.78,-38487.5780224615,1676.21875
539000.0,463395.558035961,549245.1,75604.441964039,-10245.125
250000.0,474969.3190328316,254444.56,-224969.31903283158,-4444.5625
685000.0,609008.6471472008,696756.75,75991.35285279923,-11756.75
1750000.0,1820353.454524451,1.8775672e+06,-70353.45452445094,-127567.25
455000.0,623005.298696113,437105.12,-168005.29869611305,17894.875
2075000.0,2015424.0734615475,2.115621e+06,59575.926538452506,-40621.0
1750000.0,1650437.9156277988,1.551001e+06,99562.08437220124,198999.0
1100000.0,1054688.506942103,1.0723895e+06,45311.49305789708,27610.5
635000.0,855549.4462234802,643178.4,-220549.44622348016,-8178.375
1100000.0,1641747.269591429,1.1038802e+06,-541747.269591429,-3880.25
3400000.0,3425262.694843583,3.4119578e+06,-25262.69484358281,-11957.75
1850000.0,1764974.788393689,1.7227962e+06,85025.21160631091,127203.75
925000.0,1489533.4921502927,866971.0,-564533.4921502927,58029.0
860000.0,959801.9334414164,867813.06,-99801.93344141636,-7813.0625
1600000.0,1660690.2163127656,1.5817018e+06,-60690.21631276561,18298.25
5275000.0,4552882.057380313,5.00658e+06,722117.942619687,268420.0
3220000.0,2515686.9954816625,2.7828975e+06,704313.0045183375,437102.5
543000.0,598325.9710209583,565796.06,-55325.97102095827,-22796.0625
1460000.0,1439575.9377936844,1.4239681e+06,20424.062206315575,36031.875
4650000.0,4434097.438593076,4.7831565e+06,215902.5614069244,-133156.5
2400000.0,2122652.965298341,2.2340275e+06,277347.0347016589,165972.5
7500000.0,5479058.248102618,5.530475e+06,2020941.7518973816,1969525.0
899000.0,934794.5110629527,911979.94,-35794.51106295269,-12979.9375
835000.0,888024.5632227995,852000.06,-53024.56322279945,-17000.0625
1608000.0,1431623.5599590933,1.420271e+06,176376.44004090666,187729.0
725000.0,745064.0233665954,736572.75,-20064.023366595386,-11572.75
619000.0,1282385.229058983,644988.5,-663385.229058983,-25988.5
2800000.0,3279316.7642677235,2.680483e+06,-479316.76426772354,119517.0
1045000.0,1193691.2808766703,1.185034e+06,-148691.28087667027,-140034.0
760000.0,1010266.2758111332,788510.9,-250266.2758111332,-28510.875
1530000.0,1526062.638807765,1.530448e+06,3937.3611922350246,-448.0
2350000.0,2469494.627977725,2.486334e+06,-119494.62797772512,-136334.0
725000.0,653871.3914329887,720395.75,71128.60856701131,4604.25
145000.0,429381.38315639703,141007.3,-284381.38315639703,3992.703125
1121000.0,1099768.6456140734,1.1532655e+06,21231.35438592662,-32265.5
960000.0,957662.8016179577,966323.3,2337.1983820423484,-6323.3125
1250000.0,1324138.1603533414,1.2258045e+06,-74138.16035334137,24195.5
3350000.0,2724703.529613824,2.8559892e+06,625296.4703861759,494010.75
660000.0,639476.7468522557,661350.94,20523.25314774434,-1350.9375
1100000.0,1021626.2613573672,1.1013901e+06,78373.73864263284,-1390.125
1140000.0,1661152.2878725347,1.16753e+06,-521152.2878725347,-27530.0
755000.0,986139.1016624547,734023.75,-231139.10166245466,20976.25
535000.0,549644.2238758297,429869.0,-14644.223875829717,105131.0
396000.0,357781.93693846965,417949.8,38218.06306153035,-21949.8125
795000.0,932827.2254664227,800026.6,-137827.22546642274,-5026.625
788250.0,847943.0326313311,820803.4,-59693.03263133112,-32553.375
916000.0,875397.4789535477,893515.4,40602.52104645234,22484.625
3990000.0,4018077.2775437236,3.7539198e+06,-28077.277543723583,236080.25
1874000.0,1938422.7120545218,1.8930079e+06,-64422.71205452178,-19007.875
1818000.0,1561778.108784135,1.8535491e+06,256221.89121586503,-35549.125
700000.0,727344.8872265134,729053.75,-27344.887226513354,-29053.75
875000.0,926916.945505826,914026.1,-51916.945505826036,-39026.125
1711300.0,2267148.95774022,1.8581296e+06,-555848.9577402198,-146829.625
880000.0,791472.6892475614,918878.5,88527.31075243861,-38878.5
1845000.0,1815939.5786246154,1.6783648e+06,29060.421375384554,166635.25
975000.0,920789.1670460552,1.0264165e+06,54210.8329539448,-51416.5
2655000.0,3132527.760204041,2.5837785e+06,-477527.7602040409,71221.5
1100000.0,1212213.2952149233,1.1558718e+06,-112213.29521492333,-55871.75
510000.0,573663.8879946347,520497.53,-63663.887994634686,-10497.53125
2080000.0,1842127.6737334868,1.8813169e+06,237872.3262665132,198683.125
459900.0,522082.5174538577,461618.7,-62182.5174538577,-1718.6875
3245000.0,3255456.872286015,3.1756178e+06,-10456.87228601519,69382.25
1950000.0,1795885.8450502038,1.9065254e+06,154114.15494979615,43474.625
6900000.0,6064210.081287748,6.5127525e+06,835789.9187122518,387247.5
412500.0,467020.5865582797,416519.75,-54520.5865582797,-4019.75
736000.0,834086.3263141596,723179.5,-98086.32631415955,12820.5
1350000.0,1071197.6845082375,1.1162109e+06,278802.3154917625,233789.125
597000.0,592343.4460482065,598725.9,4656.553951793467,-1725.875
755000.0,656799.4161045856,758731.0,98200.58389541437,-3731.0
3450000.0,3687694.3103283746,3.4742558e+06,-237694.31032837462,-24255.75
1230000.0,1495876.7143450044,1.2652478e+06,-265876.7143450044,-35247.75
3625000.0,3193518.6934262747,3.399583e+06,431481.3065737253,225417.0
459000.0,634224.6607908759,468300.5,-175224.6607908759,-9300.5
1911000.0,1802432.3411155005,1.8512968e+06,108567.65888449945,59703.25
1190000.0,1843255.3405642197,1.1799762e+06,-653255.3405642197,10023.75
1500000.0,1416925.2559834186,1.5584099e+06,83074.74401658145,-58409.875
1030000.0,1060373.9296074281,980728.5,-30373.929607428145,49271.5
1625000.0,2133026.63981393,1.6116465e+06,-508026.6398139298,13353.5
200000.0,232089.19914608425,209620.22,-32089.199146084255,-9620.21875
963000.0,849962.7935885085,1.00213006e+06,113037.2064114915,-39130.0625
750000.0,786673.0417647064,737772.1,-36673.04176470637,12227.875
920000.0,1458848.375871732,929452.9,-538848.3758717319,-9452.875
329000.0,710668.0062461533,325863.12,-381668.00624615327,3136.875
1425000.0,1403366.8665710674,1.4560206e+06,21633.133428932633,-31020.625
860000.0,922875.1407255386,924923.9,-62875.1407255386,-64923.875
268125.0,100409.57619342115,260338.0,167715.42380657885,7787.0
1110000.0,1645345.1635526258,1.0738785e+06,-535345.1635526258,36121.5
6700000.0,5857840.455331304,6.3552205e+06,842159.5446686959,344779.5
1280000.0,1252748.2312359596,1.3184141e+06,27251.768764040433,-38414.125
575000.0,544759.8942169166,589530.6,30240.10578308336,-14530.625
950000.0,1021791.5783951674,931209.6,-71791.57839516737,18790.375
11450000.0,10601884.739538416,1.2111726e+07,848115.2604615837,-661726.0
362500.0,575895.8484393515,396453.28,-213395.84843935154,-33953.28125
1027000.0,970255.0163409683,1.0215192e+06,56744.983659031685,5480.8125
220000.0,381590.48477247905,202192.22,-161590.48477247905,17807.78125
1350000.0,1186741.0019035935,1.3279602e+06,163258.99809640646,22039.75
1795000.0,1622298.7914000335,1.7513555e+06,172701.20859996649,43644.5
3025000.0,2633241.1610228447,2.6602475e+06,391758.8389771553,364752.5
445000.0,429667.8052114517,440520.34,15332.19478854828,4479.65625
1165000.0,1067632.2535060667,1.1132534e+06,97367.74649393326,51746.625
1835000.0,1904712.5539026726,1.9415842e+06,-69712.5539026726,-106584.25
2910000.0,2604120.9922281466,2.8662788e+06,305879.00777185336,43721.25
4625000.0,4090145.443135035,4.553972e+06,534854.5568649648,71028.0
695000.0,1000052.3958845244,740090.6,-305052.39588452445,-45090.625
1250000.0,1125461.8459780207,1.2095805e+06,124538.15402197931,40419.5
1025000.0,885483.2665220683,1.0544766e+06,139516.7334779317,-29476.625
490000.0,575619.6818425484,491594.97,-85619.68184254842,-1594.96875
1306700.0,1299373.3643373034,1.3546919e+06,7326.635662696557,-47991.875
425000.0,418612.91180217115,426131.78,6387.088197828853,-1131.78125
2000000.0,1656808.7953443637,1.820276e+06,343191.20465563633,179724.0
518000.0,572610.1233128482,531917.75,-54610.123312848154,-13917.75
139000.0,345024.7557125861,120488.62,-206024.7557125861,18511.3828125
825000.0,938511.1796704119,798356.7,-113511.17967041186,26643.3125
2450000.0,2794933.891498396,2.4838502e+06,-344933.8914983962,-33850.25
3000000.0,3504157.1990804183,3.2619222e+06,-504157.19908041833,-261922.25
4155000.0,3969784.5983304735,3.9999235e+06,185215.40166952647,155076.5
565000.0,534461.4818736566,490992.44,30538.518126343377,74007.5625
725000.0,717547.7270904407,757850.94,7452.2729095593095,-32850.9375
3590000.0,3205643.5107093705,3.521383e+06,384356.4892906295,68617.0
1500000.0,1799260.9268850433,1.5940039e+06,-299260.92688504327,-94003.875
600000.0,1086684.1801736504,600775.8,-486684.1801736504,-775.8125
1372000.0,1156360.657949356,1.3501982e+06,215639.3420506441,21801.75
370000.0,426586.1611599439,368786.56,-56586.161159943906,1213.4375
1200000.0,1287730.995310465,1.2117661e+06,-87730.9953104651,-11766.125
4800000.0,4594944.233024178,4.80277e+06,205055.76697582193,-2770.0
2438220.0,2213016.037022938,2.4168732e+06,225203.96297706198,21346.75
4425000.0,5225509.466415053,4.2704665e+06,-800509.4664150532,154533.5
725000.0,868107.5552386971,768358.06,-143107.5552386971,-43358.0625
1300000.0,1463206.2743968994,1.295172e+06,-163206.2743968994,4828.0
1384000.0,1168014.0732265578,1.2199931e+06,215985.9267734422,164006.875
1625000.0,1496116.4740308116,1.5583252e+06,128883.52596918843,66674.75
2950000.0,2843448.199604252,2.969385e+06,106551.80039574811,-19385.0
575000.0,611389.3200881662,572976.75,-36389.32008816616,2023.25
966000.0,1066515.6360948277,982483.75,-100515.63609482767,-16483.75
8822500.0,8275438.895455329,8.3871315e+06,547061.1045446713,435368.5
340000.0,291282.8289008343,329391.6,48717.17109916569,10608.40625
4380000.0,4686669.721541658,4.489363e+06,-306669.72154165804,-109363.0
590000.0,482759.19368231844,582142.5,107240.80631768156,7857.5
1558000.0,1443231.9846294138,1.5021422e+06,114768.01537058619,55857.75
2410000.0,2643440.4630703814,2.5268178e+06,-233440.46307038143,-116817.75
385000.0,416458.36527021986,371338.12,-31458.36527021986,13661.875
1050000.0,1860954.498790387,1.133085e+06,-810954.4987903871,-83085.0
565900.0,439258.61068786774,562460.5,126641.38931213226,3439.5
1175000.0,1511361.8871076482,928688.25,-336361.8871076482,246311.75
1025000.0,1080730.45918218,1.0491722e+06,-55730.45918218,-24172.25
1270000.0,1185813.457986454,1.2527381e+06,84186.54201354599,17261.875
3800000.0,3499679.2663648496,3.5457605e+06,300320.73363515036,254239.5
1800000.0,1862089.5138134614,1.8163951e+06,-62089.51381346141,-16395.125
2000000.0,1977042.2446874192,2.0205829e+06,22957.755312580848,-20582.875
1350000.0,1527817.1918609568,1.3450985e+06,-177817.19186095684,4901.5
1215000.0,1636718.4454642716,1.1954064e+06,-421718.4454642716,19593.625
3300000.0,3480171.2433772646,3.128872e+06,-180171.2433772646,171128.0
1670000.0,1646522.5590436456,1.620765e+06,23477.440956354374,49235.0
4400000.0,4495444.206338088,4.138257e+06,-95444.20633808803,261743.0
880000.0,935037.997048464,866743.6,-55037.99704846402,13256.375
430000.0,586941.650954489,502142.06,-156941.650954489,-72142.0625
380000.0,359295.63787999656,383508.8,20704.36212000344,-3508.8125
1525000.0,1563151.7782317835,1.5444725e+06,-38151.77823178354,-19472.5
3400000.0,3847060.006188488,3.4728348e+06,-447060.0061884881,-72834.75
1585000.0,1500034.2084189337,1.625697e+06,84965.79158106633,-40697.0
810000.0,760044.5967574456,843714.6,49955.4032425544,-33714.625
615000.0,792086.5358805256,600195.1,-177086.5358805256,14804.875
5500000.0,5227906.822671029,5.252844e+06,272093.1773289712,247156.0
385000.0,998081.1293962664,384835.47,-613081.1293962664,164.53125
730000.0,975596.2039887805,824045.0,-245596.2039887805,-94045.0
560000.0,587109.4581415256,585726.0,-27109.458141525625,-25726.0
749000.0,720091.2734962602,752385.8,28908.726503739832,-3385.8125
1370000.0,1415234.1916341376,1.3113568e+06,-45234.19163413765,58643.25
2385000.0,2446552.149929819,2.063316e+06,-61552.14992981916,321684.0
4050000.0,4378736.218858652,4.068388e+06,-328736.2188586518,-18388.0
453000.0,424416.30731360684,437621.47,28583.69268639316,15378.53125
625000.0,633495.8351874237,627386.4,-8495.835187423741,-2386.375
895000.0,1057200.2260733005,942615.1,-162200.22607330047,-47615.125
685000.0,936009.4922737519,674476.0,-251009.49227375188,10524.0
826000.0,994635.8488025063,815793.25,-168635.84880250634,10206.75
2180000.0,2068467.680321396,2.2104212e+06,111532.3196786039,-30421.25
1500000.0,1389310.053629495,1.4512601e+06,110689.94637050503,48739.875
1905000.0,1770222.9006507602,1.9974766e+06,134777.09934923984,-92476.625
755000.0,943550.0229101898,769180.7,-188550.02291018981,-14180.6875
455000.0,438959.39118628716,435642.72,16040.608813712839,19357.28125
1000000.0,1188774.197726137,1.0039217e+06,-188774.197726137,-3921.6875
785000.0,776277.859002757,777327.0,8722.140997242997,7673.0
1470000.0,1603906.483087188,1.3437445e+06,-133906.4830871881,126255.5
1650000.0,1479279.3185042082,1.3985118e+06,170720.68149579177,251488.25
765000.0,910948.2016259695,740081.4,-145948.2016259695,24918.625
1385000.0,1209376.5758311884,1.3915962e+06,175623.42416881165,-6596.25
1450000.0,2025873.9769214378,1.4287454e+06,-575873.9769214378,21254.625
1250000.0,1191964.0332029243,1.249768e+06,58035.9667970757,232.0
820000.0,1473884.3158564186,812680.25,-653884.3158564186,7319.75
1205000.0,1288894.5603032906,1.1888034e+06,-83894.56030329061,16196.625
949000.0,754807.0474366591,958702.75,194192.9525633409,-9702.75
1745000.0,1780771.6335925008,1.8134942e+06,-35771.63359250082,-68494.25
1850000.0,1324898.69569319,1.5362798e+06,525101.30430681,313720.25
1200000.0,1195354.474965728,1.1702521e+06,4645.525034272112,29747.875
1580000.0,1459143.9214411755,1.6082365e+06,120856.07855882449,-28236.5
1475000.0,1541664.2590196235,1.4292674e+06,-66664.25901962351,45732.625
1600000.0,1455344.9563826134,1.570805e+06,144655.0436173866,29195.0
670000.0,880584.7264414439,687986.8,-210584.7264414439,-17986.8125
1550000.0,1579214.7695427896,1.555114e+06,-29214.769542789552,-5114.0
1200000.0,1706755.454568713,1.1961966e+06,-506755.454568713,3803.375
1850000.0,1642493.7064111528,1.7527658e+06,207506.29358884715,97234.25
2175000.0,2599033.991409299,2.152968e+06,-424033.99140929896,22032.0
1600000.0,1574099.6740354546,1.707773e+06,25900.325964545365,-107773.0
690000.0,605945.3937164281,682733.1,84054.60628357192,7266.875
765000.0,945588.3453566849,787769.06,-180588.34535668488,-22769.0625
1199990.0,1679410.3020090424,1.1969681e+06,-479420.30200904235,3021.875
1500000.0,1480030.0909166904,1.565566e+06,19969.909083309583,-65566.0
973200.0,1123302.6684586008,1.0219265e+06,-150102.66845860076,-48726.5
2575000.0,2624100.341216023,2.6049102e+06,-49100.34121602308,-29910.25
735000.0,949069.8812312093,723965.44,-214069.88123120926,11034.5625
495000.0,634127.913858609,510218.97,-139127.91385860904,-15218.96875
1875000.0,1738680.1874063152,2.2709448e+06,136319.81259368476,-395944.75
1150000.0,1091166.6137174636,1.1055342e+06,58833.386282536434,44465.75
1160000.0,1701144.468246358,1.1511151e+06,-541144.468246358,8884.875
420000.0,787553.2316937242,423258.2,-367553.23169372417,-3258.1875
644000.0,673195.2690196439,643251.4,-29195.269019643893,748.625
300000.0,545572.6153052234,316265.34,-245572.6153052234,-16265.34375
115000.0,477236.13336997095,127600.47,-362236.13336997095,-12600.46875
1160000.0,1655871.6514143602,1.1177011e+06,-495871.65141436015,42298.875
325000.0,393105.3630979945,341108.8,-68105.36309799447,-16108.8125
755000.0,651863.9329085699,672504.1,103136.06709143007,82495.875
775000.0,769634.2053091893,813896.4,5365.794690810726,-38896.375
355000.0,353523.02917486825,352835.44,1476.9708251317497,2164.5625
355000.0,659448.3730236884,387812.72,-304448.37302368844,-32812.71875
2180000.0,2624283.80880998,2.2014005e+06,-444283.8088099798,-21400.5
749000.0,723707.9439187399,769598.2,25292.05608126009,-20598.1875
1125000.0,1237497.4398822242,1.1095331e+06,-112497.4398822242,15466.875
999000.0,1682902.0437565828,1.0141585e+06,-683902.0437565828,-15158.5
429489.0,308433.1055370992,440088.7,121055.89446290082,-10599.6875
500000.0,553771.9873332971,529671.75,-53771.98733329715,-29671.75
720000.0,884197.9702535986,712303.75,-164197.97025359864,7696.25
1020000.0,1065340.2309903484,1.082554e+06,-45340.230990348384,-62554.0
1350000.0,1385875.4444303454,1.3456785e+06,-35875.44443034544,4321.5
850000.0,826380.2103337084,825244.3,23619.78966629156,24755.6875
436000.0,689641.2669858348,420172.66,-253641.2669858348,15827.34375
609000.0,670725.1376311219,596496.3,-61725.13763112191,12503.6875
1810000.0,1726662.8668791263,1.8341712e+06,83337.13312087371,-24171.25
1998000.0,2016139.275455379,2.0453115e+06,-18139.275455378927,-47311.5
2517500.0,2389790.7435453543,2.609346e+06,127709.25645464566,-91846.0
950000.0,885028.8650178018,900403.1,64971.134982198244,49596.875
1150000.0,1895993.0436653867,1.1521959e+06,-745993.0436653867,-2195.875
4400000.0,3892507.904960539,4.3336435e+06,507492.0950394608,66356.5
755000.0,829653.8780403296,795897.44,-74653.87804032955,-40897.4375
890000.0,841614.8123673808,917619.25,48385.18763261917,-27619.25
1120000.0,986894.5113483629,1.0027438e+06,133105.4886516371,117256.1875
2799000.0,2571553.952285731,2.797917e+06,227446.0477142688,1083.0
878000.0,910863.5014596848,907343.9,-32863.501459684805,-29343.875
715000.0,615962.6760877748,739996.0,99037.3239122252,-24996.0
1675000.0,1648902.8275609233,1.6577138e+06,26097.172439076705,17286.25
1020000.0,985165.6832159864,1.03179475e+06,34834.316784013645,-11794.75
1475000.0,1953324.485234278,1.4517058e+06,-478324.485234278,23294.25
979900.0,1011597.9823926673,1.0124085e+06,-31697.982392667327,-32508.5
1020000.0,1088475.1924280992,1.0388445e+06,-68475.19242809922,-18844.5
443000.0,402971.51226932835,424409.34,40028.48773067165,18590.65625
440000.0,582140.936891658,437121.78,-142140.936891658,2878.21875
850000.0,937834.7855129926,868274.2,-87834.78551299265,-18274.1875
1710150.0,1610768.9496584318,1.6833019e+06,99381.05034156819,26848.125
2075000.0,1983094.0848501623,2.1149915e+06,91905.91514983773,-39991.5
380000.0,337208.6434006579,394215.28,42791.35659934208,-14215.28125
415000.0,475642.0312194304,426862.3,-60642.031219430384,-11862.3125
3380000.0,2983395.7203118573,3.2437375e+06,396604.2796881427,136262.5
595000.0,594342.2935038678,579848.06,657.7064961321885,15151.9375
1410000.0,1925876.4145412508,1.3760592e+06,-515876.4145412508,33940.75
1600000.0,1742462.5977546144,1.7468001e+06,-142462.59775461443,-146800.125
2750000.0,2596393.531984622,2.7947408e+06,153606.46801537788,-44740.75
975000.0,1043284.4618426014,955266.6,-68284.46184260142,19733.375
595000.0,689079.0816620192,576139.44,-94079.08166201925,18860.5625
1550000.0,1516956.7442339992,1.5182005e+06,33043.25576600083,31799.5
1235000.0,1477819.6350432844,1.2386228e+06,-242819.6350432844,-3622.75
420000.0,446860.1929464501,410047.72,-26860.192946450086,9952.28125
551500.0,493591.39486079244,517314.06,57908.60513920756,34185.9375
650000.0,737897.7286167914,666417.25,-87897.72861679143,-16417.25
1350000.0,1197747.4598619102,1.2174118e+06,152252.5401380898,132588.25
3700000.0,3507046.845092124,3.8627572e+06,192953.15490787616,-162757.25
3600000.0,3399854.0807491015,3.750302e+06,200145.91925089853,-150302.0
1060000.0,982220.7357714304,1.0885699e+06,77779.26422856958,-28569.875
2150000.0,2031629.7669929536,2.1841045e+06,118370.2330070464,-34104.5
760000.0,978229.1853987336,785396.4,-218229.1853987336,-25396.375
3950000.0,3713592.3546783635,4.216345e+06,236407.64532163646,-266345.0
1900000.0,2034727.0622247434,1.8911511e+06,-134727.06222474342,8848.875
1560000.0,1345165.2312463974,1.547278e+06,214834.76875360264,12722.0
860000.0,843707.5339519135,874751.25,16292.466048086528,-14751.25
1385000.0,1360227.2990411448,1.4216681e+06,24772.700958855217,-36668.125
878250.0,916477.0278050564,909117.8,-38227.02780505642,-30867.8125
1245000.0,1306584.4244135814,1.268216e+06,-61584.42441358138,-23216.0
725000.0,743396.8774709934,715032.3,-18396.877470993437,9967.6875
843000.0,811227.7809315649,859102.6,31772.219068435137,-16102.625
775000.0,1293056.678562881,769686.25,-518056.67856288096,5313.75
966000.0,1021853.5542399229,1.0397355e+06,-55853.5542399229,-73735.5
1242000.0,1167865.9222920728,1.1687788e+06,74134.07770792721,73221.25
345000.0,337304.68428011006,346234.75,7695.315719889943,-1234.75
1105000.0,1161023.8634314206,1.1313541e+06,-56023.86343142064,-26354.125
600000.0,647941.272298862,608543.2,-47941.27229886199,-8543.1875
720000.0,918296.749653265,725587.0,-198296.749653265,-5587.0
1200000.0,1164968.9322271121,1.1373841e+06,35031.06777288788,62615.875
820000.0,812652.1162568553,776588.25,7347.883743144688,43411.75
2202802.0,1793805.0478400392,2.0549446e+06,408996.95215996075,147857.375
1290000.0,1419021.561732229,1.2773195e+06,-129021.56173222908,12680.5
1075000.0,1537665.8043414382,1.0342094e+06,-462665.8043414382,40790.625
390000.0,1064908.2641822281,394710.0,-674908.2641822281,-4710.0
990000.0,1004696.4214405246,1.0278849e+06,-14696.421440524631,-37884.875
1257900.0,1454969.4065439445,1.2963101e+06,-197069.4065439445,-38410.125
1375000.0,1508464.351542411,1.6059069e+06,-133464.3515424109,-230906.875
2955025.0,2851327.897190541,2.882999e+06,103697.10280945897,72026.0
880000.0,1583033.7544904342,916128.4,-703033.7544904342,-36128.375
2000000.0,2072044.784407916,2.1296472e+06,-72044.78440791601,-129647.25
644000.0,715993.1788414463,653078.3,-71993.1788414463,-9078.3125
1750000.0,1774786.500776812,1.7870685e+06,-24786.50077681197,-37068.5
490000.0,558450.4232683692,510303.62,-68450.42326836917,-20303.625
1510000.0,1693866.242704106,1.5569852e+06,-183866.24270410603,-46985.25
870000.0,960459.8322238032,927939.25,-90459.83222380315,-57939.25
3050000.0,3006592.9660750683,2.992446e+06,43407.03392493166,57554.0
975000.0,987493.9531796818,995105.5,-12493.95317968179,-20105.5
742500.0,1356283.4851094203,776810.5,-613783.4851094203,-34310.5
435000.0,591850.8078379749,434468.97,-156850.80783797486,531.03125
2250000.0,2078895.0330515858,2.2664898e+06,171104.96694841422,-16489.75
672000.0,1373425.4318274292,772313.44,-701425.4318274292,-100313.4375
925000.0,1465718.8945782185,905524.25,-540718.8945782185,19475.75
1530000.0,1393092.3226802247,1.4346465e+06,136907.67731977534,95353.5
1400000.0,1264873.2896335607,1.4322638e+06,135126.7103664393,-32263.75
1340000.0,1443227.531217036,1.3955806e+06,-103227.53121703607,-55580.625
3258888.0,3044735.5311991367,3.2386898e+06,214152.46880086325,20198.25
1260000.0,2226290.6555053405,1.2667099e+06,-966290.6555053405,-6709.875
2450000.0,2397187.4712442663,2.4749005e+06,52812.52875573374,-24900.5
525000.0,468714.99967311753,516800.72,56285.000326882466,8199.28125
555000.0,561385.9999853967,565874.9,-6385.999985396746,-10874.875
230000.0,340760.96583550016,253123.81,-110760.96583550016,-23123.8125
3427500.0,3316511.862882687,3.5784438e+06,110988.13711731322,-150943.75
405531.0,306346.59078706556,415205.44,99184.40921293444,-9674.4375
355000.0,313189.6270549415,353574.12,41810.37294505851,1425.875
855000.0,1353046.5176213745,851019.1,-498046.51762137446,3980.875
1165000.0,1230258.053036696,1.1208169e+06,-65258.053036696045,44183.125
560000.0,628487.3359892449,567379.8,-68487.33598924486,-7379.8125
1400000.0,2126898.1850834424,1.4378229e+06,-726898.1850834424,-37822.875
721700.0,1342439.4261908815,727580.5,-620739.4261908815,-5880.5
780000.0,720278.9857232359,739347.06,59721.01427676412,40652.9375
1988000.0,1873904.1319621098,2.0374795e+06,114095.86803789018,-49479.5
799000.0,869277.4873871738,823757.4,-70277.48738717381,-24757.375
1300000.0,1327954.3013146063,1.2927731e+06,-27954.30131460633,7226.875
2650000.0,2763478.058087298,2.9469235e+06,-113478.05808729818,-296923.5
580000.0,535509.753927098,579244.5,44490.246072901995,755.5
933500.0,924213.4956039452,897233.25,9286.504396054777,36266.75
340000.0,441336.3211992284,355367.12,-101336.3211992284,-15367.125
755000.0,772577.2357462345,771717.75,-17577.23574623454,-16717.75
460000.0,578261.1379882364,440908.28,-118261.13798823638,19091.71875
1588000.0,1557284.6145672495,1.6207542e+06,30715.385432750452,-32754.25
515000.0,597263.0327010239,533575.06,-82263.03270102385,-18575.0625
4525000.0,4504442.40133442,4.689224e+06,20557.598665580153,-164224.0
572056.0,477886.28357121674,567178.56,94169.71642878326,4877.4375
977500.0,949915.193561818,965131.56,27584.806438182015,12368.4375
785000.0,753976.5170960103,742474.4,31023.48290398973,42525.625
1200000.0,1729887.7819236969,1.1588619e+06,-529887.7819236969,41138.125
667990.0,719253.8983578606,676548.44,-51263.89835786063,-8558.4375
1135000.0,1215336.5714318797,1.0940328e+06,-80336.57143187965,40967.25
589000.0,1336879.8614933004,607647.2,-747879.8614933004,-18647.1875
920000.0,842710.2891828128,953344.5,77289.71081718721,-33344.5
525000.0,686580.1420773114,593036.9,-161580.1420773114,-68036.875
2500000.0,2424378.8803166114,2.4753395e+06,75621.11968338862,24660.5
3650000.0,3350317.261310113,3.465913e+06,299682.7386898869,184087.0
810000.0,905309.1073942871,830718.0,-95309.10739428713,-20718.0
2250000.0,2105853.077286106,2.241792e+06,144146.92271389393,8208.0
1420000.0,1335897.654938554,1.3842461e+06,84102.34506144607,35753.875
2520000.0,2440267.448508417,2.5655742e+06,79732.55149158323,-45574.25
1054500.0,1567107.1505575972,1.068608e+06,-512607.15055759717,-14108.0
570000.0,1301113.2981687153,605187.56,-731113.2981687153,-35187.5625
1325000.0,981171.10540252,942206.2,343828.89459747996,382793.8125
671000.0,679300.2298775432,660748.25,-8300.22987754317,10251.75
240000.0,378027.65664966486,239746.94,-138027.65664966486,253.0625
1620000.0,1595244.7474417887,1.5784244e+06,24755.25255821133,41575.625
323000.0,451230.4809776631,311860.47,-128230.48097766307,11139.53125
890000.0,1598829.552208506,954301.4,-708829.552208506,-64301.375
740000.0,708101.2303666028,713390.1,31898.769633397227,26609.875
41000.0,491944.4955448123,413071.5,-450944.4955448123,-372071.5
910000.0,833228.3831404895,896389.1,76771.61685951054,13610.875
1025000.0,1019477.1538065495,1.1158118e+06,5522.846193450503,-90811.75
1475000.0,1828574.277538942,1.6072215e+06,-353574.27753894194,-132221.5
1585000.0,1694645.5904077543,1.6053128e+06,-109645.5904077543,-20312.75
560000.0,488111.2846824145,522915.06,71888.7153175855,37084.9375
1470000.0,1436651.272704969,1.437121e+06,33348.72729503107,32879.0
1450000.0,1936289.4784202748,1.4734352e+06,-486289.4784202748,-23435.25
1010000.0,874927.5261824277,911422.6,135072.47381757235,98577.375
840000.0,866371.112111426,813499.9,-26371.11211142596,26500.125
969000.0,931035.9462847275,945612.5,37964.05371527246,23387.5
454000.0,463054.0485300212,439290.3,-9054.048530021217,14709.6875
1255000.0,1810825.4088362427,1.2513661e+06,-555825.4088362427,3633.875
1100000.0,1665124.0875367965,1.0862635e+06,-565124.0875367965,13736.5
1150000.0,1005322.9714026185,1.0474756e+06,144677.02859738155,102524.375
1150000.0,995184.728379176,1.1129455e+06,154815.271620824,37054.5
805000.0,1015045.2937765247,806939.0,-210045.29377652472,-1939.0
825000.0,709931.2031125468,825222.25,115068.79688745318,-222.25
1180000.0,960372.2279446216,1.0602272e+06,219627.77205537842,119772.75
1750000.0,1522297.5463317223,1.5786488e+06,227702.4536682777,171351.25
1210000.0,1144261.829276048,1.127153e+06,65738.17072395189,82847.0
1165000.0,1741772.529639998,1.1366522e+06,-576772.529639998,28347.75
3390000.0,3214531.6082434403,3.4835588e+06,175468.39175655972,-93558.75
1400000.0,1162540.988679973,1.1700612e+06,237459.01132002706,229938.75
1236750.0,1003699.6051427899,1.0610204e+06,233050.3948572101,175729.625
1220000.0,1660405.9440860618,1.1704955e+06,-440405.9440860618,49504.5
1600000.0,1725277.5083632637,1.6134874e+06,-125277.50836326368,-13487.375
799000.0,983267.466966283,803266.6,-184267.46696628304,-4266.625
610000.0,1460279.5416794522,613910.0,-850279.5416794522,-3910.0
585000.0,1151527.7684462015,573939.25,-566527.7684462015,11060.75
1180000.0,1350127.268226646,1.2668862e+06,-170127.2682266459,-86886.25
4650000.0,3673037.2486358522,3.8054065e+06,976962.7513641478,844593.5
575000.0,570740.1349182619,573375.75,4259.8650817380985,1624.25
420000.0,492822.7665462841,426665.3,-72822.76654628408,-6665.3125
780000.0,1435081.2994360202,815546.7,-655081.2994360202,-35546.6875
1975000.0,1892021.3701546737,2.0533342e+06,82978.6298453263,-78334.25
1470000.0,1579206.9459084456,1.4657466e+06,-109206.94590844563,4253.375
1475000.0,1170638.8481975344,1.0928795e+06,304361.15180246555,382120.5
4330000.0,4550831.377169646,4.0052865e+06,-220831.37716964632,324713.5
1605000.0,1230040.1438233138,1.4590411e+06,374959.85617668624,145958.875
2850000.0,2642839.535213098,2.6686352e+06,207160.46478690207,181364.75
2025000.0,1794740.7134887686,1.9558664e+06,230259.28651123145,69133.625
440000.0,462800.4861115889,432195.22,-22800.486111588893,7804.78125
858000.0,1569773.964882155,847214.75,-711773.964882155,10785.25
2830000.0,2343625.3315948043,2.625058e+06,486374.6684051957,204942.0
1200000.0,1227864.5501644646,1.2411851e+06,-27864.55016446463,-41185.125
948000.0,979527.8882856627,975403.44,-31527.888285662746,-27403.4375
2307500.0,2292091.5004888913,2.3667635e+06,15408.499511108734,-59263.5
1010000.0,1223506.9856010722,1.02915906e+06,-213506.9856010722,-19159.0625
500000.0,668902.1868708176,496861.62,-168902.18687081756,3138.375
760000.0,735754.5629315034,749346.75,24245.437068496598,10653.25
1585000.0,1433252.8643781075,1.426669e+06,151747.13562189252,158331.0
405000.0,452804.25882048346,396458.56,-47804.25882048346,8541.4375
1450000.0,1270690.6006247438,1.4207681e+06,179309.39937525615,29231.875
360000.0,360161.9253674954,368555.2,-161.9253674953943,-8555.1875
980000.0,1075750.5730837053,1.0622758e+06,-95750.57308370527,-82275.75
2120000.0,1921006.3245297344,2.0464139e+06,198993.67547026556,73586.125
1600000.0,1575237.0270102774,1.5809492e+06,24762.97298972262,19050.75
2695000.0,2515666.948955817,2.6766462e+06,179333.05104418285,18353.75
1205000.0,1105648.8326151199,1.1568841e+06,99351.16738488013,48115.875
2385000.0,2543134.2453323733,2.4938168e+06,-158134.2453323733,-108816.75
2535000.0,2522458.8334750286,2.680097e+06,12541.16652497137,-145097.0
1115000.0,1740573.9657720753,1.0470342e+06,-625573.9657720753,67965.8125
1299000.0,1497409.8177147028,1.3231754e+06,-198409.8177147028,-24175.375
1865000.0,1967866.2675428027,1.912513e+06,-102866.26754280273,-47513.0
1860000.0,1719337.2069650216,1.9516294e+06,140662.79303497844,-91629.375
950000.0,1046343.4298825206,990659.9,-96343.42988252058,-40659.875
551000.0,498985.9297759561,551002.1,52014.07022404391,-2.125
700000.0,736095.9489374759,679226.2,-36095.948937475914,20773.8125
1700000.0,1720265.6858724884,1.6750515e+06,-20265.685872488422,24948.5
1635000.0,1775617.8853525235,1.7763128e+06,-140617.88535252353,-141312.75
1975000.0,1849500.897691471,1.9487262e+06,125499.10230852896,26273.75
2850000.0,3466624.5950905904,3.0828585e+06,-616624.5950905904,-232858.5
380000.0,754343.1454784339,334199.94,-374343.14547843393,45800.0625
1570000.0,1755967.075731974,1.6356328e+06,-185967.0757319741,-65632.75
3200000.0,3004195.384468185,3.3266195e+06,195804.61553181522,-126619.5
900000.0,1441393.4365910091,946202.44,-541393.4365910091,-46202.4375
1375000.0,1170891.4686105577,1.3377975e+06,204108.53138944227,37202.5
1299000.0,1350095.4539919354,1.2989026e+06,-51095.453991935356,97.375
1300000.0,1410021.1768322955,1.2779262e+06,-110021.17683229549,22073.75
382000.0,341091.5165362501,406755.8,40908.48346374987,-24755.8125
950000.0,911452.6146212345,956192.6,38547.385378765524,-6192.625
1435000.0,1511349.4827957726,1.4771074e+06,-76349.48279577261,-42107.375
2050000.0,1731569.4081521044,1.8145841e+06,318430.59184789564,235415.875
460000.0,399978.20320249477,473369.5,60021.79679750523,-13369.5
503000.0,633229.5730135898,479690.88,-130229.57301358983,23309.125
2147250.0,2536825.737994514,2.1026052e+06,-389575.73799451394,44644.75
3500000.0,3144671.356307854,3.3692272e+06,355328.64369214606,130772.75
3265000.0,3131066.849100968,3.2745265e+06,133933.15089903213,-9526.5
2100000.0,2361747.2595748254,2.41896e+06,-261747.2595748254,-318960.0
2565000.0,2385501.168551257,2.5510355e+06,179498.83144874312,13964.5
1900000.0,1838972.993438363,1.7315229e+06,61027.006561636925,168477.125
1150000.0,1105832.6929923112,1.157671e+06,44167.307007688796,-7671.0
1100000.0,1660928.6507998353,1.1370805e+06,-560928.6507998353,-37080.5
740000.0,759944.4756191305,771712.6,-19944.475619130535,-31712.625
2976000.0,2628776.1922940584,2.9165015e+06,347223.8077059416,59498.5
1405000.0,1221428.4588643187,1.2282232e+06,183571.54113568133,176776.75
557000.0,529968.8533072795,535056.4,27031.146692720475,21943.625
575000.0,622429.9344100079,601659.94,-47429.9344100079,-26659.9375
775000.0,1315111.997277237,727047.1,-540111.997277237,47952.875
1250000.0,1212806.9689420434,1.2401984e+06,37193.03105795663,9801.625
1960000.0,1956087.1474910947,1.897105e+06,3912.8525089053437,62895.0
1725000.0,1776703.9304818339,1.6667876e+06,-51703.93048183387,58212.375
580000.0,563232.706482768,592604.94,16767.293517232058,-12604.9375
1125000.0,1150982.3473158616,1.2011636e+06,-25982.34731586161,-76163.625
2710000.0,2743540.680818067,2.508565e+06,-33540.68081806693,201435.0
890000.0,978012.9191282246,785425.56,-88012.9191282246,104574.4375
905000.0,1478279.3112923284,939185.6,-573279.3112923284,-34185.625
750000.0,484203.6970092094,619416.9,265796.3029907906,130583.125
885000.0,1448688.2653913682,896381.4,-563688.2653913682,-11381.375
1560000.0,1777445.0262826695,1.5922172e+06,-217445.0262826695,-32217.25
840000.0,843601.8121961269,798047.6,-3601.812196126906,41952.375
2075000.0,2121662.162149179,2.1258992e+06,-46662.162149178796,-50899.25
1050000.0,1070938.6179138797,1.0740649e+06,-20938.617913879687,-24064.875
500000.0,835858.5149452593,502333.62,-335858.5149452593,-2333.625
3180000.0,3031311.8762463774,3.2697522e+06,148688.12375362264,-89752.25
2188000.0,2064650.014637598,2.2615928e+06,123349.98536240193,-73592.75
4300000.0,3836300.0826986516,3.7873692e+06,463699.9173013484,512630.75
680000.0,691506.3235072935,687797.9,-11506.323507293477,-7797.875
1900000.0,1826786.9271913636,1.8703435e+06,73213.07280863635,29656.5
2025000.0,2084486.4710534327,2.1113922e+06,-59486.47105343267,-86392.25
650000.0,659219.5768221461,637614.6,-9219.576822146075,12385.375
760000.0,1395588.7997677107,770877.0,-635588.7997677107,-10877.0
1100000.0,1091305.4149509082,1.1262815e+06,8694.585049091838,-26281.5
350000.0,389099.82167164504,354429.62,-39099.82167164504,-4429.625
1758855.0,1838853.4780247952,1.9398075e+06,-79998.47802479519,-180952.5
1107000.0,1171637.8814943791,1.1562642e+06,-64637.88149437914,-49264.25
635000.0,684828.8770179196,614515.7,-49828.877017919556,20484.3125
737000.0,770722.6713122902,771461.0,-33722.671312290244,-34461.0
830000.0,845817.1042428581,825238.8,-15817.104242858128,4761.1875
1300000.0,1409214.3682571729,1.3965579e+06,-109214.36825717287,-96557.875
750000.0,916465.4133235436,769359.7,-166465.41332354362,-19359.6875
1060000.0,1084241.3047841834,1.1112889e+06,-24241.30478418339,-51288.875
1260000.0,1138770.7808330574,1.148708e+06,121229.21916694264,111292.0
1004000.0,1122153.541347784,664716.1,-118153.54134778399,339283.875
1155000.0,1584541.684641285,1.129586e+06,-429541.6846412851,25414.0
3010000.0,2961427.0925667547,2.841872e+06,48572.90743324533,168128.0
3550000.0,3890212.410125543,3.9892948e+06,-340212.4101255429,-439294.75
800100.0,711198.7506415128,768816.2,88901.2493584872,31283.8125
902000.0,1264274.8437268045,890615.25,-362274.8437268045,11384.75
959000.0,1000418.1762727299,968753.75,-41418.17627272988,-9753.75
1700000.0,1624988.6022924841,1.8486468e+06,75011.39770751586,-148646.75
1900000.0,1731834.0030521825,1.7657028e+06,168165.9969478175,134297.25
482000.0,303425.5284296551,475324.2,178574.47157034487,6675.8125
790000.0,908149.8302179205,803740.1,-118149.83021792048,-13740.125
470000.0,636450.5493073722,442481.2,-166450.5493073722,27518.8125
382000.0,509241.5234810525,376840.72,-127241.52348105249,5159.28125
560000.0,637561.7736800282,565986.0,-77561.77368002816,-5986.0
755000.0,1338500.6032323875,759204.4,-583500.6032323875,-4204.375
1350000.0,1715326.0641526184,1.3786036e+06,-365326.0641526184,-28603.625
1546000.0,2046798.28745764,1.5464415e+06,-500798.28745764005,-441.5
1760000.0,2006941.7792966317,1.9905185e+06,-246941.7792966317,-230518.5
1659000.0,2077688.435006003,1.5918801e+06,-418688.4350060029,67119.875
345000.0,536985.0215714739,344532.16,-191985.02157147392,467.84375
1350000.0,1201821.5169142557,1.3064822e+06,148178.48308574432,43517.75
1236000.0,1179804.820697436,1.081354e+06,56195.17930256389,154646.0
1600000.0,1155327.7099199896,1.3601431e+06,444672.2900800104,239856.875
1000000.0,1482115.8899561893,961722.8,-482115.8899561893,38277.1875
1075000.0,1325379.6381059487,1.135311e+06,-250379.6381059487,-60311.0
870000.0,918503.2107081448,856062.6,-48503.21070814482,13937.375
2100000.0,2519562.878849388,1.9957629e+06,-419562.8788493881,104237.125
925000.0,1502400.6032450865,1.0412428e+06,-577400.6032450865,-116242.8125
1700000.0,1713983.3184345793,1.759547e+06,-13983.318434579298,-59547.0
618000.0,784769.2251836183,619216.7,-166769.22518361825,-1216.6875
860000.0,805984.2038889653,860258.6,54015.796111034695,-258.625
1545000.0,2108121.8084565774,1.5374596e+06,-563121.8084565774,7540.375
1200000.0,1229094.710210362,1.2408538e+06,-29094.710210361984,-40853.75
1300000.0,1695486.3607370672,1.2507208e+06,-395486.3607370672,49279.25
1505000.0,1482900.7379836072,1.4910055e+06,22099.26201639278,13994.5
820000.0,777185.258935618,798751.94,42814.74106438202,21248.0625
1305000.0,1816939.7307090159,1.3237332e+06,-511939.73070901586,-18733.25
715000.0,740883.876801787,799660.44,-25883.876801786944,-84660.4375
1410000.0,1382715.3117181084,1.4467179e+06,27284.688281891635,-36717.875
470000.0,380455.2911670405,454744.2,89544.70883295953,15255.8125
720000.0,850106.0937261143,716385.1,-130106.09372611425,3614.875
1600000.0,1560077.3300007498,1.659634e+06,39922.66999925021,-59634.0
285710.0,255348.77072213404,307750.44,30361.22927786596,-22040.4375
1050000.0,933080.3236117652,1.0605914e+06,116919.67638823483,-10591.375
559950.0,458995.7047755718,564220.0,100954.29522442818,-4270.0
842000.0,932646.189340105,893107.3,-90646.18934010505,-51107.3125
726000.0,396002.9496597537,420908.62,329997.0503402463,305091.375
1550000.0,1591941.251493475,1.6724609e+06,-41941.251493474934,-122460.875
2300000.0,2362438.3880164237,2.3277338e+06,-62438.388016423676,-27733.75
1650000.0,1871049.000517952,1.7000041e+06,-221049.00051795202,-50004.125
1755000.0,2045197.3736473029,1.6592764e+06,-290197.37364730285,95723.625
1510000.0,1103087.4249208556,1.2434374e+06,406912.57507914444,266562.625
560000.0,896302.4832076,704660.75,-336302.48320759996,-144660.75
297000.0,1517368.5868924893,301984.56,-1220368.5868924893,-4984.5625
489900.0,637113.6802458371,499160.3,-147213.68024583708,-9260.3125
750000.0,852595.4521784752,756637.7,-102595.45217847521,-6637.6875
950000.0,983588.0268643268,980398.44,-33588.02686432679,-30398.4375
3610000.0,3482043.5386326117,3.5316878e+06,127956.46136738826,78312.25
675000.0,709772.9345250471,675169.1,-34772.93452504708,-169.125
2100000.0,1961024.203703969,2.0519796e+06,138975.79629603098,48020.375
850000.0,1451380.8714836147,903243.9,-601380.8714836147,-53243.875
1050000.0,977653.9416303784,1.0634272e+06,72346.05836962163,-13427.25
711000.0,731067.0359690667,728654.75,-20067.035969066666,-17654.75
1208000.0,1134951.2186925306,1.216387e+06,73048.78130746935,-8387.0
430000.0,428180.19924462365,425364.4,1819.8007553763455,4635.59375
1252000.0,1177386.866875159,1.245588e+06,74613.13312484091,6412.0
975000.0,881227.0147769314,948746.06,93772.98522306862,26253.9375
1210000.0,1758063.4786624515,1.2713475e+06,-548063.4786624515,-61347.5
1000000.0,1038284.0954311569,900078.56,-38284.09543115692,99921.4375
1075000.0,1016997.1290327117,1.0324936e+06,58002.87096728827,42506.375
1650000.0,1684048.0239488878,1.718815e+06,-34048.02394888783,-68815.0
1465000.0,1368711.8923767093,1.5108905e+06,96288.10762329074,-45890.5
1299950.0,1788080.5691806492,1.3824375e+06,-488130.56918064924,-82487.5
2740000.0,2633328.9939830303,2.6721012e+06,106671.00601696968,67898.75
680000.0,664301.1612613759,689358.8,15698.838738624123,-9358.8125
1345000.0,1268117.920576731,1.3661621e+06,76882.07942326902,-21162.125
1800000.0,1738799.5560414176,1.7487252e+06,61200.44395858236,51274.75
4700000.0,4607128.332024518,4.7936045e+06,92871.6679754816,-93604.5
800000.0,731124.4885175203,763458.4,68875.51148247975,36541.625
825000.0,1274141.3404593843,844072.75,-449141.34045938426,-19072.75
1050000.0,596445.1513910557,771077.0,453554.84860894433,278923.0
1750000.0,1609131.4164917418,1.74697e+06,140868.58350825822,3030.0
1680000.0,1495220.8754585842,1.6873828e+06,184779.12454141583,-7382.75
1855000.0,1795497.3017618903,1.892923e+06,59502.698238109704,-37923.0
3935000.0,3674846.9647303657,3.8420215e+06,260153.03526963433,92978.5
850000.0,743566.8899114521,835677.06,106433.11008854792,14322.9375
1290000.0,1694792.5973203909,1.2572202e+06,-404792.59732039087,32779.75
2415000.0,2195572.821306658,2.1849002e+06,219427.17869334202,230099.75
1915000.0,1612148.620589578,1.734296e+06,302851.37941042194,180704.0
2425000.0,2364731.4414314968,2.4199522e+06,60268.55856850324,5047.75
850000.0,1296348.3608943752,905743.6,-446348.36089437525,-55743.625
338500.0,386864.52278034564,335152.34,-48364.52278034564,3347.65625
1349000.0,1380367.601995926,1.3549735e+06,-31367.601995925885,-5973.5
1475000.0,1438388.1999689385,1.3872408e+06,36611.80003106152,87759.25
1250000.0,1274278.048786606,1.24759e+06,-24278.04878660594,2410.0
1300000.0,1297664.7313782643,1.3115731e+06,2335.2686217357405,-11573.125
3100000.0,3134611.3143431284,3.0143635e+06,-34611.31434312835,85636.5
717500.0,905909.9474545899,652378.6,-188409.94745458988,65121.375
735000.0,918323.521812551,745309.25,-183323.52181255096,-10309.25
775000.0,908538.1046694068,717236.25,-133538.10466940678,57763.75
475000.0,347595.68763786985,493006.75,127404.31236213015,-18006.75
4100088.0,3442250.8085129145,3.4805768e+06,657837.1914870855,619511.25
1525000.0,1327547.8383019208,1.4580869e+06,197452.1616980792,66913.125
727150.0,1300372.3545764056,708060.6,-573222.3545764056,19089.375
545000.0,529224.9529693521,547566.8,15775.047030647867,-2566.8125
1187000.0,1058740.7695053245,1.1280068e+06,128259.23049467546,58993.25
1000000.0,1010255.7626167533,934757.1,-10255.762616753345,65242.875
1165000.0,852025.716804732,1.0765169e+06,312974.283195268,88483.125
1315000.0,1145154.442486099,1.0608504e+06,169845.55751390103,254149.625
1760000.0,1798266.365915388,1.8170656e+06,-38266.3659153881,-57065.625
412000.0,610528.9268645815,407236.75,-198528.92686458153,4763.25
1379000.0,1249980.0954158565,1.3406072e+06,129019.90458414354,38392.75
695000.0,660495.5701568314,685969.6,34504.42984316859,9030.375
910000.0,997140.5882234067,951342.75,-87140.5882234067,-41342.75
870000.0,1344551.9111960633,830109.0,-474551.9111960633,39891.0
1900000.0,1766664.319003568,1.8889521e+06,133335.68099643197,11047.875
745000.0,687193.037653301,721874.4,57806.96234669897,23125.625
545000.0,597105.4318912281,544343.9,-52105.43189122807,656.125
750000.0,1371330.9676225018,729324.25,-621330.9676225018,20675.75
699950.0,1033216.6224367588,730196.25,-333266.62243675883,-30246.25
1000000.0,1179124.4892267252,1.2307982e+06,-179124.48922672519,-230798.25
2220000.0,1864345.9460619912,1.9490272e+06,355654.05393800884,270972.75
1080000.0,1676229.1436887872,1.1514588e+06,-596229.1436887872,-71458.75
675000.0,692642.2798268497,673262.0,-17642.2798268497,1738.0
660000.0,572391.7937952692,664144.6,87608.20620473078,-4144.625
1167000.0,1208487.090584549,1.1830738e+06,-41487.09058454889,-16073.75
1099000.0,1104039.0117298006,1.1500354e+06,-5039.011729800608,-51035.375
530000.0,507126.40409623634,520324.3,22873.595903763664,9675.6875
690000.0,872121.1213336508,691669.56,-182121.12133365078,-1669.5625
1550000.0,1457807.6364918808,1.5289104e+06,92192.36350811925,21089.625
460000.0,441597.7531701379,450675.94,18402.246829862124,9324.0625
1249888.0,1470232.1537188946,1.2704276e+06,-220344.15371889458,-20539.625
565000.0,516277.89865689643,557153.3,48722.10134310357,7846.6875
1225000.0,1728234.5730305202,1.2314558e+06,-503234.57303052023,-6455.75
2537000.0,2569821.736173297,2.4152672e+06,-32821.73617329681,121732.75
1300000.0,1269606.601592909,1.2049521e+06,30393.39840709092,95047.875
640000.0,602885.1487929259,613779.44,37114.85120707413,26220.5625
5773000.0,5503181.446153485,5.200447e+06,269818.5538465148,572553.0
1715000.0,1686793.3776513725,1.7556265e+06,28206.62234862754,-40626.5
2998000.0,2958305.434275943,2.9813225e+06,39694.565724057145,16677.5
1888119.0,1816523.8372894435,1.9530202e+06,71595.16271055653,-64901.25
2218000.0,2142038.7050289907,2.1818955e+06,75961.29497100925,36104.5
590000.0,566735.9811356714,598328.0,23264.018864328624,-8328.0
486000.0,485697.08258298144,491661.56,302.9174170185579,-5661.5625
2885000.0,2739017.226576281,3.0073085e+06,145982.77342371922,-122308.5
1651000.0,1628829.4256326961,1.6628089e+06,22170.574367303867,-11808.875
625000.0,572847.0130522413,598328.0,52152.986947758705,26672.0
3710000.0,3965150.3417698178,3.665628e+06,-255150.34176981775,44372.0
1256000.0,1221593.7735087709,1.252584e+06,34406.22649122914,3416.0
658000.0,571804.9252760647,652015.44,86195.07472393534,5984.5625
1650000.0,2005603.750014579,1.4211245e+06,-355603.7500145789,228875.5
1350000.0,1761687.5750217843,1.2260056e+06,-411687.5750217843,123994.375
1010000.0,1572845.85516558,1.0272783e+06,-562845.85516558,-17278.3125
1107000.0,1547048.6109889164,1.094635e+06,-440048.61098891636,12365.0
729900.0,735998.9960963884,711770.7,-6098.996096388437,18129.3125
3500000.0,3055860.0448401403,3.2866092e+06,444139.95515985973,213390.75
4250000.0,3695669.725671445,3.9415738e+06,554330.274328555,308426.25
1339000.0,1423231.3411731073,1.3407479e+06,-84231.34117310727,-1747.875
715000.0,674347.7862243782,694641.0,40652.21377562184,20359.0
950000.0,1027641.2437134022,930680.5,-77641.24371340219,19319.5
1300000.0,1405732.0403781352,1.320338e+06,-105732.04037813516,-20338.0
550000.0,536267.0877588281,549538.5,13732.912241171929,461.5
1700000.0,1639422.500603092,1.6218908e+06,60577.4993969081,78109.25
1075000.0,1113953.8809114723,1.1267822e+06,-38953.88091147225,-51782.25
1318675.0,1329671.1697095078,1.3437842e+06,-10996.169709507842,-25109.25
405000.0,405416.88262407796,402755.7,-416.8826240779599,2244.3125
2180000.0,1816306.5514043733,2.0605984e+06,363693.44859562675,119401.625
2350000.0,2436374.0929266047,2.3345052e+06,-86374.09292660467,15494.75
898000.0,1014898.8445894535,903666.9,-116898.84458945354,-5666.875
1229000.0,1368663.2800254128,1.2764731e+06,-139663.2800254128,-47473.125
4200000.0,3637256.4411106477,3.9815375e+06,562743.5588893523,218462.5
1080000.0,1148128.4158131073,1.0489531e+06,-68128.41581310728,31046.875
3700000.0,3165502.8725687596,3.5504675e+06,534497.1274312404,149532.5
3525000.0,3248730.345555436,3.533133e+06,276269.65444456413,-8133.0
6320000.0,5631594.052627624,6.069331e+06,688405.947372376,250669.0
1714000.0,2116468.239600613,1.6978768e+06,-402468.2396006128,16123.25
869000.0,807359.4433488266,844853.1,61640.55665117339,24146.875
1790000.0,1817267.5095572085,1.7942236e+06,-27267.509557208512,-4223.625
3760000.0,2953078.764959326,3.256132e+06,806921.235040674,503868.0
2450000.0,2804304.4258314855,2.393863e+06,-354304.42583148554,56137.0
590000.0,625140.0230907343,593683.1,-35140.02309073426,-3683.125
840000.0,1011101.752916199,858630.0,-171101.75291619904,-18630.0
965000.0,902024.9006395324,935834.6,62975.09936046763,29165.375
2680000.0,2417649.350672002,2.6007922e+06,262350.64932799805,79207.75
1378000.0,1244264.8798818598,1.2595629e+06,133735.12011814024,118437.125
1720000.0,1835420.5025014493,1.6940128e+06,-115420.50250144931,25987.25
835000.0,930632.8565148907,888942.7,-95632.85651489068,-53942.6875
785000.0,1204530.1946943435,761596.0,-419530.1946943435,23404.0
1750000.0,1505410.775538585,1.7506625e+06,244589.22446141508,-662.5
2550000.0,2386990.4535345435,2.50879e+06,163009.5464654565,41210.0
385000.0,483944.1267764269,406663.12,-98944.12677642691,-21663.125
760000.0,959185.5200245243,752945.7,-199185.5200245243,7054.3125
199900.0,275849.2202771633,207727.67,-75949.22027716332,-7827.671875
1800000.0,1843402.49320954,1.7479316e+06,-43402.49320953991,52068.375
1248000.0,1951672.8233206621,1.2419536e+06,-703672.8233206621,6046.375
1875000.0,2329749.794664933,1.9251268e+06,-454749.7946649329,-50126.75
870000.0,879037.5733683435,863252.5,-9037.573368343525,6747.5
830000.0,756293.6112262264,792374.25,73706.38877377356,37625.75
1225000.0,1178481.2280440005,1.2073562e+06,46518.771955999546,17643.75
1480000.0,1506715.0731223996,1.5373585e+06,-26715.073122399626,-57358.5
1210000.0,1148411.669223334,1.2538545e+06,61588.33077666606,-43854.5
985000.0,901117.9034537423,892250.9,83882.09654625773,92749.125
1800000.0,1945789.688215549,1.8606654e+06,-145789.6882155491,-60665.375
434900.0,375802.0041676981,433888.44,59097.99583230191,1011.5625
2299000.0,2422456.9868781106,2.3404305e+06,-123456.98687811056,-41430.5
404990.0,1013273.8115972624,405381.84,-608283.8115972624,-391.84375
690000.0,729316.9753858855,710591.25,-39316.97538588545,-20591.25
885000.0,805367.668669784,889601.6,79632.33133021602,-4601.625
1793800.0,1597864.5863840976,1.7346086e+06,195935.41361590242,59191.375
1600000.0,1647874.5060429461,1.5760118e+06,-47874.50604294613,23988.25
950000.0,1532181.1833011177,966188.75,-582181.1833011177,-16188.75
370000.0,496067.42852104176,393124.28,-126067.42852104176,-23124.28125
1869000.0,1691393.3640217877,1.8810675e+06,177606.63597821235,-12067.5
650000.0,582449.5317660634,657419.5,67550.46823393658,-7419.5
1450000.0,1463288.5849388565,1.3917302e+06,-13288.58493885654,58269.75
1490000.0,2069917.0200554875,1.5149651e+06,-579917.0200554875,-24965.125
2900000.0,3025164.031998471,3.019237e+06,-125164.03199847089,-119237.0
883000.0,894194.644591964,945214.0,-11194.644591963966,-62214.0
1855000.0,1967973.3404339221,1.9235118e+06,-112973.34043392213,-68511.75
950000.0,1050711.624247274,944709.3,-100711.6242472739,5290.6875
649900.0,647578.6431893714,666996.5,2321.356810628553,-17096.5
1265000.0,1275312.7294266797,1.337578e+06,-10312.729426679667,-72578.0
485000.0,444101.26033344003,407712.38,40898.739666559966,77287.625
633800.0,470729.64464269066,620333.2,163070.35535730934,13466.8125
1275000.0,1468810.5912052179,1.2531922e+06,-193810.59120521788,21807.75
1100000.0,1094805.4259248122,1.1038412e+06,5194.574075187789,-3841.25
555000.0,588239.5075632292,564174.25,-33239.507563229185,-9174.25
1649000.0,1705918.7894000888,1.6904962e+06,-56918.789400088834,-41496.25
792000.0,1013412.1014687795,801743.6,-221412.1014687795,-9743.625
1490000.0,1419454.1440790861,1.5229512e+06,70545.85592091386,-32951.25
395000.0,344768.29035674327,397501.22,50231.709643256734,-2501.21875
1325000.0,1152787.357536189,1.3124278e+06,172212.64246381097,12572.25
1715000.0,1920993.8026758013,1.7307618e+06,-205993.80267580133,-15761.75
385000.0,376965.59820769995,402233.62,8034.40179230005,-17233.625
4100000.0,3926518.4453464053,4.2313985e+06,173481.55465359474,-131398.5
900000.0,907183.9463035456,875938.25,-7183.946303545614,24061.75
1325000.0,1277088.00866706,1.3517675e+06,47911.99133294006,-26767.5
1195000.0,1215875.4257753931,1.2071432e+06,-20875.425775393145,-12143.25
580000.0,582479.0487815298,584597.06,-2479.0487815297674,-4597.0625
925000.0,901094.710224967,892334.25,23905.289775033016,32665.75
1790000.0,1706241.9150891923,1.7198332e+06,83758.08491080767,70166.75
970000.0,1457631.9156308225,976577.1,-487631.91563082254,-6577.125
1650000.0,1712014.5559536319,1.6621748e+06,-62014.555953631876,-12174.75
440000.0,479403.77054199995,447832.38,-39403.770541999955,-7832.375
885000.0,771429.4828712295,985066.6,113570.51712877047,-100066.625
3150000.0,3101526.064326826,3.2313995e+06,48473.93567317398,-81399.5
855000.0,1408734.4178503165,857557.94,-553734.4178503165,-2557.9375
785000.0,1339382.9427217161,786825.25,-554382.9427217161,-1825.25
555000.0,563265.7364513079,566816.8,-8265.736451307894,-11816.8125
795000.0,739838.4946695752,788815.5,55161.505330424756,6184.5
965000.0,941829.9476325718,898612.8,23170.0523674282,66387.1875
720000.0,507965.95955639624,666949.4,212034.04044360376,53050.625
810000.0,847794.9393892798,768253.25,-37794.93938927981,41746.75
852000.0,913496.1553886281,862511.1,-61496.15538862813,-10511.125
253000.0,187431.5404938776,240805.6,65568.4595061224,12194.40625
1200000.0,1141195.8483035674,1.2124736e+06,58804.151696432615,-12473.625
780000.0,814894.086428247,775930.1,-34894.08642824704,4069.875
1760000.0,1912828.591228955,1.8455236e+06,-152828.59122895496,-85523.625
1400000.0,1302264.2278118378,1.3861934e+06,97735.7721881622,13806.625
1100000.0,1166119.8357269608,1.1207539e+06,-66119.8357269608,-20753.875
2220000.0,2166917.9414696777,2.128638e+06,53082.058530322276,91362.0
1150000.0,1229305.032426442,1.1839869e+06,-79305.03242644202,-33986.875
1470000.0,2030503.7106796657,1.5245191e+06,-560503.7106796657,-54519.125
360000.0,509498.1408957733,363486.16,-149498.1408957733,-3486.15625
1300000.0,1313730.8646264714,1.345101e+06,-13730.864626471419,-45101.0
615000.0,636719.1040720158,579619.7,-21719.10407201585,35380.3125
1080000.0,1051314.6588435853,967635.56,28685.34115641471,112364.4375
870000.0,955941.0300293255,940513.06,-85941.03002932551,-70513.0625
215000.0,182641.9006885267,196643.86,32358.099311473314,18356.140625
1020000.0,1308675.9636341606,985840.1,-288675.9636341606,34159.875
635285.0,591768.287127356,619059.6,43516.712872643955,16225.375
1450000.0,1913283.73569988,1.4476025e+06,-463283.73569987994,2397.5
1747250.0,1600339.4431219357,1.7262468e+06,146910.5568780643,21003.25
2085000.0,1959661.7074516844,2.0705581e+06,125338.2925483156,14441.875
261800.0,489798.64907567285,329660.62,-227998.64907567285,-67860.625
1250000.0,1664686.4901506403,1.1647396e+06,-414686.49015064025,85260.375
845000.0,1020206.9431067441,897585.0,-175206.9431067441,-52585.0
302500.0,333229.4882231505,282651.44,-30729.48822315049,19848.5625
1390000.0,1531692.6956739328,1.3619578e+06,-141692.6956739328,28042.25
667000.0,818432.3701837782,674952.8,-151432.37018377823,-7952.8125
1125000.0,1041888.1944348197,1.066167e+06,83111.80556518026,58833.0
1605860.0,1350208.8293323335,1.2736132e+06,255651.17066766648,332246.75
955000.0,1034763.2818327672,988087.75,-79763.28183276718,-33087.75
770000.0,720602.0720120461,729911.5,49397.92798795388,40088.5
1525000.0,1656634.2660591675,1.5661171e+06,-131634.26605916745,-41117.125
1100000.0,1857170.0650975844,1.0948166e+06,-757170.0650975844,5183.375
519000.0,417826.9724770291,509394.88,101173.02752297092,9605.125
156000.0,7095.1578312444035,124026.33,148904.8421687556,31973.671875
800000.0,1563208.23632034,832319.9,-763208.2363203401,-32319.875
1100000.0,1056376.2801841262,1.1148779e+06,43623.719815873774,-14877.875
750000.0,1218532.9089407665,658411.44,-468532.9089407665,91588.5625
1165000.0,1235901.3490005424,1.0926669e+06,-70901.34900054242,72333.125
421000.0,519503.84282311075,416669.94,-98503.84282311075,4330.0625
570000.0,504466.56341809605,565506.94,65533.43658190395,4493.0625
1575000.0,1966586.6423821677,1.5051092e+06,-391586.64238216775,69890.75
1375000.0,1833290.997206356,1.3751002e+06,-458290.9972063559,-100.25
997000.0,976911.1507189495,957075.75,20088.849281050498,39924.25
1649000.0,1680119.4210067624,1.6483685e+06,-31119.421006762423,631.5
692000.0,701840.4722829879,699356.4,-9840.472282987903,-7356.375
1190000.0,1512836.3268115707,1.1659055e+06,-322836.3268115707,24094.5
985000.0,1658610.136864083,1.0597644e+06,-673610.1368640829,-74764.375
1380000.0,1210332.5378367624,1.3126892e+06,169667.46216323762,67310.75
845000.0,777153.403942663,875649.3,67846.59605733701,-30649.3125
875000.0,784238.2544026746,832574.7,90761.74559732538,42425.3125
465000.0,538588.76045043,461992.2,-73588.76045042998,3007.8125
1495000.0,1331594.5793972602,1.5207495e+06,163405.4206027398,-25749.5
550000.0,608142.4344998001,549209.5,-58142.43449980009,790.5
1420000.0,1589901.2202140861,1.3782368e+06,-169901.22021408612,41763.25
900000.0,889013.1217384322,861871.4,10986.878261567792,38128.625
1893000.0,2098024.2174871713,1.9792934e+06,-205024.2174871713,-86293.375
1699000.0,2177371.7560081827,1.693315e+06,-478371.75600818265,5685.0
777500.0,789805.0399740062,760819.25,-12305.039974006242,16680.75
775000.0,791691.9956156726,791665.75,-16691.995615672553,-16665.75
840000.0,822694.6552291934,829010.1,17305.34477080661,10989.875
659000.0,638175.2230669981,667734.75,20824.776933001936,-8734.75
1345000.0,1856660.2281811808,1.4166889e+06,-511660.2281811808,-71688.875
1125000.0,1123469.312094156,1.1023716e+06,1530.6879058440682,22628.375
885000.0,1512102.1304779765,851501.3,-627102.1304779765,33498.6875
980000.0,1554076.1859718265,1.015435e+06,-574076.1859718265,-35435.0
1800000.0,1804618.56206558,1.8513002e+06,-4618.5620655799285,-51300.25
1168000.0,1173211.486367272,1.1866784e+06,-5211.48636727198,-18678.375
1960000.0,2086720.3082609181,1.9450908e+06,-126720.30826091813,14909.25
5300000.0,4237918.506277692,4.6668415e+06,1062081.4937223084,633158.5
540364.0,544707.2123192404,554447.94,-4343.21231924044,-14083.9375
1250000.0,1617021.6299965093,1.1496516e+06,-367021.6299965093,100348.375
1375000.0,1433335.9797823373,1.3411904e+06,-58335.97978233732,33809.625
1690000.0,1475353.6943365415,1.5445418e+06,214646.30566345854,145458.25
1950000.0,1841667.2258298458,1.8998026e+06,108332.77417015424,50197.375
395000.0,438241.8093017463,350829.94,-43241.80930174631,44170.0625
867500.0,913223.6554321158,889605.06,-45723.655432115775,-22105.0625
950000.0,1044575.5697977245,977827.75,-94575.56979772449,-27827.75
1410000.0,1287825.958623395,1.4300528e+06,122174.04137660493,-20052.75
870000.0,867003.88118994,867221.5,2996.1188100599684,2778.5
2600000.0,2510384.6812381456,2.8089372e+06,89615.31876185443,-208937.25
675000.0,693114.3910343533,687265.5,-18114.39103435329,-12265.5
849000.0,840528.7491983473,944018.56,8471.25080165267,-95018.5625
735000.0,777625.2893488267,744224.75,-42625.289348826744,-9224.75
1100000.0,1177694.8957337218,1.0499239e+06,-77694.89573372179,50076.125
400000.0,330290.87052384333,400849.7,69709.12947615667,-849.6875
690000.0,1413508.679718596,617639.0,-723508.6797185959,72361.0
4618000.0,3856176.399002161,4.430042e+06,761823.6009978391,187958.0
1194500.0,1233007.2428994693,1.1669255e+06,-38507.24289946933,27574.5
1755000.0,2242317.6881959056,1.733018e+06,-487317.68819590565,21982.0
3250000.0,3229509.3374522384,3.3712972e+06,20490.662547761574,-121297.25
3225000.0,3102366.656804839,3.342093e+06,122633.34319516085,-117093.0
1160000.0,1141738.0242285791,1.1367824e+06,18261.975771420868,23217.625
765000.0,867439.6714785402,776154.4,-102439.67147854017,-11154.375
1165000.0,1260067.5471187376,1.201873e+06,-95067.5471187376,-36873.0
900000.0,1370815.7594481725,921897.1,-470815.7594481725,-21897.125
1790000.0,1668460.4474612928,1.8467368e+06,121539.55253870715,-56736.75
760000.0,801206.4568915141,725100.7,-41206.45689151413,34899.3125
1100000.0,1644644.44689803,1.04057175e+06,-544644.4468980299,59428.25
788000.0,1394103.5509982298,811787.1,-606103.5509982298,-23787.125
1229000.0,1130229.58190346,1.221297e+06,98770.41809654003,7703.0
775000.0,1391319.6683097612,775265.2,-616319.6683097612,-265.1875
4300000.0,4127184.9589120355,3.7505095e+06,172815.04108796455,549490.5
765000.0,1472226.5408534647,767734.75,-707226.5408534647,-2734.75
3200000.0,2892194.1098661274,3.041545e+06,307805.8901338726,158455.0
1300000.0,1220278.6362331137,1.2629235e+06,79721.3637668863,37076.5
1317000.0,1211705.1708283394,1.3154238e+06,105294.82917166059,1576.25
1785000.0,1791921.546117134,1.7527942e+06,-6921.546117133927,32205.75
1120000.0,1781584.3327379015,1.1249622e+06,-661584.3327379015,-4962.25
330000.0,501016.7257537055,356575.34,-171016.72575370548,-26575.34375
961240.0,947510.5033659271,922771.44,13729.496634072857,38468.5625
249000.0,393212.3936218248,238179.72,-144212.3936218248,10820.28125
1100000.0,995384.4648780372,1.0480482e+06,104615.53512196278,51951.8125
1600000.0,2110888.4409344224,1.6124568e+06,-510888.4409344224,-12456.75
811000.0,845068.9509038988,813302.8,-34068.9509038988,-2302.8125
872000.0,892049.0519757916,847263.25,-20049.051975791575,24736.75
1060000.0,1033397.3519936336,1.113453e+06,26602.64800636645,-53453.0
300000.0,458724.028566611,367584.28,-158724.028566611,-67584.28125
356000.0,431005.26361119165,358409.9,-75005.26361119165,-2409.90625
525000.0,542938.7459183488,515827.75,-17938.74591834878,9172.25
847700.0,854528.4544353873,871473.0,-6828.454435387277,-23773.0
3500000.0,3534538.9015722326,3.5492655e+06,-34538.9015722326,-49265.5
675000.0,683612.8019974269,672281.6,-8612.801997426897,2718.375
724750.0,797754.2506009096,740213.4,-73004.25060090958,-15463.375
1475000.0,1242490.9718193586,1.3868756e+06,232509.02818064135,88124.375
1115000.0,1251029.3632525103,1.097385e+06,-136029.36325251032,17615.0
1525000.0,1488210.165321429,1.5559448e+06,36789.83467857097,-30944.75
767000.0,1366958.4867357658,841817.8,-599958.4867357658,-74817.8125
737000.0,593916.1334119106,738089.5,143083.86658808938,-1089.5
201500.0,306508.31727964384,201768.62,-105008.31727964384,-268.625
735000.0,702787.0292520506,753610.25,32212.97074794944,-18610.25
640000.0,612781.1378377192,599460.6,27218.862162280828,40539.375
817000.0,905048.4025213406,828146.4,-88048.40252134064,-11146.375
705000.0,549981.7294531771,698270.75,155018.27054682293,6729.25
1249000.0,1808588.194902386,1.2590885e+06,-559588.194902386,-10088.5
2180000.0,2141124.4853755073,2.2367605e+06,38875.51462449273,-56760.5
569900.0,620154.2756119412,578489.3,-50254.27561194124,-8589.3125
500000.0,722836.7188454925,533446.9,-222836.71884549246,-33446.875
1650000.0,1283918.02630335,1.3813436e+06,366081.97369665,268656.375
880000.0,940296.1250612866,904655.9,-60296.12506128661,-24655.875
1675525.0,1540971.5605928474,1.6419624e+06,134553.4394071526,33562.625
779000.0,842512.4633143286,793831.0,-63512.463314328576,-14831.0
2165000.0,1728502.7259460296,1.9037256e+06,436497.27405397035,261274.375
545000.0,546672.071645076,538965.5,-1672.0716450760374,6034.5
555000.0,480651.62712411745,554817.6,74348.37287588255,182.375
1150000.0,1181054.2342009374,1.0570702e+06,-31054.23420093744,92929.75
700000.0,639545.1664909591,677909.25,60454.83350904088,22090.75
975000.0,1169602.193103839,961914.5,-194602.19310383894,13085.5
725000.0,751024.4233076749,731873.7,-26024.423307674937,-6873.6875
785000.0,825835.6108406628,771342.5,-40835.61084066285,13657.5
750000.0,957959.4092748467,744560.5,-207959.40927484666,5439.5
1851200.0,1841416.0084549896,1.9380638e+06,9783.991545010358,-86863.75
747000.0,689813.0413904338,789636.7,57186.95860956621,-42636.6875
750000.0,815939.1478448282,789078.1,-65939.1478448282,-39078.125
780000.0,788375.6622780617,800866.3,-8375.662278061733,-20866.3125
1525000.0,1990975.3961711791,1.560175e+06,-465975.39617117913,-35175.0
1050000.0,1132679.0666834938,955488.0,-82679.06668349379,94512.0
615000.0,1080844.6408238017,632991.25,-465844.64082380175,-17991.25
830000.0,913207.108414945,792442.25,-83207.10841494496,37557.75
1970000.0,2052480.1961792633,2.1826802e+06,-82480.1961792633,-212680.25
825000.0,1428735.9640912449,845673.75,-603735.9640912449,-20673.75
675000.0,836930.5925294949,697192.1,-161930.5925294949,-22192.125
1258000.0,1189548.0433364387,1.1090328e+06,68451.95666356129,148967.25
1425000.0,2031581.3549874837,1.4473624e+06,-606581.3549874837,-22362.375
1385000.0,1389203.1773081548,1.360016e+06,-4203.177308154758,24984.0
684000.0,787382.7074419367,688902.06,-103382.70744193671,-4902.0625
1142000.0,1344449.2868120496,1.1580874e+06,-202449.28681204957,-16087.375
685000.0,700203.4725074335,687749.4,-15203.4725074335,-2749.375
708000.0,717335.2718382925,709872.6,-9335.27183829248,-1872.625
1125000.0,1206219.2510736343,1.1148779e+06,-81219.25107363425,10122.125
1150000.0,1825970.5996874357,1.1555301e+06,-675970.5996874357,-5530.125
1350000.0,1397284.1850824994,1.4000811e+06,-47284.1850824994,-50081.125
600000.0,604468.6173928118,610357.1,-4468.617392811808,-10357.125
450000.0,467250.6174636305,431149.16,-17250.617463630508,18850.84375
715000.0,731643.8237241623,721291.5,-16643.8237241623,-6291.5
845000.0,785688.0637106113,752850.94,59311.93628938869,92149.0625
1200000.0,1710817.912696016,1.1711196e+06,-510817.912696016,28880.375
1260000.0,1480562.4066061415,1.3357896e+06,-220562.40660614148,-75789.625
537000.0,480212.2188764928,564255.5,56787.781123507186,-27255.5
1200000.0,1249543.9870780958,1.2185838e+06,-49543.987078095786,-18583.75
1375000.0,1177560.833271295,1.1704831e+06,197439.16672870493,204516.875
675000.0,683744.8248873968,643970.1,-8744.824887396768,31029.875
1110000.0,1070876.3980165538,1.0645079e+06,39123.60198344616,45492.125
670000.0,739086.2768688102,702055.44,-69086.27686881018,-32055.4375
2240000.0,2222104.4692803104,2.3355075e+06,17895.53071968956,-95507.5
3000000.0,3186657.3266098946,2.9657032e+06,-186657.32660989463,34296.75
660000.0,548038.7584139524,667729.6,111961.24158604757,-7729.625
1825000.0,2044077.722897283,1.972822e+06,-219077.72289728303,-147822.0
467000.0,458592.2418863039,477393.03,8407.758113696123,-10393.03125
630000.0,668283.9339290928,622488.0,-38283.93392909283,7512.0
3830000.0,4179944.2406777674,3.6896248e+06,-349944.24067776743,140375.25
702500.0,686765.98304148,725492.2,15734.01695852005,-22992.1875
350000.0,582126.0938744111,349925.75,-232126.09387441108,74.25
885000.0,1376201.472072776,884461.75,-491201.47207277594,538.25
2038850.0,1884938.6632554885,1.9987686e+06,153911.3367445115,40081.375
1925000.0,1858899.5677515522,1.8987358e+06,66100.43224844779,26264.25
1094000.0,1035420.9451885441,1.1264008e+06,58579.05481145589,-32400.75
2600000.0,2740266.6315236795,2.735797e+06,-140266.63152367948,-135797.0
1630000.0,1468501.4659954866,1.5282471e+06,161498.5340045134,101752.875
665000.0,678966.0935568536,669418.7,-13966.093556853593,-4418.6875
850000.0,833196.66181334,871292.7,16803.338186659967,-21292.6875
1162500.0,1650915.9186359476,1.1709789e+06,-488415.91863594763,-8478.875
880000.0,1083021.9076472176,889887.6,-203021.90764721762,-9887.625
2200000.0,1947771.0217877391,2.1222652e+06,252228.97821226087,77734.75
1921000.0,1649985.1062356143,1.724052e+06,271014.8937643857,196948.0
870000.0,1003398.5219234677,821136.9,-133398.52192346775,48863.125
2500000.0,2325716.3380472744,2.5433788e+06,174283.6619527256,-43378.75
610000.0,694580.9365732321,631469.4,-84580.93657323206,-21469.375
825000.0,794720.9240826194,794521.0,30279.07591738063,30479.0
1000000.0,1053877.7570534307,1.089114e+06,-53877.75705343066,-89114.0
2400000.0,2753444.9172127945,2.272745e+06,-353444.91721279453,127255.0
1629710.0,1499184.2850928134,1.6044725e+06,130525.71490718657,25237.5
2462000.0,2376622.284978986,2.5069172e+06,85377.71502101421,-44917.25
1400000.0,1273498.3885876362,1.2737699e+06,126501.61141236383,126230.125
823800.0,842606.3516654825,760796.75,-18806.351665482507,63003.25
2288000.0,2365667.016675543,2.2651718e+06,-77667.01667554304,22828.25
594990.0,542147.6548220966,630842.2,52842.34517790342,-35852.1875
2650000.0,3209712.686649737,2.6070028e+06,-559712.686649737,42997.25
1715000.0,1572058.5119913924,1.6453121e+06,142941.48800860764,69687.875
1865000.0,1874378.0129599562,2.0144874e+06,-9378.012959956191,-149487.375
610000.0,620885.3777128241,605675.44,-10885.377712824149,4324.5625
812500.0,993817.4815482086,850639.4,-181317.48154820863,-38139.375
1000000.0,1596801.8036387116,1.010065e+06,-596801.8036387116,-10065.0
3160000.0,2995738.3032378573,3.1833438e+06,164261.6967621427,-23343.75
3302000.0,2846932.7412989535,3.086527e+06,455067.25870104646,215473.0
2780000.0,1926333.0941818194,2.2181268e+06,853666.9058181806,561873.25
2030000.0,1929645.7536033527,2.1217612e+06,100354.2463966473,-91761.25
435000.0,421377.31697040005,417377.84,13622.683029599953,17622.15625
1025000.0,1168479.1950171043,1.197072e+06,-143479.19501710427,-172072.0
740000.0,880280.9073269363,755906.4,-140280.90732693626,-15906.375
2530000.0,1886434.8101689955,2.0272728e+06,643565.1898310045,502727.25
2775000.0,1861187.4129513623,2.2870978e+06,913812.5870486377,487902.25
852000.0,956302.079465347,831290.2,-104302.079465347,20709.8125
1000000.0,1185018.1723434597,1.1165005e+06,-185018.17234345968,-116500.5
1799900.0,2198044.3931127423,1.6903995e+06,-398144.39311274234,109500.5
925000.0,1412077.15420052,916457.9,-487077.1542005199,8542.125
800000.0,767536.1367042982,815266.75,32463.863295701798,-15266.75
880000.0,1541962.481802662,901818.5,-661962.4818026619,-21818.5
760000.0,777850.281190858,804237.75,-17850.28119085799,-44237.75
1555000.0,1479899.0426954334,1.616019e+06,75100.95730456663,-61019.0
1400000.0,1229119.3667517398,1.343177e+06,170880.63324826024,56823.0
2659000.0,2497022.0915722298,2.6245022e+06,161977.90842777025,34497.75
1188000.0,1193607.5108318448,996922.6,-5607.51083184476,191077.375
2990000.0,2822541.4026692524,3.0523225e+06,167458.59733074764,-62322.5
552500.0,468819.46424923884,540753.06,83680.53575076116,11746.9375
1200000.0,1433638.8464547354,1.2977945e+06,-233638.84645473538,-97794.5
1541900.0,1626580.1185953615,1.5592335e+06,-84680.11859536148,-17333.5
599990.0,715298.8685780626,607170.44,-115308.86857806263,-7180.4375
4710000.0,4282359.317143206,5.002647e+06,427640.68285679445,-292647.0
950000.0,1048734.679114422,897705.7,-98734.67911442206,52294.3125
1180000.0,898606.8370078285,1.0093582e+06,281393.1629921715,170641.8125
750000.0,961591.5614436273,707275.7,-211591.56144362735,42724.3125
895000.0,868088.9390369913,903587.6,26911.06096300867,-8587.625
690000.0,668629.1344260399,664884.8,21370.865573960124,25115.1875
1235000.0,1217495.2686488812,1.2932108e+06,17504.731351118768,-58210.75
369000.0,495932.1841804803,371854.12,-126932.18418048031,-2854.125
1250000.0,1179007.1714986647,1.2113825e+06,70992.82850133535,38617.5
1508000.0,1477500.1364966307,1.559464e+06,30499.86350336927,-51464.0
1199888.0,1306734.5894018777,1.1671035e+06,-106846.58940187772,32784.5
2190000.0,2140382.798304897,2.1306792e+06,49617.2016951032,59320.75
900000.0,843360.8356075902,881955.06,56639.164392409846,18044.9375
785000.0,875394.9954432679,794981.06,-90394.99544326786,-9981.0625
1200000.0,1362551.2702726347,1.3285315e+06,-162551.2702726347,-128531.5
1049000.0,1566668.4120051968,1.0794972e+06,-517668.4120051968,-30497.25
1250000.0,1700303.2208391794,1.2052084e+06,-450303.22083917935,44791.625
450000.0,553217.8370507376,473886.66,-103217.83705073758,-23886.65625
535000.0,582930.3040469191,494869.78,-47930.304046919104,40130.21875
340500.0,377444.43544012005,334723.7,-36944.435440120054,5776.3125
1670000.0,2071764.2440587839,1.711874e+06,-401764.24405878386,-41874.0
2125000.0,2081285.7149337167,1.9920834e+06,43714.28506628331,132916.625
1225000.0,1715995.449736318,1.2036888e+06,-490995.4497363181,21311.25
2450000.0,2198512.0601987313,2.3570935e+06,251487.93980126875,92906.5
905000.0,829904.1999069499,767762.56,75095.80009305011,137237.4375
840000.0,839317.6766392372,795320.75,682.3233607627917,44679.25
1410000.0,1319007.4174167858,1.391421e+06,90992.58258321416,18579.0
1290000.0,1209958.7104453773,1.2142614e+06,80041.28955462272,75738.625
1500000.0,1052087.9462779483,986450.44,447912.05372205167,513549.5625
2200000.0,1316793.7742639435,1.4340474e+06,883206.2257360565,765952.625
2000000.0,1899947.904116167,2.0482766e+06,100052.09588383301,-48276.625
1409000.0,1920361.5668324945,1.3282655e+06,-511361.56683249446,80734.5
880000.0,1033898.2213733429,899283.2,-153898.2213733429,-19283.1875
582000.0,552703.9329686787,579041.25,29296.06703132135,2958.75
520000.0,718615.4592389278,570493.7,-198615.4592389278,-50493.6875
1675000.0,1550267.1728729233,1.5360659e+06,124732.82712707669,138934.125
1305000.0,1283903.7365843458,1.2507922e+06,21096.26341565419,54207.75
941500.0,851257.3926445217,931087.94,90242.60735547834,10412.0625
1784755.0,1693354.7309872338,1.7078202e+06,91400.26901276619,76934.75
500000.0,524779.3175309269,487938.7,-24779.3175309269,12061.3125
1403500.0,1291228.4331086893,1.4096215e+06,112271.56689131074,-6121.5
676000.0,555827.0458738491,692817.6,120172.95412615093,-16817.625
505000.0,613482.5310567509,514484.06,-108482.53105675092,-9484.0625
2320000.0,2240705.8769573267,2.3681068e+06,79294.12304267334,-48106.75
2600000.0,3016545.3560727164,2.630511e+06,-416545.3560727164,-30511.0
1308000.0,1188851.5833629412,1.2624539e+06,119148.41663705884,45546.125
370000.0,354716.66762292595,384098.12,15283.332377074054,-14098.125
1700000.0,1920130.169523861,1.7461272e+06,-220130.16952386103,-46127.25
3300000.0,2838305.366029987,3.125988e+06,461694.6339700129,174012.0
2050000.0,1992414.78835731,2.207072e+06,57585.21164269,-157072.0
716000.0,898597.9776814643,719893.75,-182597.97768146428,-3893.75
1045000.0,1044841.5670699761,1.0751676e+06,158.4329300238751,-30167.625
1200000.0,1264271.5038913584,1.2547241e+06,-64271.503891358385,-54724.125
395000.0,227437.0108287637,395826.53,167562.9891712363,-826.53125
930000.0,1135941.8977210654,976379.7,-205941.89772106544,-46379.6875
1365000.0,1378437.4234508588,1.3402378e+06,-13437.423450858798,24762.25
489999.0,425355.9037876574,494055.88,64643.096212342614,-4056.875
1225000.0,1247732.9327616387,1.2278169e+06,-22732.932761638658,-2816.875
3200000.0,3337245.576347689,3.052244e+06,-137245.57634768914,147756.0
1585000.0,2220445.9938084646,1.5737619e+06,-635445.9938084646,11238.125
1189000.0,1211368.3213484525,1.2430011e+06,-22368.321348452475,-54001.125
1165000.0,1382422.5242455776,1.1137365e+06,-217422.52424557763,51263.5
1085000.0,1194322.3550060682,1.0850998e+06,-109322.35500606825,-99.75
949000.0,1115877.8594033243,955730.4,-166877.8594033243,-6730.375
1499000.0,1488320.6831484279,1.5468339e+06,10679.316851572134,-47833.875
1000000.0,1019089.4453762344,1.0621592e+06,-19089.445376234362,-62159.25
1545000.0,1585807.8918107352,1.6833565e+06,-40807.89181073522,-138356.5
769500.0,1473039.7575214847,782576.1,-703539.7575214847,-13076.125
1145000.0,1018393.287907026,1.145978e+06,126606.71209297399,-978.0
2055000.0,2118476.7231298,2.1989622e+06,-63476.723129800055,-143962.25
3110000.0,2793950.802452268,2.713143e+06,316049.1975477319,396857.0
1830000.0,1771380.7639192152,1.8341415e+06,58619.236080784816,-4141.5
2138950.0,2202650.2254179493,2.2404882e+06,-63700.22541794926,-101538.25
1900000.0,1994001.1447859826,1.9580686e+06,-94001.14478598256,-58068.625
749000.0,1354433.5171926846,754995.7,-605433.5171926846,-5995.6875
620000.0,642700.9762695385,611226.8,-22700.976269538514,8773.1875
1362500.0,2000092.9752916754,1.3908665e+06,-637592.9752916754,-28366.5
3518000.0,2057425.5203749882,2.2415418e+06,1460574.4796250118,1276458.25
790000.0,796523.4034670992,773854.3,-6523.403467099182,16145.6875
876500.0,1204777.641305242,855504.4,-328277.64130524197,20995.625
1690000.0,1829357.413667377,1.6966968e+06,-139357.41366737708,-6696.75
705000.0,620281.3721083691,721753.94,84718.62789163087,-16753.9375
1540000.0,1914719.5160331158,1.4287768e+06,-374719.5160331158,111223.25
1988500.0,1877636.0900318755,2.1012902e+06,110863.90996812447,-112790.25
1225000.0,1700191.8387712142,1.2401688e+06,-475191.83877121424,-15168.75
6800000.0,6423503.039498282,6.079208e+06,376496.96050171833,720792.0
960000.0,847992.1273771079,929885.56,112007.87262289214,30114.4375
1400000.0,1296084.4666360954,1.3529799e+06,103915.53336390457,47020.125
621000.0,767965.2734985463,622591.9,-146965.27349854633,-1591.875
1700000.0,1380232.2094383826,1.6130074e+06,319767.79056161735,86992.625
3800000.0,3140716.615390866,3.5623518e+06,659283.3846091339,237648.25
3550000.0,3355762.8928706124,3.549323e+06,194237.10712938756,677.0
1850000.0,1804648.2169575398,1.8423268e+06,45351.783042460214,7673.25
765000.0,728579.096143535,757311.94,36420.90385646501,7688.0625
2175000.0,2462319.253914875,2.1742205e+06,-287319.253914875,779.5
1652000.0,1714823.8579319485,1.6661932e+06,-62823.8579319485,-14193.25
960000.0,1447470.8220107318,944912.94,-487470.8220107318,15087.0625
940000.0,1560682.144186961,875191.8,-620682.144186961,64808.1875
1655000.0,1665438.3501017913,1.6915202e+06,-10438.350101791322,-36520.25
764900.0,740277.1133966843,762409.9,24622.88660331571,2490.125
1800000.0,1669150.3542119798,1.7241802e+06,130849.64578802022,75819.75
9800000.0,9430845.22286721,8.930627e+06,369154.77713279054,869373.0
1388500.0,1890233.6979793422,1.367527e+06,-501733.6979793422,20973.0
450000.0,430342.8781576692,428707.94,19657.121842330787,21292.0625
765000.0,715069.655272159,764544.75,49930.34472784097,455.25
975000.0,943106.0594148022,974343.56,31893.940585197764,656.4375
620000.0,444794.02742237865,636887.75,175205.97257762135,-16887.75
1220000.0,1160668.4936592276,1.2270268e+06,59331.50634077238,-7026.75
1125000.0,1045304.9840570414,1.2750035e+06,79695.01594295865,-150003.5
1850000.0,2257687.1097090812,1.7876258e+06,-407687.10970908124,62374.25
390000.0,394225.157152532,396857.28,-4225.157152532018,-6857.28125
838300.0,981728.5856148615,855623.5,-143428.58561486145,-17323.5
780000.0,793328.0715995207,754155.9,-13328.071599520743,25844.125
4450000.0,4408704.161679961,4.390288e+06,41295.83832003921,59712.0
850000.0,928857.062313769,816175.4,-78857.06231376901,33824.625
835000.0,782566.0117999592,874061.56,52433.98820004077,-39061.5625
605000.0,564901.6908894818,617577.75,40098.309110518196,-12577.75
1500000.0,1602416.0986496557,1.868746e+06,-102416.0986496557,-368746.0
3300000.0,2282392.893349112,2.5163235e+06,1017607.106650888,783676.5
585000.0,649662.3325551621,601980.75,-64662.33255516214,-16980.75
1350000.0,1903277.1657046569,1.3236121e+06,-553277.1657046569,26387.875
2300000.0,2148282.8653688584,2.1388105e+06,151717.13463114155,161189.5
775000.0,772070.8772633285,787580.5,2929.122736671474,-12580.5
1840000.0,1860750.9591721562,1.8218548e+06,-20750.959172156174,18145.25
1905000.0,2157489.3705783677,1.8616185e+06,-252489.37057836773,43381.5
2025000.0,2149311.6455277028,2.0890319e+06,-124311.64552770276,-64031.875
980000.0,1568374.7123439983,1.00840856e+06,-588374.7123439983,-28408.5625
625000.0,548059.354932074,615535.7,76940.64506792603,9464.3125
790000.0,684683.6831153862,805270.8,105316.31688461383,-15270.8125
935000.0,1825471.129725563,1.01271456e+06,-890471.1297255631,-77714.5625
1400000.0,1373084.7223891944,1.4230965e+06,26915.277610805584,-23096.5
1355000.0,1367413.6662194568,1.444913e+06,-12413.66621945682,-89913.0
1500000.0,1413567.5418029437,1.6507926e+06,86432.45819705632,-150792.625
2390000.0,2299974.772558607,2.5063125e+06,90025.22744139284,-116312.5
845000.0,1037084.2820319727,852555.2,-192084.28203197266,-7555.1875
700000.0,518052.84763711214,715642.2,181947.15236288786,-15642.1875
880000.0,873958.0143544842,896672.1,6041.985645515844,-16672.125
3500000.0,3601400.575210361,3.5222665e+06,-101400.57521036081,-22266.5
1380000.0,1345620.1552523307,1.3440201e+06,34379.844747669296,35979.875
1400000.0,1304715.8466422062,1.4407245e+06,95284.15335779381,-40724.5
1351000.0,1350946.1655981403,1.312916e+06,53.834401859669015,38084.0
1250000.0,1696291.828112875,1.2140472e+06,-446291.8281128751,35952.75
740000.0,1411530.3874437422,752848.06,-671530.3874437422,-12848.0625
820000.0,754468.3553380688,861975.75,65531.644661931205,-41975.75
987000.0,887389.2576301651,1.0036766e+06,99610.74236983492,-16676.625
460000.0,663286.9780828586,481374.56,-203286.9780828586,-21374.5625
2218000.0,2180271.634807385,2.305583e+06,37728.36519261496,-87583.0
3500000.0,2930561.872093881,3.1930642e+06,569438.127906119,306935.75
587000.0,743009.5352005581,623155.0,-156009.53520055814,-36155.0
965000.0,914103.0292394052,999563.44,50896.97076059482,-34563.4375
1015000.0,1568071.8909690937,1.0074483e+06,-553071.8909690937,7551.6875
1200000.0,1264537.4121360257,1.1138205e+06,-64537.41213602573,86179.5
1400000.0,1381845.7308520237,1.4656474e+06,18154.2691479763,-65647.375
1685000.0,1623982.445002084,1.6602308e+06,61017.5549979161,24769.25
950000.0,960556.1877957326,985820.4,-10556.187795732636,-35820.375
450000.0,984543.4889806889,456493.1,-534543.4889806889,-6493.09375
3298000.0,3316900.2325736047,3.3120705e+06,-18900.232573604677,-14070.5
670000.0,775736.1072910058,651905.4,-105736.10729100578,18094.625
1225000.0,1476020.3935464094,1.2322122e+06,-251020.39354640944,-7212.25
557000.0,612885.4332109911,543034.2,-55885.43321099109,13965.8125
1570000.0,1661546.7642172636,1.6461596e+06,-91546.76421726355,-76159.625
950000.0,1486825.4199027359,937042.9,-536825.4199027359,12957.125
1315000.0,1362670.0943696308,1.3377198e+06,-47670.094369630795,-22719.75
610000.0,597240.9904238544,617813.4,12759.00957614556,-7813.375
710000.0,660249.7567833804,713119.4,49750.243216619594,-3119.375
1450000.0,1321575.746525919,1.4857735e+06,128424.25347408094,-35773.5
1485000.0,1594050.7252765526,1.5460242e+06,-109050.7252765526,-61024.25
910000.0,810636.5917112551,879093.25,99363.40828874486,30906.75
465000.0,405633.3212624078,464743.44,59366.678737592185,256.5625
1000000.0,870511.2409241963,928103.9,129488.75907580368,71896.125
580000.0,538752.0433393943,553346.5,41247.956660605734,26653.5
970000.0,981384.6661971126,954918.6,-11384.666197112645,15081.375
1390000.0,1347582.535789222,1.4320192e+06,42417.46421077801,-42019.25
3225000.0,2904606.902088823,3.1275325e+06,320393.0979111772,97467.5
840000.0,1055907.702657242,826283.06,-215907.70265724207,13716.9375
1385000.0,2023293.33227274,1.2960431e+06,-638293.3322727401,88956.875
940000.0,890747.9734673463,962291.6,49252.02653265372,-22291.625
1501000.0,1630247.5377263934,1.5691475e+06,-129247.53772639344,-68147.5
1375000.0,1397781.173366351,1.4336686e+06,-22781.173366351053,-58668.625
639900.0,647338.422022563,646522.0,-7438.422022563056,-6622.0
1015000.0,1555588.8584530284,1.0431074e+06,-540588.8584530284,-28107.375
824900.0,997515.0159785872,848100.75,-172615.0159785872,-23200.75
805000.0,931452.7915584669,798448.8,-126452.79155846685,6551.1875
2000000.0,1883720.0982157364,2.0031729e+06,116279.90178426355,-3172.875
2064799.0,1964700.1853747612,2.113187e+06,100098.81462523877,-48388.0
2250000.0,2118473.97609041,2.2402895e+06,131526.0239095902,9710.5
1275000.0,1466555.3932926306,1.2923564e+06,-191555.39329263056,-17356.375
570000.0,568707.3264906725,561193.3,1292.673509327462,8806.6875
1950000.0,1808697.0999168074,1.9864546e+06,141302.90008319262,-36454.625
963000.0,992934.6811027182,1.0343652e+06,-29934.681102718227,-71365.1875
3730000.0,3492109.379875365,3.9003035e+06,237890.62012463482,-170303.5
685000.0,689668.6457981333,687621.5,-4668.645798133337,-2621.5
1299000.0,1865027.2767763329,1.2172168e+06,-566027.2767763329,81783.25
689000.0,964856.7223625206,683235.94,-275856.72236252064,5764.0625
870000.0,975732.5625645756,836126.7,-105732.56256457558,33873.3125
1880000.0,2009981.7188344689,1.9552995e+06,-129981.71883446886,-75299.5
5527000.0,5250334.329182416,5.4779465e+06,276665.6708175838,49053.5
1350000.0,1488312.8096619172,1.3330522e+06,-138312.80966191716,16947.75
1809000.0,1900615.3770948285,2.0043481e+06,-91615.37709482852,-195348.125
1395000.0,1401898.1724085698,1.5329254e+06,-6898.172408569837,-137925.375
1350000.0,1633320.6086719492,1.288888e+06,-283320.60867194925,61112.0
520000.0,717001.5440177999,540259.25,-197001.5440177999,-20259.25
850000.0,814962.5187751792,851665.4,35037.48122482083,-1665.375
680000.0,740319.9867257983,676038.94,-60319.98672579834,3961.0625
350000.0,327725.5611369052,344897.06,22274.43886309478,5102.9375
989000.0,1162433.4709208803,1.0278888e+06,-173433.47092088033,-38888.8125
685000.0,919427.495156772,684054.2,-234427.49515677197,945.8125
699900.0,689735.8956219001,706953.4,10164.104378099903,-7053.375
925000.0,981543.9223908134,885492.25,-56543.92239081336,39507.75
880000.0,887166.5774758242,884406.06,-7166.5774758241605,-4406.0625
880000.0,870151.988867627,878246.06,9848.011132373009,1753.9375
620000.0,550920.2023140409,598965.75,69079.79768595914,21034.25
675000.0,1245512.9889639863,655823.25,-570512.9889639863,19176.75
390000.0,482264.4609033953,388099.1,-92264.46090339532,1900.90625
1749000.0,1508708.5671423988,1.6515359e+06,240291.4328576012,97464.125
745000.0,801090.0593972291,771152.75,-56090.05939722911,-26152.75
790000.0,1071729.6246698347,794708.94,-281729.62466983474,-4708.9375
2900000.0,2684610.482090538,2.8258592e+06,215389.5179094621,74140.75
1100000.0,1145214.5692966084,1.1296119e+06,-45214.569296608446,-29611.875
1606000.0,1536047.0061121122,1.5579121e+06,69952.9938878878,48087.875
703000.0,867799.8822525335,672291.25,-164799.88225253345,30708.75
755000.0,850871.887759445,743304.75,-95871.887759445,11695.25
935000.0,1460827.084305794,935907.8,-525827.084305794,-907.8125
1560000.0,1458897.1931988006,1.5377792e+06,101102.80680119945,22220.75
657000.0,799779.5133759776,649562.0,-142779.51337597764,7438.0
1173000.0,1198763.9651012302,1.1559985e+06,-25763.96510123019,17001.5
1850000.0,2323467.9000763637,1.8641696e+06,-473467.9000763637,-14169.625
2700000.0,2634030.208187251,2.773267e+06,65969.79181274911,-73267.0
1000000.0,1427042.0547810614,949530.8,-427042.05478106136,50469.1875
400000.0,350627.65801272134,399152.16,49372.34198727866,847.84375
1500000.0,1444181.2559212344,1.5013016e+06,55818.74407876562,-1301.625
1850000.0,2327363.0874834494,1.7933324e+06,-477363.0874834494,56667.625
658000.0,722873.1730977558,655539.4,-64873.17309775576,2460.625
1025000.0,1036103.741064508,1.057401e+06,-11103.74106450798,-32401.0
1720777.0,1579281.6591090409,1.7187905e+06,141495.34089095914,1986.5
660000.0,548719.653252337,672775.5,111280.34674766299,-12775.5
425000.0,385837.3617585772,416536.44,39162.63824142283,8463.5625
1582000.0,1475215.290323174,1.5895332e+06,106784.7096768259,-7533.25
1674000.0,1618582.8812145318,1.7578162e+06,55417.11878546816,-83816.25
1442750.0,1265261.9500233312,1.3044715e+06,177488.0499766688,138278.5
1190000.0,1265756.5440463303,1.2004181e+06,-75756.54404633027,-10418.125
1100000.0,1637200.2011349604,1.0803284e+06,-537200.2011349604,19671.625
989000.0,968781.2696786169,975067.7,20218.730321383104,13932.3125
1525000.0,1480283.128963426,1.5258908e+06,44716.87103657401,-890.75
720000.0,1242982.2610914814,825400.94,-522982.2610914814,-105400.9375
476000.0,568147.2644827266,443019.94,-92147.26448272658,32980.0625
961000.0,961405.5863002383,1.008725e+06,-405.58630023826845,-47725.0
2000000.0,2427694.7199882,2.1170358e+06,-427694.7199881999,-117035.75
1131000.0,1021591.3128022493,1.0182696e+06,109408.68719775067,112730.375
2220000.0,2253903.1811927017,2.1861718e+06,-33903.18119270168,33828.25
1315000.0,1318480.9568569886,1.2851738e+06,-3480.9568569886032,29826.25
355000.0,424944.38321601483,332619.66,-69944.38321601483,22380.34375
2550000.0,2528035.1814550636,2.5017585e+06,21964.818544936366,48241.5
780000.0,946868.9444882846,744097.0,-166868.94448828464,35903.0
1475000.0,1556978.056242709,1.4183408e+06,-81978.05624270905,56659.25
1625000.0,1100989.9951416885,1.2673528e+06,524010.0048583115,357647.25
875000.0,909057.4684536741,908795.3,-34057.46845367411,-33795.3125
1180000.0,1350521.0993627808,1.2421656e+06,-170521.0993627808,-62165.625
625000.0,830084.8867732525,677712.1,-205084.8867732525,-52712.125
370000.0,1028087.9374468984,376897.12,-658087.9374468984,-6897.125
1020000.0,1677711.5715258126,1.1877506e+06,-657711.5715258126,-167750.625
2200000.0,2091202.9877516162,2.249976e+06,108797.01224838383,-49976.0
750000.0,705662.2208876631,723478.9,44337.779112336924,26521.125
800000.0,974614.4465660034,828180.4,-174614.44656600337,-28180.375
858000.0,820354.6415818615,831293.4,37645.358418138465,26706.625
1160000.0,1227771.1270819104,1.1300354e+06,-67771.12708191038,29964.625
1000000.0,1121237.6280623213,1.04686444e+06,-121237.62806232134,-46864.4375
725000.0,734078.1041799096,744166.5,-9078.10417990957,-19166.5
2352500.0,2145283.9385948703,2.3698985e+06,207216.06140512973,-17398.5
780000.0,910355.4796956328,779292.5,-130355.47969563282,707.5
510000.0,715296.4438838828,488750.47,-205296.44388388284,21249.53125
918000.0,1409776.9144587917,918889.94,-491776.9144587917,-889.9375
3880000.0,3827737.6749900957,4.0326758e+06,52262.325009904336,-152675.75
3250000.0,2828503.4367871527,3.072679e+06,421496.56321284734,177321.0
740000.0,925158.4239287907,754519.9,-185158.42392879073,-14519.875
1300000.0,1381935.389939622,1.2577984e+06,-81935.38993962202,42201.625
950000.0,833266.7863028892,1.0385433e+06,116733.21369711077,-88543.3125
365000.0,335683.9134926015,362261.78,29316.08650739852,2738.21875
725000.0,1419562.6465186598,715893.4,-694562.6465186598,9106.625
1455000.0,1578527.3284747696,1.4761709e+06,-123527.3284747696,-21170.875
650000.0,686882.8256676334,649481.5,-36882.82566763344,518.5
315000.0,363860.23148357356,318482.72,-48860.23148357356,-3482.71875
1325000.0,1128747.9013800265,1.1672839e+06,196252.09861997352,157716.125
995000.0,1159861.3282765811,987355.9,-164861.32827658113,7644.125
455000.0,1010294.1408505929,455850.12,-555294.1408505929,-850.125
2525000.0,2341112.234684253,2.5573518e+06,183887.7653157469,-32351.75
1995000.0,1854950.4908110695,2.0486088e+06,140049.5091889305,-53608.75
1495000.0,1369723.6120437377,1.474394e+06,125276.38795626233,20606.0
740000.0,933361.3165522751,735256.9,-193361.3165522751,4743.125
1475000.0,1982783.9461055126,1.4479546e+06,-507783.94610551256,27045.375
865000.0,807182.9507806548,884746.06,57817.04921934521,-19746.0625
2555000.0,1618583.6113018543,2.0006966e+06,936416.3886981457,554303.375
980000.0,953763.863999744,933066.6,26236.136000256054,46933.375
1079000.0,2027912.7833390597,1.0997108e+06,-948912.7833390597,-20710.75
1062500.0,1536036.624523627,1.0348497e+06,-473536.6245236271,27650.3125
840000.0,870013.9479448502,855068.0,-30013.947944850195,-15068.0
1025000.0,998718.7202873477,1.0489531e+06,26281.279712652322,-23953.125
3130000.0,2803512.084017439,2.966532e+06,326487.9159825612,163468.0
2699000.0,2971833.9534444055,2.6943665e+06,-272833.95344440546,4633.5
1475000.0,1558238.0709188208,1.4883191e+06,-83238.0709188208,-13319.125
450000.0,377163.1245676137,448932.2,72836.8754323863,1067.8125
1040000.0,950027.6476023947,1.0241998e+06,89972.35239760531,15800.1875
750000.0,1586783.0265598674,792929.9,-836783.0265598674,-42929.875
865000.0,1303650.0646755917,875902.4,-438650.06467559165,-10902.375
2313125.0,2350134.7166393907,2.5370728e+06,-37009.71663939068,-223947.75
1065000.0,1382785.3497429565,1.0840045e+06,-317785.34974295646,-19004.5
550000.0,803054.0296331921,577481.1,-253054.0296331921,-27481.125
650000.0,632813.3471573696,645762.8,17186.6528426304,4237.1875
1450000.0,2084439.5812053322,1.423201e+06,-634439.5812053322,26799.0
935000.0,847143.5255371053,939144.4,87856.47446289472,-4144.375
875000.0,1277195.058682257,1.0833296e+06,-402195.0586822571,-208329.625
2431000.0,2342659.6895780517,2.3583165e+06,88340.31042194832,72683.5
1150000.0,1335097.7685153773,1.0707554e+06,-185097.7685153773,79244.625
1180000.0,1266715.8584835348,1.2019338e+06,-86715.85848353477,-21933.75
645000.0,739180.9061472274,667515.75,-94180.90614722739,-22515.75
464000.0,821353.0320508501,454635.34,-357353.0320508501,9364.65625
985000.0,1199667.8844561588,1.0551496e+06,-214667.88445615885,-70149.625
1750000.0,1718249.593480534,1.6954432e+06,31750.40651946608,54556.75
868000.0,1060054.2429375153,857091.94,-192054.24293751526,10908.0625
1758225.0,1571492.2153041316,1.6484092e+06,186732.78469586838,109815.75
730000.0,773162.415370943,724387.4,-43162.415370943025,5612.625
740000.0,810536.1237105264,726721.3,-70536.12371052639,13278.6875
1070000.0,1687715.1979603323,1.0782131e+06,-617715.1979603323,-8213.125
960000.0,960210.7573039853,954320.5,-210.7573039853014,5679.5
1595000.0,1558758.044975023,1.6189515e+06,36241.95502497698,-23951.5
629000.0,766900.545663853,641376.94,-137900.54566385294,-12376.9375
920000.0,974265.6418743173,866304.8,-54265.64187431731,53695.1875
660000.0,682754.3088182098,676095.0,-22754.3088182098,-16095.0
945000.0,1167988.013924404,915979.9,-222988.01392440405,29020.125
1950000.0,1998802.875558193,1.9355389e+06,-48802.875558193075,14461.125
1295000.0,1419693.9341986903,1.3369812e+06,-124693.93419869035,-41981.25
815000.0,764926.6176625378,790473.75,50073.38233746216,24526.25
305000.0,205699.37565293233,267695.75,99300.62434706767,37304.25
790000.0,944484.7135689581,812646.9,-154484.7135689581,-22646.875
850000.0,830230.5779735702,865469.94,19769.42202642979,-15469.9375
720000.0,678879.3532634714,693879.56,41120.64673652861,26120.4375
1351000.0,1272102.5337740597,1.2486029e+06,78897.46622594027,102397.125
780000.0,1407277.7916583344,794674.06,-627277.7916583344,-14674.0625
365000.0,386579.6607653459,350697.12,-21579.660765345907,14302.875
555000.0,636640.1275207363,554601.25,-81640.1275207363,398.75
1035000.0,1388883.0105882408,1.0394133e+06,-353883.0105882408,-4413.3125
1670000.0,1667534.7398992337,1.6878559e+06,2465.260100766318,-17855.875
1600000.0,1695952.9226059658,1.7002198e+06,-95952.92260596575,-100219.75
930000.0,899530.3483305956,883713.9,30469.651669404353,46286.125
1464220.0,1398657.6465722986,1.3629479e+06,65562.3534277014,101272.125
895000.0,1035538.2683854323,902776.25,-140538.2683854323,-7776.25
940000.0,1006203.2980041434,945942.6,-66203.2980041434,-5942.625
1150000.0,1198994.5114394925,1.0963484e+06,-48994.51143949246,53651.625
400000.0,279823.8655221199,417030.5,120176.13447788008,-17030.5
1500000.0,1545199.2868134035,1.5247081e+06,-45199.28681340348,-24708.125
1400000.0,1665161.2965564623,1.4171429e+06,-265161.2965564623,-17142.875
1550000.0,1387889.6317065181,1.565478e+06,162110.36829348188,-15478.0
325000.0,260388.99613667966,331808.56,64611.00386332034,-6808.5625
671000.0,858926.1492100228,654040.06,-187926.14921002276,16959.9375
795000.0,775727.5211078085,768501.7,19272.478892191546,26498.3125
1450000.0,1378034.0191737262,1.3848008e+06,71965.9808262738,65199.25
432000.0,451294.8469487062,440520.34,-19294.846948706196,-8520.34375
1705000.0,1634096.585613736,1.6528185e+06,70903.41438626405,52181.5
910000.0,1369458.895665604,941389.75,-459458.8956656039,-31389.75
812000.0,1351311.936724972,805193.25,-539311.936724972,6806.75
997000.0,939037.2603669607,980001.1,57962.73963303934,16998.875
735000.0,834447.1258679584,722528.0,-99447.12586795841,12472.0
295000.0,307063.2665204293,287540.2,-12063.266520429286,7459.8125
640000.0,657977.649508668,632321.5,-17977.649508667993,7678.5
480000.0,573383.5141486109,451893.5,-93383.51414861088,28106.5
710000.0,714076.8264777535,716338.7,-4076.826477753464,-6338.6875
885000.0,1013698.8411654372,895269.94,-128698.84116543725,-10269.9375
1920000.0,1747780.3654133035,1.9121738e+06,172219.6345866965,7826.25
1362500.0,1332379.8132700752,1.3802835e+06,30120.186729924753,-17783.5
860000.0,1049846.6078127504,841870.8,-189846.6078127504,18129.1875
1750000.0,1478732.502594177,1.512433e+06,271267.4974058231,237567.0
1575000.0,1522313.207791966,1.6122138e+06,52686.79220803408,-37213.75
902000.0,1037016.6523723701,879755.8,-135016.65237237012,22244.1875
700000.0,721850.0505611096,664326.4,-21850.050561109558,35673.625
2195000.0,2015895.7332944202,2.205086e+06,179104.26670557982,-10086.0
701000.0,548013.2961137048,711947.25,152986.7038862952,-10947.25
1850000.0,2962879.3033548165,1.8353576e+06,-1112879.3033548165,14642.375
1765000.0,1893810.479631105,1.7937052e+06,-128810.47963110497,-28705.25
540000.0,436486.5625127496,497098.12,103513.43748725043,42901.875
399000.0,333876.83715865365,402143.12,65123.16284134635,-3143.125
930000.0,1006208.940931852,927873.8,-76208.94093185198,2126.1875
870000.0,1049056.8625287,875938.25,-179056.86252869992,-5938.25
665100.0,708955.1770912135,650289.06,-43855.177091213525,14810.9375
1200000.0,1089884.069437305,1.1814164e+06,110115.93056269502,18583.625
585000.0,796130.9349971204,576538.5,-211130.9349971204,8461.5
705000.0,670676.9989390556,684954.4,34323.0010609444,20045.625
712761.0,642534.0756258117,684557.4,70226.9243741883,28203.625
1865000.0,1795305.649950534,1.9837815e+06,69694.3500494659,-118781.5
980000.0,1008235.1239227906,1.0045825e+06,-28235.123922790634,-24582.5
1100000.0,1742800.6288750297,1.115483e+06,-642800.6288750297,-15483.0
830000.0,816584.3443532474,811327.4,13415.655646752566,18672.625
538440.0,511819.1182961046,548061.0,26620.8817038954,-9621.0
995000.0,955367.9241615639,1.0591581e+06,39632.07583843614,-64158.125
440000.0,345587.13130480866,442270.22,94412.86869519134,-2270.21875
998888.0,910370.7484372531,809692.56,88517.25156274694,189195.4375
1625000.0,1630425.212914954,1.6620796e+06,-5425.21291495394,-37079.625
2540000.0,2492055.4946796424,2.577166e+06,47944.505320357624,-37166.0
1325000.0,1317464.398116074,1.3828159e+06,7535.601883925963,-57815.875
945000.0,961074.7561000327,969451.5,-16074.756100032711,-24451.5
480000.0,534718.5312236177,461706.75,-54718.53122361773,18293.25
1495000.0,1622678.9829158871,1.504188e+06,-127678.98291588714,-9188.0
575000.0,502425.3269637049,562860.8,72574.6730362951,12139.1875
975000.0,1133229.1218193457,980192.75,-158229.12181934575,-5192.75
1320000.0,1227128.2471416055,1.2868994e+06,92871.75285839452,33100.625
560000.0,727189.5838634183,549621.3,-167189.58386341832,10378.6875
1295000.0,1366297.876421551,1.3068012e+06,-71297.87642155099,-11801.25
725000.0,747726.9634490615,768951.9,-22726.9634490615,-43951.875
1390000.0,1521248.007998288,1.4223178e+06,-131248.0079982879,-32317.75
925000.0,954553.1619781842,939864.75,-29553.161978184246,-14864.75
367000.0,1128620.7366851026,367182.4,-761620.7366851026,-182.40625
935000.0,1343817.4058037465,921598.25,-408817.40580374654,13401.75
2772163.0,2582981.3396796924,2.8489952e+06,189181.6603203076,-76832.25
905000.0,768827.6617855798,841247.2,136172.33821442025,63752.8125
1680000.0,1624831.3256007687,1.678925e+06,55168.67439923133,1075.0
1675000.0,1917313.341718858,1.7402688e+06,-242313.3417188581,-65268.75
807000.0,1489433.4834310603,803790.75,-682433.4834310603,3209.25
422000.0,987379.7379604114,430816.22,-565379.7379604114,-8816.21875
1982500.0,1795959.556852445,1.937005e+06,186540.443147555,45495.0
1450000.0,1390233.169482932,1.4788932e+06,59766.83051706804,-28893.25
695000.0,768521.6788773333,691621.44,-73521.6788773333,3378.5625
1265500.0,1721111.8059839925,1.2154675e+06,-455611.8059839925,50032.5
660000.0,1022449.5435972649,667149.1,-362449.5435972649,-7149.125
441450.0,442961.6583516509,452318.62,-1511.6583516509272,-10868.625
820000.0,1044078.7773275466,794885.5,-224078.77732754662,25114.5
1500000.0,1762966.9929627972,1.3820658e+06,-262966.9929627972,117934.25
680000.0,1298578.5683937464,743071.56,-618578.5683937464,-63071.5625
825000.0,779455.4929475024,817279.9,45544.50705249759,7720.125
467000.0,336853.26649892074,425284.1,130146.73350107926,41715.90625
620000.0,601704.1414041148,616527.94,18295.85859588522,3472.0625
910000.0,957765.91494044,907613.06,-47765.91494043998,2386.9375
1250000.0,1171779.5774238515,1.2763551e+06,78220.42257614853,-26355.125
1475000.0,1428131.4229394572,1.4530979e+06,46868.57706054277,21902.125
925000.0,1025387.960492376,976229.8,-100387.960492376,-51229.8125
740000.0,1058554.9225532922,752822.2,-318554.92255329224,-12822.1875
1927000.0,1923693.9062549877,1.8862645e+06,3306.093745012302,40735.5
1420000.0,1909356.7230503927,1.3917435e+06,-489356.7230503927,28256.5
1340000.0,1330072.4465986243,1.4112141e+06,9927.553401375655,-71214.125
985000.0,1095760.593330179,931727.5,-110760.59333017911,53272.5
1165000.0,1144656.1092275358,1.2169208e+06,20343.89077246422,-51920.75
1050000.0,1114802.1662708793,1.0660541e+06,-64802.16627087933,-16054.125
659000.0,855926.7369253213,674858.8,-196926.73692532128,-15858.8125
370000.0,347853.18831926107,372675.62,22146.81168073893,-2675.625
875888.0,1347658.5237004696,758269.5,-471770.52370046964,117618.5
1500000.0,1673451.0085602093,1.629012e+06,-173451.0085602093,-129012.0
1155000.0,1216041.8316430652,1.2142405e+06,-61041.831643065205,-59240.5
440000.0,769183.9447858061,448879.53,-329183.9447858061,-8879.53125
395000.0,335417.0742189111,399152.16,59582.92578108888,-4152.15625
510000.0,657560.7786754698,513220.25,-147560.7786754698,-3220.25
700000.0,892338.5291131577,667959.56,-192338.52911315765,32040.4375
3035000.0,2735797.4129155725,3.024557e+06,299202.5870844275,10443.0
882000.0,834173.8983069946,844274.0,47826.10169300542,37726.0
890000.0,824318.4437569927,892151.3,65681.5562430073,-2151.3125
1925000.0,1865028.0246948893,1.9382875e+06,59971.97530511068,-13287.5
345000.0,501429.9964863693,331424.94,-156429.9964863693,13575.0625
3800000.0,3854506.842901906,4.202928e+06,-54506.842901906,-402928.0
3600000.0,3175687.062808863,3.44714e+06,424312.9371911371,152860.0
3075000.0,3235623.3340915665,2.9905745e+06,-160623.3340915665,84425.5
610000.0,654972.8945951795,620774.7,-44972.894595179474,-10774.6875
1050000.0,1753204.262989278,1.0436825e+06,-703204.262989278,6317.5
1400000.0,1314016.1734658529,1.2516288e+06,85983.82653414714,148371.25
715000.0,673925.6572132418,712850.1,41074.34278675821,2149.875
2715000.0,2493624.9872939717,2.5682695e+06,221375.0127060283,146730.5
1350000.0,1457395.6693242174,1.2605915e+06,-107395.66932421736,89408.5
1275000.0,1346560.0340485924,1.3837288e+06,-71560.03404859244,-108728.75
2050000.0,2031718.7877923953,2.1676698e+06,18281.212207604665,-117669.75
380000.0,459282.0548138878,373712.75,-79282.05481388781,6287.25
1400000.0,1268364.7118723516,1.2863841e+06,131635.2881276484,113615.875
670000.0,648318.1677754858,679763.4,21681.83222451422,-9763.375
1525000.0,1588143.1189801258,1.473819e+06,-63143.11898012576,51181.0
2675000.0,2559113.741394543,2.706055e+06,115886.25860545691,-31055.0
465000.0,504273.03512355883,479106.56,-39273.03512355883,-14106.5625
3825000.0,3390335.5405854,3.5390512e+06,434664.4594145999,285948.75
505000.0,441163.12680760294,518882.8,63836.87319239706,-13882.8125
4395000.0,4003955.3640436926,4.397571e+06,391044.6359563074,-2571.0
300000.0,330804.6957481626,310189.03,-30804.695748162572,-10189.03125
1275000.0,1400314.5057731075,1.2429644e+06,-125314.50577310752,32035.625
1700000.0,1466077.854282401,1.66809e+06,233922.14571759896,31910.0
1040000.0,1365896.6085559877,1.2108951e+06,-325896.6085559877,-170895.125
3000000.0,2451879.119958476,2.578897e+06,548120.8800415238,421103.0
850000.0,767140.8188011262,872570.75,82859.18119887379,-22570.75
3225000.0,3514937.4874591324,3.247932e+06,-289937.48745913245,-22932.0
1305000.0,1485098.0816056991,1.3650929e+06,-180098.08160569915,-60092.875
580000.0,615489.2967055502,578026.06,-35489.296705550165,1973.9375
2675000.0,2902321.171756208,2.4098282e+06,-227321.17175620794,265171.75
865000.0,898750.3013665383,847340.0,-33750.301366538275,17660.0
479000.0,573732.6732369306,481005.16,-94732.67323693063,-2005.15625
1430000.0,1290107.8543067935,1.486804e+06,139892.14569320646,-56804.0
1200000.0,1183307.5358968405,1.1300946e+06,16692.464103159495,69905.375
883000.0,923886.5711755874,825968.7,-40886.57117558736,57031.3125
920000.0,1084789.3726397294,937801.0,-164789.3726397294,-17801.0
1095000.0,1134833.1235081488,1.138617e+06,-39833.12350814883,-43617.0
760000.0,1449281.2286375458,787926.9,-689281.2286375458,-27926.875
4800000.0,4809691.539649918,4.866572e+06,-9691.539649917744,-66572.0
785000.0,1492850.5588848842,794230.9,-707850.5588848842,-9230.875
2400000.0,2455108.3969260883,2.613874e+06,-55108.39692608826,-213874.0
1050000.0,1160178.6523387346,1.060643e+06,-110178.6523387346,-10643.0
1430000.0,1335780.5664858029,1.4274679e+06,94219.43351419712,2532.125
1175000.0,1101717.4800546912,1.130418e+06,73282.5199453088,44582.0
657000.0,706205.7061698914,667632.9,-49205.706169891404,-10632.875
865000.0,906427.4652559636,832242.9,-41427.465255963616,32757.125
2285000.0,2226854.743304519,2.3455855e+06,58145.25669548102,-60585.5
1995000.0,2465097.616230677,2.0130759e+06,-470097.6162306769,-18075.875
1300000.0,1774682.6800775966,1.3176159e+06,-474682.68007759657,-17615.875
578000.0,545340.7910336114,588991.7,32659.2089663886,-10991.6875
985000.0,1574783.6650753191,1.00771156e+06,-589783.6650753191,-22711.5625
552000.0,774800.5052999193,541672.8,-222800.50529991928,10327.1875
2210000.0,2044009.3532678415,2.0858188e+06,165990.6467321585,124181.25
685000.0,647607.1065441619,682733.1,37392.893455838086,2266.875
625000.0,531218.7083458247,617986.6,93781.29165417526,7013.375
580000.0,644455.5506856923,543483.4,-64455.550685692346,36516.625
680000.0,651263.0403197582,659117.6,28736.959680241765,20882.375
3950000.0,3792686.8460759404,3.9450825e+06,157313.1539240596,4917.5
620000.0,821026.8005661054,642077.6,-201026.8005661054,-22077.625
340000.0,456670.19190723344,341283.53,-116670.19190723344,-1283.53125
1430000.0,1123360.90051001,1.2389264e+06,306639.0994899899,191073.625
2801000.0,2608716.7327036588,2.7937575e+06,192283.26729634125,7242.5
489900.0,381402.4659099539,463394.5,108497.53409004607,26505.5
463000.0,385716.6135183121,468828.25,77283.38648168789,-5828.25
2310000.0,2243712.8799445773,2.2892122e+06,66287.12005542265,20787.75
845000.0,869015.2114952034,844692.8,-24015.21149520343,307.1875
1010000.0,1044624.5646099413,1.05179e+06,-34624.56460994133,-41790.0
2505000.0,2399485.9325206378,2.526389e+06,105514.06747936225,-21389.0
585000.0,620743.8895142642,612934.8,-35743.889514264185,-27934.8125
1250000.0,1270355.1631675034,1.2805602e+06,-20355.16316750343,-30560.25
1275000.0,1392892.4373052383,1.2826771e+06,-117892.43730523833,-7677.125
1795000.0,1803552.5800055438,1.873968e+06,-8552.580005543772,-78968.0
2910000.0,2819472.7185695376,2.9288828e+06,90527.28143046238,-18882.75
1080000.0,1158532.0805063758,1.2597202e+06,-78532.08050637576,-179720.25
1560000.0,1113148.877402,1.228958e+06,446851.1225980001,331042.0
469000.0,585386.5998328096,499958.8,-116386.59983280965,-30958.8125
279900.0,461713.48146985157,278470.03,-181813.48146985157,1429.96875
408000.0,333363.89547853626,413900.38,74636.10452146374,-5900.375
760000.0,709140.7873114164,778520.0,50859.21268858365,-18520.0
1142000.0,1121294.0828392142,1.1404971e+06,20705.917160785757,1502.875
1120000.0,1603645.8078945936,1.1311502e+06,-483645.80789459357,-11150.25
145000.0,310235.5024859762,153455.23,-165235.5024859762,-8455.234375
800000.0,1472020.887030927,857384.6,-672020.887030927,-57384.625
1090000.0,1019627.5294689318,1.1074675e+06,70372.47053106816,-17467.5
1950000.0,2031392.2137300684,1.9569e+06,-81392.21373006841,-6900.0
2300000.0,1935186.3762821788,2.0060348e+06,364813.6237178212,293965.25
1290000.0,1234886.4492401585,1.2422852e+06,55113.550759841455,47714.75
1600000.0,1705674.83186979,1.6144478e+06,-105674.8318697901,-14447.75
2335000.0,2199126.8766798726,2.1889588e+06,135873.12332012737,146041.25
1300000.0,1588456.5872625385,1.4030912e+06,-288456.5872625385,-103091.25
644990.0,607959.350666186,637501.5,37030.64933381404,7488.5
405000.0,385993.3349778872,422695.44,19006.66502211278,-17695.4375
745000.0,946826.0188989145,738226.1,-201826.01889891445,6773.875
1075000.0,1038876.4901277851,1.0190118e+06,36123.50987221487,55988.1875
2468800.0,1907680.4518977,2.0608578e+06,561119.5481022999,407942.25
4720000.0,4371388.081872689,4.653362e+06,348611.9181273114,66638.0
1360000.0,1740809.0009456114,1.2567504e+06,-380809.0009456114,103249.625
1050000.0,1601320.0959704174,1.0759985e+06,-551320.0959704174,-25998.5
928950.0,918934.6959104134,903174.94,10015.3040895866,25775.0625
1510000.0,1289154.8510325428,1.3467106e+06,220845.14896745724,163289.375
820000.0,1545288.5824535931,825817.5,-725288.5824535931,-5817.5
533990.0,486247.6166450768,542480.8,47742.38335492322,-8490.8125
533990.0,486247.6166450768,542480.8,47742.38335492322,-8490.8125
1000000.0,1183480.4197886442,1.0299828e+06,-183480.41978864418,-29982.8125
797500.0,927508.1946522478,801091.6,-130008.19465224782,-3591.625
853000.0,800487.0861205801,819553.44,52512.91387941991,33446.5625
1400000.0,1285467.1569117918,1.3340556e+06,114532.84308820823,65944.375
1375000.0,1191379.4712183804,1.3627218e+06,183620.52878161962,12278.25
509990.0,420009.0992286665,518672.06,89980.90077133349,-8682.0625
650000.0,732173.9290328783,678657.7,-82173.92903287825,-28657.6875
3200000.0,3420897.5645622863,3.3644078e+06,-220897.56456228625,-164407.75
1300000.0,1438605.9934333002,1.3391416e+06,-138605.99343330017,-39141.625
738500.0,679509.4316514677,747906.0,58990.56834853231,-9406.0
1230000.0,1184717.7119072601,1.2880155e+06,45282.28809273988,-58015.5
696000.0,683062.7279981097,720315.4,12937.27200189035,-24315.375
1094000.0,1552337.5902973618,1.06511e+06,-458337.59029736184,28890.0
1812000.0,1651095.66696973,1.6679468e+06,160904.33303026995,144053.25
900000.0,913733.757591096,876324.3,-13733.757591095986,23675.6875
1183000.0,1090383.6321508265,1.2277876e+06,92616.36784917349,-44787.625
1610000.0,2010666.929115993,1.6102192e+06,-400666.92911599297,-219.25
1106000.0,1174965.3075406782,1.1147842e+06,-68965.30754067819,-8784.25
3925000.0,3397706.758313126,3.7022785e+06,527293.2416868741,222721.5
785000.0,911016.8507099983,776289.1,-126016.85070999828,8710.875
499000.0,447612.77819383016,491511.53,51387.22180616984,7488.46875
650000.0,631651.6831267066,642055.0,18348.31687329337,7945.0
2075000.0,1960275.8646864095,2.0609915e+06,114724.13531359052,14008.5
890000.0,947988.917093365,837922.75,-57988.91709336499,52077.25
1165000.0,1182244.0914813932,1.1392122e+06,-17244.091481393203,25787.75
930000.0,951667.9057350035,986766.6,-21667.90573500353,-56766.625
565000.0,665960.0325875646,574871.06,-100960.03258756455,-9871.0625
1130000.0,1720248.8291349951,1.0850015e+06,-590248.8291349951,44998.5
1701000.0,1643152.93932142,1.5726291e+06,57847.06067858008,128370.875
515000.0,523956.6427286109,499239.34,-8956.642728610896,15760.65625
2705000.0,2312321.4211867233,2.4565822e+06,392678.5788132767,248417.75
4336426.0,4402053.5381740285,4.2794725e+06,-65627.53817402851,56953.5
655000.0,682041.8506743141,694733.06,-27041.850674314075,-39733.0625
555000.0,523948.55796669936,578269.75,31051.442033300642,-23269.75
845000.0,1483600.4173287733,835048.5,-638600.4173287733,9951.5
2549000.0,2336103.420243755,2.398774e+06,212896.57975624502,150226.0
945000.0,1133311.9017136665,967535.9,-188311.9017136665,-22535.875
999900.0,1698952.493408023,1.03467694e+06,-699052.4934080229,-34776.9375
1150000.0,1189157.7232672255,1.1864702e+06,-39157.72326722555,-36470.25
620000.0,662239.9426063495,630195.8,-42239.942606349476,-10195.8125
2550000.0,2413828.241558058,2.5532165e+06,136171.7584419418,-3216.5
1038000.0,1047090.5588091626,1.0736952e+06,-9090.558809162583,-35695.25
415000.0,400716.7060572404,406262.7,14283.293942759628,8737.3125
910000.0,1008042.4532414193,897597.0,-98042.45324141928,12403.0
404670.0,608785.45777517,411490.12,-204115.45777516998,-6820.125
1630000.0,2162225.5772879543,1.6889911e+06,-532225.5772879543,-58991.125
1440000.0,1435729.2289656461,1.4898542e+06,4270.771034353878,-49854.25
2250000.0,2302496.677624397,2.2504352e+06,-52496.67762439698,-435.25
1000000.0,1016403.1973184186,1.0256513e+06,-16403.19731841865,-25651.3125
860000.0,728310.7510543552,830569.06,131689.24894564482,29430.9375
760000.0,727918.9083321498,739130.6,32081.091667850153,20869.375
118231.0,217263.8285396658,125083.75,-99032.82853966579,-6852.75
825000.0,1016076.4208606188,820288.5,-191076.42086061882,4711.5
675000.0,788889.8721153078,807257.6,-113889.87211530784,-132257.625
1055000.0,1128939.819227365,1.0685785e+06,-73939.81922736508,-13578.5
2500000.0,2374965.808516131,2.6925452e+06,125034.19148386922,-192545.25
1505000.0,1484960.2364493043,1.554936e+06,20039.76355069573,-49936.0
965000.0,1116346.9136520494,981942.4,-151346.91365204938,-16942.375
1455000.0,1602870.8158617304,1.3938528e+06,-147870.81586173037,61147.25
689000.0,648648.0708906371,695832.44,40351.929109362885,-6832.4375
1600000.0,1637286.76808585,1.6130304e+06,-37286.76808584994,-13030.375
935000.0,981755.9112806944,906404.7,-46755.91128069442,28595.3125
330000.0,494012.6691916522,345310.12,-164012.6691916522,-15310.125
1000000.0,960034.4604041573,975334.56,39965.53959584271,24665.4375
1250000.0,1079618.0880749766,1.03740794e+06,170381.91192502342,212592.0625
1300000.0,1749199.3597092368,1.2009094e+06,-449199.35970923677,99090.625
500000.0,447395.12161312404,504794.84,52604.878386875964,-4794.84375
660000.0,593543.4403654358,667772.3,66456.55963456421,-7772.3125
2550000.0,2451592.4514392004,2.5901685e+06,98407.54856079957,-40168.5
765000.0,788531.7309152803,780161.75,-23531.73091528029,-15161.75
2051000.0,2443061.1604799046,1.9541306e+06,-392061.1604799046,96869.375
560000.0,554803.7695064713,552506.0,5196.230493528652,7494.0
345000.0,364254.1487605551,328888.75,-19254.14876055508,16111.25
950000.0,997136.5533698644,974545.2,-47136.553369864356,-24545.1875
925000.0,967114.1214657978,957425.4,-42114.12146579777,-32425.375
1418000.0,1352478.0140869943,1.3954755e+06,65521.98591300566,22524.5
940000.0,969911.7578360818,926740.06,-29911.757836081786,13259.9375
410000.0,467694.6002498069,419416.4,-57694.600249806885,-9416.40625
1175000.0,1142032.333740162,1.1927815e+06,32967.666259838035,-17781.5
630000.0,701453.9799247793,578698.94,-71453.97992477927,51301.0625
799900.0,784167.478986257,833937.5,15732.521013743011,-34037.5
860000.0,798470.2115538407,876127.94,61529.788446159335,-16127.9375
720000.0,720123.7639058284,732263.94,-123.76390582835302,-12263.9375
509000.0,357519.54676136514,504190.1,151480.45323863486,4809.90625
745000.0,684173.8413080052,705934.7,60826.158691994846,39065.3125
530000.0,586178.4764056704,545424.75,-56178.4764056704,-15424.75
945000.0,983784.9715976068,955371.4,-38784.97159760678,-10371.375
500000.0,683936.4658866448,486570.22,-183936.4658866448,13429.78125
560000.0,648703.2703536975,550036.1,-88703.27035369747,9963.875
630000.0,1056138.1308655876,615114.3,-426138.1308655876,14885.6875
2730000.0,2487732.0188606074,2.561809e+06,242267.9811393926,168191.0
2400000.0,2111546.0996865975,2.3873198e+06,288453.9003134025,12680.25
1000000.0,967681.4457676621,1.0203752e+06,32318.55423233786,-20375.1875
2200000.0,2205726.372934018,2.1015248e+06,-5726.372934017796,98475.25
850000.0,1329577.4958511486,828116.4,-479577.4958511486,21883.625
780500.0,902202.4159346521,769907.25,-121702.41593465209,10592.75
909000.0,1002640.6929108473,927365.1,-93640.69291084725,-18365.125
2299000.0,2267367.8795264037,2.1789552e+06,31632.120473596267,120044.75
910000.0,1430768.470025158,924558.75,-520768.470025158,-14558.75
540000.0,697850.3971289655,581420.6,-157850.39712896547,-41420.625
2577777.0,2415930.202595162,2.508699e+06,161846.7974048378,69078.0
2800000.0,2990724.007298343,2.773489e+06,-190724.00729834288,26511.0
400000.0,422636.73735715763,403240.7,-22636.73735715763,-3240.6875
580000.0,827961.2365324287,648855.56,-247961.23653242865,-68855.5625
1315000.0,1201635.5208840373,1.293777e+06,113364.47911596275,21223.0
1800000.0,1626273.8215974588,1.7983728e+06,173726.1784025412,1627.25
920000.0,1006021.2062862386,915418.4,-86021.20628623862,4581.625
1775000.0,1928190.9211250306,1.9685332e+06,-153190.9211250306,-193533.25
775000.0,1161617.1857057884,673885.75,-386617.18570578843,101114.25
685000.0,728357.1342025565,654264.6,-43357.13420255645,30735.375
712000.0,642561.7988304215,694879.5,69438.20116957847,17120.5
1280000.0,1174873.5218109768,1.2307466e+06,105126.47818902321,49253.375
820000.0,809682.8096021896,796937.25,10317.190397810424,23062.75
689000.0,1462192.5169462766,694647.6,-773192.5169462766,-5647.625
690000.0,1208578.7543839193,685107.25,-518578.7543839193,4892.75
4900000.0,4931226.350775204,4.7854695e+06,-31226.350775203668,114530.5
1350000.0,1904202.5046395864,1.3408579e+06,-554202.5046395864,9142.125
417000.0,309429.5944425877,400168.28,107570.4055574123,16831.71875
1450000.0,2088765.0050911822,1.4562915e+06,-638765.0050911822,-6291.5
1730000.0,1726740.475774361,1.7719528e+06,3259.5242256389465,-41952.75
650000.0,607916.8390237818,663625.44,42083.160976218176,-13625.4375
660000.0,871061.4288461762,652035.3,-211061.42884617625,7964.6875
1500000.0,1595354.8081955882,1.5257875e+06,-95354.80819558818,-25787.5
863000.0,1008785.5094630577,813454.06,-145785.50946305774,49545.9375
565000.0,640510.6275501152,566443.4,-75510.62755011523,-1443.375
430000.0,442252.98674286366,430909.9,-12252.986742863664,-909.90625
1698000.0,1835961.9400929199,1.8040878e+06,-137961.94009291986,-106087.75
730000.0,739155.6688958264,726851.6,-9155.668895826442,3148.375
1325000.0,1273229.533598481,1.2743519e+06,51770.46640151902,50648.125
943700.0,951480.9102053922,987134.6,-7780.910205392167,-43434.625
680000.0,672199.8425304665,673348.75,7800.1574695335,6651.25
1207000.0,1868871.3415204752,1.3606802e+06,-661871.3415204752,-153680.25
2800000.0,2989642.3377537085,2.8950142e+06,-189642.33775370847,-95014.25
715000.0,815240.1710502617,736380.3,-100240.1710502617,-21380.3125
975000.0,943436.3440414898,807061.4,31563.655958510237,167938.625
669500.0,527915.936608335,675922.9,141584.063391665,-6422.875
750000.0,708798.2739124834,775130.6,41201.72608751664,-25130.625
387500.0,386187.10236611357,396519.8,1312.8976338864304,-9019.8125
380000.0,314135.86821535684,377059.66,65864.13178464316,2940.34375
580000.0,545262.010696526,599810.6,34737.989303473965,-19810.625
870000.0,958393.9222581988,940359.7,-88393.92225819884,-70359.6875
800000.0,777411.7556499375,780918.8,22588.24435006245,19081.1875
625000.0,704763.5486955352,620156.94,-79763.54869553517,4843.0625
976500.0,1219299.6769372474,995984.7,-242799.6769372474,-19484.6875
575000.0,536361.4444642231,570451.25,38638.55553577689,4548.75
660000.0,669057.4211069606,663078.2,-9057.421106960624,-3078.1875
1490000.0,1376735.5192916729,1.3512648e+06,113264.48070832714,138735.25
1550000.0,1688872.4844133616,1.5662395e+06,-138872.48441336164,-16239.5
9250000.0,8649082.802750843,8.821322e+06,600917.1972491574,428678.0
1520000.0,1470019.419180898,1.5440998e+06,49980.580819102004,-24099.75
417000.0,365314.5401553286,418688.66,51685.45984467142,-1688.65625
1250000.0,1784771.8768771929,1.303938e+06,-534771.8768771929,-53938.0
795000.0,956334.9744214038,794632.4,-161334.97442140384,367.625
630000.0,604701.362133572,619562.8,25298.637866428006,10437.1875
910000.0,951236.622117395,929292.5,-41236.62211739505,-19292.5
1038000.0,1171221.2988579855,1.0158157e+06,-133221.29885798553,22184.3125
2450000.0,3047019.282872844,2.447054e+06,-597019.282872844,2946.0
2800000.0,2811412.03664613,2.6376202e+06,-11412.03664613003,162379.75
1203000.0,1678525.5022964356,1.2077351e+06,-475525.50229643565,-4735.125
1675000.0,1541823.4364291995,1.6853772e+06,133176.56357080047,-10377.25
860000.0,1102902.4599711008,861966.75,-242902.4599711008,-1966.75
920000.0,1161254.9485204353,1.0578326e+06,-241254.94852043525,-137832.625
940000.0,1175154.7127296769,938675.2,-235154.71272967686,1324.8125
716000.0,775061.528587722,724389.5,-59061.52858772199,-8389.5
800000.0,941293.3602416593,808172.75,-141293.36024165933,-8172.75
965000.0,1117792.8176440645,925554.75,-152792.81764406455,39445.25
370000.0,473251.6182052789,357050.06,-103251.61820527888,12949.9375
875000.0,917126.8208453192,806413.56,-42126.82084531919,68586.4375
734888.0,758768.5876613436,758880.1,-23880.587661343627,-23992.125
709000.0,858945.21326813,720989.6,-149945.21326812997,-11989.625
689900.0,728067.531189291,699054.4,-38167.53118929104,-9154.375
600000.0,632617.9201751776,591112.0,-32617.920175177627,8888.0
2700000.0,2604433.2959900284,2.6922345e+06,95566.70400997158,7765.5
1338000.0,1207749.7572818934,1.2742571e+06,130250.2427181066,63742.875
1390000.0,1325157.0850795433,1.3746558e+06,64842.91492045671,15344.25
1515000.0,1472543.5675441008,1.4556582e+06,42456.432455899194,59341.75
1025000.0,1571650.8619082416,1.0438089e+06,-546650.8619082416,-18808.875
457500.0,456689.82404939353,435062.72,810.17595060647,22437.28125
479000.0,548365.3420448205,482119.75,-69365.34204482054,-3119.75
2350000.0,2185247.760223619,2.2203405e+06,164752.23977638083,129659.5
415000.0,408692.2935353555,406924.6,6307.7064646445215,8075.40625
550000.0,651872.8699849974,557251.6,-101872.86998499744,-7251.625
331000.0,431478.53560199635,358263.62,-100478.53560199635,-27263.625
1825000.0,1886409.0892414916,1.9944252e+06,-61409.08924149163,-169425.25
1675000.0,1715730.970220699,1.7635605e+06,-40730.970220698975,-88560.5
1040000.0,1519831.6445982826,1.0097866e+06,-479831.64459828264,30213.375
485000.0,613890.454360545,490691.94,-128890.45436054503,-5691.9375
13550000.0,10272363.350202587,1.219055e+07,3277636.6497974135,1359450.0
830000.0,688514.1250163739,823270.5,141485.87498362607,6729.5
2650000.0,2489163.9931862587,2.4586965e+06,160836.0068137413,191303.5
1550000.0,1670880.1237095501,1.5915204e+06,-120880.12370955013,-41520.375
900000.0,992630.105732118,921190.5,-92630.10573211801,-21190.5
740000.0,688812.1193309863,774094.2,51187.88066901371,-34094.1875
500000.0,658739.8682248846,490287.78,-158739.86822488462,9712.21875
1175000.0,1381531.0976604635,1.1937681e+06,-206531.09766046354,-18768.125
1700000.0,1611577.8730225475,1.624135e+06,88422.12697745254,75865.0
1000000.0,962510.7835388777,966539.9,37489.21646112227,33460.125
1295000.0,1808192.2045313376,1.304958e+06,-513192.2045313376,-9958.0
637500.0,1147690.5773525457,653871.7,-510190.5773525457,-16371.6875
1165000.0,1179080.3198987762,1.1519772e+06,-14080.319898776244,13022.75
1670000.0,1620193.1354955004,1.6753582e+06,49806.864504499594,-5358.25
470000.0,610666.7553996111,462448.84,-140666.75539961108,7551.15625
1319000.0,1360497.1495556724,1.3010388e+06,-41497.149555672426,17961.25
891000.0,894351.8685674665,892493.44,-3351.868567466503,-1493.4375
730000.0,585767.8164905672,758719.44,144232.18350943283,-28719.4375
930000.0,925226.5702556622,929576.1,4773.429744337802,423.875
515000.0,555808.155757829,509975.25,-40808.155757828965,5024.75
690000.0,1295429.8727340726,718002.06,-605429.8727340726,-28002.0625
1670000.0,1863111.7795125102,1.8024765e+06,-193111.77951251017,-132476.5
465000.0,473299.53548786824,461296.12,-8299.535487868241,3703.875
2500000.0,2383889.394379559,2.5248232e+06,116110.60562044103,-24823.25
1350000.0,1873206.6907107094,1.3455719e+06,-523206.69071070943,4428.125
900000.0,1000090.8360564387,944255.4,-100090.83605643874,-44255.375
820000.0,1058209.694238052,834640.06,-238209.694238052,-14640.0625
1125000.0,1100889.8157885612,1.1787705e+06,24110.184211438755,-53770.5
660000.0,603095.4413987981,659032.1,56904.55860120186,967.875
1175633.0,1673018.164175585,1.2041939e+06,-497385.1641755849,-28560.875
890000.0,960986.3068142085,901525.25,-70986.30681420851,-11525.25
1010000.0,816019.8522282466,861501.56,193980.14777175337,148498.4375
385000.0,346157.13184183894,374652.7,38842.86815816106,10347.3125
740000.0,715601.749170941,732487.44,24398.25082905905,7512.5625
380000.0,474525.34642724483,411074.34,-94525.34642724483,-31074.34375
550000.0,832770.6381828713,566291.6,-282770.6381828713,-16291.625
1169000.0,1114017.7473316146,1.1426702e+06,54982.252668385394,26329.75
408000.0,466759.0926704627,395672.56,-58759.092670462676,12327.4375
475000.0,496021.5800142782,487623.78,-21021.58001427818,-12623.78125
2095000.0,2263753.6170938984,2.1349995e+06,-168753.61709389836,-39999.5
1050000.0,1112246.2669966547,1.1212092e+06,-62246.26699665468,-71209.25
400000.0,1042031.2975062092,422901.5,-642031.2975062092,-22901.5
754000.0,951647.9239346269,674780.94,-197647.92393462686,79219.0625
910000.0,932052.1764488921,926180.75,-22052.176448892104,-16180.75
715000.0,692077.0585082443,695853.7,22922.941491755657,19146.3125
1350000.0,1074064.1441438165,1.3470715e+06,275935.85585618345,2928.5
420000.0,1031967.0363704142,366835.2,-611967.0363704142,53164.8125
621900.0,524870.6586391956,628677.7,97029.34136080439,-6777.6875
732500.0,742295.9118496089,740519.9,-9795.911849608878,-8019.875
605000.0,886930.9989252698,611341.06,-281930.9989252698,-6341.0625
657500.0,602258.4937647511,661938.4,55241.506235248875,-4438.375
560000.0,768681.7221612923,580631.06,-208681.72216129233,-20631.0625
2020000.0,1750112.0974056984,1.7609454e+06,269887.9025943016,259054.625
745000.0,862885.7445654463,746209.0,-117885.74456544628,-1209.0
930000.0,1089040.1734588123,915014.25,-159040.1734588123,14985.75
790000.0,1454603.8428200923,847208.25,-664603.8428200923,-57208.25
605000.0,734931.6432217541,620884.25,-129931.64322175412,-15884.25
1005000.0,1705662.6905124984,1.01079156e+06,-700662.6905124984,-5791.5625
515000.0,546456.1865946148,500121.9,-31456.18659461476,14878.09375
470000.0,605059.6404749921,474526.6,-135059.6404749921,-4526.59375
1220000.0,919699.3750929979,1.2254644e+06,300300.6249070021,-5464.375
2160000.0,2198906.331880304,2.2540092e+06,-38906.33188030403,-94009.25
810000.0,823353.147861918,838932.6,-13353.147861917969,-28932.625
615000.0,621166.7326756612,618783.4,-6166.7326756612165,-3783.375
765000.0,690458.2490167674,752878.94,74541.75098323263,12121.0625
1425000.0,1367438.470477002,1.4383509e+06,57561.529522998026,-13350.875
756400.0,1397186.0077373902,758329.5,-640786.0077373902,-1929.5
595000.0,652701.2886253442,607904.5,-57701.28862534417,-12904.5
2145000.0,2206888.449049256,2.2894435e+06,-61888.44904925581,-144443.5
1065000.0,1221848.5152563336,1.0742278e+06,-156848.51525633363,-9227.75
1140000.0,1316110.0907129778,1.1532061e+06,-176110.0907129778,-13206.125
485000.0,482274.6172164595,499981.22,2725.3827835405245,-14981.21875
1461000.0,1396033.643305259,1.3794888e+06,64966.35669474094,81511.25
3500000.0,3454774.0861605406,3.875029e+06,45225.91383945942,-375029.0
1290000.0,1431012.7481979404,1.3388632e+06,-141012.7481979404,-48863.25
800000.0,1585824.0027893619,771274.9,-785824.0027893619,28725.125
380000.0,310171.63397814205,383931.5,69828.36602185795,-3931.5
852000.0,747889.8308058069,837405.06,104110.16919419309,14594.9375
870000.0,1039205.649171341,865243.0,-169205.64917134098,4757.0
860000.0,1583184.3012835681,872613.2,-723184.3012835681,-12613.1875
1900000.0,2082841.5224810839,2.0193461e+06,-182841.52248108387,-119346.125
1075000.0,1593438.4710474145,1.0903955e+06,-518438.47104741447,-15395.5
925000.0,875558.0513848625,936238.06,49441.94861513749,-11238.0625
4350000.0,3969381.2916556476,4.424962e+06,380618.70834435243,-74962.0
1760000.0,1989946.6697689465,1.6574275e+06,-229946.66976894648,102572.5
2200000.0,1768081.8779907827,2.1447238e+06,431918.1220092173,55276.25
1275000.0,1241366.7132913594,1.2785395e+06,33633.28670864063,-3539.5
870000.0,865041.4624210307,862419.8,4958.5375789692625,7580.1875
675000.0,744090.2232446428,690102.75,-69090.22324464284,-15102.75
395000.0,326365.5226728566,401283.8,68634.47732714342,-6283.8125
875000.0,960310.6759477316,892279.0,-85310.6759477316,-17279.0
1675000.0,1090867.5030602745,1.2263692e+06,584132.4969397255,448630.75
1601000.0,1595926.7997065065,1.5876668e+06,5073.200293493457,13333.25
1224000.0,1272603.7949726188,1.2256094e+06,-48603.79497261881,-1609.375
872000.0,898933.8647929779,863506.94,-26933.864792977925,8493.0625
1210000.0,1160142.5097935658,1.2160925e+06,49857.49020643416,-6092.5
940000.0,901507.8384511115,986302.75,38492.16154888854,-46302.75
899990.0,1364121.9567569215,916670.25,-464131.9567569215,-16680.25
388888.0,391585.7685569171,375782.03,-2697.7685569170862,13105.96875
825000.0,945409.0024013955,866573.4,-120409.00240139547,-41573.375
700000.0,774028.5815679089,702545.75,-74028.58156790887,-2545.75
2160000.0,2017013.6791900708,1.9919884e+06,142986.32080992917,168011.625
499000.0,343201.806045013,510573.3,155798.193954987,-11573.3125
1850000.0,1648501.0454075572,1.7056082e+06,201498.95459244284,144391.75
1100000.0,1252159.5729947358,1.1270541e+06,-152159.5729947358,-27054.125
2300000.0,2107683.0403195056,2.2114228e+06,192316.9596804944,88577.25
924750.0,1536292.927217368,908423.6,-611542.927217368,16326.375
837000.0,1471381.8010986825,841624.4,-634381.8010986825,-4624.375
650000.0,921564.7591441075,660604.6,-271564.75914410746,-10604.625
995000.0,997623.0158345603,1.04158244e+06,-2623.0158345602686,-46582.4375
950000.0,1477823.805055445,958465.94,-527823.8050554451,-8465.9375
525000.0,457807.7110345025,529862.2,67192.28896549752,-4862.1875
860000.0,1127438.6926949872,864353.94,-267438.69269498717,-4353.9375
775000.0,655374.708047922,766974.4,119625.291952078,8025.625
530000.0,542233.7095665794,524696.94,-12233.709566579433,5303.0625
825000.0,1048875.173386519,943804.3,-223875.17338651908,-118804.3125
2030000.0,2562723.502372247,2.0729725e+06,-532723.5023722472,-42972.5
795000.0,731415.8342530876,776058.2,63584.16574691236,18941.8125
6400000.0,6320661.92661461,5.937251e+06,79338.07338539045,462749.0
499000.0,361888.251799535,484805.0,137111.748200465,14195.0
535000.0,740463.685046761,532578.6,-205463.68504676095,2421.375
1805000.0,2601599.5397568736,1.836564e+06,-796599.5397568736,-31564.0
565000.0,645655.3721932644,567366.25,-80655.37219326443,-2366.25
675000.0,630146.6324271818,673549.75,44853.367572818184,1450.25
790000.0,812268.4165118635,798037.75,-22268.41651186347,-8037.75
1272000.0,1307396.5437488034,1.316326e+06,-35396.54374880344,-44326.0
255000.0,430229.5397344489,234644.56,-175229.5397344489,20355.4375
399000.0,631380.9542751294,397730.25,-232380.95427512936,1269.75
990000.0,782780.1593597609,837727.0,207219.84064023907,152273.0
410000.0,346932.9225134064,409859.66,63067.077486593626,140.34375
1625000.0,2087780.9130187272,1.6117326e+06,-462780.9130187272,13267.375
650000.0,671868.212627455,666154.2,-21868.21262745501,-16154.1875
1250000.0,1097184.0896339882,1.2178264e+06,152815.91036601178,32173.625
1480000.0,1471733.2718786164,1.4673172e+06,8266.728121383581,12682.75
780000.0,926233.2773817524,862591.7,-146233.27738175238,-82591.6875
2149999.0,2611189.389099861,2.1731115e+06,-461190.38909986103,-23112.5
843000.0,812090.5071947302,808091.9,30909.49280526978,34908.125
1485000.0,1393917.976613645,1.4780994e+06,91082.02338635502,6900.625
769000.0,712927.8122104517,787736.0,56072.187789548305,-18736.0
795000.0,863946.5246306113,811730.6,-68946.5246306113,-16730.625
2000000.0,1851422.5937284974,2.0042525e+06,148577.4062715026,-4252.5
1750000.0,1960089.0376750554,1.8053941e+06,-210089.03767505544,-55394.125
815000.0,740791.6458053037,827270.25,74208.3541946963,-12270.25
3053500.0,2650708.3964265743,2.8707432e+06,402791.6035734257,182756.75
1539000.0,1456994.6082325212,1.5721102e+06,82005.39176747878,-33110.25
2600000.0,2670152.840659982,2.4953582e+06,-70152.84065998206,104641.75
960000.0,1173445.0599906722,1.04303475e+06,-213445.05999067216,-83034.75
1630000.0,1511307.072525921,1.6328088e+06,118692.92747407896,-2808.75
970000.0,952806.0862576137,999096.5,17193.91374238627,-29096.5
2255000.0,2279287.595078461,2.2170038e+06,-24287.595078460872,37996.25
2260000.0,1916025.386303735,2.305317e+06,343974.61369626503,-45317.0
5225000.0,4828686.25413364,5.425508e+06,396313.74586636014,-200508.0
810000.0,906487.1691775243,861967.56,-96487.16917752428,-51967.5625
880000.0,819071.273774264,886053.1,60928.72622573597,-6053.125
810000.0,934374.0453020965,804584.5,-124374.04530209652,5415.5
785000.0,1428154.5117809484,808965.5,-643154.5117809484,-23965.5
1100000.0,903721.0127863914,1.1440135e+06,196278.98721360858,-44013.5
1329000.0,1559449.2581499491,1.3305844e+06,-230449.25814994914,-1584.375
725000.0,670185.5918145601,718384.25,54814.40818543988,6615.75
745000.0,754305.8686581338,748686.0,-9305.868658133782,-3686.0
594000.0,726703.7864549429,597920.75,-132703.7864549429,-3920.75
535000.0,685817.9471733964,553952.7,-150817.94717339636,-18952.6875
2900000.0,2565161.1039905986,2.8608908e+06,334838.8960094014,39109.25
725000.0,619046.8287069516,726034.9,105953.17129304842,-1034.875
780000.0,1531139.058759722,793757.6,-751139.0587597219,-13757.625
424290.0,290082.7064079968,424173.84,134207.29359200317,116.15625
1185000.0,1316457.3719849298,1.1572759e+06,-131457.37198492978,27724.125
3103000.0,2751528.7246869644,3.106451e+06,351471.2753130356,-3451.0
444000.0,354152.1330540241,435570.03,89847.86694597593,8429.96875
642500.0,742348.441873169,657581.9,-99848.44187316904,-15081.875
525000.0,382525.24543394905,505192.66,142474.75456605095,19807.34375
1397000.0,1304303.8199134097,1.3743386e+06,92696.18008659035,22661.375
778000.0,867345.7019509121,810331.4,-89345.70195091213,-32331.375
715000.0,767970.1119267831,759190.6,-52970.11192678311,-44190.625
1380000.0,1228242.1045619666,1.2092829e+06,151757.8954380334,170717.125
911000.0,1004104.999389826,894602.5,-93104.99938982597,16397.5
730000.0,696310.6902261429,744198.44,33689.30977385712,-14198.4375
420000.0,493963.30531898385,420330.97,-73963.30531898385,-330.96875
830000.0,977948.0222935815,827102.2,-147948.0222935815,2897.8125
769000.0,807678.8893348871,780654.5,-38678.88933488715,-11654.5
725000.0,1197907.0244840654,736958.5,-472907.02448406536,-11958.5
1400000.0,1430453.1795184552,1.500948e+06,-30453.179518455174,-100948.0
335000.0,493570.58920563466,340140.75,-158570.58920563466,-5140.75
615000.0,484757.7055594708,614339.9,130242.2944405292,660.125
700000.0,917090.6091241611,728592.25,-217090.60912416107,-28592.25
1190000.0,1213539.000634586,1.2131919e+06,-23539.000634585973,-23191.875
407000.0,355317.1979153815,394503.0,51682.80208461848,12497.0
730000.0,555848.7272290265,739289.94,174151.2727709735,-9289.9375
550000.0,692546.2048406218,509332.2,-142546.2048406218,40667.8125
2900000.0,2943334.6481408104,3.316619e+06,-43334.64814081043,-416619.0
1185000.0,1220203.6390745628,1.13797e+06,-35203.639074562816,47030.0
1829000.0,1698919.0718546652,1.7894048e+06,130080.92814533482,39595.25
1500000.0,1354683.0217723413,1.4829778e+06,145316.97822765866,17022.25
1749000.0,1657502.1810441697,1.646882e+06,91497.8189558303,102118.0
1200000.0,1176220.404065719,1.2642214e+06,23779.595934280893,-64221.375
600000.0,600371.9644215466,625779.56,-371.96442154655233,-25779.5625
918000.0,1095463.4883093513,896956.06,-177463.48830935126,21043.9375
801000.0,747902.7679428791,804643.6,53097.232057120884,-3643.625
850000.0,869264.5590718973,815195.25,-19264.559071897296,34804.75
1475000.0,1448853.8254932545,1.352456e+06,26146.174506745534,122544.0
550000.0,682792.8064020029,586811.8,-132792.80640200293,-36811.8125
665000.0,585467.2368689211,672706.25,79532.76313107891,-7706.25
2150000.0,1767020.3475777693,1.9764866e+06,382979.6524222307,173513.375
2398000.0,1980776.6499626157,2.009535e+06,417223.3500373843,388465.0
2075000.0,2080886.3058252642,2.1641272e+06,-5886.305825264193,-89127.25
855000.0,926931.570876031,844117.0,-71931.57087603095,10883.0
935000.0,1012719.5196486665,957491.1,-77719.5196486665,-22491.125
1515000.0,1477336.562354699,1.4595282e+06,37663.43764530099,55471.75
1020000.0,1405775.761859723,1.1065289e+06,-385775.7618597229,-86528.875
2555000.0,2258737.881074589,2.5049195e+06,296262.1189254108,50080.5
647000.0,580571.0185912417,658280.25,66428.98140875832,-11280.25
1125000.0,1142466.423822625,1.1005532e+06,-17466.423822625075,24446.75
398000.0,406510.88148626033,401513.12,-8510.881486260332,-3513.125
970000.0,1568919.5032650013,967437.2,-598919.5032650013,2562.8125
815000.0,746605.8815877128,753230.8,68394.11841228721,61769.1875
549000.0,492271.2745469102,544620.1,56728.725453089806,4379.875
1520000.0,1940225.8368393143,1.3600056e+06,-420225.8368393143,159994.375
1130000.0,1221573.4198811164,1.2263635e+06,-91573.41988111637,-96363.5
801000.0,912504.4661384858,786638.44,-111504.46613848582,14361.5625
2780000.0,2649978.8713809354,2.61345e+06,130021.12861906458,166550.0
975000.0,1135425.7684976556,945369.06,-160425.76849765563,29630.9375
1000000.0,1307189.0942163982,1.2444838e+06,-307189.0942163982,-244483.75
475000.0,535050.7918080527,475228.56,-60050.79180805269,-228.5625
1015000.0,954931.5519424664,1.03135206e+06,60068.44805753359,-16352.0625
2540000.0,2668318.5187778305,2.113308e+06,-128318.51877783053,426692.0
1515000.0,1470015.5775774783,1.5440468e+06,44984.42242252175,-29046.75
1270000.0,1550935.4995670984,1.2721104e+06,-280935.49956709845,-2110.375
850000.0,757307.347475166,835885.9,92692.65252483403,14114.125
655000.0,659305.557741102,662801.3,-4305.557741101948,-7801.3125
1350000.0,1285409.496650069,1.3239934e+06,64590.50334993098,26006.625
1750000.0,1883304.6506032571,1.7375805e+06,-133304.65060325712,12419.5
1825000.0,1748571.4509116355,1.697629e+06,76428.54908836447,127371.0
965000.0,943837.3516122341,785998.75,21162.64838776586,179001.25
780000.0,868016.123522595,788987.8,-88016.12352259504,-8987.8125
1635000.0,1519576.3693363555,1.5488104e+06,115423.63066364452,86189.625
3000000.0,3676633.881479222,3.2302565e+06,-676633.8814792219,-230256.5
590000.0,874327.4529208475,687123.9,-284327.45292084746,-97123.875
815000.0,880246.2092746256,811898.6,-65246.20927462564,3101.375
672000.0,762474.720582014,727529.9,-90474.72058201395,-55529.875
830000.0,758120.827159965,843733.1,71879.17284003505,-13733.125
2500000.0,2346776.2224492263,2.5872825e+06,153223.7775507737,-87282.5
980000.0,1239836.5317471302,999227.94,-259836.5317471302,-19227.9375
2750000.0,3246072.6688307067,2.857087e+06,-496072.66883070674,-107087.0
1849000.0,2262994.9378241403,1.8408461e+06,-413994.9378241403,8153.875
497500.0,483968.03883542435,491356.4,13531.961164575652,6143.59375
900000.0,856900.9639269356,834944.2,43099.03607306443,65055.8125
1910000.0,1775364.1407765348,1.9366965e+06,134635.8592234652,-26696.5
3267000.0,3224334.383332082,3.2738928e+06,42665.61666791793,-6892.75
620000.0,766803.2494614813,657344.25,-146803.24946148135,-37344.25
635000.0,1186036.7795198308,622853.75,-551036.7795198308,12146.25
540000.0,484265.302088602,517141.9,55734.69791139802,22858.09375
1127000.0,1252849.5691321744,1.1076999e+06,-125849.56913217437,19300.125
615000.0,712074.6667575563,609323.06,-97074.66675755626,5676.9375
1600000.0,1609838.80058985,1.6058931e+06,-9838.80058984994,-5893.125
850000.0,956989.2214226566,870873.1,-106989.22142265656,-20873.125
945000.0,1698088.2411773612,914686.2,-753088.2411773612,30313.8125
1030000.0,1542245.962321732,1.0555814e+06,-512245.96232173196,-25581.375
1330000.0,1806119.8014254658,1.3469855e+06,-476119.80142546585,-16985.5
950000.0,1021510.0146249252,942848.0,-71510.01462492521,7152.0
1050000.0,1578481.291784038,1.03743956e+06,-528481.2917840381,12560.4375
1060000.0,1583355.1168592577,1.0582414e+06,-523355.1168592577,1758.625
2362000.0,1877078.9797162549,1.9761642e+06,484921.02028374514,385835.75
1370000.0,1418999.2312705095,1.4228441e+06,-48999.23127050954,-52844.125
1300000.0,1235618.7940675162,1.3065121e+06,64381.205932483776,-6512.125
1299000.0,1435387.3714935891,1.3221662e+06,-136387.37149358913,-23166.25
1200000.0,1631937.1713663456,1.2128332e+06,-431937.1713663456,-12833.25
700000.0,748277.7905295459,665581.4,-48277.79052954586,34418.625
1140000.0,1018251.8680696037,1.0939806e+06,121748.13193039631,46019.375
710000.0,667243.4095808406,712850.1,42756.59041915939,-2850.125
825000.0,1036604.4877764892,784212.3,-211604.48777648923,40787.6875
1692000.0,1989734.594714883,1.7648846e+06,-297734.594714883,-72884.625
742000.0,755800.0370074846,679670.7,-13800.037007484585,62329.3125
1810000.0,1867084.197654387,1.8584662e+06,-57084.19765438698,-48466.25
593000.0,651288.0641228852,643689.5,-58288.06412288523,-50689.5
439000.0,299157.3459399828,452903.94,139842.6540600172,-13903.9375
1685000.0,1619756.7892001597,1.6797546e+06,65243.21079984028,5245.375
1950000.0,2023397.4611126834,1.8660052e+06,-73397.4611126834,83994.75
665000.0,900005.8822417782,669990.94,-235005.8822417782,-4990.9375
940000.0,1563186.2426408585,922803.1,-623186.2426408585,17196.875
759000.0,916474.7306573285,754515.6,-157474.7306573285,4484.375
545000.0,577066.2991975391,538575.5,-32066.299197539105,6424.5
3150000.0,3273349.3335704566,3.2367508e+06,-123349.3335704566,-86750.75
1075000.0,1153831.2547783174,1.0596996e+06,-78831.25477831741,15300.375
2150000.0,2151534.3132986315,2.0133696e+06,-1534.3132986314595,136630.375
1650000.0,2088282.9696562588,1.5831189e+06,-438282.9696562588,66881.125
600000.0,734253.3487312179,587014.44,-134253.3487312179,12985.5625
2361000.0,2308688.93638749,2.3270945e+06,52311.063612509985,33905.5
999000.0,1232197.1788308437,1.055222e+06,-233197.17883084365,-56222.0
1185000.0,1153757.053423877,1.160347e+06,31242.946576122893,24653.0
393000.0,656500.6894306209,455653.22,-263500.68943062087,-62653.21875
1628000.0,1568514.0426412628,1.6306161e+06,59485.95735873724,-2616.125
910000.0,956718.8141911852,883094.6,-46718.81419118517,26905.375
279900.0,476223.0725576655,285658.1,-196323.07255766552,-5758.09375
520000.0,612878.2520193794,520786.5,-92878.2520193794,-786.5
1400000.0,1211479.9582364738,1.2503116e+06,188520.04176352615,149688.375
515000.0,546866.7564466967,517118.22,-31866.7564466967,-2118.21875
1600000.0,2008725.012076692,1.3780108e+06,-408725.01207669196,221989.25
1350000.0,1170404.474057993,872445.94,179595.52594200708,477554.0625
1390000.0,1395531.4158084872,1.3628321e+06,-5531.415808487218,27167.875
449000.0,595101.573447945,459253.25,-146101.57344794495,-10253.25
776000.0,912530.2183509432,751765.4,-136530.21835094318,24234.625
399999.0,993820.4998058948,391816.88,-593821.4998058948,8182.125
824000.0,908177.5256742515,840613.6,-84177.52567425149,-16613.625
1252000.0,1163739.181576995,1.2285689e+06,88260.81842300505,23431.125
1355000.0,1168888.7087059277,1.1499071e+06,186111.2912940723,205092.875
1200000.0,1166437.9966748815,1.2155811e+06,33562.00332511845,-15581.125
2100000.0,1875313.0301299049,2.0132314e+06,224686.96987009514,86768.625
690000.0,1196403.1673563386,676162.75,-506403.1673563386,13837.25
2050000.0,2357089.435868432,2.447397e+06,-307089.4358684318,-397397.0
762000.0,1321060.7166936183,694778.75,-559060.7166936183,67221.25
1185000.0,1252602.4639990048,1.141802e+06,-67602.4639990048,43198.0
755000.0,925173.5140668028,719788.7,-170173.5140668028,35211.3125
1020000.0,1069960.6985257193,910954.25,-49960.698525719345,109045.75
988888.0,932627.3858376482,1.004663e+06,56260.61416235182,-15775.0
1850000.0,2369430.109297214,1.8539134e+06,-519430.1092972141,-3913.375
1815000.0,1774195.290970813,1.8250075e+06,40804.70902918698,-10007.5
321000.0,414776.7120995523,301324.06,-93776.71209955227,19675.9375
1850001.0,1103069.7446748759,1.3512068e+06,746931.2553251241,498794.25
490000.0,636478.2286565494,501265.5,-146478.22865654936,-11265.5
875000.0,920245.6015320214,866952.75,-45245.60153202142,8047.25
785000.0,693226.8918006507,754478.9,91773.10819934926,30521.125
1550000.0,1720892.4938348304,1.5555368e+06,-170892.49383483035,-5536.75
550000.0,480396.8971140967,519104.56,69603.10288590332,30895.4375
1375000.0,1301844.5300348462,1.3650265e+06,73155.46996515384,9973.5
1215000.0,1275860.4796790078,1.243964e+06,-60860.47967900778,-28964.0
730000.0,709103.272773445,736882.6,20896.727226555,-6882.625
1480000.0,2051124.9429529042,1.4852692e+06,-571124.9429529042,-5269.25
1099000.0,1661442.8644330874,1.1498578e+06,-562442.8644330874,-50857.75
1835000.0,1902911.2955744667,1.8719531e+06,-67911.2955744667,-36953.125
780000.0,870021.1442577288,749426.8,-90021.14425772883,30573.1875
660000.0,625071.5494533803,640461.3,34928.450546619715,19538.6875
1400000.0,1723428.1695819953,1.4408675e+06,-323428.16958199535,-40867.5
1200000.0,1455815.0090436125,1.2495869e+06,-255815.00904361252,-49586.875
1280000.0,1192834.0731898493,1.1325124e+06,87165.92681015073,147487.625
1840000.0,1620184.6546294824,1.83617e+06,219815.34537051758,3830.0
1510000.0,1434995.0341162055,1.5806584e+06,75004.96588379447,-70658.375
700000.0,762430.0837487765,716923.0,-62430.083748776466,-16923.0
864000.0,986076.0681903384,866313.9,-122076.06819033844,-2313.875
1555500.0,1533974.334486444,1.4495891e+06,21525.665513555985,105910.875
1600000.0,1895432.7479853812,1.55643e+06,-295432.74798538117,43570.0
485750.0,485318.2019225715,515678.22,431.7980774284806,-29928.21875
755000.0,911525.693258188,787733.75,-156525.69325818797,-32733.75
1115000.0,1302553.1376392732,1.0819625e+06,-187553.1376392732,33037.5
1100000.0,1361693.5919451006,1.1500332e+06,-261693.59194510058,-50033.25
685000.0,736394.387063678,662654.0,-51394.387063678005,22346.0
777000.0,782879.3151423198,782065.1,-5879.3151423197705,-5065.125
1155000.0,1179173.0540033819,1.0975755e+06,-24173.05400338187,57424.5
1205000.0,1306158.797214344,1.1758176e+06,-101158.79721434391,29182.375
427000.0,367693.2900979541,437426.62,59306.7099020459,-10426.625
385000.0,542329.6925889908,380245.0,-157329.6925889908,4755.0
785000.0,656654.2994473855,746770.6,128345.70055261452,38229.375
750000.0,792690.6451224724,762972.1,-42690.64512247243,-12972.125
1635000.0,1245696.507200067,1.3631116e+06,389303.49279993307,271888.375
2750000.0,3020387.2414227678,2.5510405e+06,-270387.24142276775,198959.5
5000000.0,4709515.173275168,4.780197e+06,290484.82672483195,219803.0
605000.0,527686.9816700442,615409.5,77313.01832995575,-10409.5
1250000.0,1251112.5949191516,1.2963842e+06,-1112.5949191516265,-46384.25
1260000.0,1842197.5697070626,1.2849569e+06,-582197.5697070626,-24956.875
1105000.0,1045041.8235361176,1.1338622e+06,59958.17646388244,-28862.25
1259000.0,1014260.3202083795,1.1118454e+06,244739.67979162047,147154.625
559000.0,517246.6626079355,576248.8,41753.33739206451,-17248.8125
1800000.0,1683095.3756920882,1.8561938e+06,116904.62430791184,-56193.75
950000.0,1207784.4641675414,1.0243258e+06,-257784.46416754136,-74325.8125
825000.0,839872.7454168353,844598.56,-14872.7454168353,-19598.5625
1070000.0,1628766.7962810176,1.0649994e+06,-558766.7962810176,5000.625
1317470.0,1392783.2267846595,1.3328578e+06,-75313.22678465955,-15387.75
1450000.0,1398214.2631462368,1.4655468e+06,51785.73685376323,-15546.75
1250000.0,1311046.373576091,1.2798435e+06,-61046.373576090904,-29843.5
1200000.0,1401330.688416205,1.2214379e+06,-201330.6884162051,-21437.875
3000000.0,3107501.526521639,3.0197065e+06,-107501.52652163897,-19706.5
275000.0,438322.39113150677,282130.34,-163322.39113150677,-7130.34375
1850000.0,2138582.347944892,2.2711245e+06,-288582.347944892,-421124.5
657000.0,637003.7726246563,721328.0,19996.227375343675,-64328.0
1400000.0,1335094.804171234,1.4127345e+06,64905.1958287661,-12734.5
680000.0,650060.4759871593,676200.1,29939.524012840702,3799.875
1240000.0,1403315.6468613334,1.2318162e+06,-163315.6468613334,8183.75
548000.0,503725.3696643894,539932.7,44274.63033561059,8067.3125
449000.0,463599.4090385295,458755.1,-14599.409038529499,-9755.09375
858770.0,822146.8284475156,801168.06,36623.17155248439,57601.9375
2685000.0,2774180.3617655807,2.772069e+06,-89180.36176558072,-87069.0
720000.0,887005.3310113684,740300.94,-167005.33101136843,-20300.9375
805000.0,1353047.9596381967,776392.75,-548047.9596381967,28607.25
1045000.0,1180742.0448932813,1.03452994e+06,-135742.0448932813,10470.0625
1050000.0,978400.4561982239,1.01234575e+06,71599.54380177613,37654.25
2550000.0,3088657.5133823995,2.6809815e+06,-538657.5133823995,-130981.5
5712500.0,4497171.216157925,4.933795e+06,1215328.7838420747,778705.0
1925000.0,2371773.8508797055,1.9800221e+06,-446773.8508797055,-55022.125
1525000.0,1580712.192453603,1.5226085e+06,-55712.19245360303,2391.5
1465000.0,1695613.1329710663,1.5152382e+06,-230613.13297106628,-50238.25
970000.0,919134.8979898959,955177.3,50865.10201010411,14822.6875
1050000.0,1531025.0444789578,1.0789362e+06,-481025.0444789578,-28936.25
542000.0,601111.0906073059,539950.7,-59111.09060730587,2049.3125
1225000.0,1021450.524989409,1.128251e+06,203549.47501059098,96749.0
1710000.0,1822168.9608244551,1.7242905e+06,-112168.96082445513,-14290.5
485000.0,381057.9181521054,499206.5,103942.08184789459,-14206.5
420000.0,394259.844481971,431437.06,25740.155518029,-11437.0625
675000.0,660332.442798364,638850.8,14667.557201636024,36149.1875
1235000.0,1265165.08000447,1.260624e+06,-30165.080004469957,-25624.0
560000.0,754599.3012082413,570210.3,-194599.30120824126,-10210.3125
635000.0,782400.4961739392,654707.8,-147400.4961739392,-19707.8125
565000.0,597174.6481982077,575220.94,-32174.648198207724,-10220.9375
1300000.0,1382059.5983019744,1.3947371e+06,-82059.59830197436,-94737.125
1010000.0,1376336.694103324,1.0098868e+06,-366336.6941033241,113.1875
1218000.0,1370116.8832426704,1.2382802e+06,-152116.88324267045,-20280.25
975000.0,1032241.6568406934,1.0137872e+06,-57241.65684069344,-38787.1875
815000.0,1045608.1073345656,843558.5,-230608.1073345656,-28558.5
852000.0,949074.4244126067,828309.1,-97074.42441260675,23690.875
1690000.0,1888927.735799672,1.7896301e+06,-198927.73579967208,-99630.125
1825000.0,1833337.3865800742,1.8967685e+06,-8337.386580074206,-71768.5
598000.0,659676.1032187393,584915.5,-61676.10321873927,13084.5
727000.0,890559.0481515981,723062.9,-163559.04815159808,3937.125
765000.0,828529.3080559232,777437.5,-63529.308055923204,-12437.5
820000.0,956404.3440758553,819339.3,-136404.34407585533,660.6875
1800000.0,1693385.1626438582,1.759824e+06,106614.83735614177,40176.0
560000.0,792523.1605913072,580512.56,-232523.1605913072,-20512.5625
560000.0,439622.6576354669,553394.56,120377.3423645331,6605.4375
1220000.0,1366733.868594088,1.2498265e+06,-146733.8685940879,-29826.5
1085000.0,1647950.5989372288,1.1135868e+06,-562950.5989372288,-28586.75
760000.0,923491.4012015238,745700.3,-163491.40120152384,14299.6875
745000.0,718013.4928492979,736703.44,26986.507150702062,8296.5625
762500.0,853762.6859817117,740131.5,-91262.68598171172,22368.5
499000.0,469373.31888345105,501156.06,29626.68111654895,-2156.0625
670000.0,585158.8837379363,694158.9,84841.11626206373,-24158.875
875000.0,1347586.808191907,885645.1,-472586.8081919069,-10645.125
1690000.0,1663659.848667634,1.7372292e+06,26340.151332366047,-47229.25
3125000.0,2459044.9788076477,2.6772742e+06,665955.0211923523,447725.75
1000000.0,1018139.526583941,1.098914e+06,-18139.526583940955,-98914.0
973500.0,922445.2562322826,911139.3,51054.74376771739,62360.6875
675000.0,735264.8778909006,663050.4,-60264.87789090059,11949.625
1325000.0,1463171.6815976184,1.3046358e+06,-138171.6815976184,20364.25
826000.0,901411.6650027898,831456.7,-75411.66500278981,-5456.6875
1560000.0,1370222.723465755,1.5729246e+06,189777.27653424488,-12924.625
828000.0,894199.9667433056,820544.3,-66199.96674330556,7455.6875
901000.0,809961.0132895585,862833.6,91038.98671044153,38166.375
1850000.0,1832589.1633285417,1.8682934e+06,17410.836671458324,-18293.375
2235000.0,2286054.855589434,2.256545e+06,-51054.85558943404,-21545.0
1500888.0,1411233.7277068587,1.362367e+06,89654.27229314134,138521.0
6800000.0,6184327.619587351,6.4068365e+06,615672.3804126494,393163.5
1189000.0,1374928.6002524248,1.1810671e+06,-185928.60025242483,7932.875
850000.0,736514.7587840866,845535.0,113485.24121591344,4465.0
460000.0,430492.6955149898,454162.12,29507.304485010216,5837.875
992888.0,979835.2060539988,1.059832e+06,13052.793946001213,-66944.0
680000.0,1409362.7425480862,678675.8,-729362.7425480862,1324.1875
910000.0,887658.7614930477,940141.75,22341.2385069523,-30141.75
1160000.0,1032606.9726489643,1.11974e+06,127393.02735103574,40260.0
785000.0,748299.0867825928,776740.9,36700.913217407186,8259.125
1200000.0,1296621.8694691046,1.232311e+06,-96621.86946910457,-32311.0
1175000.0,1294274.7350997687,1.2134719e+06,-119274.73509976873,-38471.875
735000.0,850288.1946099761,729179.6,-115288.19460997614,5820.375
450000.0,601931.201649499,429138.7,-151931.201649499,20861.3125
1350000.0,1320955.5761132406,1.3819852e+06,29044.42388675944,-31985.25
808000.0,780937.9998659017,802750.44,27062.000134098344,5249.5625
1549000.0,1515254.5629831776,1.4795182e+06,33745.4370168224,69481.75
524900.0,494917.6575192467,506344.47,29982.342480753316,18555.53125
495000.0,432547.0051961652,485446.25,62452.99480383482,9553.75
2050000.0,2011917.2567376175,2.0210358e+06,38082.74326238246,28964.25
360725.0,330255.79372550803,390350.0,30469.206274491968,-29625.0
760000.0,894867.0356222333,807449.4,-134867.0356222333,-47449.375
1915000.0,1802509.0148757375,1.8674848e+06,112490.98512426252,47515.25
1395000.0,1535100.8149833851,1.3727654e+06,-140100.81498338515,22234.625
500000.0,528634.2408819393,469357.03,-28634.240881939302,30642.96875
415000.0,602714.5258880685,396023.62,-187714.52588806849,18976.375
3560000.0,3356825.8010242498,3.569759e+06,203174.19897575025,-9759.0
650000.0,634887.1864215939,670894.4,15112.813578406116,-20894.375
736000.0,815602.7963251572,720259.06,-79602.79632515716,15740.9375
570000.0,540006.9288921378,549589.4,29993.071107862168,20410.625
909000.0,850111.045474892,895417.6,58888.95452510798,13582.375
885000.0,812943.3760565331,907529.1,72056.62394346693,-22529.125
675000.0,898358.0550419888,660260.75,-223358.05504198885,14739.25
1250000.0,1025155.188410628,1.10776e+06,224844.811589372,142240.0
620000.0,584291.8672669588,616359.25,35708.13273304119,3640.75
1685000.0,1585454.3458446101,1.6472841e+06,99545.65415538987,37715.875
955000.0,940590.7791441628,872171.44,14409.220855837222,82828.5625
300000.0,499418.3059959082,302324.88,-199418.30599590822,-2324.875
1155000.0,1166728.5480753125,1.1456928e+06,-11728.548075312516,9307.25
899000.0,1451168.7274948908,918094.56,-552168.7274948908,-19094.5625
968000.0,978875.9235768539,967606.94,-10875.923576853937,393.0625
1045000.0,1075821.4941443712,1.0806035e+06,-30821.494144371245,-35603.5
1200000.0,1263521.9008214166,1.2852362e+06,-63521.90082141664,-85236.25
590000.0,698840.4471693299,662129.06,-108840.44716932985,-72129.0625
1130000.0,975925.8266416378,973239.4,154074.17335836217,156760.625
559900.0,562582.7622015706,563790.75,-2682.7622015705565,-3890.75
1418500.0,1901798.9132443415,1.4062621e+06,-483298.9132443415,12237.875
6000000.0,5345238.335532861,5.747281e+06,654761.6644671392,252719.0
1025000.0,1190830.4262546655,1.0620134e+06,-165830.42625466548,-37013.375
1480000.0,1636909.7572659613,1.5822284e+06,-156909.75726596126,-102228.375
1320000.0,1355152.8956119132,1.392827e+06,-35152.895611913176,-72827.0
1450000.0,2123939.832104245,1.450809e+06,-673939.8321042452,-809.0
1750000.0,2217085.06691849,1.7975e+06,-467085.06691849,-47500.0
1250000.0,1341971.91188129,1.2027949e+06,-91971.91188128991,47205.125
1335000.0,1416384.3199998592,1.3324078e+06,-81384.3199998592,2592.25
1325000.0,1374037.2663126201,1.3366956e+06,-49037.26631262014,-11695.625
950000.0,1416728.4727957472,901940.6,-466728.4727957472,48059.375
1255000.0,1167017.522664604,1.161514e+06,87982.47733539599,93486.0
917000.0,888979.5573287886,891869.75,28020.442671211436,25130.25
1775000.0,1801152.7526682918,1.6970139e+06,-26152.752668291796,77986.125
976000.0,1591828.5557978167,967300.6,-615828.5557978167,8699.375
865000.0,867082.9843011325,867244.7,-2082.9843011324992,-2244.6875
505000.0,625447.7687031573,495553.62,-120447.76870315732,9446.375
750000.0,952478.6047226503,719667.9,-202478.60472265026,30332.125
851000.0,1596088.0529572119,860051.9,-745088.0529572119,-9051.875
1250000.0,1270897.7333006852,1.306684e+06,-20897.733300685184,-56684.0
1150000.0,1298730.3004408097,1.2691185e+06,-148730.3004408097,-119118.5
1052500.0,1185788.5486338842,1.0575724e+06,-133288.54863388417,-5072.375
2400000.0,3218407.017318225,2.4905678e+06,-818407.017318225,-90567.75
839000.0,776985.7007744913,919348.4,62014.2992255087,-80348.375
1900000.0,1962794.360129591,1.907411e+06,-62794.36012959108,-7411.0
1500000.0,1687214.6723048722,1.5471098e+06,-187214.6723048722,-47109.75
476000.0,1001424.1949173147,479943.9,-525424.1949173147,-3943.90625
1200000.0,1039719.7680191277,1.100886e+06,160280.23198087234,99114.0
865000.0,900375.4915791652,864160.25,-35375.49157916522,839.75
2050000.0,1812303.9480029396,1.88812e+06,237696.05199706042,161880.0
2200000.0,2108542.558568018,2.243702e+06,91457.44143198198,-43702.0
665000.0,1277008.2216209439,680343.9,-612008.2216209439,-15343.875
894000.0,1049874.676633306,867515.2,-155874.67663330608,26484.8125
892000.0,1015296.9401290043,901866.6,-123296.9401290043,-9866.625
1510000.0,1628573.7465914811,1.562544e+06,-118573.74659148115,-52544.0
1575000.0,1501830.1619449598,1.507212e+06,73169.83805504022,67788.0
585000.0,809429.4548864268,580353.7,-224429.4548864268,4646.3125
665000.0,585315.7018390334,646619.4,79684.2981609666,18380.625
575000.0,633587.2881249071,569759.6,-58587.28812490706,5240.375
550000.0,719828.4078921841,541675.94,-169828.4078921841,8324.0625
754000.0,900083.0884500414,774131.9,-146083.08845004137,-20131.875
705000.0,751020.1220818146,710728.9,-46020.12208181457,-5728.875
999000.0,1050296.8183289478,1.0306028e+06,-51296.81832894776,-31602.8125
400000.0,909531.5515957803,393607.47,-509531.5515957803,6392.53125
765000.0,866039.4899910861,799298.3,-101039.48999108607,-34298.3125
510000.0,736083.0727632487,500373.78,-226083.0727632487,9626.21875
805000.0,780950.9142556891,742740.0,24049.08574431087,62260.0
1330000.0,1380868.6418357524,1.2076775e+06,-50868.64183575241,122322.5
2000000.0,2048821.8091154753,1.9353045e+06,-48821.80911547528,64695.5
1395000.0,1369046.278164269,1.3771686e+06,25953.721835731063,17831.375
1875000.0,2430368.322491402,2.0418152e+06,-555368.3224914018,-166815.25
577000.0,527112.9931906451,564754.56,49887.006809354876,12245.4375
905000.0,792687.8844374521,922211.0,112312.11556254793,-17211.0
1620000.0,1532544.1714550126,1.6813878e+06,87455.82854498737,-61387.75
1050000.0,1220743.3568909229,1.064251e+06,-170743.35689092288,-14251.0
960000.0,1042526.3598942466,987893.7,-82526.35989424656,-27893.6875
485000.0,397514.28773931006,468816.16,87485.71226068994,16183.84375
1005000.0,1193777.4805043773,994953.7,-188777.48050437728,10046.3125
827900.0,1005304.6955599299,847791.8,-177404.69555992994,-19891.8125
790000.0,978140.498517805,795646.25,-188140.498517805,-5646.25
1040000.0,1553238.6018174062,1.03088494e+06,-513238.60181740625,9115.0625
735000.0,1264416.6854956837,889265.75,-529416.6854956837,-154265.75
625000.0,700462.7590070101,612333.0,-75462.75900701014,12667.0
632000.0,721125.6096155305,651763.0,-89125.60961553047,-19763.0
940000.0,888512.9593001246,950722.4,51487.04069987545,-10722.375
11900.0,4136075.892450905,4.0961655e+06,-4124175.892450905,-4084265.5
355000.0,298393.2521621374,352967.7,56606.74783786258,2032.3125
650000.0,649402.3534079319,619471.25,597.6465920681367,30528.75
2750000.0,2557583.7289730264,2.8116228e+06,192416.2710269736,-61622.75
6400000.0,6154131.778140738,6.580028e+06,245868.22185926232,-180028.0
2200000.0,2057960.0310337713,2.2072635e+06,142039.96896622865,-7263.5
940000.0,1931826.0126556274,1.0052007e+06,-991826.0126556274,-65200.6875
1228000.0,1417793.200678861,1.167727e+06,-189793.200678861,60273.0
1325000.0,1136746.7354221928,1.154476e+06,188253.26457780716,170524.0
3650000.0,2958251.6278219414,3.223929e+06,691748.3721780586,426071.0
1325000.0,1292811.0410917671,1.258121e+06,32188.95890823286,66879.0
1072000.0,1406022.88061877,1.133833e+06,-334022.8806187699,-61833.0
2015000.0,1724728.6250527813,1.8949171e+06,290271.3749472187,120082.875
1528000.0,1475913.141057032,1.4957638e+06,52086.85894296807,32236.25
1008000.0,1025360.8059246121,886915.5,-17360.805924612097,121084.5
715000.0,789036.508411285,781105.0,-74036.508411285,-66105.0
1400000.0,1172300.7055907003,1.1835906e+06,227699.29440929973,216409.375
970000.0,1190367.8049850177,904022.9,-220367.80498501775,65977.125
649000.0,779116.2718329856,664657.8,-130116.27183298557,-15657.8125
535000.0,594651.1172594801,529745.5,-59651.11725948006,5254.5
1060000.0,1122243.714257635,1.0785578e+06,-62243.71425763494,-18557.75
600000.0,583537.9805995891,615446.44,16462.019400410936,-15446.4375
650000.0,737544.3023873018,661224.2,-87544.30238730181,-11224.1875
910000.0,890615.9299270133,962591.75,19384.07007298665,-52591.75
590000.0,775646.298483965,577781.9,-185646.298483965,12218.125
1525000.0,1517181.969500888,1.583892e+06,7818.030499112094,-58892.0
290000.0,245544.019263054,276411.0,44455.98073694599,13589.0
2550000.0,2228126.689396132,2.4175995e+06,321873.3106038682,132400.5
610000.0,866312.75166299,615458.75,-256312.75166298996,-5458.75
1670000.0,1579906.798547542,1.6187044e+06,90093.20145245804,51295.625
435000.0,455563.98112115194,437324.0,-20563.98112115194,-2324.0
1740000.0,1852945.2842491483,1.9034042e+06,-112945.28424914833,-163404.25
935000.0,910017.1662587777,949546.25,24982.833741222275,-14546.25
1750000.0,1854323.2965551745,1.7965335e+06,-104323.29655517451,-46533.5
1525000.0,1556374.7080138973,1.4641708e+06,-31374.708013897296,60829.25
752000.0,1266168.523846694,784514.5,-514168.52384669404,-32514.5
1920000.0,1852459.8898211005,1.9635345e+06,67540.11017889949,-43534.5
1100001.0,959540.8983656877,1.0347628e+06,140460.1016343123,65238.1875
450000.0,449903.9439424444,445008.88,96.056057555601,4991.125
990000.0,1062454.1111833276,1.00537225e+06,-72454.11118332762,-15372.25
3125000.0,2999146.214407128,3.087728e+06,125853.78559287218,37272.0
590000.0,612790.2956866206,610632.5,-22790.295686620637,-20632.5
1950000.0,2254092.8363552215,2.1395328e+06,-304092.83635522146,-189532.75
1610000.0,1604096.1522710929,1.5655182e+06,5903.847728907131,44481.75
650000.0,837880.093544415,640902.44,-187880.09354441497,9097.5625
845000.0,783614.9961059557,866800.6,61385.00389404432,-21800.625
589888.0,469875.81682009913,589938.4,120012.18317990087,-50.375
550000.0,727937.8398610833,540992.4,-177937.8398610833,9007.625
420000.0,357193.9822059412,426488.34,62806.017794058775,-6488.34375
1968000.0,2063945.4814983804,2.0257441e+06,-95945.48149838042,-57744.125
1700000.0,1699992.6873159686,1.6927725e+06,7.31268403143622,7227.5
590000.0,554077.5882899147,537003.0,35922.41171008535,52997.0
880000.0,833049.4614694533,906837.9,46950.538530546706,-26837.875
800000.0,820626.7968862802,804471.0,-20626.79688628018,-4471.0
1470000.0,1395830.4209832298,1.5732036e+06,74169.57901677024,-103203.625
1050000.0,1364401.4403676698,1.2181934e+06,-314401.4403676698,-168193.375
1700000.0,1992333.9118492613,1.8371806e+06,-292333.91184926126,-137180.625
1575000.0,1835729.477162437,1.654009e+06,-260729.47716243705,-79009.0
730000.0,715628.906455222,744356.75,14371.093544777948,-14356.75
360000.0,378359.5772619196,364469.88,-18359.57726191962,-4469.875
1450000.0,1965824.4528236159,1.5789198e+06,-515824.45282361587,-128919.75
900000.0,899453.255867894,960900.44,546.7441321059596,-60900.4375
925000.0,926209.1837352572,845884.25,-1209.1837352572475,79115.75
1615000.0,2355635.6278495425,1.7030338e+06,-740635.6278495425,-88033.75
899000.0,982481.0225496152,902528.3,-83481.02254961524,-3528.3125
1085000.0,1554539.3086321512,1.0509899e+06,-469539.3086321512,34010.125
624900.0,505416.23950553243,633135.5,119483.76049446757,-8235.5
930000.0,736910.6156785253,879856.5,193089.3843214747,50143.5
275000.0,215309.4222448963,270522.4,59690.5777551037,4477.59375
1135000.0,1748009.770927787,1.1900556e+06,-613009.7709277871,-55055.625
655000.0,823898.9576281481,749481.9,-168898.95762814814,-94481.875
820000.0,1525524.8374323128,816952.56,-705524.8374323128,3047.4375
2420000.0,2154798.874826812,2.1959382e+06,265201.1251731878,224061.75
316000.0,508614.9062905817,335265.2,-192614.90629058168,-19265.1875
1035000.0,1587499.2455899518,1.0017689e+06,-552499.2455899518,33231.125
1094000.0,1597421.0228889105,1.0921886e+06,-503421.0228889105,1811.375
260000.0,486570.27239333733,262220.53,-226570.27239333733,-2220.53125
2350000.0,2177818.5170778926,2.384876e+06,172181.48292210745,-34876.0
1220000.0,1321069.7450712747,1.244936e+06,-101069.7450712747,-24936.0
700000.0,791479.0850830706,727568.75,-91479.08508307056,-27568.75
975000.0,1652056.3037092313,1.00771256e+06,-677056.3037092313,-32712.5625
320000.0,379456.7200928838,307154.06,-59456.7200928838,12845.9375
510000.0,676804.5010788337,576762.3,-166804.5010788337,-66762.3125
930000.0,1489395.2267466905,1.1428838e+06,-559395.2267466905,-212883.75
765000.0,810369.8168364565,742821.44,-45369.816836456535,22178.5625
2335000.0,2268953.541104652,2.320891e+06,66046.45889534801,14109.0
510000.0,440311.0104132497,525682.6,69688.98958675028,-15682.625
575000.0,747128.978586359,579899.5,-172128.97858635895,-4899.5
417000.0,519545.3498318867,401218.38,-102545.3498318867,15781.625
745000.0,822340.8155315877,762418.6,-77340.8155315877,-17418.625
765000.0,702803.244141791,742479.4,62196.755858208984,22520.625
1500000.0,1458275.6744133118,1.5492491e+06,41724.32558668824,-49249.125
840000.0,928313.9869065888,840862.2,-88313.98690658878,-862.1875
988000.0,1089711.1276885855,1.0370014e+06,-101711.12768858555,-49001.375
945000.0,933961.3255856929,939163.25,11038.674414307112,5836.75
410000.0,394932.56366893405,396488.44,15067.436331065954,13511.5625
750000.0,800973.233331003,751933.9,-50973.23333100299,-1933.875
1850000.0,1986368.1071669618,1.9102891e+06,-136368.10716696177,-60289.125
675000.0,706441.827081516,674227.75,-31441.827081516036,772.25
3200000.0,3187760.5277469764,3.2502092e+06,12239.472253023647,-50209.25
1000000.0,981257.5992067631,1.052412e+06,18742.400793236913,-52412.0
689990.0,843412.4427989521,676245.9,-153422.4427989521,13744.125
817500.0,956874.920615918,836804.75,-139374.920615918,-19304.75
820000.0,895749.0636154129,813680.6,-75749.06361541292,6319.375
450000.0,561258.7858154319,481518.75,-111258.78581543185,-31518.75
720000.0,982604.2749853566,800946.5,-262604.2749853566,-80946.5
1220000.0,1476660.0539389525,1.1194442e+06,-256660.0539389525,100555.75
780000.0,645047.7629854205,741565.06,134952.23701457947,38434.9375
1030000.0,1023945.5339491195,1.0616884e+06,6054.4660508804955,-31688.375
550000.0,382336.00704421464,551359.06,167663.99295578536,-1359.0625
2430000.0,2242008.940534679,2.321659e+06,187991.05946532078,108341.0
420000.0,483246.42660893383,431549.4,-63246.426608933834,-11549.40625
1139800.0,1150433.0084483812,1.1662858e+06,-10633.00844838121,-26485.75
560000.0,682284.614222349,563106.7,-122284.61422234902,-3106.6875
985000.0,1107191.836784314,952635.56,-122191.8367843139,32364.4375
1145000.0,1206773.9571946615,1.109203e+06,-61773.95719466149,35797.0
780000.0,1402781.1903619473,909491.56,-622781.1903619473,-129491.5625
2350000.0,2321949.245668657,2.3871718e+06,28050.754331342876,-37171.75
755000.0,925803.0176785857,734039.9,-170803.01767858572,20960.125
1019000.0,926331.3652151683,1.01190075e+06,92668.63478483167,7099.25
502500.0,525193.7659640751,515490.9,-22693.765964075108,-12990.90625
585000.0,720450.1885043995,592604.4,-135450.1885043995,-7604.375
1325000.0,1456727.1283392222,1.3430821e+06,-131727.12833922217,-18082.125
489000.0,442042.14233691513,487579.12,46957.85766308487,1420.875
1528000.0,2004163.5883863708,1.5404698e+06,-476163.5883863708,-12469.75
305500.0,266930.95619964274,262014.3,38569.04380035726,43485.703125
1537000.0,1445025.5241030634,1.5806584e+06,91974.47589693661,-43658.375
295000.0,414236.041009568,280109.7,-119236.04100956803,14890.3125
1699999.0,1644578.5642634353,1.6937576e+06,55420.43573656469,6241.375
1368000.0,1239291.1618900415,1.1871369e+06,128708.83810995845,180863.125
100000.0,446350.7734765437,122756.14,-346350.7734765437,-22756.140625
1375000.0,1377996.3859033934,1.3275538e+06,-2996.385903393384,47446.25
485000.0,649728.9119405249,498691.66,-164728.91194052494,-13691.65625
1875000.0,1969666.9321159301,1.9464082e+06,-94666.93211593013,-71408.25
875000.0,839040.8270651216,854688.9,35959.172934878385,20311.125
826000.0,1004726.9205821473,830318.75,-178726.92058214732,-4318.75
860000.0,1431414.2086933034,850263.0,-571414.2086933034,9737.0
752500.0,947112.4049118371,736685.9,-194612.40491183707,15814.125
850000.0,1052725.312920656,812942.25,-202725.31292065606,37057.75
499900.0,692793.2041399291,503584.6,-192893.20413992915,-3684.59375
925000.0,1170411.6896893317,932311.5,-245411.6896893317,-7311.5
840000.0,802349.4974571483,870260.44,37650.502542851726,-30260.4375
785000.0,855098.9572219723,783632.9,-70098.95722197229,1367.125
1760000.0,1756521.4958231715,1.6938109e+06,3478.5041768285446,66189.125
1415000.0,1300099.7040476762,1.3764399e+06,114900.29595232382,38560.125
795000.0,815390.8242748221,780966.5,-20390.82427482214,14033.5
1216000.0,1258479.2405678262,1.2312279e+06,-42479.2405678262,-15227.875
990000.0,981463.6928705614,966090.2,8536.307129438617,23909.8125
1200000.0,1315058.6523256996,1.2185804e+06,-115058.65232569957,-18580.375
1150000.0,1311563.6800049054,1.1982919e+06,-161563.68000490544,-48291.875
355000.0,982231.8331383497,350334.78,-627231.8331383497,4665.21875
917000.0,1029019.120708667,1.0469603e+06,-112019.12070866697,-129960.3125
1275000.0,1989032.6512898998,1.3347149e+06,-714032.6512898998,-59714.875
357000.0,362045.0666215817,344482.22,-5045.066621581675,12517.78125
1550000.0,1302898.935323785,1.4064754e+06,247101.06467621494,143524.625
836500.0,931271.7080931372,826916.9,-94771.70809313725,9583.125
929000.0,1022861.620725947,926974.3,-93861.62072594697,2025.6875
1479000.0,3035221.399249643,1.3327802e+06,-1556221.399249643,146219.75
785000.0,606003.8796483565,802230.75,178996.12035164353,-17230.75
1340000.0,1247976.1465056546,1.3599862e+06,92023.85349434544,-19986.25
960000.0,1041366.6561865447,970536.6,-81366.65618654469,-10536.625
315000.0,266183.30722123943,260719.64,48816.69277876057,54280.359375
450000.0,331009.5143395846,435651.03,118990.48566041538,14348.96875
1650000.0,1576277.5310356813,1.6579714e+06,73722.46896431874,-7971.375
455000.0,463041.64056776266,445941.8,-8041.640567762661,9058.1875
640000.0,564339.7844358572,636370.5,75660.2155641428,3629.5
1650000.0,1883704.120017758,1.7732358e+06,-233704.1200177581,-123235.75
939800.0,879852.7491345535,925718.06,59947.25086544652,14081.9375
730000.0,924693.6666599812,726674.2,-194693.66665998125,3325.8125
1397500.0,1289332.437966096,1.3403541e+06,108167.56203390402,57145.875
1135000.0,1130436.6259081413,1.115615e+06,4563.374091858743,19385.0
1400000.0,1330411.077714732,1.430144e+06,69588.92228526808,-30144.0
675000.0,790147.426383743,689986.94,-115147.42638374295,-14986.9375
300000.0,229478.58083447395,307779.8,70521.41916552605,-7779.8125
2760000.0,2583252.7338145087,2.7202782e+06,176747.26618549135,39721.75
1315000.0,1393171.877376632,1.3614188e+06,-78171.87737663207,-46418.75
1750000.0,1636165.263031384,1.7195824e+06,113834.73696861602,30417.625
1425000.0,1301649.4655867012,1.3650382e+06,123350.53441329882,59961.75
416500.0,606771.361907002,419789.38,-190271.36190700205,-3289.375
2400000.0,2129418.015374452,2.3018085e+06,270581.9846255481,98191.5
799900.0,787213.4220637074,822207.3,12686.577936292626,-22307.3125
3298000.0,3016964.790031638,3.0746635e+06,281035.209968362,223336.5
1298800.0,1561306.0695057388,1.314507e+06,-262506.0695057388,-15707.0
610000.0,624914.4883167269,609187.1,-14914.48831672687,812.875
1010000.0,1028033.1462795977,974351.0,-18033.146279597655,35649.0
1300000.0,1181644.3948711946,1.2706458e+06,118355.60512880539,29354.25
580000.0,600906.8801598452,587526.3,-20906.880159845226,-7526.3125
695000.0,1123044.1854520396,687973.06,-428044.1854520396,7026.9375
1170000.0,1075162.980121018,1.1332341e+06,94837.0198789821,36765.875
475000.0,945984.5602076807,493225.9,-470984.5602076807,-18225.90625
945000.0,1002130.7479572683,955496.2,-57130.747957268264,-10496.1875
725000.0,707746.4357795117,722055.5,17253.564220488304,2944.5
775000.0,803759.368486288,781350.9,-28759.368486288004,-6350.875
660000.0,604819.5508105304,659032.1,55180.44918946957,967.875
785000.0,716840.7097430254,790350.9,68159.29025697464,-5350.875
1080000.0,1059271.8899326418,1.0866604e+06,20728.11006735824,-6660.375
475000.0,575276.0238283107,496116.8,-100276.02382831066,-21116.8125
930000.0,1185054.377220478,1.1072658e+06,-255054.3772204779,-177265.75
1235000.0,1743475.4704225948,1.2675594e+06,-508475.4704225948,-32559.375
851000.0,1025757.0704599321,833113.2,-174757.0704599321,17886.8125
2000000.0,2082403.5328322365,2.1485438e+06,-82403.5328322365,-148543.75
2375000.0,1869417.1436853427,2.0755858e+06,505582.85631465726,299414.25
728000.0,832864.8337960563,745882.4,-104864.83379605634,-17882.375
1199000.0,1613277.9458683785,1.1919786e+06,-414277.9458683785,7021.375
800000.0,1366318.696830657,819977.94,-566318.6968306571,-19977.9375
690000.0,1387368.7725451475,757702.06,-697368.7725451475,-67702.0625
2240000.0,2177434.8592023277,2.286234e+06,62565.14079767233,-46234.0
1120000.0,1755132.8771541924,1.1627131e+06,-635132.8771541924,-42713.125
1050000.0,1613863.3178221318,1.1374232e+06,-563863.3178221318,-87423.25
2500000.0,2493251.877494259,2.3858222e+06,6748.122505741194,114177.75
1925000.0,1841912.6845205096,1.9516275e+06,83087.31547949044,-26627.5
730000.0,916165.5745833304,756601.6,-186165.57458333042,-26601.625
652000.0,723812.9093451491,643337.25,-71812.90934514906,8662.75
1950000.0,2409215.658237924,1.9673565e+06,-459215.65823792387,-17356.5
1150000.0,1122995.3504426912,1.1336286e+06,27004.64955730876,16371.375
760000.0,795390.6716377554,669854.9,-35390.67163775535,90145.125
1050000.0,1417717.91853011,1.2051521e+06,-367717.91853011004,-155152.125
1085000.0,1102938.5727120787,1.1112328e+06,-17938.57271207869,-26232.75
500000.0,498293.21843830706,495782.9,1706.7815616929438,4217.09375
1250000.0,1418704.7938198182,1.3435856e+06,-168704.79381981818,-93585.625
1453000.0,1970654.9766436964,1.4887209e+06,-517654.9766436964,-35720.875
1299000.0,1313009.5487934507,1.2653141e+06,-14009.548793450696,33685.875
1050000.0,1229382.3013546783,1.1889326e+06,-179382.30135467835,-138932.625
699000.0,1203673.850987691,703729.25,-504673.85098769097,-4729.25
1200000.0,1638303.0303228055,1.2027868e+06,-438303.0303228055,-2786.75
735000.0,868271.4135998328,787816.4,-133271.4135998328,-52816.375
1399000.0,1829874.4820964371,1.331859e+06,-430874.48209643713,67141.0
490000.0,601885.8465973507,504609.06,-111885.84659735067,-14609.0625
1289000.0,1126049.72912087,1.2014672e+06,162950.2708791301,87532.75
635000.0,658153.7446298809,681333.4,-23153.74462988088,-46333.375
2225000.0,2125505.5417593066,2.1888565e+06,99494.45824069344,36143.5
4400000.0,4305614.19929127,4.2779055e+06,94385.80070872977,122094.5
1300000.0,1347438.802924026,1.317959e+06,-47438.80292402604,-17959.0
325000.0,348863.02029582614,328302.75,-23863.020295826136,-3302.75
2200000.0,2023320.040795629,2.0236645e+06,176679.9592043711,176335.5
1215000.0,1200173.6556102089,1.225579e+06,14826.344389791135,-10579.0
700000.0,987317.4204875393,744062.2,-287317.42048753926,-44062.1875
824900.0,946998.2245651286,818807.4,-122098.22456512856,6092.625
1180000.0,1220325.578093888,1.2093832e+06,-40325.578093888005,-29383.25
505000.0,576516.6859631294,501839.0,-71516.68596312939,3161.0
1100000.0,864120.8244021919,945895.7,235879.1755978081,154104.3125
675000.0,721911.4403799537,711610.5,-46911.44037995371,-36610.5
2170000.0,2014629.1496530822,1.833428e+06,155370.85034691775,336572.0
440000.0,572170.2157856653,451077.12,-132170.21578566532,-11077.125
2295000.0,2178966.462682601,2.32138e+06,116033.53731739894,-26380.0
686000.0,752105.1706813788,685411.1,-66105.1706813788,588.875
415000.0,366233.21712517773,414491.7,48766.78287482227,508.3125
435000.0,345779.45739034994,428353.62,89220.54260965006,6646.375
328000.0,341032.0212967474,303964.66,-13032.021296747378,24035.34375
529900.0,575056.5837476186,543102.5,-45156.5837476186,-13202.5
569812.0,426852.4931216064,576286.2,142959.5068783936,-6474.1875
400000.0,953890.381572894,426484.7,-553890.381572894,-26484.6875
755000.0,767252.3918233144,763954.4,-12252.391823314363,-8954.375
439000.0,386775.23346190515,449598.0,52224.766538094846,-10598.0
568000.0,616770.8210551741,570142.3,-48770.82105517411,-2142.3125
405000.0,346077.4106475038,413158.56,58922.5893524962,-8158.5625
3250000.0,3665958.300151618,3.265433e+06,-415958.3001516182,-15433.0
2200000.0,2635714.431234423,2.2517705e+06,-435714.4312344231,-51770.5
626000.0,1244932.0271419822,623172.25,-618932.0271419822,2827.75
2100000.0,2107354.9050958133,2.112379e+06,-7354.90509581333,-12379.0
750000.0,680364.2996799442,751589.06,69635.70032005582,-1589.0625
1700000.0,1722081.9081353168,1.7077258e+06,-22081.9081353168,-7725.75
1560000.0,1106349.3683428273,1.2267611e+06,453650.6316571727,333238.875
925000.0,977094.4682926574,853598.2,-52094.4682926574,71401.8125
825000.0,904031.4426010847,824068.56,-79031.44260108471,931.4375
895000.0,952859.0497404931,901381.7,-57859.049740493065,-6381.6875
1425000.0,1365938.4537399479,1.4364414e+06,59061.54626005213,-11441.375
1060000.0,1183608.135123603,1.0504448e+06,-123608.13512360305,9555.25
650000.0,861596.9049880959,603464.3,-211596.90498809586,46535.6875
435000.0,488121.0300657182,445857.2,-53121.03006571822,-10857.1875
875000.0,938849.0683573135,934906.9,-63849.06835731352,-59906.875
382500.0,345171.6774185628,365736.25,37328.32258143718,16763.75
1025000.0,953706.950479958,1.0689586e+06,71293.04952004203,-43958.625
450000.0,484245.79089361604,442889.4,-34245.79089361604,7110.59375
1311000.0,1228126.4675105216,1.3196531e+06,82873.53248947836,-8653.125
1155000.0,1188584.992043873,1.1746218e+06,-33584.99204387306,-19621.75
1400000.0,1398472.6189814073,1.5003612e+06,1527.3810185927432,-100361.25
1470000.0,1453001.1567105174,1.5600338e+06,16998.84328948264,-90033.75
771000.0,819081.478172505,732817.25,-48081.47817250504,38182.75
1325000.0,1330681.5598275154,1.2884849e+06,-5681.55982751539,36515.125
1900000.0,1697876.7333569305,1.800729e+06,202123.26664306945,99271.0
2090000.0,2418614.819886213,2.0461934e+06,-328614.81988621317,43806.625
555000.0,494637.81811477046,557856.2,60362.18188522954,-2856.1875
710000.0,820037.2279221775,722094.75,-110037.22792217752,-12094.75
825000.0,957754.9347207648,939328.94,-132754.93472076475,-114328.9375
1060000.0,1157782.848700542,1.0714429e+06,-97782.848700542,-11442.875
250000.0,840060.4871139363,257032.72,-590060.4871139363,-7032.71875
1565000.0,1308438.729199915,1.3924206e+06,256561.27080008504,172579.375
1475000.0,1774454.639596506,1.4669395e+06,-299454.639596506,8060.5
785000.0,728404.4862409952,780575.56,56595.51375900477,4424.4375
525000.0,1076972.8500143355,540391.1,-551972.8500143355,-15391.125
1320000.0,1413629.9570444927,1.299226e+06,-93629.95704449271,20774.0
420000.0,454833.513054454,432177.9,-34833.513054454,-12177.90625
1095000.0,1167044.5498265084,1.0230645e+06,-72044.54982650839,71935.5
1933000.0,1972142.3467927752,1.9587615e+06,-39142.346792775206,-25761.5
940000.0,1112864.0815923235,921759.06,-172864.0815923235,18240.9375
210000.0,1021471.4028917605,215271.16,-811471.4028917605,-5271.15625
612000.0,517262.2954076248,612014.25,94737.7045923752,-14.25
3229300.0,3149491.104799306,3.2757665e+06,79808.89520069398,-46466.5
680000.0,641021.1085091648,683560.5,38978.89149083523,-3560.5
800000.0,953176.6986440677,779823.4,-153176.69864406774,20176.625
1175000.0,1507875.8955948374,1.2033834e+06,-332875.8955948374,-28383.375
830000.0,922187.1034048293,819317.44,-92187.10340482928,10682.5625
580990.0,607459.4364796465,600258.06,-26469.43647964648,-19268.0625
927000.0,901135.5902889094,946596.9,25864.409711090615,-19596.875
520000.0,692441.1438352606,490946.56,-172441.14383526065,29053.4375
4050000.0,3797717.7949334504,4.001068e+06,252282.2050665496,48932.0
1337000.0,1399832.579681208,1.3275031e+06,-62832.57968120789,9496.875
900000.0,1093248.7317053876,922668.5,-193248.7317053876,-22668.5
2900000.0,3266813.2228113366,2.89584e+06,-366813.2228113366,4160.0
525000.0,528731.1483398341,536829.44,-3731.1483398340642,-11829.4375
1195000.0,1241675.6698639398,1.1719408e+06,-46675.66986393975,23059.25
795000.0,1543579.8818016192,817769.5,-748579.8818016192,-22769.5
410000.0,414454.22493631474,412037.12,-4454.224936314742,-2037.125
2628000.0,3000520.6132487524,2.5370292e+06,-372520.61324875243,90970.75
2295000.0,1954492.1478714715,2.16637e+06,340507.8521285285,128630.0
1075000.0,1140416.218975831,1.0943428e+06,-65416.218975831056,-19342.75
440000.0,618640.9326748349,449389.25,-178640.93267483485,-9389.25
1398888.0,1273161.0225682103,1.4487544e+06,125726.97743178974,-49866.375
425000.0,366775.7026820438,426520.47,58224.297317956225,-1520.46875
907000.0,875548.3334072438,859993.6,31451.66659275617,47006.375
1365000.0,1277319.5029010747,1.3107379e+06,87680.49709892529,54262.125
662500.0,850042.7749345757,641528.6,-187542.77493457566,20971.375
1306000.0,1305621.8327932497,1.2948632e+06,378.16720675025135,11136.75
530000.0,479754.6631563286,533643.8,50245.33684367139,-3643.8125
760000.0,733927.7675426404,718678.9,26072.232457359554,41321.125
1560000.0,1567224.5767708663,1.5194245e+06,-7224.57677086629,40575.5
700000.0,1239575.9552033993,711093.6,-539575.9552033993,-11093.625
469000.0,298532.58132122725,469451.47,170467.41867877275,-451.46875
850000.0,1033498.7118424111,838373.56,-183498.71184241108,11626.4375
364000.0,342010.03706644825,367117.62,21989.962933551753,-3117.625
2900000.0,2553615.7045853785,2.903464e+06,346384.2954146215,-3464.0
750000.0,1021088.9966803703,752572.4,-271088.9966803703,-2572.375
1565000.0,1611188.1432284252,1.5626574e+06,-46188.14322842518,2342.625
1825000.0,1750889.3676836623,1.8200904e+06,74110.63231633767,4909.625
705000.0,795426.3238088168,737877.0,-90426.32380881684,-32877.0
2095000.0,2152479.144953433,2.0821956e+06,-57479.14495343296,12804.375
1750000.0,2466176.0013543786,1.8064689e+06,-716176.0013543786,-56468.875
890000.0,786535.936705566,820657.8,103464.06329443399,69342.1875
3475000.0,3224865.5304854596,3.489993e+06,250134.4695145404,-14993.0
422000.0,350735.10532280675,407165.28,71264.89467719325,14834.71875
1730000.0,1739501.7700743224,1.6980338e+06,-9501.770074322354,31966.25
715000.0,736010.0524158766,728957.8,-21010.05241587665,-13957.8125
1075000.0,1384159.9188908238,1.2820192e+06,-309159.91889082384,-207019.25
1700000.0,1728661.665045983,1.7486652e+06,-28661.665045982925,-48665.25
2150000.0,1981658.6596961254,2.1380782e+06,168341.34030387457,11921.75
875000.0,1023890.4868191949,869070.25,-148890.48681919486,5929.75
369000.0,321283.0179394935,377009.7,47716.982060506474,-8009.6875
1075000.0,1786314.2284230578,1.0199461e+06,-711314.2284230578,55053.875
1129000.0,1193955.6662870958,1.1168434e+06,-64955.66628709575,12156.625
1200000.0,1162258.7865765265,1.1523925e+06,37741.21342347353,47607.5
880000.0,926899.9150345244,917644.6,-46899.9150345244,-37644.625
2147000.0,2731003.075604569,2.2313085e+06,-584003.0756045692,-84308.5
1800000.0,1852351.6032724753,1.7779856e+06,-52351.6032724753,22014.375
390000.0,461082.8519764035,382868.94,-71082.8519764035,7131.0625
635000.0,459730.11462867435,620214.9,175269.88537132565,14785.125
960000.0,1117948.0315933665,917660.4,-157948.03159336653,42339.625
1280000.0,1367466.1015850494,1.2879799e+06,-87466.10158504942,-7979.875
870000.0,880581.1573579363,850748.06,-10581.15735793626,19251.9375
2755000.0,2564039.2650094326,2.8190815e+06,190960.73499056743,-64081.5
2420000.0,2200015.2054696577,2.2156382e+06,219984.79453034233,204361.75
1250000.0,1357835.419772678,1.2290142e+06,-107835.41977267805,20985.75
1100000.0,1151653.4412980948,1.1439742e+06,-51653.44129809481,-43974.25
1250000.0,1392057.4771382224,1.3041568e+06,-142057.47713822243,-54156.75
1335000.0,1926051.2348161973,1.3315009e+06,-591051.2348161973,3499.125
1800000.0,1791853.2935434328,1.8097365e+06,8146.706456567161,-9736.5
600000.0,595855.2448675439,628378.0,4144.755132456077,-28378.0
1370000.0,1314351.4297247638,1.371746e+06,55648.570275236154,-1746.0
912000.0,1247268.430804098,909982.6,-335268.430804098,2017.375
1300000.0,1190238.2071761452,1.2523462e+06,109761.79282385483,47653.75
1225000.0,1341188.052841724,1.2846015e+06,-116188.0528417239,-59601.5
1520000.0,1353117.0821909434,1.5494146e+06,166882.91780905658,-29414.625
664000.0,656886.8361842036,648466.5,7113.163815796375,15533.5
456000.0,468136.6165851904,454010.12,-12136.616585190408,1989.875
895000.0,906783.8989737334,903506.6,-11783.89897373342,-8506.625
487775.0,543110.9844439912,502511.88,-55335.98444399121,-14736.875
2125000.0,1930710.8799853963,2.02167e+06,194289.12001460372,103330.0
799000.0,1520670.4299326837,820700.06,-721670.4299326837,-21700.0625
860000.0,1434077.8371366682,857036.4,-574077.8371366682,2963.625
1250000.0,1543823.5892603567,1.3131939e+06,-293823.58926035673,-63193.875
1555000.0,1563879.8415249237,1.584433e+06,-8879.841524923686,-29433.0
2115000.0,2673261.3055813704,2.236526e+06,-558261.3055813704,-121526.0
1449900.0,1345400.050565856,1.3859672e+06,104499.94943414396,63932.75
769000.0,639302.5826507007,778122.1,129697.4173492993,-9122.125
310000.0,671825.5732424988,339667.2,-361825.5732424988,-29667.1875
3630000.0,3457509.0022973022,3.7904695e+06,172490.99770269776,-160469.5
1350000.0,1909860.8330417331,1.3945855e+06,-559860.8330417331,-44585.5
800000.0,798517.6315428913,824650.3,1482.368457108736,-24650.3125
859000.0,814482.5096803519,818517.75,44517.49031964806,40482.25
369900.0,544277.1609222599,351025.06,-174377.1609222599,18874.9375
685000.0,596726.316173622,686612.3,88273.68382637796,-1612.3125
850000.0,991120.4695500281,857775.5,-141120.4695500281,-7775.5
415000.0,720922.5373512807,395348.9,-305922.5373512807,19651.09375
595000.0,712694.0634232565,555908.7,-117694.0634232565,39091.3125
910000.0,1538354.2877149305,916167.75,-628354.2877149305,-6167.75
772000.0,729542.2814933681,764611.1,42457.71850663191,7388.875
1100000.0,1110781.5807712583,1.1412664e+06,-10781.580771258334,-41266.375
592000.0,836667.0529054515,570766.3,-244667.0529054515,21233.6875
774900.0,962425.6719677104,764488.6,-187525.67196771037,10411.375
664000.0,651885.4671771942,646599.06,12114.532822805806,17400.9375
900000.0,863160.7142994672,922863.9,36839.28570053284,-22863.875
1130000.0,1222212.6311602134,1.1377824e+06,-92212.63116021338,-7782.375
740000.0,636964.8461136068,728210.1,103035.15388639318,11789.875
3175000.0,3070096.236992971,3.2026892e+06,104903.76300702896,-27689.25
12000000.0,12003655.002297577,1.2601964e+07,-3655.002297576517,-601964.0
2310000.0,2783802.7587845153,2.3257878e+06,-473802.7587845153,-15787.75
3000000.0,3013388.820784948,3.0244792e+06,-13388.820784947835,-24479.25
546990.0,731400.1193733586,536816.1,-184410.11937335855,10173.875
616806.0,747946.5184389702,554115.44,-131140.5184389702,62690.5625
3000000.0,2620380.654891152,2.6615898e+06,379619.34510884807,338410.25
1235000.0,1185541.2192724273,1.1320891e+06,49458.78072757274,102910.875
2800000.0,2631341.5547299655,2.7525068e+06,168658.44527003448,47493.25
1185000.0,1749045.101601305,1.1946371e+06,-564045.101601305,-9637.125
620000.0,871226.9283735075,616557.94,-251226.92837350746,3442.0625
3050000.0,2942403.380805741,2.932407e+06,107596.61919425894,117593.0
585000.0,1125103.5854074974,606529.75,-540103.5854074974,-21529.75
1060000.0,963692.2830895172,996124.3,96307.71691048285,63875.6875
1470000.0,1598926.5515632515,1.4650968e+06,-128926.55156325153,4903.25
300000.0,321126.02496763633,279817.6,-21126.02496763633,20182.40625
705000.0,709005.5713197638,713674.56,-4005.5713197637815,-8674.5625
987500.0,1136719.7054339868,977977.0,-149219.70543398685,9523.0
880000.0,929308.7329554083,865181.94,-49308.73295540828,14818.0625
550000.0,666439.6060055139,543709.4,-116439.60600551392,6290.625
1010000.0,1106499.4063990272,1.0244841e+06,-96499.40639902721,-14484.125
2040000.0,2610174.5297989687,1.9654324e+06,-570174.5297989687,74567.625
575000.0,515175.5093426852,575451.4,59824.490657314775,-451.375
880000.0,788249.2559244267,884737.6,91750.74407557328,-4737.625
420000.0,838716.7614019511,486637.03,-418716.7614019511,-66637.03125
917000.0,967837.2372806453,916870.5,-50837.23728064529,129.5
775000.0,798766.849187523,783062.1,-23766.84918752301,-8062.125
720000.0,792336.5224220527,723005.0,-72336.52242205269,-3005.0
853000.0,797928.7858257624,906406.4,55071.21417423757,-53406.375
615000.0,501795.57925738045,604515.56,113204.42074261955,10484.4375
999000.0,1204987.4855473726,1.0343326e+06,-205987.4855473726,-35332.625
640000.0,832159.4349010846,668283.9,-192159.43490108463,-28283.875
5299000.0,4628629.287897867,5.240675e+06,670370.7121021328,58325.0
3500000.0,3146920.293441374,3.403706e+06,353079.70655862615,96294.0
549000.0,761420.9223990599,569162.8,-212420.92239905987,-20162.8125
950000.0,851741.0592351583,939805.6,98258.94076484174,10194.375
1730000.0,1836201.333007941,1.7314832e+06,-106201.33300794102,-1483.25
1050000.0,993105.3755653874,1.04117425e+06,56894.624434612575,8825.75
1800045.0,2263551.355602883,1.6858755e+06,-463506.3556028828,114169.5
395000.0,288298.8421209322,393665.28,106701.15787906782,1334.71875
1150000.0,1302328.841965168,1.2380618e+06,-152328.84196516802,-88061.75
995000.0,957462.2913641005,1.0032766e+06,37537.70863589947,-8276.625
749000.0,736965.7020109321,747123.25,12034.297989067854,1876.75
650000.0,872319.9124207937,608112.7,-222319.91242079367,41887.3125
1937500.0,1837026.3089344264,1.9480275e+06,100473.6910655736,-10527.5
1000000.0,940146.2758091697,1.04464544e+06,59853.72419083025,-44645.4375
840000.0,794192.4642830018,902579.94,45807.53571699816,-62579.9375
585000.0,527149.9876429378,607373.1,57850.012357062194,-22373.125
844000.0,757428.3075619749,861236.25,86571.69243802514,-17236.25
550000.0,628706.3943891963,556699.7,-78706.3943891963,-6699.6875
1415000.0,1348285.978030527,1.3007175e+06,66714.02196947299,114282.5
1360000.0,1312718.0938698035,1.3223832e+06,47281.90613019653,37616.75
3975000.0,3859905.1997508113,4.3958895e+06,115094.80024918867,-420889.5
1460000.0,1505850.0883804415,1.4433815e+06,-45850.088380441535,16618.5
575000.0,419628.80712640274,556701.8,155371.19287359726,18298.1875
425000.0,475180.0353587719,415391.97,-50180.035358771915,9608.03125
750000.0,962740.6572305759,811986.9,-212740.65723057592,-61986.875
1250000.0,1768249.4529692573,1.2359041e+06,-518249.45296925725,14095.875
422900.0,293807.01779930666,421316.62,129092.98220069334,1583.375
1228000.0,1171826.5557859195,1.203722e+06,56173.44421408046,24278.0
660000.0,592526.6184196811,670508.06,67473.3815803189,-10508.0625
1660000.0,2469919.1124144956,1.6340455e+06,-809919.1124144956,25954.5
1160000.0,1181828.8941784392,1.1388396e+06,-21828.894178439165,21160.375
1410000.0,1308029.3044111892,1.3071452e+06,101970.69558881084,102854.75
999500.0,1008367.1700196294,1.0404556e+06,-8867.170019629411,-40955.625
450000.0,458802.78899926855,448158.38,-8802.788999268552,1841.625
885000.0,1453825.6086299645,897441.2,-568825.6086299645,-12441.1875
805000.0,1402891.8591931066,843921.44,-597891.8591931066,-38921.4375
2449000.0,2847774.086169475,2.474051e+06,-398774.0861694752,-25051.0
410000.0,420416.3375195592,412533.72,-10416.337519559194,-2533.71875
459000.0,448271.5711782648,461196.72,10728.4288217352,-2196.71875
455000.0,344740.8964427089,447587.3,110259.10355729109,7412.6875
400000.0,1003117.845518381,397464.06,-603117.845518381,2535.9375
780000.0,1019872.8450316447,776666.75,-239872.84503164468,3333.25
675000.0,697510.6562672883,679624.0,-22510.656267288257,-4624.0
1130000.0,1101035.0063589553,1.1018261e+06,28964.99364104471,28173.875
665000.0,791795.11541098,650965.4,-126795.11541097995,14034.625
1690000.0,1771880.4802984493,1.6963942e+06,-81880.48029844929,-6394.25
750000.0,877706.8957414229,726075.7,-127706.8957414229,23924.3125
615000.0,881318.503964745,606631.0,-266318.503964745,8369.0
750000.0,1068659.9626845694,780663.44,-318659.9626845694,-30663.4375
2379000.0,2435462.068346169,2.4884285e+06,-56462.068346168846,-109428.5
1900000.0,1812464.7171769887,1.8651958e+06,87535.28282301128,34804.25
576000.0,559074.1190548467,577071.0,16925.8809451533,-1071.0
1150000.0,1059158.895561967,1.12284e+06,90841.10443803295,27160.0
1050000.0,1625298.2997885046,1.03650406e+06,-575298.2997885046,13495.9375
550000.0,688099.4699027679,537254.0,-138099.46990276792,12746.0
425000.0,486215.9937006105,397946.5,-61215.993700610474,27053.5
1449000.0,1334826.7989722907,1.4796508e+06,114173.20102770929,-30650.75
558500.0,534274.5316546304,567378.75,24225.46834536956,-8878.75
4240000.0,4790245.732347382,4.5536245e+06,-550245.7323473822,-313624.5
2100000.0,1978567.660216861,2.1692952e+06,121432.33978313906,-69295.25
2200000.0,1964113.4176905374,2.0677521e+06,235886.5823094626,132247.875
985000.0,998218.7587741388,897568.75,-13218.758774138754,87431.25
289000.0,284669.27043489204,305420.47,4330.729565107962,-16420.46875
825000.0,880343.6716806802,803366.94,-55343.67168068024,21633.0625
850000.0,1497877.0576787102,887560.25,-647877.0576787102,-37560.25
590000.0,716252.9680627082,606299.6,-126252.96806270815,-16299.625
575000.0,604015.1637287885,595432.4,-29015.163728788495,-20432.375
827000.0,1477985.6259987238,829767.9,-650985.6259987238,-2767.875
449990.0,390611.6076128967,432922.06,59378.39238710329,17067.9375
420000.0,548658.1834820542,414170.44,-128658.18348205416,5829.5625
1050000.0,1053721.0540873064,1.0097963e+06,-3721.054087306373,40203.6875
1150000.0,1641234.2515213387,1.1135465e+06,-491234.2515213387,36453.5
515000.0,434094.7746395434,550223.94,80905.22536045662,-35223.9375
987000.0,1013103.6759617345,1.0063958e+06,-26103.675961734494,-19395.8125
949000.0,946962.1321261476,986259.5,2037.867873852374,-37259.5
4300000.0,4471623.911778761,3.8909598e+06,-171623.91177876107,409040.25
715000.0,908594.9117080487,707057.9,-193594.91170804866,7942.125
2550000.0,2647730.6098974543,2.756547e+06,-97730.60989745427,-206547.0
905000.0,838793.4793666534,713368.4,66206.52063334663,191631.625
2185000.0,2127624.306302872,2.240999e+06,57375.69369712798,-55999.0
3255000.0,4167893.5895907944,3.2788328e+06,-912893.5895907944,-23832.75
4850000.0,4636820.549877435,4.4914315e+06,213179.45012256503,358568.5
450000.0,465689.2336922537,461023.88,-15689.233692253707,-11023.875
1050000.0,1626636.602466291,1.1055554e+06,-576636.602466291,-55555.375
1076500.0,1786834.1750984322,1.1547149e+06,-710334.1750984322,-78214.875
855000.0,788172.6359245863,881022.8,66827.36407541367,-26022.8125
1450000.0,1423571.972135369,1.4280098e+06,26428.027864631033,21990.25
1195000.0,1687417.8045552557,1.223022e+06,-492417.8045552557,-28022.0
1340000.0,1405715.9947464552,1.2396888e+06,-65715.99474645522,100311.25
460000.0,393780.42298563337,474772.84,66219.57701436663,-14772.84375
915000.0,791595.3183396747,931425.44,123404.68166032527,-16425.4375
685000.0,871781.8478887681,640428.3,-186781.84788876807,44571.6875
1060000.0,1113509.851484264,1.0317574e+06,-53509.851484264014,28242.625
800000.0,894456.1015893009,851535.44,-94456.1015893009,-51535.4375
1755000.0,1931195.246376472,1.8570631e+06,-176195.24637647206,-102063.125
2100000.0,2021439.9548305157,2.215184e+06,78560.04516948434,-115184.0
900000.0,1768749.3206946517,1.0697602e+06,-868749.3206946517,-169760.25
1050000.0,1044342.5597904876,1.1104752e+06,5657.440209512366,-60475.25
1100000.0,1230007.2100186967,1.1480442e+06,-130007.21001869673,-48044.25
889000.0,1029183.5919397785,908901.06,-140183.59193977853,-19901.0625
1235000.0,1260877.1642755917,1.1800111e+06,-25877.164275591727,54988.875
730000.0,705770.6728440047,676294.25,24229.3271559953,53705.75
2200000.0,2084033.2786120826,2.1524835e+06,115966.72138791741,47516.5
985000.0,1014351.5898112415,1.02888625e+06,-29351.589811241487,-43886.25
1100000.0,1129802.5379935538,1.0958654e+06,-29802.537993553793,4134.625
605000.0,518598.3206584592,594612.4,86401.67934154079,10387.625
355000.0,488102.5852939937,343442.7,-133102.5852939937,11557.3125
740000.0,850749.8666884153,726912.6,-110749.86668841529,13087.375
680000.0,663872.4565106813,681807.9,16127.54348931869,-1807.875
1499500.0,1419489.14194168,1.4532835e+06,80010.8580583199,46216.5
719800.0,691593.6312823956,726914.75,28206.368717604433,-7114.75
450000.0,533700.989332702,465697.34,-83700.98933270201,-15697.34375
878800.0,895243.5975134519,889747.6,-16443.59751345194,-10947.625
465000.0,390426.5445842411,457659.56,74573.45541575889,7340.4375
2000000.0,2014835.3604353867,2.0828192e+06,-14835.360435386654,-82819.25
810000.0,787741.7251464927,783573.9,22258.27485350729,26426.125
1250000.0,1269953.4460233345,1.2736605e+06,-19953.446023334516,-23660.5
520000.0,665332.7261988826,508785.56,-145332.72619888256,11214.4375
2190000.0,2033311.0887261233,2.2590772e+06,156688.91127387667,-69077.25
590730.0,725280.5749661794,600637.75,-134550.57496617944,-9907.75
450000.0,432449.18606980995,422641.03,17550.813930190052,27358.96875
739900.0,633407.2319439079,753798.5,106492.76805609209,-13898.5
600000.0,665735.0330481342,597552.5,-65735.03304813418,2447.5
550000.0,835738.0412396295,557052.9,-285738.0412396295,-7052.875
603000.0,553234.1681204718,596557.2,49765.83187952824,6442.8125
2900000.0,2708251.4636471495,2.8691505e+06,191748.5363528505,30849.5
680000.0,600890.6735184329,723775.6,79109.32648156711,-43775.625
912000.0,943122.7781056189,915600.9,-31122.778105618898,-3600.875
530000.0,444019.1343683783,511605.16,85980.86563162168,18394.84375
550000.0,632579.6586089281,516200.78,-82579.65860892809,33799.21875
952000.0,1344820.9076591297,930263.44,-392820.9076591297,21736.5625
1899000.0,1858965.9048087574,1.9494809e+06,40034.09519124264,-50480.875
499850.0,693297.8329032991,500577.12,-193447.83290329913,-727.125
649900.0,854541.3580807936,644432.1,-204641.35808079364,5467.875
700000.0,793662.3765116739,698135.6,-93662.37651167391,1864.375
1350000.0,1586100.7670140197,1.4655775e+06,-236100.76701401966,-115577.5
1350000.0,1887652.085101108,1.2936919e+06,-537652.0851011081,56308.125
540000.0,470423.7688572643,546166.5,69576.23114273569,-6166.5
439000.0,529857.0808138953,416901.25,-90857.08081389533,22098.75
614000.0,630187.9891513267,612785.75,-16187.989151326707,1214.25
790000.0,944245.4628889894,768664.44,-154245.46288898936,21335.5625
1100000.0,1757042.1278805844,1.1497985e+06,-657042.1278805844,-49798.5
1390000.0,2495713.18769453,1.3910601e+06,-1105713.18769453,-1060.125
655000.0,575791.065192114,665210.1,79208.93480788602,-10210.125
1980000.0,1892052.46908752,1.9407086e+06,87947.53091248008,39291.375
799000.0,702655.6309573303,818822.2,96344.36904266966,-19822.1875
570000.0,507154.2705022319,577722.94,62845.7294977681,-7722.9375
645000.0,576954.3968740514,687614.25,68045.60312594858,-42614.25
607500.0,1109334.3278228608,574745.0,-501834.3278228608,32755.0
1250000.0,1150448.759947785,1.2977735e+06,99551.24005221506,-47773.5
430000.0,698005.5074697067,428191.47,-268005.5074697067,1808.53125
690000.0,1271284.2806060184,707153.6,-581284.2806060184,-17153.625
890000.0,1469867.3588541066,902703.9,-579867.3588541066,-12703.875
1165000.0,1176927.3111325984,1.1372269e+06,-11927.311132598436,27773.125
1142939.0,1629257.4857378115,1.1691679e+06,-486318.48573781154,-26228.875
800000.0,1089780.8601488122,793176.44,-289780.8601488122,6823.5625
810000.0,1109231.4168332494,869416.0,-299231.4168332494,-59416.0
519900.0,555499.8787325487,528621.56,-35599.87873254868,-8721.5625
1250000.0,1278820.8325493517,1.2501971e+06,-28820.832549351733,-197.125
1550000.0,1509970.671449632,1.56559e+06,40029.32855036808,-15590.0
1310000.0,1296826.0383747804,1.305705e+06,13173.961625219556,4295.0
1850000.0,2308333.4230165808,1.8453108e+06,-458333.42301658075,4689.25
900000.0,1512459.0439803163,921142.2,-612459.0439803163,-21142.1875
312000.0,464316.34422190883,316670.97,-152316.34422190883,-4670.96875
425000.0,427037.2265397373,416902.84,-2037.2265397373121,8097.15625
435000.0,506502.76952067495,423035.8,-71502.76952067495,11964.1875
930000.0,1208145.7782347817,908383.75,-278145.7782347817,21616.25
1760000.0,1983252.1184337856,1.657543e+06,-223252.11843378562,102457.0
400000.0,489885.4416836286,400377.1,-89885.4416836286,-377.09375
1079000.0,951722.7204522672,1.086362e+06,127277.27954773279,-7362.0
355000.0,325627.4156870877,319450.34,29372.58431291231,35549.65625
1025000.0,1638775.6392053694,1.01995e+06,-613775.6392053694,5050.0
4245000.0,3829581.156389341,3.855632e+06,415418.8436106588,389368.0
450100.0,368069.53842175344,431268.0,82030.46157824656,18832.0
1186000.0,1135106.3441353156,1.1087451e+06,50893.65586468438,77254.875
1515000.0,1858282.6007750346,1.3757418e+06,-343282.60077503463,139258.25
395000.0,382482.65049351496,392461.62,12517.349506485043,2538.375
1160000.0,1124286.0739445405,1.15899e+06,35713.92605545954,1010.0
500000.0,496193.36931713996,519843.72,3806.6306828600354,-19843.71875
1950000.0,1964556.9365941302,1.7136952e+06,-14556.936594130239,236304.75
2665000.0,2584244.591182534,2.698769e+06,80755.40881746588,-33769.0
761125.0,898892.4723056317,758879.4,-137767.47230563173,2245.625
1230000.0,1352268.651042424,1.2643649e+06,-122268.65104242391,-34364.875
465000.0,402458.04690841236,452122.38,62541.95309158764,12877.625
1220000.0,1320461.7589406227,1.195403e+06,-100461.75894062268,24597.0
970000.0,963919.0338730285,957188.0,6080.966126971529,12812.0
959000.0,858091.1866811593,867100.75,100908.8133188407,91899.25
425000.0,606876.2821608795,426266.3,-181876.28216087946,-1266.3125
875000.0,1210418.2951948254,863721.94,-335418.2951948254,11278.0625
599000.0,928398.298445262,597938.44,-329398.298445262,1061.5625
460000.0,604875.9615684063,468584.62,-144875.96156840632,-8584.625
405000.0,441401.73985118617,406406.06,-36401.73985118617,-1406.0625
1150000.0,1642541.7446035412,1.1654819e+06,-492541.7446035412,-15481.875
2850000.0,3227376.829497442,2.8153012e+06,-377376.8294974421,34698.75
1075000.0,1657840.1968229017,1.0693258e+06,-582840.1968229017,5674.25
930000.0,1062263.2315535247,911968.6,-132263.23155352473,18031.375
480000.0,785576.9536104759,475121.6,-305576.9536104759,4878.40625
1760000.0,1752809.6012536073,1.7095834e+06,7190.39874639269,50416.625
860000.0,969720.2289253527,880784.2,-109720.22892535268,-20784.1875
870000.0,743743.7383860791,857425.5,126256.26161392091,12574.5
875000.0,821286.433358253,920580.1,53713.56664174702,-45580.125
749900.0,943879.1078930886,720993.06,-193979.1078930886,28906.9375
1305000.0,1223270.3541342525,1.2719685e+06,81729.64586574747,33031.5
685000.0,752235.0621830984,680667.0,-67235.0621830984,4333.0
580000.0,857646.5118423698,573078.94,-277646.5118423698,6921.0625
490000.0,555226.9270851286,499139.84,-65226.92708512861,-9139.84375
565000.0,641567.0653250086,554717.6,-76567.06532500859,10282.375
990000.0,995551.2077981088,1.063051e+06,-5551.207798108808,-73051.0
1040000.0,1669265.8730672025,1.0680619e+06,-629265.8730672025,-28061.875
1660000.0,1586583.8740867178,1.5981944e+06,73416.12591328216,61805.625
2070000.0,2120638.2854952486,1.9367372e+06,-50638.28549524862,133262.75
1150000.0,1322702.2842866094,1.2137138e+06,-172702.28428660939,-63713.75
910000.0,940106.9082399558,904518.75,-30106.90823995578,5481.25
1487000.0,1358787.0547463314,1.4686906e+06,128212.94525366859,18309.375
565000.0,542687.5486480742,609972.5,22312.451351925847,-44972.5
315000.0,348323.9756948744,297196.97,-33323.97569487442,17803.03125
1167000.0,1315452.8942912852,1.1722259e+06,-148452.8942912852,-5225.875
1321000.0,1632926.1494776257,1.1975938e+06,-311926.14947762573,123406.25
435000.0,916242.9168286787,457384.25,-481242.9168286787,-22384.25
2850000.0,2661369.930854218,2.8115235e+06,188630.06914578192,38476.5
1570000.0,1692107.190104011,1.6021668e+06,-122107.19010401098,-32166.75
389000.0,966418.3395913034,391273.2,-577418.3395913034,-2273.1875
4200000.0,4140628.2732419465,4.6143675e+06,59371.726758053526,-414367.5
3450000.0,2991408.4597879453,3.3112052e+06,458591.54021205474,138794.75
905000.0,1003897.7771168144,883481.3,-98897.7771168144,21518.6875
606000.0,636035.349092802,611620.4,-30035.349092802033,-5620.375
672500.0,703322.577304468,659886.2,-30822.577304468025,12613.8125
1525000.0,1741695.3778342823,1.5735442e+06,-216695.37783428235,-48544.25
246000.0,315706.9074623779,227817.97,-69706.90746237792,18182.03125
559000.0,1351726.8743554326,562624.1,-792726.8743554326,-3624.125
345000.0,1056566.3323036307,345385.53,-711566.3323036307,-385.53125
405000.0,508195.45553271205,393121.66,-103195.45553271205,11878.34375
548500.0,851848.2534211671,602900.6,-303348.25342116714,-54400.625
1400000.0,1492260.0413119562,1.3208316e+06,-92260.04131195624,79168.375
1050000.0,1017736.9753848331,1.0822495e+06,32263.02461516694,-32249.5
1222250.0,1208007.926450377,1.2098735e+06,14242.073549622903,12376.5
405000.0,509226.28792053554,406113.2,-104226.28792053554,-1113.1875
908000.0,1507656.842053914,917546.6,-599656.842053914,-9546.625
1440000.0,1587944.3966414835,1.4833722e+06,-147944.39664148353,-43372.25
1235000.0,1390083.6456631701,1.248422e+06,-155083.64566317014,-13422.0
1197300.0,1173698.979341295,1.2092334e+06,23601.020658704918,-11933.375
2665000.0,2507842.4947442836,2.696963e+06,157157.5052557164,-31963.0
615000.0,582742.4686644973,621918.94,32257.531335502747,-6918.9375
280000.0,545122.1067395735,289002.47,-265122.10673957353,-9002.46875
967000.0,1000494.8143691107,971930.6,-33494.81436911074,-4930.625
965000.0,1340232.189120484,839810.75,-375232.18912048405,125189.25
1400000.0,1936502.81632877,1.3479595e+06,-536502.81632877,52040.5
1330000.0,1988728.5059035213,1.4018408e+06,-658728.5059035213,-71840.75
600000.0,763036.2959984732,588297.8,-163036.2959984732,11702.1875
637000.0,723521.5610706187,624967.25,-86521.56107061869,12032.75
2165000.0,2091195.6237819688,2.2004538e+06,73804.37621803116,-35453.75
2615000.0,2510760.8445116645,2.668536e+06,104239.15548833553,-53536.0
1840000.0,1755519.7581603718,1.756221e+06,84480.2418396282,83779.0
590000.0,672850.0279666318,714361.6,-82850.02796663181,-124361.625
625000.0,825236.1708060072,657569.3,-200236.17080600723,-32569.3125
665000.0,616578.8105617203,680667.0,48421.18943827972,-15667.0
735000.0,885245.007812631,714012.9,-150245.00781263097,20987.125
1010000.0,1139372.4951313583,1.0242409e+06,-129372.49513135827,-14240.875
1585000.0,1626738.7240005827,1.6656832e+06,-41738.724000582704,-80683.25
1298000.0,1342257.4195439704,1.1711006e+06,-44257.419543970376,126899.375
925550.0,1500703.3427130426,933324.75,-575153.3427130426,-7774.75
1530000.0,1742634.5234902208,1.5757728e+06,-212634.52349022077,-45772.75
440000.0,416949.8314349714,411044.16,23050.16856502858,28955.84375
484000.0,570001.7775367141,492134.9,-86001.7775367141,-8134.90625
1350000.0,1304837.8628692874,1.2919312e+06,45162.137130712625,58068.75
845000.0,1111031.3247275313,820205.56,-266031.3247275313,24794.4375
442000.0,708429.1811271694,435909.53,-266429.1811271694,6090.46875
1515000.0,1591513.2713260818,1.6201315e+06,-76513.27132608183,-105131.5
3115850.0,2926145.687379646,3.0259188e+06,189704.31262035388,89931.25
1375000.0,1294356.8798172532,1.4089899e+06,80643.12018274679,-33989.875
1675000.0,1473071.0170298899,1.6682395e+06,201928.98297011014,6760.5
868000.0,967570.4593914023,945244.6,-99570.45939140231,-77244.625
1150000.0,1042275.5418172879,1.1304902e+06,107724.45818271209,19509.75
460000.0,638574.603008914,475556.34,-178574.60300891404,-15556.34375
775000.0,826296.0431762154,793010.75,-51296.043176215375,-18010.75
715000.0,747606.8944841409,730203.94,-32606.89448414091,-15203.9375
1560000.0,2252037.941214742,1.5585734e+06,-692037.9412147421,1426.625
340000.0,473820.3543768169,325365.97,-133820.3543768169,14634.03125
410000.0,514420.6507477312,390133.78,-104420.65074773121,19866.21875
420000.0,567447.7852817411,424667.25,-147447.78528174106,-4667.25
858900.0,847708.8444798032,886305.9,11191.155520196771,-27405.875
622000.0,637802.459650932,610620.9,-15802.459650931996,11379.125
900000.0,806146.9752836789,906246.5,93853.02471632115,-6246.5
3875000.0,3742476.859855879,3.7968118e+06,132523.1401441209,78188.25
815000.0,789761.4560848738,779601.0,25238.54391512624,35399.0
725000.0,816395.1533388293,728266.4,-91395.15333882929,-3266.375
820000.0,910513.6348608749,819317.44,-90513.63486087485,682.5625
595000.0,572259.315004308,599973.06,22740.68499569199,-4973.0625
329000.0,417568.7390260027,327312.66,-88568.7390260027,1687.34375
1400000.0,2026896.2834007838,1.3589568e+06,-626896.2834007838,41043.25
2860000.0,3024996.2339634486,2.962345e+06,-164996.23396344855,-102345.0
725000.0,1340226.7398079366,736825.7,-615226.7398079366,-11825.6875
910500.0,970688.7430671324,925284.7,-60188.743067132425,-14784.6875
725000.0,726797.9567318195,716530.7,-1797.9567318195477,8469.3125
1175000.0,1730051.3402086366,1.1779209e+06,-555051.3402086366,-2920.875
2255333.0,2063732.1776350173,2.1741998e+06,191600.82236498268,81133.25
265000.0,916550.5590620153,254855.72,-651550.5590620153,10144.28125
860000.0,1673828.8597522674,882716.6,-813828.8597522674,-22716.625
1190500.0,1772445.4862072119,1.1614862e+06,-581945.4862072119,29013.75
796630.0,880999.2208961458,819472.94,-84369.2208961458,-22842.9375
360000.0,455709.553540086,360910.38,-95709.55354008602,-910.375
895500.0,973721.3212819968,908434.0,-78221.32128199679,-12934.0
3700000.0,3516418.180075827,3.525153e+06,183581.81992417295,174847.0
2050000.0,2005105.6422007899,1.9869094e+06,44894.35779921012,63090.625
760000.0,863662.3100794769,773710.4,-103662.31007947691,-13710.375
685000.0,638595.0045996801,676881.44,46404.995400319924,8118.5625
1400000.0,1383892.5951039428,1.4345972e+06,16107.40489605721,-34597.25
900000.0,1595129.3739041244,866522.94,-695129.3739041244,33477.0625
1520000.0,1516319.355468405,1.5033705e+06,3680.644531595055,16629.5
960000.0,987492.6116733942,943513.6,-27492.611673394218,16486.375
885000.0,951936.0105851366,905491.44,-66936.0105851366,-20491.4375
2188000.0,2169128.4222668484,2.223977e+06,18871.577733151615,-35977.0
1100000.0,1032656.6871382777,1.0365228e+06,67343.31286172231,63477.1875
305000.0,397784.8678734612,299794.0,-92784.86787346122,5206.0
745000.0,908167.7994932584,744831.75,-163167.79949325835,168.25
2725000.0,2347543.1091305204,2.4088585e+06,377456.8908694796,316141.5
1125000.0,1314883.5113891694,1.2329788e+06,-189883.51138916938,-107978.75
1645000.0,2250596.73071438,1.5831718e+06,-605596.7307143798,61828.25
670000.0,1042407.0053721827,673152.9,-372407.0053721827,-3152.875
640000.0,552258.9251058458,634476.8,87741.07489415421,5523.1875
575000.0,582605.932978061,582789.6,-7605.932978061028,-7789.625
385000.0,396164.5133319226,373166.44,-11164.513331922586,11833.5625
1345000.0,1241381.3901619383,1.2812089e+06,103618.60983806173,63791.125
595000.0,559468.7657201188,588439.8,35531.23427988123,6560.1875
1750000.0,1690266.7360918792,1.7396531e+06,59733.2639081208,10346.875
815000.0,761464.8843265923,821667.25,53535.11567340768,-6667.25
1075000.0,1216381.6689461332,1.023045e+06,-141381.66894613323,51955.0
818000.0,1137679.363446476,840652.94,-319679.36344647594,-22652.9375
1110000.0,1121785.1977478035,1.0903758e+06,-11785.197747803526,19624.25
2750000.0,2438030.364602683,2.4153985e+06,311969.6353973169,334601.5
870000.0,985452.571846413,865033.44,-115452.57184641296,4966.5625
1580000.0,1423702.1193853193,1.4151509e+06,156297.8806146807,164849.125
350000.0,539561.8907598827,338689.97,-189561.89075988275,11310.03125
900000.0,942924.8760256462,848387.94,-42924.87602564623,51612.0625
1160000.0,1666151.1712276847,1.1830241e+06,-506151.1712276847,-23024.125
830000.0,1116351.8512531854,860686.1,-286351.8512531854,-30686.125
2195000.0,2709352.3068615235,2.2006678e+06,-514352.30686152354,-5667.75
1099000.0,1293648.8721741878,1.1065036e+06,-194648.8721741878,-7503.625
805000.0,1409616.2911765308,801940.9,-604616.2911765308,3059.125
1390000.0,1285478.1403061713,1.3828818e+06,104521.85969382874,7118.25
1685000.0,1865393.978234822,1.6632768e+06,-180393.97823482193,21723.25
430000.0,454346.5084462464,426217.94,-24346.508446246386,3782.0625
1600000.0,1443807.9393902395,1.6003419e+06,156192.06060976046,-341.875
505000.0,526806.5308091211,503001.4,-21806.53080912109,1998.59375
615000.0,916127.2290410731,608553.6,-301127.2290410731,6446.375
1440000.0,1290407.003012062,1.4845144e+06,149592.99698793795,-44514.375
415000.0,515987.27648669493,396825.12,-100987.27648669493,18174.875
700000.0,731019.5329407973,700213.3,-31019.532940797275,-213.3125
1111000.0,1150689.2558442885,1.1058485e+06,-39689.255844288506,5151.5
739000.0,907847.1803440012,742593.4,-168847.18034400116,-3593.375
685000.0,652913.8305360653,630958.3,32086.169463934726,54041.6875
968000.0,1712385.4971094874,979563.8,-744385.4971094874,-11563.8125
775000.0,1297611.9578425996,732238.8,-522611.9578425996,42761.1875
2650000.0,2448492.8207110926,2.5378158e+06,201507.17928890744,112184.25
1975000.0,1866250.4010824827,1.9669344e+06,108749.59891751735,8065.625
720000.0,817161.1899846327,724559.44,-97161.18998463266,-4559.4375
1000000.0,928526.2335217752,949477.4,71473.76647822477,50522.625
765000.0,728537.6545710759,755262.9,36462.345428924076,9737.125
535000.0,585325.2638563715,480597.06,-50325.263856371515,54402.9375
1010000.0,966947.5714568936,1.04651206e+06,43052.42854310642,-36512.0625
2775000.0,2625683.8727555894,2.798528e+06,149316.12724441057,-23528.0
999000.0,1554624.3629278264,1.052384e+06,-555624.3629278264,-53384.0
899900.0,1496503.1070617642,923334.8,-596603.1070617642,-23434.8125
6200000.0,6282179.464580955,6.2420305e+06,-82179.46458095498,-42030.5
560000.0,1043339.6268642737,576299.94,-483339.6268642737,-16299.9375
715000.0,778099.1940058474,727951.9,-63099.19400584744,-12951.875
430000.0,488612.82446066977,437982.22,-58612.82446066977,-7982.21875
317000.0,374309.2213284911,311611.94,-57309.22132849111,5388.0625
690000.0,712556.9047586815,687491.6,-22556.904758681543,2508.375
630000.0,638858.035333687,639279.25,-8858.035333686974,-9279.25
360000.0,463812.87094556843,360274.2,-103812.87094556843,-274.1875
1574000.0,2045833.4804942291,1.5464415e+06,-471833.4804942291,27558.5
533000.0,512840.91511288576,532078.06,20159.084887114237,921.9375
1395000.0,1316830.1826417528,1.383825e+06,78169.81735824724,11175.0
1950000.0,2066589.8394851307,2.134623e+06,-116589.83948513074,-184623.0
800000.0,1412246.489108219,820768.1,-612246.489108219,-20768.125
1657000.0,1559311.52541555,1.6043562e+06,97688.47458445001,52643.75
295000.0,221295.3488872284,337742.0,73704.6511127716,-42742.0
780000.0,952551.1125229184,791611.4,-172551.11252291838,-11611.375
189000.0,935157.089704054,211820.31,-746157.089704054,-22820.3125
2025000.0,1835146.7979690903,1.9974575e+06,189853.2020309097,27542.5
875000.0,1405244.4852340769,890430.94,-530244.4852340769,-15430.9375
1925000.0,1785054.9204184366,2.0422456e+06,139945.07958156336,-117245.625
940000.0,1113138.958515922,930131.25,-173138.95851592207,9868.75
270000.0,270926.3862946873,277020.1,-926.3862946872832,-7020.09375
660000.0,629648.5850032051,614706.75,30351.41499679489,45293.25
1499999.0,1610923.731184503,1.5534345e+06,-110924.73118450306,-53435.5
850000.0,1391569.4400563883,814531.56,-541569.4400563883,35468.4375
830000.0,1368821.7650023482,744616.6,-538821.7650023482,85383.375
2200000.0,2021582.8921886436,2.1597605e+06,178417.10781135643,40239.5
3800000.0,3853366.8211970828,4.231592e+06,-53366.821197082754,-431592.0
1674000.0,2216829.093010099,1.6052118e+06,-542829.0930100991,68788.25
1165000.0,1338990.805022928,1.1764065e+06,-173990.80502292793,-11406.5
537500.0,852716.5714508008,530772.06,-315216.57145080075,6727.9375
1200000.0,2292409.197363903,1.4939975e+06,-1092409.1973639028,-293997.5
1280000.0,1235007.4620799532,1.2866245e+06,44992.53792004683,-6624.5
950000.0,1504839.3848727036,962763.44,-554839.3848727036,-12763.4375
1365000.0,1337832.621876522,1.3350879e+06,27167.378123478033,29912.125
1300000.0,1283086.2885929844,1.2784688e+06,16913.711407015566,21531.25
900000.0,1490693.9832511223,900893.56,-590693.9832511223,-893.5625
1320000.0,1672261.3278664914,1.2241071e+06,-352261.3278664914,95892.875
2300000.0,2078090.3698002105,2.1459758e+06,221909.63019978954,154024.25
832000.0,877109.2088578219,803116.44,-45109.20885782188,28883.5625
974000.0,919897.2616662325,990979.25,54102.73833376751,-16979.25
738000.0,734285.6290213543,736714.0,3714.3709786457475,1286.0
815000.0,889984.6541377374,799575.06,-74984.65413773735,15424.9375
1555000.0,2074202.9309384832,1.566519e+06,-519202.9309384832,-11519.0
1443000.0,1450979.7498034993,1.3954689e+06,-7979.749803499319,47531.125
1550000.0,1465046.8388804619,1.4896112e+06,84953.16111953813,60388.75
464000.0,367630.6607128242,480220.9,96369.3392871758,-16220.90625
965000.0,956523.6306765215,923173.7,8476.369323478546,41826.3125
568000.0,629715.8308592784,573894.4,-61715.830859278445,-5894.375
1981000.0,1693223.3557323215,1.8003822e+06,287776.6442676785,180617.75
800000.0,863217.2184274108,827088.0,-63217.218427410815,-27088.0
668000.0,853589.8072768499,659816.3,-185589.80727684987,8183.6875
789000.0,780112.9562734343,782877.75,8887.043726565666,6122.25
700000.0,661293.957967281,667126.25,38706.04203271901,32873.75
1111111.0,1104209.88466086,1.0201105e+06,6901.115339139942,91000.5
895000.0,1556192.6970378004,834998.3,-661192.6970378004,60001.6875
2110000.0,2113033.5072143096,2.1231782e+06,-3033.5072143096477,-13178.25
2345000.0,2373949.40828807,2.3924435e+06,-28949.40828807,-47443.5
871000.0,1363514.1118878706,882610.5,-492514.1118878706,-11610.5
539900.0,608592.7134877264,542933.2,-68692.7134877264,-3033.1875
1675000.0,1781976.180175338,1.7417698e+06,-106976.18017533794,-66769.75
715000.0,802220.0291086324,727851.2,-87220.02910863236,-12851.1875
1780000.0,1753821.7021028823,1.8202691e+06,26178.297897117678,-40269.125
395000.0,422187.0491898437,427970.62,-27187.049189843703,-32970.625
344900.0,577321.5926845998,350393.94,-232421.5926845998,-5493.9375
485000.0,513080.1657277362,475623.9,-28080.165727736196,9376.09375
940000.0,1104935.9409634494,887648.25,-164935.94096344942,52351.75
583000.0,508731.7461052197,570558.44,74268.2538947803,12441.5625
1350000.0,2052929.9959737323,1.467779e+06,-702929.9959737323,-117779.0
980000.0,1631463.4296944947,1.0189292e+06,-651463.4296944947,-38929.1875
450000.0,318792.58880094776,451352.53,131207.41119905224,-1352.53125
890000.0,1487824.3598868253,943338.2,-597824.3598868253,-53338.1875
969000.0,933988.5871176072,845587.44,35011.41288239276,123412.5625
1550000.0,1476928.1607632763,1.6441906e+06,73071.83923672372,-94190.625
479990.0,447251.1254543144,486380.94,32738.874545685598,-6390.9375
479990.0,447251.1254543144,486380.94,32738.874545685598,-6390.9375
3600000.0,3527175.8923953087,3.5369122e+06,72824.1076046913,63087.75
1050000.0,1195032.0195723942,1.0973672e+06,-145032.0195723942,-47367.25
1399000.0,1299862.3552320234,1.3711612e+06,99137.6447679766,27838.75
370000.0,560881.9050651316,378527.84,-190881.9050651316,-8527.84375
1000000.0,1740989.7463357598,1.0458386e+06,-740989.7463357598,-45838.625
610000.0,756925.8595999691,636944.9,-146925.85959996912,-26944.875
625000.0,745100.3919829226,646968.5,-120100.39198292256,-21968.5
850000.0,1436636.8451949116,862350.7,-586636.8451949116,-12350.6875
1450000.0,1428229.1680123818,1.4353212e+06,21770.831987618236,14678.75
1450000.0,2086512.6660109456,1.5602078e+06,-636512.6660109456,-110207.75
600000.0,694806.6158299755,609144.7,-94806.61582997546,-9144.6875
770000.0,1282864.6211792445,770102.56,-512864.6211792445,-102.5625
2000000.0,1862157.7571506514,1.9735898e+06,137842.24284934858,26410.25
1445000.0,1449842.3547824454,1.5148915e+06,-4842.354782445356,-69891.5
2182000.0,2397283.5931676067,2.1374422e+06,-215283.59316760674,44557.75
1035000.0,1641724.7769171095,1.04342375e+06,-606724.7769171095,-8423.75
950000.0,1016900.2006424293,931405.0,-66900.20064242929,18595.0
2650000.0,2616771.418382799,2.6448922e+06,33228.58161720121,5107.75
775000.0,773738.1543562766,791757.9,1261.8456437233835,-16757.875
3100000.0,2879184.028869423,3.0434978e+06,220815.97113057692,56502.25
398000.0,428149.5100885319,403583.88,-30149.510088531883,-5583.875
399999.0,445731.47446481197,415451.0,-45732.47446481197,-15452.0
3010000.0,3350408.989371118,3.2686205e+06,-340408.98937111814,-258620.5
1985000.0,1942562.0591190972,1.998294e+06,42437.94088090281,-13294.0
1139000.0,1003672.6266285433,1.0722228e+06,135327.37337145675,66777.25
810000.0,758469.8074084232,792883.75,51530.19259157684,17116.25
5098000.0,4759812.806515992,5.1501245e+06,338187.1934840083,-52124.5
1200000.0,1687075.9890350834,1.2233148e+06,-487075.98903508345,-23314.75
415000.0,482133.07078965975,412356.72,-67133.07078965975,2643.28125
1079000.0,1004683.8592444567,935219.9,74316.14075554325,143780.125
1520000.0,1673620.3243782963,1.4900361e+06,-153620.32437829627,29963.875
988888.0,1218336.3963271517,1.01761625e+06,-229448.39632715168,-28728.25
8000000.0,7549540.159414663,7.9769285e+06,450459.840585337,23071.5
1600000.0,1541296.1261927267,1.5099672e+06,58703.87380727334,90032.75
490000.0,418937.79696338205,480180.62,71062.20303661795,9819.375
490000.0,418937.79696338205,480180.62,71062.20303661795,9819.375
2612000.0,2485377.675221166,2.5587472e+06,126622.32477883389,53252.75
2060000.0,2154737.588487244,2.0599284e+06,-94737.58848724421,71.625
2455000.0,2383595.440757307,2.5989672e+06,71404.55924269278,-143967.25
1225000.0,1362260.3815678381,1.232539e+06,-137260.38156783814,-7539.0
1875000.0,1754847.353306139,1.8391669e+06,120152.64669386111,35833.125
1075194.6,1189123.5142798945,1.1180742e+06,-113928.91427989444,-42879.64999999991
1280000.0,1354999.7008803007,1.3000924e+06,-74999.70088030072,-20092.375
1056000.0,1245138.2321734156,1.1478988e+06,-189138.2321734156,-91898.75
670000.0,604867.1185361912,668554.8,65132.88146380882,1445.1875
1040000.0,1306142.8120975718,1.0892605e+06,-266142.8120975718,-49260.5
1550000.0,1489116.08339498,1.553196e+06,60883.91660501994,-3196.0
595000.0,673562.0333246635,603919.1,-78562.03332466353,-8919.125
2875000.0,3067039.216767749,3.0013202e+06,-192039.21676774882,-126320.25
405000.0,483213.04029293824,398566.38,-78213.04029293824,6433.625
790000.0,1333521.0484053192,777628.8,-543521.0484053192,12371.1875
1140000.0,1226821.607830585,1.0968985e+06,-86821.60783058498,43101.5
1370000.0,1940591.6000203218,1.3843465e+06,-570591.6000203218,-14346.5
2625000.0,2629108.160805485,2.6811042e+06,-4108.160805485211,-56104.25
529000.0,513563.5740800261,526298.6,15436.425919973874,2701.375
839000.0,1492794.8173026626,839332.75,-653794.8173026626,-332.75
650000.0,766089.5283751101,675959.6,-116089.52837511012,-25959.625
475000.0,367138.9540517746,472795.16,107861.04594822542,2204.84375
1179000.0,1319813.6841856006,1.1367595e+06,-140813.6841856006,42240.5
2400000.0,2317921.7527184216,2.4421558e+06,82078.24728157837,-42155.75
750000.0,930812.2952596416,757379.1,-180812.2952596416,-7379.125
3800000.0,3764451.190674391,3.6472828e+06,35548.80932560889,152717.25
1440000.0,1540248.208626411,1.4907411e+06,-100248.20862641092,-50741.125
1800000.0,1740833.4616979281,1.8864155e+06,59166.53830207186,-86415.5
850000.0,1005290.0324593245,835448.4,-155290.03245932446,14551.625
900000.0,1444999.8676557576,939971.44,-544999.8676557576,-39971.4375
1635000.0,1657898.4560226167,1.7469284e+06,-22898.45602261671,-111928.375
1940000.0,1827660.459090682,1.9574619e+06,112339.54090931802,-17461.875
430000.0,498538.3521206161,422570.9,-68538.35212061612,7429.09375
925000.0,904125.5681785083,984448.7,20874.431821491686,-59448.6875
2499000.0,2400082.8851030944,2.4163848e+06,98917.11489690561,82615.25
605000.0,583237.1641411231,604749.7,21762.835858876933,250.3125
499900.0,431926.31460126175,499084.16,67973.68539873825,815.84375
1690000.0,2147651.178515076,1.6398389e+06,-457651.1785150762,50161.125
1155000.0,1681894.0370293828,1.2026572e+06,-526894.0370293828,-47657.25
1695000.0,2155451.425502669,1.6695652e+06,-460451.42550266907,25434.75
650000.0,313519.5434705975,550695.9,336480.4565294025,99304.125
875000.0,896057.9644146392,919047.7,-21057.964414639166,-44047.6875
795000.0,1240185.7587067646,807780.56,-445185.75870676455,-12780.5625
1165000.0,1335777.8401917988,1.1059096e+06,-170777.84019179875,59090.375
770000.0,775701.5858666282,738888.2,-5701.585866628215,31111.8125
1550000.0,1551975.0349478787,1.6259778e+06,-1975.0349478786811,-75977.75
540000.0,748232.4430765231,531132.56,-208232.44307652314,8867.4375
755000.0,797967.6606293666,736021.56,-42967.66062936664,18978.4375
590000.0,1111889.8460377534,571587.2,-521889.8460377534,18412.8125
110000.0,1092183.640234633,1.1285965e+06,-982183.6402346331,-1018596.5
1330000.0,1329805.4684577456,1.2331574e+06,194.53154225437902,96842.625
545000.0,662025.113193387,546030.06,-117025.11319338705,-1030.0625
1260000.0,1700438.3419779995,1.2833049e+06,-440438.34197799955,-23304.875
1119350.0,1018827.2908754696,1.0611924e+06,100522.70912453043,58157.625
2125000.0,2727995.2987543144,2.1886688e+06,-602995.2987543144,-63668.75
359000.0,1085075.8294768205,368325.4,-726075.8294768205,-9325.40625
350000.0,828378.0813687365,337882.16,-478378.08136873646,12117.84375
1130000.0,1180897.1370504221,1.1444075e+06,-50897.13705042214,-14407.5
1690000.0,2311395.154512834,1.6700144e+06,-621395.1545128338,19985.625
180000.0,161088.1299640173,205831.39,18911.87003598269,-25831.390625
890000.0,966817.7153675414,827638.75,-76817.71536754142,62361.25
545000.0,571051.7946442653,547636.8,-26051.79464426532,-2636.8125
2050000.0,2825785.6318570115,2.1427018e+06,-775785.6318570115,-92701.75
927648.0,978770.6498906089,932934.06,-51122.64989060885,-5286.0625
1180000.0,1353254.7206797379,1.185882e+06,-173254.72067973786,-5882.0
650000.0,789943.7926083511,689838.9,-139943.7926083511,-39838.875
1530000.0,1570356.8815760906,1.4806742e+06,-40356.881576090585,49325.75
1500000.0,1407985.752430624,1.448137e+06,92014.2475693759,51863.0
990000.0,940267.8846780446,944938.2,49732.11532195541,45061.8125
350000.0,524559.4069051009,349829.3,-174559.4069051009,170.6875
900000.0,885120.2530799196,828328.9,14879.74692008039,71671.125
1200000.0,1242076.8753496546,1.2206052e+06,-42076.87534965458,-20605.25
1030000.0,1192389.4552544833,1.0185891e+06,-162389.45525448327,11410.875
879000.0,883427.9784353431,876368.6,-4427.978435343131,2631.375
2620000.0,2705546.2427420914,2.5955888e+06,-85546.24274209142,24411.25
860000.0,910852.9550740957,828863.06,-50852.95507409575,31136.9375
1649500.0,2105492.9517056593,1.6352615e+06,-455992.9517056593,14238.5
525000.0,695768.0703769533,513606.06,-170768.07037695334,11393.9375
1070000.0,1046182.5446756772,1.0659759e+06,23817.4553243228,4024.125
530000.0,1395934.6713517762,554185.2,-865934.6713517762,-24185.1875
990000.0,927771.3226860283,980464.8,62228.67731397168,9535.1875
2025000.0,1443686.691525269,1.4881318e+06,581313.3084747309,536868.25
481000.0,380556.54249237373,489821.8,100443.45750762627,-8821.8125
1620000.0,1487611.65789697,1.5948768e+06,132388.34210303007,25123.25
810000.0,924072.6846590785,836844.6,-114072.68465907848,-26844.625
885000.0,844715.1487629078,902737.5,40284.85123709217,-17737.5
799000.0,782931.0094450689,794940.1,16068.990554931108,4059.875
2918000.0,2411181.007630392,2.5767802e+06,506818.992369608,341219.75
1608500.0,1536698.4341503629,1.5227841e+06,71801.56584963715,85715.875
1060000.0,987981.9954598242,1.0064074e+06,72018.00454017578,53592.625
600000.0,660865.2646447744,600172.25,-60865.264644774375,-172.25
760000.0,1295926.4235346268,781260.0,-535926.4235346268,-21260.0
2855162.0,2833787.813245093,3.126426e+06,21374.186754907016,-271264.0
2100000.0,1658211.3115139701,1.7771685e+06,441788.68848602986,322831.5
850000.0,824700.489768577,812955.4,25299.51023142296,37044.625
390000.0,454173.88477180747,392741.3,-64173.88477180747,-2741.3125
1565000.0,1481648.515137082,1.6137812e+06,83351.48486291803,-48781.25
1105000.0,1050759.7585447365,1.0939358e+06,54240.24145526346,11064.25
280000.0,374498.7524878201,200190.05,-94498.75248782011,79809.953125
1200000.0,1218923.7138646669,1.1404536e+06,-18923.713864666875,59546.375
780000.0,845018.3962939286,770644.75,-65018.396293928614,9355.25
775000.0,953465.6869872515,801168.8,-178465.6869872515,-26168.8125
1150000.0,1029188.2260747988,1.1434791e+06,120811.77392520115,6520.875
1680000.0,1602343.117023482,1.7084735e+06,77656.88297651801,-28473.5
840000.0,966260.5553522399,882892.56,-126260.55535223987,-42892.5625
950000.0,985197.1733950571,929599.2,-35197.17339505709,20400.8125
1200000.0,1118907.1252741332,1.1565322e+06,81092.87472586683,43467.75
609000.0,608972.2109824717,597493.25,27.789017528295517,11506.75
1165000.0,1176760.8194846052,1.1979262e+06,-11760.819484605221,-32926.25
1820000.0,1633155.5623759634,1.7346086e+06,186844.43762403657,85391.375
1690000.0,1623043.042625849,1.6595691e+06,66956.9573741511,30430.875
345000.0,1010339.0142846416,366007.0,-665339.0142846416,-21007.0
3000000.0,3227668.1678296365,3.160876e+06,-227668.16782963648,-160876.0
5900000.0,5837580.96098198,5.7922305e+06,62419.039018020034,107769.5
850000.0,1424678.2733826404,795851.1,-574678.2733826404,54148.875
625000.0,632315.2710633794,618114.56,-7315.271063379361,6885.4375
488000.0,539318.5689972823,478791.88,-51318.5689972823,9208.125
1705000.0,1587829.341769637,1.6809036e+06,117170.65823036293,24096.375
1012000.0,1032426.237090026,943218.5,-20426.23709002603,68781.5
850000.0,963795.447331897,867933.06,-113795.44733189698,-17933.0625
915000.0,934976.208990239,918164.6,-19976.208990238956,-3164.625
970000.0,1089259.7094968967,945827.1,-119259.70949689671,24172.875
750000.0,907495.492492604,769353.8,-157495.49249260395,-19353.8125
580000.0,648639.7526755516,609469.5,-68639.75267555157,-29469.5
475000.0,625918.1986619349,482398.0,-150918.19866193493,-7398.0
1812000.0,1707948.8469589096,1.775207e+06,104051.15304109035,36793.0
682500.0,681565.5233518528,716543.6,934.4766481472179,-34043.625
1905000.0,1918884.9342949197,1.9570718e+06,-13884.934294919716,-52071.75
1330000.0,1385731.7020764053,1.3023025e+06,-55731.70207640529,27697.5
669900.0,943287.9968637758,666068.4,-273387.99686377577,3831.625
905000.0,907071.1799440513,897723.7,-2071.179944051313,7276.3125
2560000.0,2539492.6281048167,2.5540055e+06,20507.371895183343,5994.5
390000.0,420762.1292505036,429619.0,-30762.12925050361,-39619.0
1080000.0,1853076.4397924733,1.138299e+06,-773076.4397924733,-58299.0
1100000.0,904378.332729948,1.01130356e+06,195621.667270052,88696.4375
1450000.0,1438653.1935687745,1.4948669e+06,11346.806431225501,-44866.875
1325000.0,1298023.2502694621,1.3621201e+06,26976.74973053788,-37120.125
740000.0,886511.8622532514,775429.4,-146511.86225325137,-35429.375
2300000.0,3204074.3224835405,2.6171315e+06,-904074.3224835405,-317131.5
3260000.0,2902377.601229037,2.9611758e+06,357622.39877096284,298824.25
563000.0,442734.2419532131,580219.75,120265.75804678688,-17219.75
1120000.0,1381084.2581287844,1.1181138e+06,-261084.25812878436,1886.25
3600000.0,3411609.533703755,3.8003908e+06,188390.46629624488,-200390.75
1090000.0,1235602.7890596706,1.0915108e+06,-145602.78905967064,-1510.75
720000.0,1342073.7069030704,717018.06,-622073.7069030704,2981.9375
820000.0,1480871.2959258226,949887.7,-660871.2959258226,-129887.6875
1110000.0,1193314.7467254458,1.1067158e+06,-83314.74672544585,3284.25
580000.0,440406.14077649405,604871.94,139593.85922350595,-24871.9375
1498000.0,1758359.7713623026,1.5772176e+06,-260359.7713623026,-79217.625
779000.0,835644.1688998928,789233.1,-56644.16889989283,-10233.125
1200000.0,1378895.8357228043,1.1726228e+06,-178895.8357228043,27377.25
1439000.0,1843559.4776480305,1.4305942e+06,-404559.4776480305,8405.75
307500.0,434104.7275284206,304590.88,-126604.72752842063,2909.125
720000.0,876397.2840668561,744869.44,-156397.28406685614,-24869.4375
1067000.0,1015528.8144083857,1.0739625e+06,51471.18559161434,-6962.5
1400000.0,1244564.6812896072,1.2802476e+06,155435.3187103928,119752.375
945000.0,893694.4923190791,937175.2,51305.507680920884,7824.8125
600000.0,1104299.77416976,607557.94,-504299.77416976006,-7557.9375
910000.0,1563509.928814075,930392.94,-653509.928814075,-20392.9375
960000.0,977994.8894332969,922211.94,-17994.889433296863,37788.0625
385000.0,672056.2141392499,379978.2,-287056.2141392499,5021.8125
595000.0,582082.31358105,594797.25,12917.686418949976,202.75
1800000.0,1844812.7007684475,1.8247778e+06,-44812.70076844748,-24777.75
841000.0,742548.2789212726,814008.2,98451.7210787274,26991.8125
1455000.0,1468117.8067038483,1.4585082e+06,-13117.806703848299,-3508.25
1390000.0,1262287.1058141699,1.2849262e+06,127712.89418583014,105073.75
550000.0,744350.5840618548,552856.0,-194350.58406185475,-2856.0
1750000.0,1856315.1223369134,1.8072168e+06,-106315.12233691337,-57216.75
1150000.0,1144439.147109466,1.0786575e+06,5560.852890534094,71342.5
1550000.0,1444580.5458405898,1.4869855e+06,105419.4541594102,63014.5
1250000.0,1913322.823129362,1.2915222e+06,-663322.823129362,-41522.25
1475000.0,1451668.1189912194,1.5332455e+06,23331.88100878056,-58245.5
2450000.0,3026450.2549671847,2.592808e+06,-576450.2549671847,-142808.0
740000.0,1432178.6598954934,738928.3,-692178.6598954934,1071.6875
850000.0,835130.7437762483,765975.1,14869.256223751698,84024.875
930000.0,1107161.8164818946,947167.56,-177161.81648189458,-17167.5625
420000.0,333059.76261851576,426659.22,86940.23738148424,-6659.21875
490000.0,438743.7532274659,498391.16,51256.2467725341,-8391.15625
365000.0,379107.2311339702,369062.38,-14107.2311339702,-4062.375
725000.0,1491342.6845956573,761325.1,-766342.6845956573,-36325.125
1291000.0,1458860.6597289627,1.2852314e+06,-167860.6597289627,5768.625
799000.0,947439.6673059638,801681.6,-148439.6673059638,-2681.625
1145000.0,1292623.0874073072,1.1963724e+06,-147623.08740730723,-51372.375
1339000.0,1435361.8756210592,1.2937116e+06,-96361.87562105921,45288.375
1645000.0,1537378.3188695826,1.5871325e+06,107621.68113041739,57867.5
1110000.0,1110928.5740377111,1.1423662e+06,-928.574037711136,-32366.25
499000.0,448295.3695167047,484475.0,50704.6304832953,14525.0
1525000.0,1436017.5076274879,1.5689215e+06,88982.49237251212,-43921.5
460000.0,573946.507648351,458308.2,-113946.50764835102,1691.8125
1125000.0,1183052.2717111195,1.1899445e+06,-58052.27171111945,-64944.5
945000.0,1106518.2463058964,1.032217e+06,-161518.24630589643,-87217.0
860000.0,917709.5239564958,858493.25,-57709.5239564958,1506.75
535000.0,643644.2232968924,545033.75,-108644.22329689236,-10033.75
1300000.0,1285307.7448101242,1.365675e+06,14692.25518987584,-65675.0
605000.0,614366.5624397052,605234.9,-9366.562439705245,-234.875
1200000.0,1326858.3699595563,1.2342716e+06,-126858.36995955626,-34271.625
630000.0,638860.0414673352,621809.8,-8860.041467335192,8190.1875
700000.0,865832.5934882241,730702.0,-165832.59348822408,-30702.0
2800000.0,2883153.4362940677,2.8061608e+06,-83153.43629406765,-6160.75
785000.0,802684.2990056211,786330.2,-17684.299005621113,-1330.1875
437000.0,608243.9732942967,442352.9,-171243.97329429665,-5352.90625
665000.0,617111.0679023379,690125.8,47888.932097662124,-25125.8125
950000.0,1175377.2584384277,893007.7,-225377.2584384277,56992.3125
750000.0,943246.0236155272,834708.5,-193246.0236155272,-84708.5
965000.0,1010511.2068280843,996781.94,-45511.20682808431,-31781.9375
659000.0,769483.2430320896,652005.44,-110483.24303208955,6994.5625
685000.0,621689.8027808935,622001.4,63310.197219106485,62998.625
1420000.0,1521966.0042923263,1.4528886e+06,-101966.00429232628,-32888.625
1485000.0,1465975.0734464007,1.5265938e+06,19024.926553599304,-41593.75
970000.0,1438975.8630071864,957522.2,-468975.86300718645,12477.8125
1100000.0,1195562.8797211242,1.1272788e+06,-95562.87972112419,-27278.75
1500000.0,1484780.2976394978,1.4835675e+06,15219.702360502211,16432.5
434000.0,1087123.87551685,446477.56,-653123.87551685,-12477.5625
495000.0,563172.8092044925,486763.75,-68172.80920449249,8236.25
1100000.0,1092965.0225867494,1.0944272e+06,7034.977413250599,5572.75
1310000.0,1457657.5133016508,1.5936922e+06,-147657.51330165076,-283692.25
500000.0,700950.0033891309,617510.6,-200950.00338913093,-117510.625
811200.0,745550.1405994616,842422.56,65649.85940053838,-31222.5625
1250000.0,1531425.7969679534,1.2661278e+06,-281425.79696795344,-16127.75
375000.0,323795.3461024612,368580.88,51204.65389753878,6419.125
1010000.0,1000529.3939552419,954427.0,9470.606044758111,55573.0
725000.0,922543.8622437909,738266.25,-197543.86224379088,-13266.25
970000.0,1139771.9204093476,1.0467007e+06,-169771.92040934763,-76700.6875
898000.0,979472.9237956563,869958.4,-81472.9237956563,28041.625
985000.0,1690323.7279964802,1.0341541e+06,-705323.7279964802,-49154.125
1620000.0,1567053.3855040625,1.5977875e+06,52946.61449593748,22212.5
788000.0,970437.4404526927,765337.75,-182437.44045269268,22662.25
1768000.0,1848632.523405178,1.8571145e+06,-80632.52340517798,-89114.5
811000.0,880797.7474168572,767616.1,-69797.74741685716,43383.875
598000.0,535259.9578747615,595707.25,62740.042125238455,2292.75
710000.0,564860.0018472545,709607.25,145139.99815274554,392.75
1100000.0,1887309.492331794,1.0860419e+06,-787309.492331794,13958.125
366200.0,395574.3985766474,409922.6,-29374.398576647392,-43722.59375
1495000.0,1437769.1242013406,1.397184e+06,57230.8757986594,97816.0
1120000.0,1300213.973136729,1.0999866e+06,-180213.9731367291,20013.375
2300000.0,2213277.930644017,2.3828208e+06,86722.06935598282,-82820.75
1200000.0,1647539.1585049755,1.132871e+06,-447539.1585049755,67129.0
599000.0,601571.8057129859,579205.8,-2571.8057129859226,19794.1875
545000.0,566712.2479045098,558611.06,-21712.24790450977,-13611.0625
615000.0,617924.498745937,619145.25,-2924.498745937017,-4145.25
890000.0,785888.502092242,890178.75,104111.49790775799,-178.75
1265000.0,1149653.0688444416,1.2288911e+06,115346.93115555844,36108.875
3950000.0,3599993.2072373964,4.1387268e+06,350006.7927626036,-188726.75
1374900.0,1587896.5314924126,1.3548236e+06,-212996.53149241256,20076.375
640000.0,615009.6033026987,641208.1,24990.3966973013,-1208.125
591000.0,580733.839289119,638514.0,10266.160710880999,-47514.0
1799000.0,1626356.9654620392,1.8050102e+06,172643.03453796078,-6010.25
999000.0,1065033.7009619344,1.0137679e+06,-66033.7009619344,-14767.875
2150000.0,2055733.5713444026,2.1271425e+06,94266.42865559738,22857.5
700000.0,674743.4285029395,743405.4,25256.571497060475,-43405.375
1235000.0,1141596.619400588,1.2826258e+06,93403.3805994119,-47625.75
875000.0,1456313.236256877,884626.25,-581313.236256877,-9626.25
1680000.0,1615229.7434069407,1.6369998e+06,64770.25659305928,43000.25
1180000.0,1189212.9224105552,1.2100742e+06,-9212.922410555184,-30074.25
750000.0,950613.5252131256,823566.5,-200613.52521312563,-73566.5
1451500.0,1438316.7176901943,1.4564775e+06,13183.282309805742,-4977.5
900000.0,880791.60676704,901570.8,19208.39323296002,-1570.8125
1360000.0,1343781.8661299031,1.3320445e+06,16218.133870096877,27955.5
1920000.0,1878259.178434825,2.0762609e+06,41740.82156517496,-156260.875
545000.0,604059.5419562099,540184.5,-59059.54195620993,4815.5
1100000.0,1214193.2026357595,1.1469434e+06,-114193.20263575949,-46943.375
1311000.0,1588981.2099737388,1.341193e+06,-277981.20997373876,-30193.0
635000.0,614728.9716181492,661072.9,20271.028381850803,-26072.875
899900.0,1451365.9136113117,897303.44,-551465.9136113117,2596.5625
1725000.0,1808868.0405956532,1.7521641e+06,-83868.04059565323,-27164.125
585000.0,676915.8779506923,565874.3,-91915.87795069232,19125.6875
415000.0,507424.99634212186,404381.0,-92424.99634212186,10619.0
625000.0,596779.4384988879,626980.25,28220.561501112068,-1980.25
800000.0,1036959.1348850457,803973.2,-236959.1348850457,-3973.1875
425000.0,647792.4580338676,416156.06,-222792.45803386765,8843.9375
1250000.0,1707458.9650909738,1.2304356e+06,-457458.96509097377,19564.375
3350000.0,4204976.777319481,3.8033278e+06,-854976.7773194807,-453327.75
1560000.0,1690950.6395036208,1.5799998e+06,-130950.6395036208,-19999.75
1250000.0,1687752.7271530293,1.2924859e+06,-437752.7271530293,-42485.875
955000.0,935441.7312321146,901775.5,19558.268767885398,53224.5
2960000.0,2787807.201603653,3.104505e+06,172192.7983963471,-144505.0
1210000.0,1140086.9536763239,1.1801248e+06,69913.04632367613,29875.25
1279000.0,1209986.7800447883,1.2608921e+06,69013.21995521174,18107.875
650000.0,537217.4603265872,634773.4,112782.5396734128,15226.625
850000.0,1059167.5126714765,854836.44,-209167.51267147646,-4836.4375
1399000.0,1465819.5032169567,1.417789e+06,-66819.50321695674,-18789.0
815000.0,817065.8780021549,809405.4,-2065.8780021548737,5594.625
770000.0,711295.0499958592,725942.06,58704.95000414085,44057.9375
820000.0,836030.9166651207,805207.8,-16030.916665120749,14792.1875
670000.0,843955.7177783805,634346.1,-173955.7177783805,35653.875
1050000.0,1174629.6814157753,1.0665056e+06,-124629.68141577533,-16505.625
738000.0,853851.5603041939,770501.5,-115851.56030419387,-32501.5
6300000.0,5907688.616638583,6.398569e+06,392311.38336141687,-98569.0
840000.0,874201.3478194766,843000.4,-34201.34781947662,-3000.375
795000.0,918725.2981517818,781237.6,-123725.29815178178,13762.375
1885000.0,2022963.4333805903,2.0460782e+06,-137963.4333805903,-161078.25
1000000.0,977778.5021097916,886387.9,22221.497890208382,113612.125
3750000.0,3647822.1758315586,3.7914782e+06,102177.82416844135,-41478.25
2430000.0,2198259.1901737973,2.4907505e+06,231740.8098262027,-60750.5
890000.0,1008701.3820007868,909569.6,-118701.38200078683,-19569.625
1485000.0,1551565.3565139512,1.436455e+06,-66565.3565139512,48545.0
2600000.0,2651085.8134276518,2.6836778e+06,-51085.81342765177,-83677.75
640000.0,631751.8015183886,631983.3,8248.198481611442,8016.6875
1067000.0,958847.3382714252,1.0839889e+06,108152.66172857478,-16988.875
510000.0,482471.570791016,531435.06,27528.429208984016,-21435.0625
735000.0,1307820.937439862,897302.56,-572820.9374398619,-162302.5625
415000.0,296917.6509745178,408539.06,118082.3490254822,6460.9375
570000.0,532060.0166940076,552053.56,37939.98330599244,17946.4375
665000.0,760999.7682285504,720097.7,-95999.76822855044,-55097.6875
970000.0,1075983.2480957957,1.0120465e+06,-105983.24809579575,-42046.5
680000.0,684901.3163506142,691797.56,-4901.316350614186,-11797.5625
430000.0,315021.6009406077,444141.8,114978.39905939228,-14141.8125
2320000.0,2270203.345777735,2.4920525e+06,49796.654222264886,-172052.5
2398888.0,2415920.2039167276,2.3799978e+06,-17032.203916727565,18890.25
2650000.0,2863804.650377039,2.8009898e+06,-213804.65037703887,-150989.75
4400000.0,4112393.207963758,4.325068e+06,287606.79203624185,74932.0
1840000.0,1838637.2774389451,1.9722689e+06,1362.722561054863,-132268.875
1850000.0,2300498.833417217,1.9403034e+06,-450498.8334172168,-90303.375
1150000.0,1199503.4327570463,1.1194239e+06,-49503.43275704631,30576.125
490000.0,867691.6962445301,512866.5,-377691.69624453015,-22866.5
1425000.0,1474729.9550493255,1.4054911e+06,-49729.95504932548,19508.875
3238000.0,3246653.8776246803,3.151452e+06,-8653.877624680288,86548.0
1200000.0,1631333.0417674864,1.2174699e+06,-431333.0417674864,-17469.875
1650000.0,1863692.835159787,1.6862358e+06,-213692.83515978698,-36235.75
1350000.0,1525707.8116533328,1.4340598e+06,-175707.81165333278,-84059.75
715000.0,681680.7239669012,715018.0,33319.27603309881,-18.0
560000.0,575991.4637695231,542212.94,-15991.463769523078,17787.0625
1070000.0,1821335.3896293389,1.075543e+06,-751335.3896293389,-5543.0
635000.0,628049.3822098066,619099.75,6950.617790193413,15900.25
399000.0,350195.63404521253,397734.44,48804.36595478747,1265.5625
394000.0,391492.0331479865,391855.0,2507.9668520134874,2145.0
2565000.0,2631842.581251488,3.042398e+06,-66842.58125148807,-477398.0
860000.0,1000172.4790150991,860505.56,-140172.47901509912,-505.5625
905000.0,1015412.5506585307,920718.9,-110412.55065853067,-15718.875
1520000.0,1407423.4698518014,1.4570485e+06,112576.5301481986,62951.5
1700000.0,1487685.5302016216,1.6744111e+06,212314.4697983784,25588.875
1660000.0,1633356.1963693318,1.6645986e+06,26643.803630668204,-4598.625
430000.0,677094.8477074518,463211.56,-247094.8477074518,-33211.5625
629553.0,804050.2185079833,641701.8,-174497.21850798326,-12148.8125
3100000.0,3204107.539332996,3.12018e+06,-104107.53933299612,-20180.0
790000.0,792026.4161511571,773104.9,-2026.4161511571147,16895.125
1465000.0,1977537.3583285622,1.464816e+06,-512537.35832856223,184.0
571000.0,509407.8384502961,516535.62,61592.16154970392,54464.375
1275000.0,1386807.2760974474,1.2715936e+06,-111807.27609744738,3406.375
825000.0,957207.0234350807,832638.2,-132207.02343508066,-7638.1875
450000.0,584921.3887611206,457553.53,-134921.38876112062,-7553.53125
445000.0,474302.14627365035,433307.47,-29302.146273650345,11692.53125
605000.0,652731.4996917226,601144.3,-47731.499691722565,3855.6875
1365000.0,1527759.730320408,1.3499896e+06,-162759.730320408,15010.375
730000.0,711401.6327127692,669684.3,18598.367287230794,60315.6875
1455000.0,1813246.254864702,1.4367359e+06,-358246.254864702,18264.125
950000.0,904421.3947266091,931963.0,45578.60527339089,18037.0
1330000.0,1293954.5309197966,1.346613e+06,36045.469080203446,-16613.0
710000.0,1173014.544555529,725211.4,-463014.544555529,-15211.375
955000.0,1533692.242967147,959767.56,-578692.2429671469,-4767.5625
985000.0,1551549.715824306,1.0189991e+06,-566549.715824306,-33999.125
1605000.0,1916196.3213785342,1.4990326e+06,-311196.3213785342,105967.375
925000.0,903866.4241478106,924948.56,21133.575852189446,51.4375
9000000.0,8644385.915552318,8.2715795e+06,355614.0844476819,728420.5
530000.0,654261.6807634786,588309.6,-124261.68076347862,-58309.625
968000.0,1076833.6061043518,1.00164275e+06,-108833.60610435181,-33642.75
1430000.0,1449701.0078272054,1.4212384e+06,-19701.00782720535,8761.625
775000.0,913858.857790157,838896.6,-138858.85779015697,-63896.625
1050000.0,1808784.78236072,1.0997045e+06,-758784.78236072,-49704.5
576000.0,704562.1805046945,604324.75,-128562.18050469446,-28324.75
985000.0,1028583.6201579773,1.0457329e+06,-43583.62015797733,-60732.875
539000.0,512612.369289165,549538.5,26387.630710834987,-10538.5
415000.0,359892.1737718283,422677.3,55107.8262281717,-7677.3125
1335000.0,1424159.9769885512,1.405069e+06,-89159.9769885512,-70069.0
1160000.0,1056787.940156131,1.1402014e+06,103212.05984386895,19798.625
760000.0,870170.8475277907,802549.1,-110170.8475277907,-42549.125
600000.0,852237.4396878851,609501.5,-252237.4396878851,-9501.5
1080000.0,951494.5322715142,1.0872346e+06,128505.46772848582,-7234.625
1160000.0,949500.3198524555,1.1492142e+06,210499.68014754448,10785.75
625080.0,428423.97604270966,616464.44,196656.02395729034,8615.5625
510000.0,472054.8270186139,480256.2,37945.17298138607,29743.8125
2000000.0,1965192.4065920347,2.106559e+06,34807.593407965265,-106559.0
2550000.0,2543368.8731953087,2.6037105e+06,6631.126804691274,-53710.5
1720000.0,1770254.0697392938,1.6432312e+06,-50254.06973929377,76768.75
2373000.0,2317696.786931985,2.629568e+06,55303.21306801494,-256568.0
649000.0,574607.9287512187,646644.06,74392.07124878129,2355.9375
300000.0,247994.11160890723,295028.47,52005.88839109277,4971.53125
845000.0,924405.7818768498,849544.06,-79405.78187684983,-4544.0625
1170500.0,1190305.2087072951,1.1323396e+06,-19805.208707295125,38160.375
1362000.0,1361986.2170450883,1.3835452e+06,13.782954911701381,-21545.25
885000.0,921492.7048253787,881200.1,-36492.70482537872,3799.875
830000.0,821158.7713871881,822682.6,8841.228612811887,7317.375
1650000.0,1533086.6890041176,1.6495541e+06,116913.31099588238,445.875
850000.0,935393.9957588061,841202.25,-85393.99575880612,8797.75
2050000.0,1991878.6286584176,1.9741545e+06,58121.37134158239,75845.5
810000.0,1491796.8529259735,803750.1,-681796.8529259735,6249.875
875000.0,916130.8877622674,847383.6,-41130.887762267375,27616.375
1390000.0,1523875.4277207989,1.3804705e+06,-133875.42772079888,9529.5
435000.0,430158.2046967726,435167.7,4841.79530322738,-167.6875
842000.0,903163.3242537655,792445.3,-61163.32425376552,49554.6875
1065000.0,1030855.0625078985,1.136598e+06,34144.93749210145,-71598.0
600000.0,633177.7971021739,571530.0,-33177.79710217391,28470.0
6800000.0,7542527.775636232,7.842226e+06,-742527.7756362325,-1042226.0
830000.0,984523.0418819257,913076.44,-154523.04188192566,-83076.4375
1625000.0,1456723.4753105557,1.5960255e+06,168276.52468944434,28974.5
1700000.0,1658465.5732738692,1.8225829e+06,41534.42672613077,-122582.875
420000.0,924772.2728301589,253429.38,-504772.27283015894,166570.625
3975000.0,3851474.242915853,4.0439328e+06,123525.75708414707,-68932.75
1150000.0,1164211.2923636688,1.1613245e+06,-14211.292363668792,-11324.5
975000.0,1574759.4447914504,1.02625206e+06,-599759.4447914504,-51252.0625
1250000.0,1681350.4723933716,1.2120724e+06,-431350.47239337163,37927.625
1080000.0,1584944.619339357,1.0659606e+06,-504944.6193393569,14039.375
440000.0,717870.900038837,513598.22,-277870.900038837,-73598.21875
1155000.0,1688407.8771632444,1.1253292e+06,-533407.8771632444,29670.75
1220000.0,1210442.5742994419,1.1359609e+06,9557.425700558117,84039.125
1300000.0,1336256.3411955517,1.2623636e+06,-36256.34119555168,37636.375
399000.0,494735.8122213469,389266.38,-95735.81222134689,9733.625
624500.0,851205.2096864022,626698.7,-226705.20968640223,-2198.6875
1800000.0,2088723.1392536778,2.0491285e+06,-288723.1392536778,-249128.5
930000.0,806533.8324402554,931995.0,123466.16755974456,-1995.0
1435000.0,1341876.0052951663,1.3847531e+06,93123.99470483372,50246.875
630000.0,845990.0246481935,628162.9,-215990.0246481935,1837.125
365000.0,455164.598129516,380856.16,-90164.598129516,-15856.15625
1125000.0,1249298.0453034784,1.1891594e+06,-124298.04530347837,-64159.375
1700000.0,1599966.8867735406,1.6512225e+06,100033.11322645936,48777.5
1726000.0,1975949.0049030688,1.7747431e+06,-249949.00490306877,-48743.125
513000.0,592872.5543175886,505843.0,-79872.55431758857,7157.0
649000.0,707693.8343719617,667087.44,-58693.83437196165,-18087.4375
1183500.0,1115371.0079839998,1.0905816e+06,68128.99201600021,92918.375
835000.0,912752.8477410676,840472.56,-77752.84774106764,-5472.5625
765000.0,764270.73598311,786580.7,729.264016889967,-21580.6875
740000.0,792019.3962903194,696015.6,-52019.39629031939,43984.375
3535000.0,3497892.6498665405,3.5128902e+06,37107.35013345955,22109.75
4150075.0,3878499.323678537,4.117562e+06,271575.6763214632,32513.0
3950000.0,3791668.3959118766,3.7667042e+06,158331.60408812342,183295.75
600000.0,766709.9133082249,568715.2,-166709.91330822487,31284.8125
1225000.0,1077372.802334061,1.217392e+06,147627.1976659391,7608.0
505000.0,599908.3071019567,500577.12,-94908.30710195669,4422.875
675000.0,534349.4203013846,684806.75,140650.57969861536,-9806.75
770000.0,1329177.4992383914,739921.94,-559177.4992383914,30078.0625
1586000.0,1478332.5893110372,1.4462971e+06,107667.41068896279,139702.875
400000.0,434982.0719043368,392204.2,-34982.0719043368,7795.8125
850000.0,1032747.1455962989,860563.9,-182747.14559629885,-10563.875
775000.0,974332.9546719976,786814.0,-199332.95467199758,-11814.0
715000.0,1223335.8674589857,686857.25,-508335.86745898565,28142.75
1155000.0,1775517.7829520549,1.1279412e+06,-620517.7829520549,27058.75
925000.0,864681.7392391542,931090.6,60318.26076084585,-6090.625
1198000.0,1195521.6087640768,1.1869919e+06,2478.3912359231617,11008.125
1275000.0,1296575.9925487132,1.2505669e+06,-21575.992548713228,24433.125
1550000.0,2216214.404988503,1.5417088e+06,-666214.4049885031,8291.25
8300000.0,8503805.09929324,7.677426e+06,-203805.09929323941,622574.0
259000.0,855387.2084842016,266922.3,-596387.2084842016,-7922.3125
1388000.0,1275681.5522109056,1.3702738e+06,112318.44778909441,17726.25
9074300.0,8958397.14984146,7.7917935e+06,115902.85015854053,1282506.5
2200000.0,1977159.7178783873,2.1437585e+06,222840.2821216127,56241.5
1505000.0,1472639.2691143572,1.4866325e+06,32360.730885642814,18367.5
7985000.0,8197474.02475948,7.691636e+06,-212474.0247594798,293364.0
410000.0,1243721.4550486591,401257.03,-833721.4550486591,8742.96875
315000.0,553670.7271597137,298581.9,-238670.72715971374,16418.09375
1500000.0,1422237.9603970137,1.4508228e+06,77762.0396029863,49177.25
915000.0,835784.6244816631,887402.0,79215.37551833689,27598.0
2855000.0,3099126.868393449,3.3144878e+06,-244126.8683934491,-459487.75
845000.0,765065.3786808981,866387.44,79934.62131910189,-21387.4375
635000.0,631511.9814417964,608204.94,3488.018558203592,26795.0625
800000.0,789843.3525504991,820370.6,10156.647449500859,-20370.625
690000.0,680956.3877123991,664429.7,9043.612287600874,25570.3125
1775000.0,1904910.308255741,1.7485135e+06,-129910.3082557409,26486.5
1510000.0,1491323.7820834597,1.4791838e+06,18676.217916540336,30816.25
640000.0,646187.5151531252,672327.8,-6187.515153125161,-32327.8125
430000.0,521386.568370651,456064.94,-91386.56837065099,-26064.9375
550000.0,663580.9160202355,542337.0,-113580.91602023551,7663.0
705000.0,625522.1963003369,741935.75,79477.80369966314,-36935.75
2650000.0,2433497.8646297753,2.4306288e+06,216502.1353702247,219371.25
385000.0,458704.26660858886,379126.5,-73704.26660858886,5873.5
899900.0,967768.9130265132,899802.25,-67868.91302651318,97.75
505000.0,616196.9125542921,501049.0,-111196.91255429212,3951.0
1115000.0,1121128.6521540256,1.1496724e+06,-6128.652154025622,-34672.375
960000.0,1043300.5704715943,938973.4,-83300.57047159434,21026.625
2300000.0,2227112.3771512723,2.2147152e+06,72887.62284872774,85284.75
1090000.0,1194855.5600925584,1.0967625e+06,-104855.56009255839,-6762.5
1387000.0,1301753.5997058447,1.3558512e+06,85246.40029415535,31148.75
685000.0,642566.0612866507,677537.6,42433.938713349286,7462.375
2699000.0,2432689.5130116763,2.6275525e+06,266310.48698832374,71447.5
830000.0,973926.0822873592,862844.3,-143926.08228735917,-32844.3125
380000.0,324249.37512005225,387283.8,55750.62487994775,-7283.8125
444000.0,684354.5405315596,439277.72,-240354.5405315596,4722.28125
512000.0,444590.4658341169,506248.4,67409.53416588309,5751.59375
1158000.0,1134569.4560175876,1.1606591e+06,23430.543982412433,-2659.125
1175000.0,1170038.7334470626,1.1866456e+06,4961.26655293745,-11645.625
1925000.0,1847454.2703628452,1.9110618e+06,77545.72963715484,13938.25
4850000.0,4602378.43276898,5.1262415e+06,247621.56723101996,-276241.5
547000.0,532564.8278000653,523157.0,14435.172199934721,23843.0
550000.0,448199.72048485896,556307.0,101800.27951514104,-6307.0
1165000.0,1117748.7700556435,1.1170521e+06,47251.229944356484,47947.875
1045000.0,1155084.0550199517,1.0504878e+06,-110084.05501995166,-5487.75
3110000.0,3688508.408421181,3.6957312e+06,-578508.4084211811,-585731.25
610000.0,624636.7340487653,614817.0,-14636.73404876527,-4817.0
730000.0,1415085.6768412509,715893.4,-685085.6768412509,14106.625
1010000.0,995618.2180064131,1.04827106e+06,14381.78199358692,-38271.0625
740000.0,859113.8929212854,733033.94,-119113.89292128535,6966.0625
625000.0,590269.6242945704,606322.1,34730.375705429586,18677.875
949995.0,996051.7045082878,925481.5,-46056.70450828783,24513.5
379000.0,431878.8433879758,386277.56,-52878.84338797582,-7277.5625
2050000.0,2692562.972830291,1.9534375e+06,-642562.9728302909,96562.5
1185000.0,1132093.1438812078,1.1594201e+06,52906.8561187922,25579.875
245000.0,457025.70814710634,269958.75,-212025.70814710634,-24958.75
645000.0,1018297.4539586606,652673.0,-373297.4539586606,-7673.0
670000.0,886194.0615862452,713207.8,-216194.0615862452,-43207.8125
2275000.0,2038575.6162256682,2.255949e+06,236424.38377433177,19051.0
575000.0,692067.6743445112,587263.6,-117067.67434451124,-12263.625
935000.0,1483581.1154412187,938869.5,-548581.1154412187,-3869.5
3900000.0,4214871.987028257,3.6217375e+06,-314871.987028257,278262.5
700000.0,649822.4964231866,716475.3,50177.50357681338,-16475.3125
1650000.0,1541500.3899623798,1.6510572e+06,108499.61003762018,-1057.25
395000.0,295775.24335632555,395707.62,99224.75664367445,-707.625
1325000.0,1329811.9801976364,1.3014669e+06,-4811.980197636411,23533.125
350000.0,402310.34299973515,351533.25,-52310.34299973515,-1533.25
1190000.0,1043580.3337508215,1.1794406e+06,146419.66624917847,10559.375
329000.0,289708.46062649356,334908.56,39291.53937350644,-5908.5625
900000.0,1064851.916036855,950167.6,-164851.91603685496,-50167.625
2300000.0,2483889.0392432087,2.6272318e+06,-183889.0392432087,-327231.75
1780000.0,1920464.998415086,1.8670911e+06,-140464.99841508595,-87091.125
785000.0,663792.0201602511,788614.7,121207.97983974894,-3614.6875
1690000.0,1864296.4783253723,1.7497729e+06,-174296.47832537233,-59772.875
1150000.0,1740471.4375348901,1.2237406e+06,-590471.4375348901,-73740.625
1660000.0,1710591.1987314764,1.6920575e+06,-50591.19873147644,-32057.5
410000.0,489036.59613558184,407941.47,-79036.59613558184,2058.53125
245000.0,340973.984155052,230972.78,-95973.98415505199,14027.21875
1850000.0,1937869.7711088774,1.9304601e+06,-87869.77110887738,-80460.125
590000.0,678515.488153595,581281.5,-88515.48815359501,8718.5
1725000.0,1594077.168931321,1.6884854e+06,130922.83106867899,36514.625
2950000.0,3475245.082218685,3.0976618e+06,-525245.0822186852,-147661.75
700000.0,842786.8971636586,659106.25,-142786.89716365864,40893.75
851000.0,787580.3035825676,732581.06,63419.696417432395,118418.9375
900000.0,1506004.114964276,868940.2,-606004.1149642761,31059.8125
2000000.0,1875567.0329988075,2.002321e+06,124432.9670011925,-2321.0
1225000.0,1185488.9641698287,1.2432975e+06,39511.03583017131,-18297.5
440000.0,354449.0825644444,447593.28,85550.9174355556,-7593.28125
500000.0,667928.0595265472,500847.88,-167928.0595265472,-847.875
562750.0,528159.780928271,552212.06,34590.21907172899,10537.9375
1050000.0,1035416.6115263603,1.0762079e+06,14583.38847363973,-26207.875
2860000.0,2715388.1069417875,2.968516e+06,144611.89305821247,-108516.0
900000.0,1003899.9936313408,891006.0,-103899.9936313408,8994.0
1050000.0,1083939.643767344,1.0336138e+06,-33939.64376734407,16386.1875
612177.0,520615.48808635434,618289.6,91561.51191364566,-6112.625
2106000.0,1989589.7448439319,2.1560685e+06,116410.25515606813,-50068.5
1320000.0,1442045.707280085,1.3390855e+06,-122045.70728008496,-19085.5
1190000.0,1112904.4148580781,1.0989319e+06,77095.58514192188,91068.125
1180000.0,1039461.8002647001,1.054729e+06,140538.19973529992,125271.0
630000.0,860458.4773693137,619501.4,-230458.4773693137,10498.625
660000.0,653644.6692099491,710992.56,6355.33079005091,-50992.5625
1257500.0,1274012.8748743003,1.2648908e+06,-16512.874874300323,-7390.75
465000.0,521157.8534625451,473879.0,-56157.853462545085,-8879.0
540000.0,511243.00448162213,533099.5,28756.995518377866,6900.5
1400000.0,1348239.5847935108,1.3607309e+06,51760.41520648915,39269.125
1000000.0,932513.0895939037,996703.94,67486.91040609626,3296.0625
437000.0,466209.22265141504,429604.7,-29209.22265141504,7395.3125
446000.0,397869.51029996364,448792.22,48130.489700036356,-2792.21875
1005000.0,854274.2334662859,1.0457469e+06,150725.76653371414,-40746.875
850000.0,844271.6192594294,822783.06,5728.380740570603,27216.9375
1212000.0,1087681.7031438472,1.1504456e+06,124318.29685615283,61554.375
1148000.0,1115037.2504202956,1.1389146e+06,32962.74957970437,9085.375
1830000.0,1840916.8247569958,2.0410735e+06,-10916.824756995775,-211073.5
449000.0,389063.80937784037,447418.3,59936.19062215963,1581.6875
550000.0,585959.3281319903,550344.6,-35959.328131990274,-344.625
350000.0,439837.8089772158,378941.4,-89837.80897721578,-28941.40625
1400000.0,1329849.9357840095,1.3629998e+06,70150.06421599048,37000.25
305000.0,665481.2910862304,315731.34,-360481.2910862304,-10731.34375
7595000.0,7433623.697811828,8.3510875e+06,161376.302188172,-756087.5
465000.0,450574.04529639904,470206.03,14425.95470360096,-5206.03125
1250000.0,1286103.6904630512,1.4238975e+06,-36103.6904630512,-173897.5
3500000.0,3308564.352091839,3.3401175e+06,191435.64790816093,159882.5
860000.0,842297.0840486838,859300.9,17702.915951316245,699.125
715000.0,1346093.699198112,722896.06,-631093.6991981119,-7896.0625
1109000.0,1550284.6766493344,1.0757154e+06,-441284.6766493344,33284.625
1550000.0,1749513.3019726914,1.5788896e+06,-199513.30197269144,-28889.625
1515000.0,1464757.548730705,1.4480818e+06,50242.45126929507,66918.25
255000.0,177535.37311455817,280905.8,77464.62688544183,-25905.8125
440000.0,456695.8092899886,443639.75,-16695.809289988596,-3639.75
1175000.0,1299921.1726043036,1.2113906e+06,-124921.17260430357,-36390.625
875000.0,954544.1831660877,857650.4,-79544.18316608772,17349.625
790000.0,887085.2906418906,806488.94,-97085.2906418906,-16488.9375
545000.0,670577.4268817804,568984.8,-125577.42688178038,-23984.8125
510000.0,1361608.5291078477,520335.72,-851608.5291078477,-10335.71875
1362500.0,1185518.0631749998,1.2323051e+06,176981.93682500022,130194.875
2660000.0,2512090.9920246415,2.586752e+06,147909.00797535852,73248.0
800000.0,695247.9552682511,800858.6,104752.04473174887,-858.625
710000.0,1111547.6130440782,731170.44,-401547.6130440782,-21170.4375
502000.0,385944.97455849266,490099.38,116055.02544150734,11900.625
1071500.0,1075372.691860702,1.1383651e+06,-3872.691860701889,-66865.125
665000.0,1145199.2408489832,640014.94,-480199.2408489832,24985.0625
349000.0,376580.71512551943,347222.44,-27580.715125519433,1777.5625
820000.0,1492427.8389857386,920032.5,-672427.8389857386,-100032.5
850000.0,776633.2674963375,848816.0,73366.73250366247,1184.0
2430000.0,2663989.352270157,2.4100375e+06,-233989.35227015708,19962.5
1150000.0,1315073.9730686327,1.3074432e+06,-165073.97306863265,-157443.25
1700000.0,1906799.7567453668,1.6913605e+06,-206799.75674536685,8639.5
1035000.0,1030024.3393277299,1.02036156e+06,4975.660672270111,14638.4375
409900.0,300601.25945191097,422339.25,109298.74054808903,-12439.25
865000.0,1120038.9839389252,890663.6,-255038.9839389252,-25663.625
1130000.0,1004431.323275474,1.0779418e+06,125568.67672452598,52058.25
675000.0,897378.9701457547,644618.94,-222378.97014575475,30381.0625
2000000.0,1879727.046269495,1.9925698e+06,120272.95373050496,7430.25
1200000.0,2005620.1382432557,1.6711774e+06,-805620.1382432557,-471177.375
2350000.0,2153025.6089481963,2.2667232e+06,196974.39105180372,83276.75
1170000.0,1103024.0355338897,1.1804748e+06,66975.96446611034,-10474.75
980000.0,1125223.2909979816,1.0030097e+06,-145223.29099798156,-23009.6875
1495000.0,1384936.7789804519,1.4485015e+06,110063.22101954813,46498.5
2110000.0,1918928.0297662816,2.0865052e+06,191071.9702337184,23494.75
5050000.0,5061688.826619692,5.318936e+06,-11688.826619692147,-268936.0
1405000.0,1461803.9348484024,1.3739585e+06,-56803.934848402394,31041.5
483495.0,403960.7906972311,430790.34,79534.20930276893,52704.65625
745000.0,790825.5435710056,734219.1,-45825.543571005575,10780.875
447300.0,453606.98171557894,460077.8,-6306.981715578935,-12777.8125
1050000.0,1039606.1420197226,1.1021035e+06,10393.85798027739,-52103.5
599000.0,1211600.427362326,612886.25,-612600.4273623261,-13886.25
2418000.0,2466076.25580749,2.474537e+06,-48076.25580749009,-56537.0
2000000.0,2062057.064288229,1.8890421e+06,-62057.06428822898,110957.875
4200000.0,4286780.216946651,4.232714e+06,-86780.21694665123,-32714.0
1220000.0,1150347.822568128,1.2011476e+06,69652.17743187211,18852.375
1659500.0,1771590.6509097712,1.6590865e+06,-112090.65090977121,413.5
790000.0,893805.3623284561,767464.6,-103805.36232845613,22535.375
2950000.0,2986048.629607691,2.9853255e+06,-36048.629607690964,-35325.5
525000.0,1224395.7316050678,550355.1,-699395.7316050678,-25355.125
675000.0,836428.9442458726,745394.6,-161428.94424587255,-70394.625
2200000.0,1897449.2109512894,2.2274858e+06,302550.7890487106,-27485.75
269900.0,311207.9398059745,251788.08,-41307.939805974485,18111.921875
594000.0,810607.7281807906,585435.6,-216607.72818079055,8564.375
790000.0,791527.8860356185,807881.5,-1527.8860356184887,-17881.5
907000.0,957330.2584518812,933111.1,-50330.25845188124,-26111.125
840000.0,1326193.372494245,817555.0,-486193.37249424495,22445.0
1945000.0,1918331.7447063848,1.979788e+06,26668.255293615162,-34788.0
405000.0,603109.2504514616,396098.8,-198109.25045146164,8901.1875
1270000.0,1747645.5259552929,1.2228529e+06,-477645.52595529286,47147.125
700000.0,774501.0023492607,700075.75,-74501.00234926073,-75.75
911000.0,1132572.6785903638,941958.25,-221572.67859036382,-30958.25
1260000.0,1801655.0942967336,1.2186884e+06,-541655.0942967336,41311.625
739000.0,845164.9591338141,748116.5,-106164.95913381409,-9116.5
2600000.0,2502918.6447255462,2.6235612e+06,97081.35527445376,-23561.25
660000.0,671696.8957497862,716666.7,-11696.89574978617,-56666.6875
465000.0,541208.9428016237,481040.47,-76208.94280162372,-16040.46875
1088000.0,1029496.2876001934,1.0770621e+06,58503.712399806594,10937.875
700000.0,598752.9622065175,701016.44,101247.03779348254,-1016.4375
657305.0,800836.665626145,634078.75,-143531.66562614497,23226.25
788000.0,872550.3985292043,777771.2,-84550.3985292043,10228.8125
725000.0,789371.4593147598,726534.94,-64371.45931475982,-1534.9375
1328000.0,1300306.886462144,1.3263428e+06,27693.113537855912,1657.25
950000.0,1149216.3804713723,947611.2,-199216.38047137228,2388.8125
935000.0,820731.3337346301,942994.56,114268.66626536986,-7994.5625
415000.0,343497.98279730184,419046.2,71502.01720269816,-4046.1875
1050000.0,1604515.8716622705,912042.56,-554515.8716622705,137957.4375
1875000.0,1919029.1038322826,1.9031991e+06,-44029.10383228259,-28199.125
705000.0,755114.02512229,724814.5,-50114.02512229001,-19814.5
810000.0,1172158.3068809474,899217.2,-362158.30688094744,-89217.1875
1127500.0,1082759.4938210472,1.1642799e+06,44740.50617895275,-36779.875
1505000.0,1374138.0176119742,1.4374032e+06,130861.98238802585,67596.75
4580000.0,4453962.255585587,4.351041e+06,126037.74441441335,228959.0
4800000.0,4289982.3922064975,4.6699445e+06,510017.6077935025,130055.5
959000.0,1424016.4779277234,919058.2,-465016.47792772343,39941.8125
560000.0,678332.2686862132,600464.75,-118332.26868621318,-40464.75
800000.0,1333285.6742975889,793641.75,-533285.6742975889,6358.25
1398888.0,1451842.7611020454,1.4657368e+06,-52954.76110204542,-66848.75
638000.0,593122.7796997889,621580.4,44877.220300211105,16419.625
1450000.0,1420384.6411816988,1.4622142e+06,29615.358818301233,-12214.25
893600.0,1510378.4945253404,853785.44,-616778.4945253404,39814.5625
785000.0,787098.9540485293,774250.0,-2098.9540485292673,10750.0
2639999.0,2492988.9369847295,2.5068385e+06,147010.0630152705,133160.5
1350000.0,1645485.9160200942,1.3628776e+06,-295485.9160200942,-12877.625
785000.0,747094.3358608598,798524.2,37905.664139140164,-13524.1875
605000.0,646999.0564290928,649441.9,-41999.05642909277,-44441.875
1100000.0,1256869.621280342,1.1903871e+06,-156869.6212803421,-90387.125
1100000.0,1151033.785195235,1.0765856e+06,-51033.78519523493,23414.375
839990.0,1601279.6678390685,840643.3,-761289.6678390685,-653.3125
1275000.0,1822345.8807696034,1.2896146e+06,-547345.8807696034,-14614.625
4325000.0,4185913.964395891,4.382687e+06,139086.03560410906,-57687.0
1827000.0,1633797.5104759964,1.7306892e+06,193202.48952400358,96310.75
855000.0,939651.1324267484,880034.44,-84651.1324267484,-25034.4375
435000.0,329956.08862163266,458154.34,105043.91137836734,-23154.34375
556000.0,583264.7306040948,544891.9,-27264.730604094802,11108.125
1620000.0,1541329.771735236,1.5613762e+06,78670.22826476395,58623.75
1650000.0,1839905.188479091,1.7122414e+06,-189905.18847909104,-62241.375
14000000.0,15135832.616528269,1.6945414e+07,-1135832.616528269,-2945414.0
900000.0,1480933.7711420364,942701.44,-580933.7711420364,-42701.4375
825000.0,846976.0738871731,832600.9,-21976.073887173086,-7600.875
799000.0,986552.5850477983,813302.8,-187552.58504779835,-14302.8125
875000.0,837634.5462111514,840308.25,37365.453788848594,34691.75
648900.0,802264.1220152141,665650.56,-153364.12201521406,-16750.5625
488000.0,673276.9528369898,488923.88,-185276.95283698977,-923.875
775000.0,905392.8742615506,752233.75,-130392.8742615506,22766.25
975000.0,985826.9002666767,1.07005e+06,-10826.900266676676,-95050.0
2270000.0,2352999.418595378,2.1815045e+06,-82999.41859537782,88495.5
560000.0,801345.8332546873,537684.06,-241345.83325468726,22315.9375
2382000.0,2367418.109015203,2.4089828e+06,14581.890984796919,-26982.75
2542000.0,2474362.1684946343,2.455807e+06,67637.83150536567,86193.0
655000.0,696649.0366884477,635854.9,-41649.0366884477,19145.125
3225000.0,3652229.242255057,3.1663188e+06,-427229.2422550572,58681.25
745000.0,1205864.4769432624,757637.75,-460864.4769432624,-12637.75
495000.0,564551.386870598,505131.94,-69551.38687059795,-10131.9375
3900000.0,4397327.618657925,3.9330838e+06,-497327.61865792517,-33083.75
495000.0,560705.843862015,491541.06,-65705.84386201506,3458.9375
1680000.0,1676363.1162692483,1.7258484e+06,3636.883730751695,-45848.375
1100000.0,1357421.4112685614,1.0844625e+06,-257421.41126856138,15537.5
858000.0,974767.9508734546,887035.6,-116767.95087345457,-29035.625
960000.0,1084719.2787801428,982964.56,-124719.27878014278,-22964.5625
735000.0,726870.2168388594,738744.44,8129.783161140629,-3744.4375
715000.0,974536.6834822936,693318.0,-259536.68348229362,21682.0
4250000.0,5035359.265381497,4.4103265e+06,-785359.2653814973,-160326.5
1150000.0,1212576.8715313731,1.1803735e+06,-62576.87153137312,-30373.5
630000.0,851632.3371371385,631190.6,-221632.33713713847,-1190.625
850000.0,884125.9270353563,846865.75,-34125.92703535629,3134.25
1885065.0,1895563.8107128139,1.9520016e+06,-10498.810712813865,-66936.625
440000.0,435337.2466108145,445156.6,4662.753389185527,-5156.59375
510000.0,585138.4498793802,506915.1,-75138.44987938018,3084.90625
1800000.0,1669235.9272437603,1.5647735e+06,130764.07275623968,235226.5
1600000.0,1856838.1258139657,1.5553928e+06,-256838.1258139657,44607.25
1300000.0,1702515.2409118947,1.2173445e+06,-402515.2409118947,82655.5
899900.0,1007229.6177191455,866369.25,-107329.61771914549,33530.75
771420.0,894900.7158616562,736742.06,-123480.71586165624,34677.9375
765000.0,893342.2080669575,815028.1,-128342.20806695754,-50028.125
845000.0,850673.7218157876,848345.9,-5673.721815787605,-3345.875
935000.0,1510841.172580778,977036.4,-575841.1725807779,-42036.375
1265000.0,2083329.497035848,1.2131271e+06,-818329.497035848,51872.875
885000.0,885634.2592528153,901482.25,-634.2592528152745,-16482.25
3650000.0,3470648.4944334584,3.5575275e+06,179351.50556654157,92472.5
1900000.0,1937654.865185415,1.813688e+06,-37654.86518541491,86312.0
390000.0,458115.8377619039,388665.8,-68115.83776190388,1334.1875
480000.0,602828.1338828781,496659.3,-122828.13388287812,-16659.3125
826640.0,955518.8756140734,805372.94,-128878.87561407336,21267.0625
1090000.0,1159744.7264140714,1.1068878e+06,-69744.7264140714,-16887.75
362000.0,532645.4235927745,347641.25,-170645.42359277455,14358.75
715000.0,690255.0676040689,791781.25,24744.9323959311,-76781.25
1350000.0,1086388.9980985876,1.1013806e+06,263611.0019014124,248619.375
510000.0,635403.0229078283,586886.25,-125403.02290782833,-76886.25
2005000.0,2047757.5062589375,2.0530386e+06,-42757.50625893753,-48038.625
1870000.0,1921772.5341526615,1.9109942e+06,-51772.53415266145,-40994.25
790000.0,894243.3768345737,811619.9,-104243.37683457369,-21619.875
2275000.0,2119694.6436909772,2.0051549e+06,155305.35630902275,269845.125
1050000.0,1023295.4958049838,1.0408288e+06,26704.504195016227,9171.1875
359900.0,824414.8449351855,366775.75,-464514.8449351855,-6875.75
806000.0,1416456.3965605518,852417.8,-610456.3965605518,-46417.8125
865000.0,1342133.016823821,871601.0,-477133.016823821,-6601.0
1375000.0,1651105.536924394,1.6747832e+06,-276105.5369243941,-299783.25
775000.0,724543.7447628885,760765.56,50456.25523711147,14234.4375
1225000.0,1237970.9668912303,1.2109425e+06,-12970.966891230317,14057.5
1250000.0,1324008.6173966003,1.3223012e+06,-74008.61739660031,-72301.25
389000.0,502094.51033711166,387893.75,-113094.51033711166,1106.25
580000.0,505237.0460501546,582409.56,74762.9539498454,-2409.5625
525000.0,471738.99404613057,521458.44,53261.00595386943,3541.5625
645000.0,667526.8996895397,653021.0,-22526.899689539685,-8021.0
838000.0,915637.716826211,831897.6,-77637.71682621096,6102.375
1709750.0,1881200.8616883047,2.0521089e+06,-171450.8616883047,-342358.875
1000000.0,1267898.7180719262,1.1483904e+06,-267898.71807192615,-148390.375
899000.0,971553.6891258268,900254.56,-72553.68912582682,-1254.5625
964000.0,1053694.2652368466,999376.6,-89694.26523684664,-35376.625
3975000.0,3854632.8442970365,4.061995e+06,120367.15570296347,-86995.0
700000.0,684789.9876306127,709337.3,15210.012369387317,-9337.3125
1610000.0,1529839.9391908331,1.5631508e+06,80160.06080916687,46849.25
995000.0,884282.6231427083,918494.75,110717.37685729167,76505.25
1478000.0,1379048.2982085797,1.409432e+06,98951.70179142035,68568.0
445000.0,729607.5633734022,438565.7,-284607.5633734022,6434.3125
570000.0,548952.6706961739,570587.25,21047.32930382609,-587.25
350000.0,508376.29716994404,366271.34,-158376.29716994404,-16271.34375
250000.0,642584.9243404749,285589.44,-392584.9243404749,-35589.4375
735000.0,678302.589743682,718468.5,56697.41025631805,16531.5
1100000.0,1092043.5711807597,1.1473559e+06,7956.428819240304,-47355.875
1220000.0,1206117.98940975,1.1389385e+06,13882.010590249905,81061.5
1865000.0,1776701.139271851,1.8152765e+06,88298.86072814907,49723.5
1199000.0,1135198.4702707957,1.2175698e+06,63801.52972920425,-18569.75
2160000.0,2254240.9969225167,2.0054934e+06,-94240.99692251673,154506.625
2110350.0,2392353.385205865,2.1453128e+06,-282003.3852058649,-34962.75
610000.0,580141.4070109967,602189.2,29858.592989003286,7810.8125
1850000.0,2022536.7613157802,2.0178676e+06,-172536.76131578023,-167867.625
655000.0,774645.5932488549,643153.2,-119645.59324885486,11846.8125
1015000.0,1097134.8523806068,1.01927906e+06,-82134.85238060681,-4279.0625
685000.0,867371.2767979448,676538.75,-182371.2767979448,8461.25
375000.0,343875.3075947731,415446.25,31124.692405226873,-40446.25
866000.0,767071.4311387648,881966.9,98928.56886123517,-15966.875
683000.0,657708.1040772576,700360.25,25291.895922742435,-17360.25
820000.0,943729.0418379974,766243.3,-123729.04183799739,53756.6875
384800.0,353878.4085694293,397763.25,30921.591430570697,-12963.25
2420000.0,2381668.1682481654,2.5737668e+06,38331.8317518346,-153766.75
785000.0,843542.930223345,756142.9,-58542.93022334506,28857.125
1098000.0,1145238.7472603112,1.1116239e+06,-47238.74726031115,-13623.875
465000.0,498902.69333147723,482896.5,-33902.69333147723,-17896.5
505000.0,443187.59651822306,504536.4,61812.40348177694,463.59375
2660000.0,3200325.076907709,2.748378e+06,-540325.0769077088,-88378.0
1000000.0,1451542.3933680789,992596.6,-451542.39336807886,7403.375
810000.0,1355331.5183817265,815396.6,-545331.5183817265,-5396.625
966000.0,1051082.9954506995,959569.9,-85082.99545069947,6430.125
1507000.0,1526300.6644092943,1.4312029e+06,-19300.66440929426,75797.125
665000.0,755019.9383913239,639673.25,-90019.9383913239,25326.75
1310000.0,1420165.4247893752,1.3190744e+06,-110165.42478937516,-9074.375
2140000.0,2592298.350892792,2.1030182e+06,-452298.350892792,36981.75
449950.0,337985.0466705451,455756.66,111964.95332945487,-5806.65625
2000000.0,2363282.486878459,2.3080272e+06,-363282.4868784589,-308027.25
575000.0,726819.1231524397,577496.0,-151819.12315243972,-2496.0
1400000.0,1914109.2226486504,1.3479441e+06,-514109.2226486504,52055.875
1800000.0,1692893.8322497103,1.7494859e+06,107106.16775028966,50514.125
2000000.0,1967934.5436356175,1.9455916e+06,32065.456364382524,54408.375
1870000.0,1809216.827434418,1.7974949e+06,60783.172565581976,72505.125
987000.0,815666.318452962,849410.4,171333.68154703802,137589.625
1698000.0,1915404.7033452357,1.694727e+06,-217404.70334523567,3273.0
360000.0,266718.25868772925,360154.28,93281.74131227075,-154.28125
998000.0,1076763.944147435,1.0665931e+06,-78763.94414743502,-68593.125
1200000.0,1172869.2871569202,1.1679609e+06,27130.71284307982,32039.125
1300000.0,1433775.950431807,1.2612409e+06,-133775.95043180697,38759.125
649000.0,888376.039725201,654832.7,-239376.03972520097,-5832.6875
900000.0,795922.0238039077,890208.5,104077.97619609232,9791.5
235000.0,223324.1686926036,234224.9,11675.83130739641,775.09375
800000.0,998489.2209983091,812926.75,-198489.2209983091,-12926.75
4090000.0,3989693.499832277,4.2960415e+06,100306.50016772281,-206041.5
587000.0,613177.4549759835,587431.1,-26177.454975983477,-431.125
680000.0,859908.5320017177,690797.44,-179908.53200171771,-10797.4375
905000.0,1375442.8912001569,942710.44,-470442.8912001569,-37710.4375
532000.0,664253.804001779,512472.4,-132253.80400177895,19527.59375
1530000.0,1587784.895486034,1.4927698e+06,-57784.89548603399,37230.25
1425000.0,1268942.0025880514,1.3549309e+06,156057.99741194863,70069.125
3750000.0,3698922.8003744534,3.753014e+06,51077.19962554658,-3014.0
559900.0,472982.74379174446,551392.2,86917.25620825554,8507.8125
900000.0,1036544.4353978846,911904.25,-136544.43539788458,-11904.25
825000.0,941511.4255023235,787497.9,-116511.42550232355,37502.125
1200000.0,1699797.4698432,1.1812822e+06,-499797.46984319994,18717.75
1120000.0,1068191.2036663282,1.1376359e+06,51808.79633367178,-17635.875
690000.0,621443.5678792602,631129.25,68556.43212073983,58870.75
700000.0,1322785.8894319616,722370.25,-622785.8894319616,-22370.25
835000.0,953489.7238961322,815175.75,-118489.7238961322,19824.25
555000.0,1196842.1951100728,650791.0,-641842.1951100728,-95791.0
380000.0,458349.719072554,393414.94,-78349.71907255403,-13414.9375
970000.0,956341.0276744869,949807.94,13658.97232551314,20192.0625
650000.0,617870.8876310112,652672.4,32129.112368988805,-2672.375
555000.0,826033.5467839892,657956.4,-271033.5467839892,-102956.375
2360000.0,2515970.141627025,2.4563902e+06,-155970.14162702486,-96390.25
1100000.0,1672912.8519937869,1.0849135e+06,-572912.8519937869,15086.5
1769000.0,1871572.0802800884,1.7777415e+06,-102572.08028008835,-8741.5
325500.0,427766.6217099152,299018.2,-102266.62170991523,26481.8125
2325000.0,2800031.5211490435,2.2877805e+06,-475031.52114904346,37219.5
1845000.0,2339103.9549618405,1.7403086e+06,-494103.9549618405,104691.375
419690.0,286719.24890412996,418550.94,132970.75109587004,1139.0625
365000.0,380904.2795538603,336877.62,-15904.27955386031,28122.375
826250.0,1379884.4753876396,813408.3,-553634.4753876396,12841.6875
1100000.0,1239361.1477069375,1.10856e+06,-139361.1477069375,-8560.0
795000.0,779808.4566738878,767234.1,15191.543326112209,27765.875
905000.0,714655.8720296428,831582.0,190344.1279703572,73418.0
620990.0,610977.3905406144,632278.1,10012.609459385625,-11288.125
1200000.0,1075640.7668692055,1.1595218e+06,124359.23313079448,40478.25
1685000.0,1629848.3402939015,1.721274e+06,55151.65970609849,-36274.0
1090000.0,1232921.6060092053,1.0693624e+06,-142921.60600920534,20637.625
609990.0,601860.6706638599,603690.56,8129.329336140072,6299.4375
479990.0,526959.8674394527,480625.94,-46969.867439452675,-635.9375
800000.0,987468.4268615709,956333.06,-187468.42686157092,-156333.0625
400000.0,544192.6230457857,391000.16,-144192.6230457857,8999.84375
1700000.0,1634385.923754076,1.73044e+06,65614.07624592399,-30440.0
880000.0,869814.1503445609,841946.25,10185.849655439146,38053.75
1800000.0,1736288.4220374287,1.8157595e+06,63711.57796257129,-15759.5
1450000.0,1402150.4057737067,1.4056655e+06,47849.594226293266,44334.5
350000.0,602711.8953148013,337371.47,-252711.89531480125,12628.53125
1399000.0,1686640.753902923,1.4191784e+06,-287640.7539029231,-20178.375
508900.0,478451.5528619699,518586.97,30448.447138030082,-9686.96875
1030000.0,928800.8408285379,1.0956741e+06,101199.15917146206,-65674.125
640000.0,767653.2965250654,597919.06,-127653.29652506544,42080.9375
500890.0,416901.49052517593,504135.75,83988.50947482407,-3245.75
528900.0,447025.309842143,525688.1,81874.69015785703,3211.875
505000.0,652279.0515891828,517659.03,-147279.0515891828,-12659.03125
940000.0,1045069.2170302027,898499.7,-105069.21703020274,41500.3125
325000.0,428175.76532052923,326716.38,-103175.76532052923,-1716.375
270000.0,394885.4122820484,253757.56,-124885.41228204838,16242.4375
1005000.0,1274993.0700323805,1.02261775e+06,-269993.0700323805,-17617.75
825000.0,810455.7780196646,862326.9,14544.221980335424,-37326.875
740000.0,833073.0292649791,792406.0,-93073.02926497906,-52406.0
545000.0,459678.7271993228,575279.1,85321.27280067722,-30279.125
938888.0,838679.9436470096,948639.25,100208.05635299045,-9751.25
667000.0,590954.6270295162,670107.9,76045.37297048385,-3107.875
1150000.0,1251500.8144356343,1.1036212e+06,-101500.8144356343,46378.75
970000.0,971029.0269085395,931009.8,-1029.0269085394684,38990.1875
609500.0,644584.6628555845,625190.2,-35084.662855584524,-15690.1875
800000.0,903204.7725372079,798774.75,-103204.77253720793,1225.25
1110000.0,1285083.5125803223,1.0617755e+06,-175083.51258032233,48224.5
1935000.0,1706521.2325842043,1.9926116e+06,228478.7674157957,-57611.625
1380000.0,1313509.244977899,1.1896211e+06,66490.7550221011,190378.875
985000.0,815924.1742127034,1.02691094e+06,169075.82578729664,-41910.9375
1390000.0,1443023.6180183738,1.4031782e+06,-53023.61801837385,-13178.25
930000.0,924364.3261655606,913728.0,5635.673834439367,16272.0
310000.0,282296.05523291463,313620.16,27703.94476708537,-3620.15625
2800000.0,3404132.300063773,2.7144578e+06,-604132.3000637731,85542.25
619900.0,611647.8345921289,616807.9,8252.165407871129,3092.125
2405000.0,2972745.3962213565,2.4254212e+06,-567745.3962213565,-20421.25
1160000.0,1705716.7231985955,1.1455562e+06,-545716.7231985955,14443.75
1230000.0,1766023.689366675,1.2152009e+06,-536023.689366675,14799.125
3879500.0,3885557.9812631696,4.2574375e+06,-6057.981263169553,-377937.5
1400000.0,1601086.3080732226,1.4045988e+06,-201086.30807322264,-4598.75
740000.0,815248.6682599232,741930.1,-75248.66825992323,-1930.125
999000.0,1577023.2538216682,1.0100939e+06,-578023.2538216682,-11093.875
1125000.0,1139508.8907427639,1.120414e+06,-14508.890742763877,4586.0
807500.0,1010508.053589932,796076.6,-203008.05358993204,11423.375
1465000.0,1480376.2987291962,1.4261711e+06,-15376.29872919619,38828.875
950000.0,1566265.2835447409,982681.5,-616265.2835447409,-32681.5
1130000.0,1240768.5748815401,1.1748615e+06,-110768.57488154015,-44861.5
1650000.0,1738484.461049536,1.4939405e+06,-88484.46104953601,156059.5
2440000.0,2319672.8729180917,2.5327262e+06,120327.12708190829,-92726.25
765000.0,848905.2938720176,748479.0,-83905.29387201765,16521.0
315000.0,483801.71943882515,317650.7,-168801.71943882515,-2650.6875
1610000.0,1880719.635173696,1.62233e+06,-270719.6351736961,-12330.0
2755000.0,2802870.2887350796,2.8318402e+06,-47870.28873507958,-76840.25
1515000.0,1611347.3508457455,1.5323232e+06,-96347.35084574553,-17323.25
901000.0,972560.1340007538,894149.6,-71560.13400075375,6850.375
379000.0,428574.8666014803,368935.7,-49574.86660148029,10064.3125
1085000.0,993530.9334676217,1.0690148e+06,91469.06653237832,15985.25
3495000.0,3195177.2698745085,3.41024e+06,299822.7301254915,84760.0
600000.0,784141.7400611254,633881.7,-184141.74006112537,-33881.6875
567900.0,575593.0789311854,584633.3,-7693.078931185417,-16733.3125
1050000.0,958784.0949118506,1.0131338e+06,91215.90508814936,36866.1875
720000.0,899904.5179784065,761397.0,-179904.5179784065,-41397.0
780000.0,943713.8118916957,868723.9,-163713.81189169572,-88723.875
1300000.0,1170911.1354735969,1.2572802e+06,129088.86452640314,42719.75
1155025.0,1155076.119877352,1.1217771e+06,-51.1198773519136,33247.875
469000.0,518226.4016752881,467040.1,-49226.4016752881,1959.90625
635000.0,628150.929980335,611128.9,6849.070019665058,23871.125
1116000.0,1146297.7863332788,1.1149321e+06,-30297.786333278753,1067.875
985000.0,1036708.1355706239,975673.25,-51708.13557062391,9326.75
625000.0,553363.9627913275,589680.75,71636.0372086725,35319.25
790000.0,877841.0140973045,784244.5,-87841.01409730455,5755.5
735000.0,1156533.692447215,800125.75,-421533.6924472151,-65125.75
1108000.0,1640880.7519115373,1.1511535e+06,-532880.7519115373,-43153.5
1425000.0,1654674.2416200663,1.4322091e+06,-229674.24162006634,-7209.125
707000.0,911317.8318827304,745682.5,-204317.83188273036,-38682.5
855000.0,818473.8930625895,838862.25,36526.10693741054,16137.75
795000.0,874723.257976146,741940.7,-79723.25797614595,53059.3125
405000.0,628139.6628271097,412220.28,-223139.66282710969,-7220.28125
1010000.0,1410085.1302334392,1.0261689e+06,-400085.13023343915,-16168.875
1600000.0,2080295.8053350407,1.5323816e+06,-480295.80533504067,67618.375
1490000.0,1987421.0813708804,1.4569694e+06,-497421.08137088036,33030.625
1080000.0,1770104.7995900924,1.1167241e+06,-690104.7995900924,-36724.125
785000.0,782580.8326339007,783219.0,2419.167366099311,1781.0
1275000.0,1745830.4810087453,1.2464685e+06,-470830.48100874526,28531.5
870000.0,1057213.9062279882,867244.7,-187213.9062279882,2755.3125
602000.0,574211.6553635246,621180.94,27788.344636475435,-19180.9375
825000.0,1001317.0025126206,846743.0,-176317.00251262065,-21743.0
445000.0,381077.2045052723,444041.88,63922.795494727674,958.125
935000.0,1552131.1372240698,928492.56,-617131.1372240698,6507.4375
1180000.0,1152996.201177561,1.1665505e+06,27003.798822439043,13449.5
425000.0,582294.603119519,419937.9,-157294.60311951896,5062.09375
777900.0,1292787.727421547,760426.1,-514887.72742154705,17473.875
750000.0,1437514.8050504988,834399.7,-687514.8050504988,-84399.6875
1100000.0,1142800.650693412,1.0946986e+06,-42800.65069341194,5301.375
805000.0,887401.7442702011,816285.9,-82401.74427020107,-11285.875
1135000.0,1499150.0377453153,1.1766679e+06,-364150.03774531535,-41667.875
785000.0,1584058.3991649621,787279.4,-799058.3991649621,-2279.375
760000.0,835883.2220213385,766289.4,-75883.22202133853,-6289.375
350000.0,447833.19549737393,337821.56,-97833.19549737393,12178.4375
1080000.0,1354097.1774552907,1.0670784e+06,-274097.1774552907,12921.625
700000.0,893443.5975622016,741724.25,-193443.59756220155,-41724.25
445000.0,565418.6312172726,442209.9,-120418.6312172726,2790.09375
1200000.0,1111381.7829726373,1.0781104e+06,88618.21702736267,121889.625
2390000.0,2316641.385547901,2.3470958e+06,73358.61445209896,42904.25
595000.0,1172971.1971610503,569065.1,-577971.1971610503,25934.875
1150000.0,1811986.6350409845,1.0873374e+06,-661986.6350409845,62662.625
2720000.0,2703600.098104511,2.759619e+06,16399.901895489078,-39619.0
2325000.0,2190682.775402187,2.240751e+06,134317.2245978131,84249.0
1441550.0,1532941.2440394773,1.5497974e+06,-91391.24403947731,-108247.375
500000.0,431318.0727691117,516666.2,68681.92723088828,-16666.1875
595000.0,622167.1216538767,584612.7,-27167.121653876733,10387.3125
606820.0,587381.6334494541,601591.7,19438.366550545907,5228.3125
820000.0,762400.7346324181,825061.75,57599.26536758186,-5061.75
879000.0,995479.2351077981,874298.4,-116479.23510779813,4701.625
1210000.0,1334026.398915265,1.3951069e+06,-124026.39891526499,-185106.875
760000.0,901217.8365180322,815689.8,-141217.83651803224,-55689.8125
700000.0,593539.873161884,692677.56,106460.12683811598,7322.4375
4280000.0,4043964.7056119074,4.1266232e+06,236035.2943880926,153376.75
480000.0,449545.0780894945,485646.75,30454.92191050551,-5646.75
579000.0,532032.8542773895,588902.4,46967.14572261053,-9902.375
2050000.0,1835633.0957307857,1.8678659e+06,214366.90426921425,182134.125
1070000.0,1100835.564284478,1.0848639e+06,-30835.56428447808,-14863.875
617500.0,584334.9805950709,613825.1,33165.01940492913,3674.875
3190000.0,3092964.772047015,3.2001582e+06,97035.2279529851,-10158.25
675000.0,638376.3264998938,676588.44,36623.673500106204,-1588.4375
591000.0,621207.8341878384,597935.0,-30207.834187838365,-6935.0
992000.0,953569.6577413385,937902.06,38430.34225866152,54097.9375
675000.0,841214.3234303428,634552.44,-166214.32343034283,40447.5625
850000.0,902062.5871777878,824293.4,-52062.58717778779,25706.625
1235000.0,1489569.9234930112,1.17824e+06,-254569.92349301116,56760.0
418000.0,440019.54491202545,399471.25,-22019.54491202545,18528.75
300000.0,230284.7029874539,312299.16,69715.2970125461,-12299.15625
1335000.0,1329709.465193864,1.3014792e+06,5290.534806136042,33520.75
765000.0,1469441.4989972978,769767.0,-704441.4989972978,-4767.0
930000.0,900577.8433676923,879165.4,29422.156632307684,50834.625
675000.0,741900.4884160517,652379.25,-66900.48841605172,22620.75
584900.0,663629.2591565275,596139.75,-78729.25915652746,-11239.75
810000.0,1068237.6117527643,797121.2,-258237.61175276432,12878.8125
1210000.0,1734206.3433925458,1.1896801e+06,-524206.3433925458,20319.875
480000.0,358798.0756414564,485268.03,121201.92435854359,-5268.03125
890000.0,1082880.0312945105,872856.25,-192880.03129451047,17143.75
1050000.0,996054.9338800571,1.0321845e+06,53945.06611994293,17815.5
1765000.0,1748507.716685732,1.8529376e+06,16492.283314268105,-87937.625
844777.0,977181.0975146509,839456.0,-132404.0975146509,5321.0
1150000.0,1521790.8620396373,1.157117e+06,-371790.8620396373,-7117.0
450000.0,485122.18763720396,491606.7,-35122.187637203955,-41606.6875
1340000.0,1420465.255603189,1.4324428e+06,-80465.25560318911,-92442.75
480000.0,611565.2807095492,464829.0,-131565.2807095492,15171.0
498888.0,370866.2889640089,504635.06,128021.71103599109,-5747.0625
968800.0,1075882.8033935232,880576.75,-107082.80339352321,88223.25
1305000.0,1283518.739825981,1.2273346e+06,21481.26017401903,77665.375
835000.0,910293.9184286192,815830.6,-75293.91842861916,19169.375
835000.0,866025.2937215432,856473.4,-31025.29372154316,-21473.375
1115000.0,1200329.5568615824,1.1123694e+06,-85329.55686158244,2630.625
1350000.0,1982890.7302332765,1.355568e+06,-632890.7302332765,-5568.0
1146000.0,1153184.6677198643,1.0913818e+06,-7184.6677198642865,54618.25
1200450.0,1618641.0746373506,1.1868821e+06,-418191.0746373506,13567.875
505000.0,305670.87846865435,482409.06,199329.12153134565,22590.9375
1262500.0,1576059.6932503036,1.2526485e+06,-313559.6932503036,9851.5
670000.0,1034298.7049763512,646401.1,-364298.70497635123,23598.875
2330000.0,2413331.2809498804,2.3453415e+06,-83331.28094988037,-15341.5
670000.0,1391114.4433068545,711979.8,-721114.4433068545,-41979.8125
2395000.0,2256045.0812625014,2.3349305e+06,138954.91873749858,60069.5
1065000.0,1224385.8845753658,1.0877449e+06,-159385.8845753658,-22744.875
850000.0,1128678.7030559978,833096.5,-278678.70305599784,16903.5
1125000.0,1338037.3895702162,1.2209882e+06,-213037.38957021618,-95988.25
1375000.0,1555699.3268966423,1.35773e+06,-180699.32689664233,17270.0
2560000.0,2342843.120958683,2.6024e+06,217156.87904131692,-42400.0
531000.0,521165.10337850265,514545.9,9834.896621497348,16454.09375
750000.0,991905.8209685731,778909.1,-241905.8209685731,-28909.125
485000.0,971337.6368300503,472863.7,-486337.63683005027,12136.3125
590000.0,584610.4607725118,599246.25,5389.539227488218,-9246.25
800000.0,1027735.3317166304,824979.94,-227735.33171663038,-24979.9375
925000.0,1030590.085384612,905584.7,-105590.08538461197,19415.3125
616000.0,700133.6054546227,624340.56,-84133.60545462265,-8340.5625
697000.0,775503.8504827246,712503.5,-78503.8504827246,-15503.5
2400000.0,2491654.6325658197,2.430536e+06,-91654.63256581966,-30536.0
650000.0,1451553.456635567,782491.8,-801553.4566355669,-132491.8125
720000.0,891340.7982084504,704350.4,-171340.79820845043,15649.625
435000.0,524549.1386974222,434717.22,-89549.13869742223,282.78125
500000.0,633927.7215996877,509296.25,-133927.7215996877,-9296.25
2375000.0,2814530.9028574126,2.3638805e+06,-439530.9028574126,11119.5
1625000.0,1754937.2364680164,1.5611662e+06,-129937.2364680164,63833.75
615000.0,932447.780514715,616963.75,-317447.780514715,-1963.75
2462500.0,2430426.907283835,2.479058e+06,32073.092716164887,-16558.0
690000.0,866615.0576510136,665885.5,-176615.0576510136,24114.5
669000.0,757983.7475756132,666532.94,-88983.7475756132,2467.0625
630000.0,667022.8312445278,647462.3,-37022.83124452783,-17462.3125
1750000.0,1779486.334972764,1.7337668e+06,-29486.3349727639,16233.25
1212000.0,977665.7851424427,945943.5,234334.21485755732,266056.5
495200.0,404351.98202359036,488388.88,90848.01797640964,6811.125
930000.0,946362.8195035919,973756.44,-16362.819503591862,-43756.4375
825000.0,845584.5912827409,802056.4,-20584.591282740934,22943.625
460000.0,523497.10828811256,465324.88,-63497.10828811256,-5324.875
799000.0,1474927.1912266319,765993.44,-675927.1912266319,33006.5625
630000.0,807883.1976599379,613057.0,-177883.1976599379,16943.0
3300000.0,3178796.618808448,3.4000758e+06,121203.38119155215,-100075.75
2690000.0,2926875.211987472,2.5519382e+06,-236875.21198747214,138061.75
1770000.0,1639287.775050242,1.7089298e+06,130712.22494975803,61070.25
1700000.0,1501790.6674896346,1.6618561e+06,198209.3325103654,38143.875
475000.0,771836.3719139278,479518.88,-296836.37191392784,-4518.875
483000.0,460646.8782730482,476016.44,22353.121726951795,6983.5625
1138000.0,1020720.3015652141,1.0988229e+06,117279.69843478594,39177.125
1350000.0,1336350.1995025342,1.2479994e+06,13649.800497465767,102000.625
870000.0,903388.0905732703,864333.3,-33388.09057327034,5666.6875
550000.0,604303.1683175748,595674.9,-54303.168317574775,-45674.875
1875000.0,2146599.8760935143,2.0421424e+06,-271599.87609351426,-167142.375
3260000.0,3325463.7680027396,3.2036025e+06,-65463.76800273964,56397.5
685000.0,744323.4475234002,687043.3,-59323.44752340019,-2043.3125
1299000.0,1159455.8110493813,1.1967764e+06,139544.18895061873,102223.625
860000.0,1016514.3335892191,878517.5,-156514.33358921914,-18517.5
2900000.0,2889639.6178754186,3.08392e+06,10360.382124581374,-183920.0
1050000.0,1080723.9923855576,1.0443287e+06,-30723.99238555762,5671.3125
4088899.0,4361033.736287365,3.7818e+06,-272134.73628736474,307099.0
1050000.0,1135325.4314788743,1.0600079e+06,-85325.43147887429,-10007.875
815000.0,806242.5180460396,769785.4,8757.481953960378,45214.625
2200000.0,2124770.7239196594,1.989803e+06,75229.27608034061,210197.0
2600000.0,3077716.577137674,2.5414318e+06,-477716.5771376742,58568.25
600000.0,737565.8239374678,610173.25,-137565.82393746777,-10173.25
365000.0,543617.8576753021,367483.7,-178617.85767530208,-2483.6875
610000.0,667929.8162217984,603515.0,-57929.81622179842,6485.0
917000.0,1020033.8601330756,908291.94,-103033.86013307562,8708.0625
989000.0,850713.9707202661,980428.3,138286.0292797339,8571.6875
730000.0,882158.6698040175,709277.1,-152158.66980401753,20722.875
705000.0,637370.0740087938,704371.2,67629.9259912062,628.8125
2750000.0,2330656.222186613,2.5362408e+06,419343.7778133871,213759.25
1370000.0,1308539.5214082005,1.3044865e+06,61460.4785917995,65513.5
647067.0,677836.2946356449,668887.1,-30769.29463564488,-21820.125
730000.0,932072.7209791446,739789.25,-202072.72097914456,-9789.25
2155000.0,2257744.248620965,2.1105205e+06,-102744.24862096505,44479.5
465000.0,398502.55856581824,483534.75,66497.44143418176,-18534.75
750000.0,983046.9252343129,829387.3,-233046.9252343129,-79387.3125
911310.0,1080809.463318862,908955.7,-169499.46331886202,2354.3125
455000.0,592164.9335513635,444991.06,-137164.93355136353,10008.9375
545000.0,596961.4339778249,564167.8,-51961.43397782487,-19167.8125
3406875.0,3769919.3727675527,3.2553465e+06,-363044.37276755273,151528.5
545000.0,448235.85820657364,533280.56,96764.14179342636,11719.4375
1095000.0,1119928.734334232,1.0909176e+06,-24928.734334232053,4082.375
229000.0,271352.4599946586,234631.12,-42352.459994658595,-5631.125
1795000.0,1884552.4391543847,1.7683586e+06,-89552.43915438466,26641.375
1077000.0,1133655.1950301696,934737.5,-56655.19503016956,142262.5
229000.0,261770.39359506965,230252.52,-32770.39359506965,-1252.515625
715000.0,802848.3976521154,729554.5,-87848.39765211544,-14554.5
755000.0,816878.6746150894,762204.2,-61878.67461508943,-7204.1875
3410000.0,4057702.918732058,3.795856e+06,-647702.9187320578,-385856.0
725000.0,690827.8367978365,691966.5,34172.16320216353,33033.5
139000.0,911993.6091066031,128987.305,-772993.6091066031,10012.6953125
585000.0,637015.7517167549,593350.3,-52015.751716754865,-8350.3125
475000.0,506881.8237610236,476162.62,-31881.82376102358,-1162.625
1900000.0,1965176.9604558959,1.889498e+06,-65176.96045589587,10502.0
560000.0,716927.9250089561,544189.25,-156927.9250089561,15810.75
312000.0,206906.2688644803,310771.16,105093.73113551969,1228.84375
1412000.0,1652249.8226485336,1.4762722e+06,-240249.82264853362,-64272.25
382000.0,969464.4964707729,389709.88,-587464.4964707729,-7709.875
425000.0,426222.03249387513,409786.97,-1222.0324938751291,15213.03125
2575000.0,2548621.64596055,2.573158e+06,26378.354039450176,1842.0
2720000.0,2531539.3596109515,2.7900432e+06,188460.6403890485,-70043.25
785000.0,837753.662027417,795116.0,-52753.66202741698,-10116.0
2675000.0,2366578.894446442,2.6154172e+06,308421.1055535581,59582.75
1360000.0,1906175.0713261408,1.369708e+06,-546175.0713261408,-9708.0
650000.0,812414.8170367177,676566.5,-162414.81703671766,-26566.5
875000.0,1440596.4420579742,872644.0,-565596.4420579742,2356.0
495121.0,495048.39453075663,508377.16,72.60546924336813,-13256.15625
1560000.0,2121964.0319181876,1.520761e+06,-561964.0319181876,39239.0
843000.0,935683.7343459346,838048.2,-92683.73434593459,4951.8125
830000.0,1040261.8123325245,858080.7,-210261.81233252445,-28080.6875
781000.0,756048.2157418816,735549.3,24951.784258118365,45450.6875
690000.0,636136.8468934613,666405.1,53863.153106538695,23594.875
334500.0,568713.0537105376,325801.9,-234213.0537105376,8698.09375
4100000.0,3800304.452036468,4.187952e+06,299695.54796353215,-87952.0
790000.0,789255.9190436064,738988.25,744.08095639362,51011.75
1199000.0,1192781.5511360182,1.2065114e+06,6218.448863981757,-7511.375
1016000.0,782069.9509303058,972114.1,233930.04906969424,43885.875
1380000.0,1499049.7845513918,1.384258e+06,-119049.78455139184,-4258.0
860000.0,857667.0559563506,921797.75,2332.9440436493605,-61797.75
535000.0,546505.6108902564,537743.06,-11505.610890256357,-2743.0625
680000.0,712039.2640914475,702234.25,-32039.26409144746,-22234.25
815000.0,863639.0252544843,804376.6,-48639.025254484266,10623.375
890000.0,879175.9285050309,878872.0,10824.071494969074,11128.0
2800000.0,2741693.3627389213,2.7135778e+06,58306.63726107869,86422.25
1010000.0,1572605.2966852786,998718.25,-562605.2966852786,11281.75
610000.0,721692.4030447409,606619.44,-111692.4030447409,3380.5625
1775000.0,2177075.237379863,1.736517e+06,-402075.2373798629,38483.0
1290000.0,1370207.646635174,1.2697009e+06,-80207.64663517405,20299.125
560000.0,569862.9750823565,558828.5,-9862.975082356483,1171.5
780000.0,724522.7314457154,755314.0,55477.26855428459,24686.0
495000.0,401918.72774795804,541896.0,93081.27225204196,-46896.0
2100000.0,2110755.8348576003,2.102521e+06,-10755.834857600275,-2521.0
1400000.0,1394536.2132900471,1.5121808e+06,5463.786709952867,-112180.75
870000.0,887324.0800426363,817266.6,-17324.080042636255,52733.375
2500000.0,2384697.4541305862,2.4541448e+06,115302.54586941376,45855.25
656000.0,850112.5106468942,657208.2,-194112.51064689422,-1208.1875
1360000.0,1394739.8525828617,1.3276285e+06,-34739.85258286167,32371.5
1300000.0,1443662.037380837,1.277512e+06,-143662.0373808369,22488.0
710000.0,658759.7508658913,697385.7,51240.24913410866,12614.3125
1460000.0,1491527.9984057532,1.416243e+06,-31527.99840575317,43757.0
450000.0,820023.2713060784,629727.2,-370023.2713060784,-179727.1875
1500000.0,1527014.3359034786,1.4968855e+06,-27014.335903478554,3114.5
1480000.0,1485926.7507839468,1.5242821e+06,-5926.750783946831,-44282.125
735000.0,680988.8796889959,756486.2,54011.12031100411,-21486.1875
675000.0,643881.3892503581,678341.94,31118.6107496419,-3341.9375
3600000.0,4109183.985053724,4.264724e+06,-509183.98505372414,-664724.0
3000000.0,3029448.1089810403,3.328822e+06,-29448.108981040306,-328822.0
850000.0,953811.6209360484,861899.3,-103811.62093604845,-11899.3125
894000.0,890172.9676912832,888389.3,3827.0323087167926,5610.6875
1050000.0,1585188.3667246127,1.098695e+06,-535188.3667246127,-48695.0
1570000.0,1633829.4190091742,1.5515824e+06,-63829.41900917422,18417.625
1825000.0,1815378.0389384492,1.9514042e+06,9621.96106155077,-126404.25
685000.0,854996.2389069379,673015.5,-169996.23890693788,11984.5
560000.0,464836.20589549944,560686.2,95163.79410450056,-686.1875
1600000.0,1603523.3917743186,1.561004e+06,-3523.3917743186466,38996.0
1327000.0,1981971.652451852,1.4228875e+06,-654971.6524518521,-95887.5
795900.0,763004.7179002834,799536.1,32895.2820997166,-3636.125
3200000.0,2963517.9263010225,3.1112718e+06,236482.07369897747,88728.25
800000.0,882790.5681034997,803158.6,-82790.56810349971,-3158.625
2422000.0,2292603.921115368,2.2841898e+06,129396.07888463186,137810.25
610000.0,567009.6200176978,599416.6,42990.3799823022,10583.375
475000.0,413195.21741532197,485250.0,61804.78258467803,-10250.0
404500.0,394672.244137331,407501.7,9827.755862668972,-3001.6875
905000.0,965466.0538733553,860167.5,-60466.05387335527,44832.5
3900000.0,3868654.448473591,4.0127268e+06,31345.55152640911,-112726.75
697000.0,816158.3128941613,716540.25,-119158.31289416132,-19540.25
680000.0,795857.166505589,633183.25,-115857.16650558903,46816.75
1988000.0,1927104.7283586278,1.9438224e+06,60895.27164137224,44177.625
1500000.0,1436700.0022734825,1.4277211e+06,63299.9977265175,72278.875
554000.0,562966.074476478,516981.66,-8966.07447647804,37018.34375
1025000.0,1573496.2350768906,1.0757902e+06,-548496.2350768906,-50790.25
567500.0,517220.77368957875,588350.56,50279.22631042125,-20850.5625
1075000.0,1042220.7551198136,1.0274948e+06,32779.244880186394,47505.1875
695000.0,618399.4856854227,705950.9,76600.51431457733,-10950.875
3515000.0,3441548.6505284426,3.495446e+06,73451.34947155742,19554.0
1725000.0,1633377.959255239,1.7150409e+06,91622.040744761,9959.125
405000.0,447478.7166737291,398002.7,-42478.716673729126,6997.3125
2850000.0,2960289.007419425,2.75094e+06,-110289.00741942506,99060.0
375000.0,492211.26833485696,378343.44,-117211.26833485696,-3343.4375
1025000.0,1109430.736563353,1.0054509e+06,-84430.7365633531,19549.125
1175000.0,1788289.6219305717,1.1743418e+06,-613289.6219305717,658.25
405000.0,514392.74234766315,399776.53,-109392.74234766315,5223.46875
575000.0,645506.9596146465,571840.75,-70506.9596146465,3159.25
1450000.0,1370687.3698751098,1.3137188e+06,79312.63012489025,136281.25
540000.0,631456.6646077167,540876.3,-91456.66460771672,-876.3125
1315000.0,1781280.4715271974,1.2600904e+06,-466280.4715271974,54909.625
2700000.0,2807906.535246695,2.7546208e+06,-107906.53524669493,-54620.75
880000.0,1379082.3342229663,929563.7,-499082.33422296634,-49563.6875
600000.0,660167.8928436554,615331.44,-60167.89284365543,-15331.4375
465000.0,418310.80464000977,426037.12,46689.19535999023,38962.875
1555000.0,1604798.640287885,1.4675845e+06,-49798.64028788498,87415.5
735000.0,825276.2518424259,715395.2,-90276.2518424259,19604.8125
520000.0,1265592.2956194666,542728.2,-745592.2956194666,-22728.1875
520000.0,533076.5201546196,519534.44,-13076.52015461959,465.5625
1490000.0,1466744.100051655,1.5224358e+06,23255.89994834503,-32435.75
699000.0,601964.1554139392,710583.1,97035.84458606085,-11583.125
560000.0,593674.0447022963,604033.2,-33674.04470229626,-44033.1875
1025000.0,1379127.2777483622,1.0478253e+06,-354127.27774836216,-22825.3125
780000.0,1234754.0270292328,815931.0,-454754.0270292328,-35931.0
824000.0,1376742.0285776607,851606.9,-552742.0285776607,-27606.875
1200000.0,1350178.1512690787,1.2196325e+06,-150178.15126907872,-19632.5
1757500.0,1888043.5154469782,1.766823e+06,-130543.51544697816,-9323.0
1400000.0,1523739.6881375303,1.4876975e+06,-123739.68813753035,-87697.5
1225000.0,1096750.824318927,1.2426561e+06,128249.17568107299,-17656.125
990000.0,839972.6712341683,954170.4,150027.32876583165,35829.625
2300000.0,2228205.274857211,2.2617698e+06,71794.72514278907,38230.25
2110000.0,1997004.3709227121,2.2075392e+06,112995.62907728786,-97539.25
1150000.0,1164531.5442448645,1.120085e+06,-14531.54424486449,29915.0
949900.0,1439626.0873556603,1.234414e+06,-489726.0873556603,-284514.0
830000.0,1326636.053054266,786818.5,-496636.0530542659,43181.5
454268.0,385842.53716776986,437948.8,68425.46283223014,16319.1875
630000.0,825813.7973777219,630253.5,-195813.79737772187,-253.5
505098.0,462363.1089188168,484682.03,42734.89108118322,20415.96875
950000.0,923155.3591042322,893036.6,26844.640895767836,56963.375
445463.0,517058.4675576864,443646.53,-71595.46755768638,1816.46875
589888.0,1036444.5435839917,587239.5,-446556.5435839917,2648.5
563290.0,723786.4582578881,568079.3,-160496.4582578881,-4789.3125
540000.0,903636.3885971409,536556.1,-363636.3885971409,3443.875
1443000.0,1531126.244836803,1.4544288e+06,-88126.24483680306,-11428.75
2710000.0,2674508.517564831,2.649722e+06,35491.482435169164,60278.0
6675000.0,6595644.710498914,6.065622e+06,79355.28950108588,609378.0
775000.0,922642.8030571269,771588.25,-147642.80305712693,3411.75
495000.0,499729.2898866591,483694.34,-4729.289886659128,11305.65625
2340240.0,2358861.4752354827,2.237424e+06,-18621.475235482678,102816.0
3800000.0,3915489.913604149,3.7077622e+06,-115489.91360414913,92237.75
1226000.0,1192268.6035328135,1.2394168e+06,33731.39646718651,-13416.75
534890.0,487048.2503077934,536386.25,47841.74969220662,-1496.25
900000.0,939453.943465384,886236.5,-39453.943465383956,13763.5
638000.0,795482.867676205,673980.9,-157482.867676205,-35980.875
567000.0,758776.7305251746,572652.25,-191776.73052517464,-5652.25
930000.0,1175552.7516675438,941665.44,-245552.75166754378,-11665.4375
1750000.0,1698949.922299658,1.652653e+06,51050.07770034205,97347.0
1350000.0,1377293.0393977168,1.4293341e+06,-27293.039397716755,-79334.125
720000.0,602228.6143764036,727250.3,117771.38562359638,-7250.3125
910000.0,1096434.604628378,906532.6,-186434.60462837806,3467.375
1180000.0,1295425.6403903554,1.1890312e+06,-115425.64039035537,-9031.25
610000.0,656532.5466086837,599346.3,-46532.54660868365,10653.6875
965000.0,1167419.1574624674,958046.5,-202419.15746246744,6953.5
830000.0,863749.442943477,922576.1,-33749.442943476955,-92576.125
548000.0,606249.6160639809,558869.0,-58249.61606398085,-10869.0
700000.0,813708.1409848689,709445.56,-113708.14098486886,-9445.5625
2342000.0,2499044.496377745,2.4254582e+06,-157044.49637774518,-83458.25
765000.0,975830.8325075771,756281.3,-210830.83250757714,8718.6875
1180000.0,1145314.298208374,1.083123e+06,34685.701791625936,96877.0
640000.0,638296.5145741797,589925.44,1703.4854258203413,50074.5625
1663000.0,1668283.8820609536,1.622624e+06,-5283.882060953649,40376.0
1075000.0,1612949.3678337883,1.0762695e+06,-537949.3678337883,-1269.5
539900.0,453496.52194011,533122.9,86403.47805988998,6777.125
858500.0,819559.9549078776,837959.5,38940.0450921224,20540.5
645000.0,761092.0088385006,650717.1,-116092.0088385006,-5717.125
784000.0,756032.6264621924,786759.25,27967.37353780761,-2759.25
835000.0,1455969.6232448923,845854.4,-620969.6232448923,-10854.375
554940.0,495637.88134331803,543410.8,59302.11865668197,11529.1875
950000.0,923831.5088879976,964440.56,26168.491112002404,-14440.5625
1150000.0,1372952.0833894864,1.1367585e+06,-222952.08338948642,13241.5
1103000.0,1218419.951194118,1.1573741e+06,-115419.95119411801,-54374.125
760000.0,790899.114818471,752841.6,-30899.11481847102,7158.375
1710000.0,1660349.6895036867,1.7063518e+06,49650.310496313265,3648.25
503187.0,533200.5411943578,509576.6,-30013.541194357793,-6389.59375
503187.0,533200.5411943578,509576.6,-30013.541194357793,-6389.59375
720000.0,754525.4028740409,738347.2,-34525.40287404088,-18347.1875
1420000.0,1340990.891944002,1.3676248e+06,79009.1080559981,52375.25
540000.0,553473.3962158272,562696.06,-13473.396215827204,-22696.0625
714150.0,710162.2958267443,685158.25,3987.704173255712,28991.75
1450000.0,1397931.52891614,1.4616106e+06,52068.47108385991,-11610.625
905000.0,980505.7372443164,878632.25,-75505.73724431638,26367.75
895000.0,913516.0763135888,868156.6,-18516.07631358877,26843.375
1400000.0,1535413.8572498169,1.4147568e+06,-135413.85724981688,-14756.75
1250000.0,1255064.5673092995,1.187541e+06,-5064.567309299484,62459.0
1825000.0,1821264.5493133673,1.7418661e+06,3735.4506866326556,83133.875
907000.0,906102.4241171756,900970.9,897.5758828243706,6029.125
455000.0,384194.92038809275,478638.94,70805.07961190725,-23638.9375
895000.0,1604202.8386427744,950202.06,-709202.8386427744,-55202.0625
1125000.0,2406819.2380817113,1.2898089e+06,-1281819.2380817113,-164808.875
1400000.0,1353402.4840106654,1.3988399e+06,46597.515989334555,1160.125
920000.0,1634142.0651606482,902894.2,-714142.0651606482,17105.8125
2155000.0,2009522.1495210952,2.1293102e+06,145477.8504789048,25689.75
630000.0,763038.0336510127,645983.94,-133038.0336510127,-15983.9375
1430000.0,1486893.323734743,1.4513832e+06,-56893.323734743055,-21383.25
600000.0,1102190.1499366397,639254.25,-502190.1499366397,-39254.25
2000000.0,2025871.2246416244,2.1133242e+06,-25871.224641624372,-113324.25
490000.0,453789.3633495694,471265.03,36210.63665043062,18734.96875
580000.0,704574.0651047092,587050.8,-124574.06510470924,-7050.8125
660000.0,829590.2336276302,653746.94,-169590.23362763016,6253.0625
2845000.0,2543202.445890126,2.7736082e+06,301797.5541098742,71391.75
1575000.0,1199878.5239338353,1.3079732e+06,375121.4760661647,267026.75
516500.0,562334.0075939653,528535.4,-45834.007593965274,-12035.375
815000.0,1355384.1478127614,828236.44,-540384.1478127614,-13236.4375
955000.0,1051323.865553979,967981.7,-96323.86555397906,-12981.6875
1240000.0,1754698.8216373986,1.205044e+06,-514698.82163739856,34956.0
409000.0,331135.298106713,409738.9,77864.70189328701,-738.90625
679900.0,848390.4905133892,659332.0,-168490.49051338923,20568.0
855000.0,874905.1720444506,830957.25,-19905.17204445065,24042.75
780000.0,833243.668943639,788348.5,-53243.66894363903,-8348.5
890000.0,918638.5150710216,902268.4,-28638.515071021626,-12268.375
755000.0,836536.5878116537,817587.0,-81536.58781165374,-62587.0
1850000.0,1834197.649619211,1.8371754e+06,15802.350380789023,12824.625
2350000.0,2308750.150654154,2.3599118e+06,41249.8493458461,-9911.75
2015000.0,2128727.6055811215,2.0867002e+06,-113727.60558112152,-71700.25
1268000.0,1366711.554545602,1.2652478e+06,-98711.55454560206,2752.25
475000.0,1005986.0727404237,477177.72,-530986.0727404237,-2177.71875
1190000.0,1164526.3394488974,1.20404e+06,25473.6605511026,-14040.0
440000.0,751310.2055568735,546214.94,-311310.20555687346,-106214.9375
900000.0,826461.7067892606,864560.0,73538.29321073939,35440.0
750000.0,674302.4262922456,750072.5,75697.57370775437,-72.5
868500.0,1383515.6575896603,859401.7,-515015.65758966026,9098.3125
1175000.0,1430170.4171452723,1.2964325e+06,-255170.41714527225,-121432.5
4017892.0,4118739.7406293163,4.0536515e+06,-100847.74062931631,-35759.5
2000000.0,1673174.417225137,1.8086478e+06,326825.5827748631,191352.25
455000.0,507688.17059080664,452329.4,-52688.170590806636,2670.59375
1200000.0,903674.1030270925,1.0194735e+06,296325.8969729075,180526.5
435000.0,335029.0282403509,442688.4,99970.97175964911,-7688.40625
1625000.0,1646017.9163271356,1.7836121e+06,-21017.916327135637,-158612.125
910000.0,1529202.8677601337,903255.9,-619202.8677601337,6744.125
1112500.0,970828.6273898939,1.0376642e+06,141671.37261010613,74835.8125
2000000.0,2192193.6164118377,2.0003228e+06,-192193.61641183775,-322.75
1405000.0,1390815.821557387,1.3616746e+06,14184.178442612989,43325.375
1220000.0,1262310.1864367146,1.2835998e+06,-42310.186436714604,-63599.75
1200000.0,1297531.6745104878,1.3004868e+06,-97531.67451048782,-100486.75
1007000.0,1048010.6319405162,1.0561624e+06,-41010.63194051618,-49162.375
455000.0,585731.0615109768,461017.3,-130731.06151097675,-6017.3125
1650000.0,1701601.77491342,1.7434332e+06,-51601.77491341997,-93433.25
475000.0,1090455.9640174475,464878.66,-615455.9640174475,10121.34375
610000.0,529926.3253257923,598885.2,80073.6746742077,11114.8125
600000.0,637235.3989304915,632329.4,-37235.39893049153,-32329.375
470000.0,521399.31534557126,458893.8,-51399.31534557126,11106.1875
1450000.0,1396294.246074101,1.455736e+06,53705.753925899044,-5736.0
920000.0,1310878.5973237574,895008.7,-390878.59732375736,24991.3125
615000.0,546953.6272362147,645940.2,68046.3727637853,-30940.1875
1513800.0,1431536.6973426123,1.4576559e+06,82263.30265738769,56144.125
595000.0,719454.1114754642,605818.1,-124454.11147546419,-10818.125
875000.0,899490.6891916357,875848.06,-24490.689191635698,-848.0625
785000.0,708296.7002940862,781105.75,76703.29970591376,3894.25
1100000.0,1195656.8001007366,1.1427051e+06,-95656.80010073655,-42705.125
580000.0,551213.0217788622,591459.4,28786.978221137775,-11459.375
2400000.0,2417224.1693508527,2.5868112e+06,-17224.169350852724,-186811.25
708990.0,906682.247164487,725489.44,-197692.24716448702,-16499.4375
1275000.0,1509146.8938494113,1.261135e+06,-234146.89384941128,13865.0
335000.0,988242.8624090293,351734.12,-653242.8624090293,-16734.125
1400000.0,1311242.0204218065,1.4666401e+06,88757.97957819351,-66640.125
1660000.0,1694377.5378229807,1.7586999e+06,-34377.53782298067,-98699.875
780000.0,880529.4988198614,782524.6,-100529.49881986144,-2524.625
290000.0,570706.5298124636,388687.66,-280706.52981246356,-98687.65625
2875000.0,2822092.1740573402,3.082141e+06,52907.82594265975,-207141.0
865000.0,895191.8980594911,837124.8,-30191.898059491068,27875.1875
1081400.0,1039347.1143762779,1.0566359e+06,42052.885623722104,24764.125
680000.0,703860.1194871165,739937.44,-23860.119487116463,-59937.4375
1840000.0,2532291.9494447913,1.85504e+06,-692291.9494447913,-15040.0
1966000.0,2010977.3194737155,1.9766185e+06,-44977.3194737155,-10618.5
3040000.0,3846003.5245907586,3.1331718e+06,-806003.5245907586,-93171.75
1450000.0,1937933.4957316439,1.4037752e+06,-487933.49573164387,46224.75
512500.0,353323.7845983878,493951.75,159176.21540161222,18548.25
895000.0,917901.8802582966,889684.8,-22901.880258296616,5315.1875
345000.0,215123.94341957814,359880.97,129876.05658042186,-14880.96875
995000.0,993022.1255190842,998450.7,1977.874480915838,-3450.6875
989000.0,1474522.7662640333,992995.25,-485522.7662640333,-3995.25
569900.0,1509745.8035367047,608281.5,-939845.8035367047,-38381.5
850000.0,764225.4041505968,869428.4,85774.59584940318,-19428.375
820000.0,796330.8566707356,870942.94,23669.143329264363,-50942.9375
1350000.0,1311809.1210327055,1.304734e+06,38190.87896729447,45266.0
1600000.0,1394162.760270739,1.3942145e+06,205837.23972926103,205785.5
1325000.0,1222914.3048511182,1.2796885e+06,102085.69514888176,45311.5
725000.0,884273.3756905872,740179.5,-159273.3756905872,-15179.5
760000.0,698988.297209382,748944.5,61011.70279061794,11055.5
1630000.0,1710000.4476764197,1.661227e+06,-80000.44767641975,-31227.0
650000.0,556866.9691620436,657403.75,93133.03083795635,-7403.75
1250000.0,1153018.2045413821,1.2246571e+06,96981.79545861785,25342.875
685000.0,880762.687081859,685655.6,-195762.68708185898,-655.625
700000.0,669036.5959853331,707452.44,30963.404014666914,-7452.4375
1480000.0,1428669.4980206266,1.33231e+06,51330.501979373395,147690.0
2000000.0,1925902.3792243858,2.007003e+06,74097.62077561417,-7003.0
530000.0,473050.789846255,466146.12,56949.21015374502,63853.875
4600000.0,3524745.998630546,3.596532e+06,1075254.001369454,1003468.0
1730000.0,2255229.035180958,1.7233698e+06,-525229.035180958,6630.25
1455000.0,1334246.8383887461,1.3373e+06,120753.16161125386,117700.0
1855000.0,2235335.3838436673,1.747765e+06,-380335.38384366734,107235.0
2000000.0,2758149.4408627814,2.0304324e+06,-758149.4408627814,-30432.375
735000.0,801178.2976786518,757331.44,-66178.29767865175,-22331.4375
655000.0,625484.017723881,630649.1,29515.982276118943,24350.875
1480000.0,1444646.0718301728,1.4142455e+06,35353.92816982721,65754.5
1750000.0,1676670.092206172,1.7853139e+06,73329.90779382805,-35313.875
905000.0,849139.7307276318,1.0112592e+06,55860.26927236817,-106259.1875
2275000.0,1926190.1591695156,2.0306494e+06,348809.8408304844,244350.625
610000.0,573637.9150328594,579825.94,36362.084967140574,30174.0625
1757000.0,1654535.041612086,1.8726299e+06,102464.95838791411,-115629.875
878000.0,1072330.3822008818,662451.9,-194330.38220088184,215548.125
2550000.0,2083768.5532507808,2.0227018e+06,466231.4467492192,527298.25
350000.0,1048675.1939911796,355673.3,-698675.1939911796,-5673.3125
635000.0,651573.0206761638,617913.0,-16573.02067616384,17087.0
1315000.0,1287111.4212886665,1.2896688e+06,27888.57871133345,25331.25
1100000.0,1147101.1581988141,1.1093321e+06,-47101.15819881414,-9332.125
4825000.0,4681807.998112151,4.82713e+06,143192.0018878486,-2130.0
795000.0,984989.0288790977,786023.5,-189989.02887909766,8976.5
510000.0,560450.885186697,514082.88,-50450.88518669701,-4082.875
5170000.0,5310442.243590982,5.1488085e+06,-140442.2435909817,21191.5
600000.0,841834.8343501935,642160.94,-241834.8343501935,-42160.9375
360000.0,485171.30050228373,361772.56,-125171.30050228373,-1772.5625
470000.0,349079.1769553552,461906.72,120920.82304464479,8093.28125
1650000.0,1794628.755607645,1.410423e+06,-144628.75560764503,239577.0
1025000.0,1132877.3308378153,1.1401688e+06,-107877.3308378153,-115168.75
899000.0,809332.335860997,868756.25,89667.66413900303,30243.75
868500.0,1472259.166243529,862777.6,-603759.166243529,5722.375
1100000.0,1156400.0839160003,1.1053561e+06,-56400.08391600032,-5356.125
1015000.0,1017728.6931865124,981248.7,-2728.6931865124498,33751.3125
3300000.0,3110679.732666063,3.367589e+06,189320.26733393688,-67589.0
1331000.0,1659124.0890046577,1.3199665e+06,-328124.0890046577,11033.5
550000.0,703586.8646891386,599473.2,-153586.8646891386,-49473.1875
2150000.0,2128720.725820262,2.177927e+06,21279.274179738015,-27927.0
2028000.0,1941102.528637763,1.9888791e+06,86897.47136223689,39120.875
850000.0,1366829.8487673847,829939.56,-516829.84876738465,20060.4375
885000.0,1481998.6739962995,870069.56,-596998.6739962995,14930.4375
1116000.0,997761.4637889147,933167.2,118238.53621108527,182832.8125
1400000.0,1361980.9298023013,1.3899715e+06,38019.07019769866,10028.5
770000.0,1288222.7900686692,760383.3,-518222.79006866924,9616.6875
930000.0,867419.4240251794,907057.5,62580.57597482065,22942.5
720000.0,609709.0345045653,720969.0,110290.9654954347,-969.0
1060000.0,1588617.1558916715,1.091262e+06,-528617.1558916715,-31262.0
730000.0,759783.2201147125,690901.56,-29783.220114712487,39098.4375
1920000.0,1774168.840816494,1.8870111e+06,145831.15918350592,32988.875
430000.0,315946.5738052771,410557.97,114053.42619472288,19442.03125
1125000.0,1282757.8640563837,1.1903621e+06,-157757.86405638373,-65362.125
725000.0,893987.0492721137,739242.0,-168987.0492721137,-14242.0
445000.0,358520.93586795765,452531.3,86479.06413204235,-7531.3125
572000.0,505044.4634130179,573649.25,66955.53658698208,-1649.25
620000.0,794950.6310467803,619550.44,-174950.63104678027,449.5625
1829000.0,1819529.1827433547,1.8560929e+06,9470.8172566453,-27092.875
520000.0,406806.7259089687,535547.0,113193.27409103129,-15547.0
1490000.0,1549467.9706670728,1.47307e+06,-59467.970667072805,16930.0
1625000.0,1446679.264912807,1.4826382e+06,178320.73508719308,142361.75
1475000.0,1476467.6029219138,1.571635e+06,-1467.6029219138436,-96635.0
666780.0,801077.8957188276,633131.9,-134297.8957188276,33648.125
1500000.0,2007292.1181790528,1.4482295e+06,-507292.11817905284,51770.5
1424000.0,1435091.5335878304,1.4251908e+06,-11091.533587830374,-1190.75
1300000.0,1437180.759017793,1.3655681e+06,-137180.759017793,-65568.125
1025131.0,1051334.8855056437,1.02336306e+06,-26203.885505643673,1767.9375
750000.0,807486.1295200551,800749.44,-57486.12952005514,-50749.4375
605000.0,572239.1490849762,587757.25,32760.850915023824,17242.75
775000.0,844968.7188086698,802432.75,-69968.71880866983,-27432.75
1087415.0,1039810.8906826242,1.1010771e+06,47604.10931737581,-13662.125
500000.0,403599.2740495147,476901.6,96400.72595048533,23098.40625
736000.0,1438413.6173707373,711125.5,-702413.6173707373,24874.5
1650000.0,1781474.1815457866,1.6271752e+06,-131474.18154578656,22824.75
489000.0,562743.9995447411,485244.9,-73743.99954474112,3755.09375
835000.0,884976.0323273658,850209.5,-49976.03232736583,-15209.5
810000.0,766434.6947187184,825889.94,43565.30528128159,-15889.9375
535000.0,871597.7423047366,527097.75,-336597.74230473663,7902.25
622000.0,507995.57913967303,660749.5,114004.42086032697,-38749.5
492500.0,403879.72263188637,498455.8,88620.27736811363,-5955.8125
1700000.0,2237223.067325313,1.73768e+06,-537223.0673253131,-37680.0
6700000.0,6737018.5890587205,5.8539775e+06,-37018.58905872051,846022.5
1395000.0,1860069.4103467055,1.3979078e+06,-465069.41034670547,-2907.75
760000.0,1495048.035880259,796579.4,-735048.035880259,-36579.375
1155000.0,1642461.2772208478,1.2002911e+06,-487461.2772208478,-45291.125
315000.0,298459.2818594432,314457.53,16540.718140556826,542.46875
1350000.0,1323605.5848131014,1.2619736e+06,26394.41518689855,88026.375
580000.0,768591.1072417421,566900.6,-188591.10724174208,13099.375
1125000.0,1900362.8282259405,1.1556679e+06,-775362.8282259405,-30667.875
224900.0,283506.17027874605,203614.28,-58606.17027874605,21285.71875
875000.0,1004485.7834566733,860810.06,-129485.78345667326,14189.9375
758000.0,733393.084559202,765123.9,24606.91544079804,-7123.875
4860000.0,4527186.147187363,5.01172e+06,332813.85281263664,-151720.0
825000.0,781869.2918835154,875501.5,43130.70811648457,-50501.5
1020000.0,1206887.587970865,1.0416977e+06,-186887.58797086496,-21697.6875
876000.0,1433297.0605412568,910495.6,-557297.0605412568,-34495.625
760000.0,802594.9618337796,799389.75,-42594.961833779584,-39389.75
520000.0,632235.4172935031,453263.88,-112235.41729350307,66736.125
2794000.0,3116519.315182778,2.686902e+06,-322519.31518277805,107098.0
2800000.0,2591750.990676745,2.755903e+06,208249.00932325516,44097.0
913000.0,943261.4853960699,930205.75,-30261.48539606994,-17205.75
2600000.0,2678659.4101837706,2.4955748e+06,-78659.41018377058,104425.25
1525000.0,1626273.4601736837,1.4897705e+06,-101273.4601736837,35229.5
525000.0,594734.2551228462,514115.25,-69734.25512284623,10884.75
703240.0,842455.1608952713,732866.9,-139215.16089527134,-29626.875
780000.0,831230.2683989878,818549.75,-51230.26839898783,-38549.75
2390000.0,2199638.7438154463,2.3399218e+06,190361.25618455373,50078.25
853000.0,843782.5955563269,855980.2,9217.404443673091,-2980.1875
470000.0,554127.9961604187,436567.7,-84127.99616041873,33432.3125
240000.0,270955.0528625366,236491.0,-30955.052862536628,3509.0
880000.0,867971.1933826441,882472.5,12028.806617355905,-2472.5
7300000.0,7848332.354490964,8.0174415e+06,-548332.3544909637,-717441.5
900000.0,1338862.9989208127,870826.6,-438862.99892081274,29173.375
795000.0,888522.0918853562,808788.06,-93522.09188535623,-13788.0625
800000.0,876412.9449892864,896890.2,-76412.94498928636,-96890.1875
1235000.0,1186047.5032742475,1.2909485e+06,48952.496725752484,-55948.5
480000.0,697172.3576118293,485015.88,-217172.3576118293,-5015.875
1800000.0,1984177.4732003473,1.9151741e+06,-184177.47320034727,-115174.125
589000.0,584437.1591165505,561981.7,4562.840883449535,27018.3125
840000.0,1102986.2847143097,827987.7,-262986.28471430973,12012.3125
850000.0,906616.1152042072,854046.9,-56616.11520420725,-4046.875
863000.0,892043.9776367897,859191.9,-29043.97763678967,3808.125
1100000.0,1127885.7230291322,1.1248904e+06,-27885.723029132234,-24890.375
1355000.0,1653083.828111849,1.3346945e+06,-298083.828111849,20305.5
2250000.0,2585189.836238199,2.2859528e+06,-335189.8362381989,-35952.75
3250000.0,3377464.047021778,3.2057695e+06,-127464.04702177783,44230.5
3250000.0,2059550.9149561739,2.0995995e+06,1190449.0850438261,1150400.5
875000.0,895218.0278084823,855505.2,-20218.027808482293,19494.8125
968000.0,1166312.6874535747,982949.56,-198312.68745357473,-14949.5625
1050000.0,1361252.580795083,1.1371109e+06,-311252.58079508296,-87110.875
590000.0,464578.1247207649,556180.75,125421.87527923507,33819.25
715000.0,947259.2970491269,763130.06,-232259.29704912694,-48130.0625
2150000.0,2351770.6974233724,2.1314068e+06,-201770.69742337242,18593.25
755000.0,717592.8187848618,738107.8,37407.181215138175,16892.1875
600000.0,777249.4734288068,642054.4,-177249.47342880676,-42054.375
1698000.0,2190123.9718443435,1.5978042e+06,-492123.97184434347,100195.75
565000.0,735315.8836005281,555843.5,-170315.88360052812,9156.5
925000.0,879876.9613162568,913288.94,45123.038683743216,11711.0625
2750000.0,3060769.2329285266,3.1006055e+06,-310769.2329285266,-350605.5
930000.0,1603563.57654486,972982.25,-673563.5765448599,-42982.25
1550000.0,1607143.6602763154,1.546213e+06,-57143.66027631541,3787.0
460000.0,398778.23474647047,448588.53,61221.765253529535,11411.46875
319000.0,318013.77267767733,310763.16,986.2273223226657,8236.84375
670000.0,736914.612996408,681171.6,-66914.61299640802,-11171.625
463000.0,570038.8182685525,473296.8,-107038.81826855254,-10296.8125
510000.0,746966.6041926735,539275.5,-236966.60419267346,-29275.5
1400000.0,1486864.284644906,1.3704868e+06,-86864.28464490594,29513.25
1375000.0,1493008.9482770786,1.3564021e+06,-118008.94827707857,18597.875
810000.0,1066158.4083966797,797217.0,-256158.40839667968,12783.0
1301088.0,1465328.0517880628,1.2753549e+06,-164240.0517880628,25733.125
617000.0,556974.6535243015,620284.7,60025.34647569852,-3284.6875
1260000.0,1341836.814043645,1.2315039e+06,-81836.81404364505,28496.125
1450000.0,1364393.2970900708,1.3278032e+06,85606.70290992921,122196.75
449000.0,321235.7606244893,433401.28,127764.23937551072,15598.71875
4436000.0,4081415.5896317465,4.1669965e+06,354584.4103682535,269003.5
765000.0,824130.9279912752,786935.56,-59130.92799127521,-21935.5625
376000.0,470661.2880375255,368256.9,-94661.28803752549,7743.09375
1502000.0,1563195.561275504,1.4632788e+06,-61195.561275504064,38721.25
600000.0,741381.1787406164,615140.75,-141381.17874061642,-15140.75
4950000.0,4523755.248856923,4.7625505e+06,426244.7511430774,187449.5
373390.0,295665.44213773904,369437.44,77724.55786226096,3952.5625
849000.0,809163.0284243857,873650.75,39836.9715756143,-24650.75
3075000.0,2663174.49706816,2.51677e+06,411825.5029318398,558230.0
449000.0,761606.9396686906,465873.25,-312606.93966869055,-16873.25
630000.0,561198.0371551319,613183.25,68801.96284486807,16816.75
324000.0,280658.6927676813,329696.44,43341.30723231868,-5696.4375
1050000.0,1866253.306636834,1.1287784e+06,-816253.306636834,-78778.375
546000.0,539797.6292032341,566739.5,6202.370796765899,-20739.5
2135000.0,2500821.4948781375,2.0511384e+06,-365821.4948781375,83861.625
1200000.0,1231315.3712471668,1.1125169e+06,-31315.371247166768,87483.125
1760000.0,1832211.1807855107,1.7804748e+06,-72211.18078551069,-20474.75
800000.0,1316715.987135934,786353.44,-516715.98713593394,13646.5625
1755000.0,2321061.8159300773,1.71388e+06,-566061.8159300773,41120.0
1070000.0,1097569.281117405,1.1222276e+06,-27569.281117405044,-52227.625
940000.0,1418205.470640613,903889.25,-478205.470640613,36110.75
1425000.0,1396757.1727254447,1.3452204e+06,28242.82727455534,79779.625
3625000.0,3977607.591721641,3.4763835e+06,-352607.5917216409,148616.5
412995.0,494780.6401795137,409144.22,-81785.64017951372,3850.78125
2230000.0,2359641.4736556346,2.265861e+06,-129641.47365563456,-35861.0
279000.0,292572.69298752595,272098.66,-13572.692987525952,6901.34375
870000.0,940614.4806525428,879814.56,-70614.48065254278,-9814.5625
2615000.0,2914818.2454473274,2.5306402e+06,-299818.2454473274,84359.75
385000.0,389271.00333223946,404301.94,-4271.003332239459,-19301.9375
480000.0,643439.9791312531,468229.06,-163439.9791312531,11770.9375
1075000.0,1071123.5195815617,1.0902769e+06,3876.4804184383247,-15276.875
610000.0,587333.8726638672,605700.9,22666.127336132806,4299.125
675000.0,714715.5229817373,722585.9,-39715.522981737275,-47585.875
680000.0,659476.1717668588,679988.4,20523.82823314122,11.625
525000.0,606486.8028797071,508696.75,-81486.80287970707,16303.25
430000.0,427368.2195563419,440951.2,2631.780443658121,-10951.1875
655000.0,1552323.0214808194,595887.4,-897323.0214808194,59112.625
1230000.0,1078594.2508229348,1.1891242e+06,151405.7491770652,40875.75
595000.0,560919.0595435891,599901.56,34080.94045641087,-4901.5625
730000.0,907918.7643499518,706606.25,-177918.76434995176,23393.75
1240000.0,1663222.8540123906,1.2027501e+06,-423222.8540123906,37249.875
2450000.0,2577722.732077067,2.46239e+06,-127722.73207706679,-12390.0
1950000.0,2132709.3647091356,1.930068e+06,-182709.3647091356,19932.0
659888.0,568621.1320535766,651012.56,91266.86794642336,8875.4375
2680000.0,3373625.2219539145,2.8230632e+06,-693625.2219539145,-143063.25
1335000.0,2093003.406819893,1.3247031e+06,-758003.406819893,10296.875
1320000.0,1802804.5724223377,1.3060822e+06,-482804.5724223377,13917.75
1590000.0,1600763.07686857,1.6288055e+06,-10763.076868569944,-38805.5
400000.0,577328.5699740883,413144.75,-177328.56997408834,-13144.75
3025000.0,2984618.4943932192,3.1797908e+06,40381.50560678076,-154790.75
560000.0,463115.0540826826,556895.6,96884.94591731741,3104.375
715000.0,669944.5704528795,694258.9,45055.42954712047,20741.125
515000.0,588184.7953609404,526931.94,-73184.79536094039,-11931.9375
7300000.0,6866317.270903443,6.689872e+06,433682.729096557,610128.0
600000.0,632997.3430648403,586158.0,-32997.3430648403,13842.0
1275000.0,1801173.5244680955,1.2715549e+06,-526173.5244680955,3445.125
848000.0,1375758.410243765,830494.6,-527758.410243765,17505.375
1680000.0,1704819.7016878566,1.6696068e+06,-24819.701687856577,10393.25
435000.0,384464.703872032,424819.94,50535.296127968,10180.0625
450000.0,597139.0535392299,433850.78,-147139.0535392299,16149.21875
710000.0,839376.4491299591,706786.2,-129376.4491299591,3213.8125
2200000.0,2363096.167109245,2.1982912e+06,-163096.16710924497,1708.75
625000.0,1013395.3017439297,585171.6,-388395.30174392974,39828.375
1234000.0,1461315.7399524976,1.2185826e+06,-227315.73995249765,15417.375
1720000.0,2193195.8730265247,1.6752816e+06,-473195.87302652467,44718.375
1100000.0,1060618.013206792,994168.3,39381.986793207936,105831.6875
1470000.0,1607193.3238205276,1.486872e+06,-137193.32382052764,-16872.0
675000.0,793597.1994238696,686612.3,-118597.1994238696,-11612.3125
3810000.0,3432787.205822293,3.5168892e+06,377212.7941777068,293110.75
985000.0,1005107.1953420296,881538.8,-20107.19534202956,103461.1875
400000.0,493540.8241538772,422420.62,-93540.82415387721,-22420.625
562000.0,777427.2178559345,565874.9,-215427.21785593452,-3874.875
1340000.0,1503301.6170901787,1.400833e+06,-163301.61709017865,-60833.0
2940000.0,2870971.229361423,3.1925498e+06,69028.77063857717,-252549.75
1838325.0,2138560.31049697,1.9305025e+06,-300235.3104969701,-92177.5
2250000.0,2189248.643158966,2.1983835e+06,60751.35684103379,51616.5
1690000.0,1577751.8731584027,1.6155244e+06,112248.12684159726,74475.625
530000.0,423178.6736023028,504748.62,106821.32639769721,25251.375
775000.0,745547.2490506785,756224.3,29452.750949321548,18775.6875
765000.0,849526.5365747972,741383.4,-84526.53657479724,23616.625
690000.0,587800.1220241283,692256.25,102199.87797587167,-2256.25
684000.0,883652.1158800044,669662.6,-199652.11588000436,14337.375
540000.0,673946.7064390787,560369.75,-133946.70643907867,-20369.75
955000.0,855904.7050234816,966965.8,99095.29497651837,-11965.8125
480000.0,582908.4498134665,486425.0,-102908.44981346652,-6425.0
1150000.0,1223258.723277315,1.1799075e+06,-73258.72327731503,-29907.5
705000.0,745360.4082093707,749776.4,-40360.40820937068,-44776.375
3365000.0,3165334.1996189677,3.301402e+06,199665.80038103228,63598.0
2950000.0,2793461.4013326345,2.8954285e+06,156538.5986673655,54571.5
865000.0,933942.1736803779,849061.4,-68942.17368037789,15938.625
4000000.0,4201964.879713776,4.3029095e+06,-201964.8797137756,-302909.5
420000.0,499152.97519161575,421322.66,-79152.97519161575,-1322.65625
575000.0,859598.9632625503,589418.2,-284598.9632625503,-14418.1875
275000.0,249948.1560694836,318692.66,25051.843930516392,-43692.65625
1110000.0,1226551.2613227242,1.0179997e+06,-116551.26132272417,92000.3125
275000.0,355447.5860284987,348921.03,-80447.58602849871,-73921.03125
2518000.0,2481367.1759208133,2.6668518e+06,36632.824079186656,-148851.75
3050000.0,2995805.171882715,3.032835e+06,54194.828117284924,17165.0
4150000.0,4525536.475243287,4.3197755e+06,-375536.47524328716,-169775.5
760000.0,1503727.9886253257,716251.25,-743727.9886253257,43748.75
1980000.0,2285298.5661678994,1.9315632e+06,-305298.5661678994,48436.75
930000.0,1138302.5804415194,931663.5,-208302.58044151939,-1663.5
650000.0,623886.2491773996,645912.5,26113.750822600443,4087.5
440000.0,471902.5417815079,438941.88,-31902.541781507898,1058.125
510000.0,545911.3158352325,488988.7,-35911.3158352325,21011.3125
1700000.0,1683661.3755224375,1.7380844e+06,16338.624477562495,-38084.375
950000.0,1029201.1984342895,942459.6,-79201.19843428954,7540.375
1685000.0,1643883.7587668705,1.634295e+06,41116.24123312952,50705.0
935550.0,924309.3108557621,908648.9,11240.689144237898,26901.125
855000.0,976791.0716755355,894304.8,-121791.07167553552,-39304.8125
1572000.0,1619044.0558733065,1.6410638e+06,-47044.05587330647,-69063.75
380000.0,503653.53520852176,369526.56,-123653.53520852176,10473.4375
1595000.0,2056792.8341215877,1.4625852e+06,-461792.8341215877,132414.75
879000.0,1377759.7380590173,860570.4,-498759.73805901734,18429.625
370000.0,382963.5702994893,363304.56,-12963.570299489307,6695.4375
2422824.0,2412831.5801696023,2.458286e+06,9992.419830397703,-35462.0
810870.0,1192172.9461201178,805315.3,-381302.9461201178,5554.6875
707000.0,817941.3151880127,708249.0,-110941.31518801267,-1249.0
2100000.0,1987047.06224598,1.980345e+06,112952.9377540201,119655.0
1450000.0,1824675.1835004962,1.3866945e+06,-374675.1835004962,63305.5
975000.0,1009834.3193523395,977211.56,-34834.31935233949,-2211.5625
700000.0,617784.151398136,708722.6,82215.84860186395,-8722.625
690000.0,851097.5044666125,735980.1,-161097.50446661247,-45980.125
730000.0,804207.1840074765,738079.6,-74207.18400747655,-8079.625
829000.0,1127647.6182867533,844389.1,-298647.6182867533,-15389.125
372000.0,363386.8456879328,378691.4,8613.1543120672,-6691.40625
875000.0,1564112.2974045365,860225.75,-689112.2974045365,14774.25
1455000.0,1372259.143106474,1.4623259e+06,82740.85689352592,-7325.875
1100000.0,1199637.7560615612,1.1371596e+06,-99637.75606156117,-37159.625
1149000.0,1103869.6152523595,1.1276561e+06,45130.38474764046,21343.875
945000.0,968851.589454747,1.0211014e+06,-23851.589454747038,-76101.375
515000.0,712890.0305829828,498276.16,-197890.0305829828,16723.84375
10000000.0,8785836.756878259,8.461906e+06,1214163.2431217413,1538094.0
870000.0,868549.0809640011,850044.1,1450.9190359988715,19955.875
1025000.0,1340271.8684718444,1.1803454e+06,-315271.86847184435,-155345.375
1250000.0,1188630.2829344468,1.097408e+06,61369.71706555318,152592.0
2400000.0,2475526.7573530087,2.4388205e+06,-75526.75735300872,-38820.5
1670000.0,1539965.05092249,1.6073948e+06,130034.94907751004,62605.25
650000.0,893620.3427210636,610424.7,-243620.34272106364,39575.3125
540000.0,570296.7009841063,536901.6,-30296.700984106283,3098.375
1400000.0,1365872.9273025075,1.3090215e+06,34127.07269749255,90978.5
2010000.0,2273556.591110358,1.9974651e+06,-263556.591110358,12534.875
395000.0,1224613.8423677913,532382.1,-829613.8423677913,-137382.125
1120000.0,1416388.7230361372,1.1309788e+06,-296388.7230361372,-10978.75
1245000.0,1898236.65150595,1.314146e+06,-653236.6515059499,-69146.0
1330000.0,1203123.9919437836,1.3774602e+06,126876.00805621641,-47460.25
3150000.0,3131112.9030730985,3.3170682e+06,18887.09692690149,-167068.25
1210000.0,1753319.798222777,1.1763795e+06,-543319.798222777,33620.5
520000.0,720943.7553461563,527798.0,-200943.7553461563,-7798.0
575000.0,600125.4523704093,584491.2,-25125.45237040927,-9491.1875
1320000.0,1294640.6130796685,1.2875034e+06,25359.38692033151,32496.625
849000.0,727988.844043351,845613.25,121011.15595664899,3386.75
724990.0,595277.0267731,725990.5,129712.97322689998,-1000.5
475000.0,460466.771470906,497278.78,14533.22852909402,-22278.78125
2375000.0,2259243.1949077137,2.38141e+06,115756.80509228632,-6410.0
850000.0,1569596.9055303317,849591.06,-719596.9055303317,408.9375
1400000.0,1260547.8279255098,1.4031902e+06,139452.17207449023,-3190.25
1220000.0,1542713.202237671,1.2638754e+06,-322713.202237671,-43875.375
719000.0,675160.3077890963,727797.75,43839.69221090374,-8797.75
989990.0,833777.4016061579,1.01757744e+06,156212.5983938421,-27587.4375
740000.0,837001.9366616651,764246.56,-97001.9366616651,-24246.5625
1200000.0,1810606.6183728785,1.1617665e+06,-610606.6183728785,38233.5
5188000.0,4923962.782250568,5.194479e+06,264037.21774943173,-6479.0
1150000.0,1410848.2834864948,1.0928169e+06,-260848.2834864948,57183.125
275000.0,428514.2013692842,275860.34,-153514.2013692842,-860.34375
5250000.0,5740767.638962323,5.166358e+06,-490767.63896232285,83642.0
1175000.0,1708578.7503324966,1.1423651e+06,-533578.7503324966,32634.875
1170000.0,1237171.9008611056,1.1763492e+06,-67171.90086110565,-6349.25
2525000.0,3028113.933882555,2.4806402e+06,-503113.933882555,44359.75
635000.0,614000.340360359,645323.9,20999.659639640944,-10323.875
4600000.0,4707240.273183386,4.83737e+06,-107240.27318338584,-237370.0
905000.0,880682.2938180792,916355.6,24317.706181920832,-11355.625
1205000.0,1279227.3240596452,1.3042426e+06,-74227.32405964518,-99242.625
975000.0,1866346.79626115,986917.2,-891346.7962611499,-11917.1875
1155000.0,1371812.5737572566,1.110328e+06,-216812.5737572566,44672.0
721330.0,879858.638328001,716566.25,-158528.63832800102,4763.75
500000.0,610318.8604227903,529575.75,-110318.86042279028,-29575.75
820000.0,837786.1608752985,814724.25,-17786.16087529855,5275.75
834000.0,748491.0340056843,813385.0,85508.96599431569,20615.0
620000.0,687100.2912488469,633511.2,-67100.29124884692,-13511.1875
2400000.0,2645676.970525763,2.391068e+06,-245676.970525763,8932.0
1045000.0,1327414.9129730763,1.0125301e+06,-282414.91297307634,32469.875
340000.0,307673.64415737137,347911.9,32326.355842628633,-7911.90625
1500000.0,1453129.171766329,1.4731164e+06,46870.82823367091,26883.625
1631100.0,1622953.6735030776,1.6382632e+06,8146.326496922411,-7163.25
1400000.0,1638324.5091925934,1.5710416e+06,-238324.5091925934,-171041.625
1995000.0,1959897.8280103244,2.112373e+06,35102.17198967561,-117373.0
1070000.0,990737.0758288326,1.04359194e+06,79262.92417116743,26408.0625
950000.0,1222630.6010924987,938554.4,-272630.60109249875,11445.625
1225000.0,1320253.8555390094,1.2397762e+06,-95253.85553900944,-14776.25
700000.0,704324.4782986405,697450.2,-4324.478298640461,2549.8125
466000.0,365623.1907484004,452813.66,100376.8092515996,13186.34375
1250000.0,1746297.2248418867,1.2778422e+06,-496297.22484188667,-27842.25
3900000.0,4137698.521817287,4.231124e+06,-237698.52181728696,-331124.0
1125000.0,1038880.9615031921,1.0191896e+06,86119.03849680792,105810.375
535400.0,711043.7846084476,549074.4,-175643.78460844758,-13674.375
940000.0,1192729.735168678,944298.56,-252729.735168678,-4298.5625
1625000.0,1627148.2224602066,1.5800435e+06,-2148.222460206598,44956.5
600000.0,718158.5093728869,590839.25,-118158.50937288685,9160.75
1938000.0,2048440.9925645152,1.9922601e+06,-110440.99256451521,-54260.125
2575000.0,2692737.8270882447,2.6264428e+06,-117737.82708824473,-51442.75
1405000.0,1481221.2810140194,1.4819089e+06,-76221.28101401939,-76908.875
479000.0,463762.0042386085,490047.03,15237.995761391474,-11047.03125
1125000.0,1124341.2551062752,1.113057e+06,658.7448937247973,11943.0
835000.0,866020.1932206042,789628.4,-31020.19322060421,45371.625
790000.0,1031273.0473437735,831166.5,-241273.04734377353,-41166.5
645000.0,723320.9239690206,636978.3,-78320.9239690206,8021.6875
1405000.0,1380200.4998368383,1.4150618e+06,24799.50016316166,-10061.75
636000.0,670243.3322806684,641742.8,-34243.33228066843,-5742.8125
760000.0,803319.560578936,755826.4,-43319.56057893601,4173.625
355000.0,262106.19867060438,357754.56,92893.80132939562,-2754.5625
710000.0,713691.0596334552,700677.56,-3691.0596334552392,9322.4375
565000.0,625409.1676880526,571673.9,-60409.167688052636,-6673.875
765000.0,1008774.2260467175,840868.6,-243774.2260467175,-75868.625
219000.0,913951.7314289383,210870.78,-694951.7314289383,8129.21875
615999.0,574828.2417697262,609101.75,41170.758230273845,6897.25
1255000.0,1315926.2157363028,1.208847e+06,-60926.21573630278,46153.0
889000.0,1375570.1474102424,844742.75,-486570.14741024235,44257.25
726000.0,1482923.776030179,723180.1,-756923.7760301791,2819.875
775000.0,687127.9572539469,785091.56,87872.04274605308,-10091.5625
845000.0,1508340.355639382,876994.8,-663340.355639382,-31994.8125
1275000.0,1465128.7763931763,1.2689781e+06,-190128.7763931763,6021.875
780000.0,804766.8600428898,768366.9,-24766.860042889835,11633.125
1099000.0,1425964.4743614146,1.1271058e+06,-326964.47436141456,-28105.75
499900.0,541614.3642925622,495095.44,-41714.36429256224,4804.5625
1378000.0,1877643.4238496576,1.4070375e+06,-499643.42384965764,-29037.5
930000.0,1556894.4093539128,1.0396909e+06,-626894.4093539128,-109690.875
1250000.0,1446429.3903655987,1.2793994e+06,-196429.39036559872,-29399.375
1125000.0,1095092.9448605392,1.1488635e+06,29907.055139460834,-23863.5
335000.0,441205.94780779106,322514.22,-106205.94780779106,12485.78125
608000.0,569917.45795353,603069.7,38082.542046469986,4930.3125
565000.0,553563.5372963398,582393.5,11436.462703660247,-17393.5
635000.0,663003.0888322985,623709.75,-28003.088832298527,11290.25
4200000.0,4350345.749798873,4.576498e+06,-150345.74979887344,-376498.0
825000.0,1282057.7349195895,824574.06,-457057.7349195895,425.9375
1000000.0,1010950.8807463881,993862.1,-10950.88074638811,6137.875
800000.0,1377260.1553913713,810611.2,-577260.1553913713,-10611.1875
625000.0,732491.7618256623,636974.6,-107491.76182566234,-11974.625
1250000.0,1383708.3488456896,1.2586228e+06,-133708.34884568956,-8622.75
1265000.0,1682617.1325143843,1.2982871e+06,-417617.13251438434,-33287.125
905000.0,900633.1402388758,896703.75,4366.859761124244,8296.25
810000.0,1077508.5964052412,790925.5,-267508.5964052412,19074.5
2200000.0,2420716.8571128645,2.2443952e+06,-220716.8571128645,-44395.25
2767000.0,2776497.7351032216,2.834461e+06,-9497.73510322161,-67461.0
1430000.0,2108986.1683569946,1.3971334e+06,-678986.1683569946,32866.625
1200000.0,1101313.9340414868,1.237133e+06,98686.06595851318,-37133.0
590000.0,640279.8922968868,584491.2,-50279.89229688677,5508.8125
730000.0,1011705.6522553093,723494.0,-281705.6522553093,6506.0
2090000.0,2168278.1154628526,2.0490034e+06,-78278.11546285264,40996.625
1488000.0,1440441.1452934,1.4424968e+06,47558.854706600076,45503.25
1750000.0,1554732.9422396217,1.6368655e+06,195267.05776037835,113134.5
490000.0,352199.1702557985,491118.44,137800.8297442015,-1118.4375
550000.0,516137.0816656704,529840.0,33862.91833432962,20160.0
1585000.0,1584533.6136657116,1.5854381e+06,466.38633428839967,-438.125
469000.0,382647.1169718243,465932.34,86352.88302817568,3067.65625
445550.0,516391.9959106684,451057.34,-70841.9959106684,-5507.34375
645000.0,849318.8994389491,652988.6,-204318.89943894907,-7988.625
570000.0,772001.9546382462,596742.7,-202001.9546382462,-26742.6875
360000.0,357853.73227873514,324317.3,2146.267721264856,35682.6875
630000.0,761124.6253475801,628026.3,-131124.62534758006,1973.6875
1050000.0,950816.1446174541,982340.44,99183.85538254585,67659.5625
949000.0,1390457.1262546931,976687.0,-441457.12625469314,-27687.0
1360000.0,1499060.6630066824,1.3118696e+06,-139060.66300668241,48130.375
550000.0,442297.7027801655,504128.53,107702.29721983452,45871.46875
665000.0,792315.6451915731,715007.75,-127315.64519157307,-50007.75
1720000.0,1755734.6452863663,1.7210031e+06,-35734.64528636634,-1003.125
410000.0,364931.0458540323,406978.56,45068.95414596773,3021.4375
469000.0,556906.1982602951,468786.22,-87906.19826029509,213.78125
445000.0,501235.368739016,432072.0,-56235.368739016005,12928.0
411000.0,426585.1132292296,424635.66,-15585.11322922958,-13635.65625
560000.0,610477.5343148176,564850.94,-50477.53431481763,-4850.9375
1875000.0,1782610.3664039397,1.8426271e+06,92389.63359606033,32372.875
685000.0,777084.0910232184,682614.6,-92084.09102321835,2385.375
1575000.0,1609006.6374564967,1.4574308e+06,-34006.63745649671,117569.25
788000.0,998009.7659679225,853686.94,-210009.76596792252,-65686.9375
655000.0,632921.5482954995,645351.56,22078.451704500476,9648.4375
815000.0,866281.5338822319,794090.75,-51281.53388223192,20909.25
1370000.0,1407464.91007765,1.344565e+06,-37464.9100776501,25435.0
1795000.0,1708131.284408126,1.9961911e+06,86868.71559187397,-201191.125
1357506.0,1427021.5823434994,1.3173408e+06,-69515.58234349941,40165.25
850000.0,1382710.9121099026,857929.3,-532710.9121099026,-7929.3125
2960000.0,2874115.0579895405,3.0159275e+06,85884.94201045949,-55927.5
1425000.0,1474105.6672449736,1.3680722e+06,-49105.66724497359,56927.75
850000.0,791679.840189364,826313.75,58320.15981063596,23686.25
720000.0,789557.8797901578,785379.1,-69557.87979015778,-65379.125
675000.0,622331.9087828964,662513.1,52668.09121710365,12486.875
2670000.0,2617333.475460203,2.7300215e+06,52666.5245397971,-60021.5
875000.0,898664.9122930351,921421.6,-23664.91229303507,-46421.625
799999.0,762290.2190568307,829858.06,37708.78094316926,-29859.0625
630000.0,870802.2732433393,621655.06,-240802.27324333927,8344.9375
11500000.0,10909925.506559383,1.3665299e+07,590074.4934406169,-2165299.0
1750000.0,1817085.4426065234,1.7956068e+06,-67085.4426065234,-45606.75
870000.0,1109755.4928464144,847420.8,-239755.49284641445,22579.1875
911000.0,1516166.163093071,963248.4,-605166.163093071,-52248.375
4750000.0,4620007.641589822,4.816214e+06,129992.35841017775,-66214.0
1159000.0,1139969.403061222,1.0943908e+06,19030.596938777948,64609.25
1175000.0,1237959.7564771865,1.1390819e+06,-62959.756477186456,35918.125
488000.0,595052.9342544931,500198.7,-107052.9342544931,-12198.6875
1410000.0,1898314.5781399917,1.360112e+06,-488314.57813999173,49888.0
1065000.0,1138499.0332497025,1.0661141e+06,-73499.03324970254,-1114.125
7550000.0,7212628.75759576,7.8245505e+06,337371.2424042402,-274550.5
880000.0,836876.5330401623,933737.8,43123.46695983771,-53737.8125
715000.0,863944.8853000421,727670.75,-148944.8853000421,-12670.75
2925000.0,2865551.8895545644,3.0136935e+06,59448.110445435625,-88693.5
780000.0,803909.2928621466,796928.1,-23909.292862146627,-16928.125
955000.0,1080126.7235075743,996525.25,-125126.7235075743,-41525.25
725000.0,875389.9430525263,719005.9,-150389.94305252633,5994.125
1300000.0,1233168.4658920001,1.2844031e+06,66831.53410799988,15596.875
749000.0,848594.6535658353,760882.4,-99594.65356583532,-11882.375
395000.0,358184.0356979817,415253.72,36815.964302018285,-20253.71875
395000.0,358184.0356979817,415253.72,36815.964302018285,-20253.71875
404000.0,498756.0300861134,406599.12,-94756.03008611337,-2599.125
985000.0,1606710.255210315,1.02090275e+06,-621710.2552103151,-35902.75
434990.0,491614.4830860754,442085.1,-56624.4830860754,-7095.09375
434990.0,491614.4830860754,442085.1,-56624.4830860754,-7095.09375
749000.0,725637.0771647443,750912.0,23362.92283525574,-1912.0
470000.0,375296.65048223804,461561.47,94703.34951776196,8438.53125
4995000.0,4774544.544012905,5.0204265e+06,220455.4559870949,-25426.5
1240000.0,1384718.8745041455,1.2262898e+06,-144718.87450414547,13710.25
765000.0,1428452.1807578816,761727.5,-663452.1807578816,3272.5
550000.0,821014.9926549869,561700.4,-271014.9926549869,-11700.375
485000.0,717448.2389019816,466744.0,-232448.23890198162,18256.0
1025000.0,1084583.744655886,1.0659626e+06,-59583.74465588597,-40962.625
1500000.0,1438751.114042307,1.5225199e+06,61248.88595769298,-22519.875
560000.0,616387.0945700023,562664.4,-56387.094570002286,-2664.375
361000.0,358582.2155312201,337498.6,2417.7844687799225,23501.40625
550000.0,563449.7666009343,545315.56,-13449.766600934323,4684.4375
750000.0,943647.6810511223,746636.06,-193647.68105112226,3363.9375
1600000.0,1659384.65217167,1.5501478e+06,-59384.65217166999,49852.25
850000.0,973382.1694110255,899731.9,-123382.16941102548,-49731.875
1040000.0,1011654.0426642469,1.041805e+06,28345.957335753134,-1805.0
895000.0,1089383.223483102,905561.4,-194383.22348310193,-10561.375
547990.0,558926.1673463619,563373.1,-10936.167346361908,-15383.125
900000.0,1308747.294814425,956883.2,-408747.29481442505,-56883.1875
2450000.0,2740773.2792695956,2.3428535e+06,-290773.27926959563,107146.5
1225000.0,1163907.482484247,1.2072595e+06,61092.51751575293,17740.5
695000.0,802462.6710217304,694736.4,-107462.6710217304,263.625
1630000.0,1764726.2792581308,1.5703151e+06,-134726.27925813082,59684.875
645000.0,901540.3023280217,652169.0,-256540.30232802173,-7169.0
1565000.0,1660404.3787276805,1.7046065e+06,-95404.37872768054,-139606.5
645000.0,622724.6874064972,639297.56,22275.312593502807,5702.4375
1550000.0,2012472.155266526,1.5381768e+06,-462472.1552665259,11823.25
530000.0,591224.6857838111,551416.9,-61224.68578381115,-21416.875
5650000.0,5912833.448495327,5.8234745e+06,-262833.44849532656,-173474.5
3250000.0,3633471.617891169,3.1613645e+06,-383471.61789116915,88635.5
1200000.0,1342788.8644954406,1.2525481e+06,-142788.86449544062,-52548.125
445000.0,374202.86378001235,435590.8,70797.13621998765,9409.1875
860000.0,934629.7854607238,841041.06,-74629.7854607238,18958.9375
645692.0,610652.707038992,632366.75,35039.29296100803,13325.25
530000.0,576928.0452348038,565677.94,-46928.04523480381,-35677.9375
4125000.0,4032239.301458472,4.1117935e+06,92760.69854152808,13206.5
437000.0,382222.2330898857,427590.38,54777.766910114326,9409.625
1048000.0,1006845.2967225651,1.0225943e+06,41154.70327743492,25405.6875
650000.0,588288.3896343898,638863.6,61711.61036561022,11136.375
1199000.0,1253860.906932353,1.2012794e+06,-54860.90693235304,-2279.375
640000.0,1369857.223693488,651144.8,-729857.2236934879,-11144.8125
680000.0,999152.7635215757,682045.25,-319152.7635215757,-2045.25
1750000.0,1829001.5243379693,1.7729601e+06,-79001.52433796925,-22960.125
520000.0,1071040.481308802,531369.2,-551040.481308802,-11369.1875
1150000.0,1148059.674036038,1.1133214e+06,1940.3259639618918,36678.625
1200000.0,1241569.6648989387,1.1805424e+06,-41569.66489893873,19457.625
729000.0,884007.7637065684,702817.8,-155007.7637065684,26182.1875
1900000.0,1963798.766427616,1.8621245e+06,-63798.76642761589,37875.5
1500000.0,1420409.8819628411,1.464999e+06,79590.11803715886,35001.0
600000.0,628603.7806065625,591161.06,-28603.780606562505,8838.9375
999000.0,948840.6401386436,992294.75,50159.35986135644,6705.25
910000.0,998858.7676097839,953910.1,-88858.76760978391,-43910.125
315000.0,725246.3838307058,322275.3,-410246.3838307058,-7275.3125
750000.0,1454166.5827864176,823938.1,-704166.5827864176,-73938.125
2005000.0,2068266.4229657953,2.0159345e+06,-63266.42296579527,-10934.5
1050000.0,968591.2473143499,1.0290187e+06,81408.75268565014,20981.3125
950000.0,1089038.8547603004,1.01136725e+06,-139038.85476030037,-61367.25
640000.0,731302.64318773,670740.2,-91302.64318772999,-30740.1875
425000.0,418441.81603228266,414260.5,6558.183967717341,10739.5
332000.0,462964.6113227417,341442.75,-130964.61132274172,-9442.75
2420000.0,2560314.8039501114,2.4446935e+06,-140314.80395011138,-24693.5
1050000.0,1034676.2442615728,943695.4,15323.755738427164,106304.625
475000.0,468035.7445089425,461864.88,6964.255491057527,13135.125
1738813.0,1774701.5713246432,1.7602184e+06,-35888.57132464321,-21405.375
3215000.0,3212052.3310061987,3.4162035e+06,2947.668993801344,-201203.5
603500.0,830337.82845865,619995.5,-226837.82845865004,-16495.5
800000.0,930855.4738589347,812688.0,-130855.47385893471,-12688.0
2055000.0,1906744.4541425784,2.0894144e+06,148255.5458574216,-34414.375
594000.0,460617.6824760728,611288.0,133382.3175239272,-17288.0
1125000.0,1275787.5508056579,1.1859148e+06,-150787.55080565787,-60914.75
1875000.0,1899578.8753968936,1.9901712e+06,-24578.875396893593,-115171.25
950000.0,1270716.663230676,1.02302156e+06,-320716.663230676,-73021.5625
650000.0,577587.9451110724,679167.9,72412.05488892761,-29167.875
1365000.0,1835879.5207686364,1.3189838e+06,-470879.5207686364,46016.25
1075000.0,1066131.1178578492,1.0870832e+06,8868.882142150775,-12083.25
700000.0,609344.0170010653,684117.5,90655.98299893469,15882.5
1875000.0,1986281.0725652638,1.8246732e+06,-111281.07256526384,50326.75
869000.0,906156.3714973232,876851.0,-37156.371497323154,-7851.0
2700000.0,3128620.800395411,2.686533e+06,-428620.800395411,13467.0
1150000.0,1189833.6395262165,1.174829e+06,-39833.639526216546,-24829.0
975000.0,1518122.6612920347,970930.06,-543122.6612920347,4069.9375
675000.0,574256.1738861914,692676.25,100743.82611380855,-17676.25
765000.0,897351.6050367763,715603.3,-132351.60503677628,49396.6875
500000.0,526030.023304236,478127.5,-26030.023304236005,21872.5
715000.0,872103.5221438371,697607.9,-157103.52214383706,17392.125
3075000.0,2850332.0059799445,3.1316692e+06,224667.9940200555,-56669.25
510000.0,624277.2366253298,503530.3,-114277.23662532982,6469.6875
759000.0,1412388.394719309,718877.0,-653388.3947193089,40123.0
625000.0,797175.648521608,617453.5,-172175.64852160797,7546.5
649000.0,874314.2977401007,656993.25,-225314.29774010065,-7993.25
2300000.0,2228350.04683917,2.3031765e+06,71649.95316082984,-3176.5
865000.0,1385486.5282757257,835591.8,-520486.52827572566,29408.1875
1279000.0,1239010.4766208162,1.2360574e+06,39989.52337918384,42942.625
500000.0,1051907.916712169,503491.44,-551907.9167121691,-3491.4375
860000.0,765655.9661750117,853191.25,94344.03382498829,6808.75
799000.0,753473.0641054539,798369.6,45526.9358945461,630.375
1085000.0,1168765.7359222386,1.148708e+06,-83765.73592223856,-63708.0
545500.0,544726.5536101358,530039.1,773.4463898641989,15460.875
1330000.0,1263928.3830021948,1.3151102e+06,66071.61699780519,14889.75
1960000.0,1811301.0387806306,1.9788932e+06,148698.96121936943,-18893.25
265000.0,490708.73356798536,279067.4,-225708.73356798536,-14067.40625
753550.0,931808.7903957723,832698.56,-178258.79039577232,-79148.5625
790000.0,912675.1524610557,812492.7,-122675.15246105567,-22492.6875
1570000.0,1667876.2605165346,1.5840069e+06,-97876.26051653456,-14006.875
422000.0,299646.0167404682,387044.2,122353.98325953179,34955.8125
524000.0,593385.3002277289,526753.06,-69385.3002277289,-2753.0625
811000.0,777570.431279501,806815.9,33429.56872049905,4184.125
715000.0,755572.3639350445,708942.4,-40572.3639350445,6057.625
855000.0,973291.7761511712,794808.25,-118291.77615117119,60191.75
1140000.0,1169251.194753555,1.1568521e+06,-29251.194753555115,-16852.125
1080000.0,1279234.8771017974,1.1511689e+06,-199234.87710179738,-71168.875
630000.0,649822.8455213963,640772.25,-19822.84552139626,-10772.25
1230000.0,1870922.7214760943,1.2543054e+06,-640922.7214760943,-24305.375
2330000.0,2140353.1866875943,2.3615508e+06,189646.81331240572,-31550.75
292000.0,437024.0222275143,267808.62,-145024.0222275143,24191.375
699000.0,998485.3603477887,694068.2,-299485.36034778866,4931.8125
735000.0,613018.7126819118,708918.0,121981.28731808823,26082.0
750000.0,777610.0356010238,723349.8,-27610.035601023817,26650.1875
755000.0,740820.5479167167,766310.5,14179.452083283337,-11310.5
1290000.0,1274381.4457898578,1.2566952e+06,15618.554210142232,33304.75
1285000.0,2039791.0285708306,1.2425886e+06,-754791.0285708306,42411.375
1530750.0,1683518.2599900719,1.5612854e+06,-152768.25999007188,-30535.375
1620000.0,1675305.3310568787,1.6189051e+06,-55305.33105687867,1094.875
875000.0,913162.7967321108,873617.4,-38162.796732110786,1382.625
424000.0,646774.3780167827,414517.38,-222774.3780167827,9482.625
770000.0,820419.601457983,759730.25,-50419.60145798302,10269.75
535000.0,637336.7324170468,511861.88,-102336.73241704679,23138.125
1629000.0,1576761.264577214,1.5553972e+06,52238.73542278609,73602.75
781489.0,723701.0248492527,813292.75,57787.97515074734,-31803.75
1090000.0,1265359.0785346813,1.0794982e+06,-175359.07853468135,10501.75
2050000.0,2674435.259427552,2.0632118e+06,-624435.2594275521,-13211.75
1730000.0,1931012.082451497,1.744491e+06,-201012.08245149697,-14491.0
777000.0,1279084.8032673823,823197.5,-502084.8032673823,-46197.5
1267500.0,1476414.3074370255,1.271173e+06,-208914.30743702548,-3673.0
765000.0,828252.5911716598,758088.75,-63252.59117165976,6911.25
510000.0,557842.1845799644,528130.3,-47842.18457996438,-18130.3125
1400000.0,1882910.9275620207,1.3363949e+06,-482910.9275620207,63605.125
499999.0,715055.7408950625,520555.62,-215056.74089506245,-20556.625
675000.0,673661.4157974415,656477.8,1338.5842025585007,18522.1875
1265996.0,1339097.2657776887,1.3187248e+06,-73101.2657776887,-52728.75
859000.0,810019.3167229709,853863.6,48980.68327702908,5136.375
540000.0,471965.65033336845,598898.94,68034.34966663155,-58898.9375
629000.0,658572.0877781041,617399.3,-29572.08777810412,11600.6875
900000.0,907142.0280263509,882599.6,-7142.02802635089,17400.375
975000.0,1219307.97237173,1.0662452e+06,-244307.97237173002,-91245.25
550000.0,649662.3145150504,566550.4,-99662.31451505038,-16550.375
1820000.0,1648603.557539389,1.8062931e+06,171396.442460611,13706.875
499000.0,497776.5197426141,477470.88,1223.480257385876,21529.125
400000.0,382273.70920977066,392212.8,17726.290790229337,7787.1875
815000.0,1013633.6158516632,825075.9,-198633.61585166317,-10075.875
930000.0,1013534.4342722145,893333.06,-83534.43427221454,36666.9375
2000000.0,1932779.0963665126,2.0968281e+06,67220.90363348741,-96828.125
3450000.0,3488925.2201099414,3.3984905e+06,-38925.22010994144,51509.5
1250000.0,1201856.7281871657,1.2155092e+06,48143.27181283431,34490.75
895000.0,1030438.0973913956,932436.0,-135438.0973913956,-37436.0
1615000.0,2102510.9956447966,1.551498e+06,-487510.99564479664,63502.0
1032360.0,1245714.2090408935,1.0943782e+06,-213354.20904089347,-62018.25
1235000.0,1305985.7949007878,1.2086222e+06,-70985.79490078776,26377.75
7700000.0,7865784.50145602,8.1140295e+06,-165784.5014560204,-414029.5
820000.0,1403910.7177015815,818987.75,-583910.7177015815,1012.25
555000.0,673463.1483324397,591924.9,-118463.14833243971,-36924.875
548576.0,592447.377077606,570257.6,-43871.37707760604,-21681.625
600000.0,523284.8558144168,594985.6,76715.14418558322,5014.375
915000.0,986228.991964577,919424.6,-71228.991964577,-4424.625
1046350.0,1449520.7865897012,1.00576544e+06,-403170.7865897012,40584.5625
825000.0,791965.2035670736,777983.4,33034.796432926436,47016.625
655000.0,708556.7175016993,642759.56,-53556.71750169934,12240.4375
900000.0,954457.7436408388,840991.3,-54457.74364083877,59008.6875
830000.0,894549.8922760733,871951.9,-64549.89227607334,-41951.875
1610000.0,1753507.503219707,1.4878948e+06,-143507.50321970694,122105.25
120000.0,288883.155969255,144460.7,-168883.15596925502,-24460.703125
592000.0,581681.0981166353,603091.5,10318.901883364655,-11091.5
48720000.0,5166147.884266245,4.8142575e+06,43553852.11573376,43905742.5
1325000.0,1526552.8400843693,1.3406878e+06,-201552.8400843693,-15687.75
799000.0,1117029.7259706939,796966.9,-318029.72597069386,2033.125
612000.0,729118.0877236025,602606.3,-117118.08772360254,9393.6875
648500.0,726818.6379092837,667098.25,-78318.63790928375,-18598.25
419880.0,317077.9973645663,420269.25,102802.00263543369,-389.25
915000.0,1059360.2940799198,930103.75,-144360.2940799198,-15103.75
710000.0,719620.8866822771,701800.4,-9620.88668227708,8199.625
1100000.0,1111862.8911063562,1.1008052e+06,-11862.891106356168,-805.25
1045000.0,1045067.4228894571,1.01206575e+06,-67.42288945708424,32934.25
375000.0,341164.58637649065,372036.8,33835.41362350935,2963.1875
1182500.0,1363912.2572546375,1.1340634e+06,-181412.25725463754,48436.625
1560000.0,1561553.4089039136,1.5502541e+06,-1553.4089039135724,9745.875
1595000.0,1340717.769357986,1.6005205e+06,254282.23064201395,-5520.5
380000.0,543548.6615268833,396262.38,-163548.66152688325,-16262.375
699990.0,659723.9956844364,700689.6,40266.004315563594,-699.625
1200000.0,1262393.1231163174,1.2643781e+06,-62393.12311631744,-64378.125
1525000.0,1500251.1900810553,1.5643095e+06,24748.809918944724,-39309.5
1100000.0,1020181.2655393097,1.1095278e+06,79818.73446069029,-9527.75
910000.0,1094564.2818409496,886574.7,-184564.28184094955,23425.3125
620000.0,632889.9157899978,625078.7,-12889.915789997787,-5078.6875
403000.0,741730.8455910308,493437.62,-338730.8455910308,-90437.625
776000.0,873722.5173175358,753618.8,-97722.51731753582,22381.1875
610000.0,1146281.271184702,592330.94,-536281.2711847019,17669.0625
1064000.0,888844.6858390864,1.0830951e+06,175155.31416091358,-19095.125
1425000.0,1316750.178584241,1.3634366e+06,108249.82141575892,61563.375
855000.0,1001718.8883193532,822025.44,-146718.88831935322,32974.5625
780000.0,851696.1355911824,805323.0,-71696.13559118239,-25323.0
1160000.0,1064912.650708573,1.1864488e+06,95087.34929142706,-26448.75
1895000.0,1895315.710685051,1.8352684e+06,-315.7106850510463,59731.625
590000.0,685675.1268819816,562688.5,-95675.12688198162,27311.5
1030000.0,1089056.629594435,1.0014107e+06,-59056.629594434984,28589.3125
855000.0,1370572.8103496823,850221.7,-515572.81034968235,4778.3125
524000.0,686606.4582276547,516303.7,-162606.4582276547,7696.3125
600000.0,529101.2839297741,588854.06,70898.71607022593,11145.9375
899000.0,1004383.4132737545,842136.6,-105383.41327375453,56863.375
4998000.0,4594081.713182604,4.8934345e+06,403918.28681739606,104565.5
530000.0,460023.16277505667,524248.78,69976.83722494333,5751.21875
490000.0,532731.3005879557,472344.47,-42731.300587955746,17655.53125
640000.0,594546.1832313301,634766.7,45453.81676866987,5233.3125
485000.0,452600.18353479716,472336.38,32399.816465202835,12663.625
525000.0,672311.7445921993,475735.5,-147311.74459219933,49264.5
660000.0,719652.4696080356,643961.5,-59652.46960803564,16038.5
825000.0,1155267.830070199,847743.3,-330267.830070199,-22743.3125
369000.0,382256.9066495204,370975.7,-13256.906649520388,-1975.6875
400000.0,546537.7539101362,391959.66,-146537.75391013618,8040.34375
699000.0,722839.0406220353,703070.5,-23839.040622035274,-4070.5
518000.0,661552.4360996556,497130.84,-143552.43609965558,20869.15625
615000.0,877480.8969454159,641297.4,-262480.8969454159,-26297.375
506000.0,1171465.8230818273,547101.2,-665465.8230818273,-41101.1875
980000.0,1215433.1302392948,1.1991298e+06,-235433.13023929484,-219129.75
866000.0,930382.6582783435,834761.9,-64382.6582783435,31238.125
810000.0,842714.0401013014,836882.94,-32714.04010130139,-26882.9375
1740000.0,1997528.4825705937,1.9772652e+06,-257528.4825705937,-237265.25
1390000.0,1777046.0810944699,1.6027795e+06,-387046.0810944699,-212779.5
475000.0,513873.1760680862,482550.78,-38873.17606808618,-7550.78125
515000.0,373320.0183108022,528613.5,141679.98168919783,-13613.5
445000.0,513739.99943691934,435340.38,-68739.99943691934,9659.625
3113888.0,3050255.624519263,3.007343e+06,63632.37548073707,106545.0
465000.0,734958.828357617,477302.44,-269958.828357617,-12302.4375
595000.0,674566.8193772233,600940.8,-79566.81937722326,-5940.8125
2440000.0,2784695.133101993,2.4797155e+06,-344695.1331019928,-39715.5
380000.0,297484.5657309911,383002.97,82515.43426900893,-3002.96875
1960000.0,1976048.7407636952,2.0116979e+06,-16048.740763695212,-51697.875
565000.0,473637.32833651407,519040.7,91362.67166348593,45959.3125
1070000.0,1007944.8122574473,1.0419809e+06,62055.18774255272,28019.125
795000.0,658964.621169943,832764.5,136035.378830057,-37764.5
1180000.0,1226475.5545037808,1.1251039e+06,-46475.55450378079,54896.125
620000.0,644176.6152782623,607970.06,-24176.615278262296,12029.9375
727000.0,921928.4941557429,712503.5,-194928.49415574293,14496.5
500000.0,1036216.3836613226,517392.5,-536216.3836613226,-17392.5
350000.0,1017983.237827006,345844.34,-667983.237827006,4155.65625
1540000.0,1537647.74038336,1.5683068e+06,2352.2596166399308,-28306.75
500000.0,627214.5029967919,484392.75,-127214.50299679185,15607.25
430000.0,575009.0218113208,434653.38,-145009.0218113208,-4653.375
545000.0,491130.0390312965,559731.5,53869.9609687035,-14731.5
1445000.0,1483061.9361990064,1.3778754e+06,-38061.93619900639,67124.625
842000.0,1446905.798108196,817208.1,-604905.7981081959,24791.875
300000.0,254987.32812100102,288031.72,45012.67187899898,11968.28125
545000.0,837660.5170542574,562521.6,-292660.51705425745,-17521.625
400000.0,912609.5283735791,402593.62,-512609.52837357915,-2593.625
4000000.0,4224508.8156491285,4.0833998e+06,-224508.81564912852,-83399.75
670000.0,701882.4793198819,644941.2,-31882.47931988188,25058.8125
804365.0,944855.0344411519,760422.5,-140490.0344411519,43942.5
3600000.0,4126059.656460016,3.7459055e+06,-526059.656460016,-145905.5
3800000.0,3768601.513264949,4.1022915e+06,31398.486735051032,-302291.5
960000.0,1135302.6651283144,948639.25,-175302.6651283144,11360.75
739457.0,586784.0147418054,763242.1,152672.98525819462,-23785.125
670000.0,762978.8761913816,675647.06,-92978.8761913816,-5647.0625
3125000.0,2979789.6415716126,3.0367018e+06,145210.35842838744,88298.25
385000.0,483006.5639023825,377977.38,-98006.5639023825,7022.625
325000.0,307915.6147809727,317785.5,17084.38521902729,7214.5
480000.0,446665.0478153846,492010.53,33334.952184615424,-12010.53125
810000.0,760413.4872188207,773218.4,49586.51278117928,36781.625
700000.0,793080.7962058294,666546.9,-93080.79620582936,33453.125
3250000.0,3263983.0099408845,3.3660702e+06,-13983.009940884542,-116070.25
1950000.0,1867546.2843793468,1.9742994e+06,82453.71562065324,-24299.375
610000.0,629847.8192841818,621212.94,-19847.81928418181,-11212.9375
500000.0,733155.9449445994,603814.94,-233155.9449445994,-103814.9375
372000.0,233778.29664388485,365736.94,138221.70335611515,6263.0625
1175000.0,1500665.9091171895,1.301925e+06,-325665.90911718947,-126925.0
642000.0,720986.4263448896,678863.5,-78986.42634488957,-36863.5
2462000.0,2402359.870332274,2.3933562e+06,59640.12966772588,68643.75
1441650.0,1376638.6094090834,1.4491371e+06,65011.39059091662,-7487.125
1875000.0,1842727.0897442033,1.775014e+06,32272.91025579674,99986.0
1495000.0,1522520.1585812008,1.4497108e+06,-27520.158581200754,45289.25
479990.0,1139448.6465328513,481091.84,-659458.6465328513,-1101.84375
4059000.0,4216266.854020836,4.3971515e+06,-157266.85402083583,-338151.5
490000.0,433431.0391643001,474805.44,56568.96083569992,15194.5625
775000.0,807579.4270006644,726561.25,-32579.427000664407,48438.75
1365000.0,1573669.4343647333,1.4168672e+06,-208669.4343647333,-51867.25
665000.0,585544.4712830295,657166.25,79455.52871697047,7833.75
1065000.0,1035314.0876255573,1.0343277e+06,29685.912374442676,30672.3125
980000.0,1193827.4575883348,1.1038096e+06,-213827.4575883348,-123809.625
455000.0,1098783.9974258468,473534.28,-643783.9974258468,-18534.28125
755000.0,815270.2718625737,700292.75,-60270.27186257369,54707.25
2375000.0,2333303.060465727,2.4352112e+06,41696.939534273,-60211.25
510000.0,577179.3898957155,513770.66,-67179.38989571552,-3770.65625
700000.0,743200.3152797958,861664.25,-43200.31527979579,-161664.25
900000.0,934143.3133777411,897656.9,-34143.31337774114,2343.125
395000.0,557158.6223743616,419529.22,-162158.6223743616,-24529.21875
1107400.0,1258890.1499293805,1.1795902e+06,-151490.1499293805,-72190.25
3685000.0,3385370.5045452956,3.6175468e+06,299629.4954547044,67453.25
710000.0,876207.9915797156,720296.1,-166207.99157971563,-10296.125
782450.0,1534604.6738648363,775563.25,-752154.6738648363,6886.75
2275500.0,2253931.0095457956,2.1548228e+06,21568.99045420438,120677.25
822000.0,801149.6938749929,829729.9,20850.306125007104,-7729.875
525000.0,592507.6206169252,558960.7,-67507.62061692518,-33960.6875
975000.0,1100648.3530317617,968507.1,-125648.35303176171,6492.875
2300000.0,2307733.5680773626,2.368527e+06,-7733.568077362608,-68527.0
2410000.0,2427029.270611188,2.5018325e+06,-17029.27061118791,-91832.5
1800000.0,1885390.1829509311,1.667379e+06,-85390.18295093114,132621.0
1480000.0,1310168.2318579874,1.4460779e+06,169831.76814201265,33922.125
860000.0,796434.74327789,881135.4,63565.256722109974,-21135.375
575000.0,538444.1070740509,564708.25,36555.89292594907,10291.75
819000.0,818219.3686755323,817753.9,780.6313244677149,1246.125
685000.0,551138.323422028,665674.06,133861.67657797202,19325.9375
600000.0,954365.7751690785,632844.56,-354365.7751690785,-32844.5625
1338888.0,1302555.2404537904,1.3337428e+06,36332.75954620959,5145.25
380000.0,405011.52058840834,391273.2,-25011.52058840834,-11273.1875
1475000.0,1803500.2610856942,1.5559804e+06,-328500.2610856942,-80980.375
1685000.0,1980877.4357277304,1.6127442e+06,-295877.4357277304,72255.75
519000.0,723687.9865362681,540966.06,-204687.98653626814,-21966.0625
4750000.0,4489069.6307310425,4.7284815e+06,260930.36926895753,21518.5
450000.0,505989.87408685696,479936.6,-55989.87408685696,-29936.59375
748000.0,918272.4428709028,759034.25,-170272.44287090283,-11034.25
765000.0,664444.7103801015,753342.9,100555.28961989854,11657.125
970000.0,1145565.1363204862,923127.94,-175565.1363204862,46872.0625
1370000.0,1356329.7834616401,1.3455758e+06,13670.216538359877,24424.25
806000.0,827241.8366905702,784873.0,-21241.836690570228,21127.0
470000.0,414798.6086145509,465908.34,55201.3913854491,4091.65625
1260000.0,1422472.472675467,1.2997118e+06,-162472.4726754669,-39711.75
559000.0,772592.4289390803,564564.44,-213592.42893908033,-5564.4375
410000.0,432499.278510125,401151.06,-22499.278510125005,8848.9375
715000.0,667242.6107241582,687009.9,47757.389275841764,27990.125
632000.0,641960.0192915667,607840.75,-9960.019291566685,24159.25
670000.0,722945.8227989245,674968.9,-52945.82279892452,-4968.875
375000.0,411002.8268055038,379836.88,-36002.826805503806,-4836.875
835000.0,1416284.2828131802,843450.75,-581284.2828131802,-8450.75
955000.0,992534.292212575,902203.0,-37534.292212574976,52797.0
586000.0,578571.9261677505,564102.1,7428.073832249502,21897.875
740000.0,1020282.9176343278,749369.6,-280282.9176343278,-9369.625
495000.0,478862.17675473576,509521.7,16137.82324526424,-14521.6875
896000.0,959683.5161299489,947070.0,-63683.5161299489,-51070.0
493300.0,433399.76461337984,484654.75,59900.23538662016,8645.25
1565000.0,1672544.800821322,1.5102135e+06,-107544.80082132202,54786.5
547000.0,657559.2918521159,525433.5,-110559.29185211589,21566.5
925000.0,1019284.893834505,922495.1,-94284.893834505,2504.875
540000.0,625753.4339182617,553722.4,-85753.43391826167,-13722.375
680000.0,750544.9539300294,665784.5,-70544.95393002941,14215.5
845000.0,892781.4379222402,873879.9,-47781.437922240235,-28879.875
1030000.0,1068149.9990435047,1.0542171e+06,-38149.99904350471,-24217.125
357000.0,316530.68674126745,346318.97,40469.31325873255,10681.03125
980000.0,1039253.3792956067,994427.2,-59253.37929560675,-14427.1875
409000.0,461348.1735527634,460775.1,-52348.173552763416,-51775.09375
600000.0,1145143.0243381367,589609.3,-545143.0243381367,10390.6875
1480000.0,1638252.5139716133,1.5031369e+06,-158252.51397161325,-23136.875
960000.0,993877.1392504666,983294.56,-33877.1392504666,-23294.5625
510000.0,576116.4940422702,512703.66,-66116.49404227023,-2703.65625
330000.0,973134.7958513169,329756.2,-643134.7958513169,243.8125
375000.0,382672.95707382564,369060.97,-7672.957073825644,5939.03125
1556000.0,1538380.44875238,1.4724295e+06,17619.551247620024,83570.5
424990.0,463518.043811059,425637.9,-38528.043811058975,-647.90625
310000.0,320184.2035457819,276596.12,-10184.2035457819,33403.875
865000.0,1200468.045672429,838266.44,-335468.045672429,26733.5625
369000.0,398976.0540298573,372050.28,-29976.054029857274,-3050.28125
1450000.0,1998912.459833876,1.5346588e+06,-548912.459833876,-84658.75
325000.0,947208.705515999,328534.5,-622208.705515999,-3534.5
310000.0,858109.0558724416,302000.97,-548109.0558724416,7999.03125
855000.0,901613.9931535278,902220.2,-46613.993153527845,-47220.1875
544000.0,403258.5330557404,525265.2,140741.4669442596,18734.8125
412500.0,429763.72684647527,397760.6,-17263.72684647527,14739.40625
825000.0,768618.3114425908,789477.06,56381.688557409216,35522.9375
685000.0,921031.0658910632,704367.8,-236031.0658910632,-19367.8125
3450000.0,3797069.6644051913,3.4509458e+06,-347069.6644051913,-945.75
340000.0,363849.3341974871,374900.38,-23849.3341974871,-34900.375
1275000.0,1444889.3406795654,1.2554686e+06,-169889.34067956544,19531.375
1325000.0,1174207.4527877052,1.287959e+06,150792.54721229477,37041.0
1185000.0,1200753.9602267134,1.2032928e+06,-15753.960226713447,-18292.75
349999.0,416406.28311413026,349703.22,-66407.28311413026,295.78125
475000.0,387006.8580261151,491400.94,87993.14197388489,-16400.9375
465000.0,596579.3078641029,494282.1,-131579.30786410288,-29282.09375
2825000.0,2563040.5845143218,2.74323e+06,261959.41548567824,81770.0
935000.0,928575.4029004816,928817.56,6424.597099518403,6182.4375
495000.0,610020.5178256021,483508.47,-115020.51782560209,11491.53125
560000.0,719896.6149444067,567916.3,-159896.61494440667,-7916.3125
551000.0,603285.778735517,547887.0,-52285.77873551694,3113.0
680000.0,909243.6784534416,713697.0,-229243.6784534416,-33697.0
569000.0,514971.14620416064,563392.5,54028.85379583936,5607.5
935000.0,1114104.687601831,903609.1,-179104.68760183104,31390.875
1068000.0,1284773.283601422,1.1032235e+06,-216773.2836014221,-35223.5
1190000.0,1249684.2828731323,1.1511535e+06,-59684.282873132266,38846.5
674700.0,747429.4789026219,732510.5,-72729.4789026219,-57810.5
375000.0,473969.0439972294,379212.2,-98969.04399722943,-4212.1875
1520000.0,1643911.5902555995,1.4460765e+06,-123911.59025559947,73923.5
675000.0,837082.0236719896,667272.6,-162082.02367198956,7727.375
2049800.0,2074905.1942524589,1.9865682e+06,-25105.194252458867,63231.75
765000.0,756080.94445428,733704.6,8919.055545720039,31295.375
950000.0,927602.0274682238,1.0031503e+06,22397.972531776177,-53150.3125
369900.0,539407.7033772654,364369.78,-169507.70337726537,5530.21875
1600000.0,2114583.3807988614,1.6370778e+06,-514583.3807988614,-37077.75
698900.0,834015.9748413411,679314.25,-135115.97484134114,19585.75
680000.0,583364.9489218609,673324.94,96635.0510781391,6675.0625
750000.0,1044341.7766649395,757686.9,-294341.7766649395,-7686.875
1998000.0,1939180.6321365805,1.9712949e+06,58819.367863419466,26705.125
880000.0,861137.9639457008,805180.94,18862.036054299213,74819.0625
535000.0,1077122.8805649835,528309.1,-542122.8805649835,6690.875
815000.0,916611.7435082563,792517.1,-101611.74350825627,22482.875
1450000.0,1955235.8183538863,1.4788735e+06,-505235.81835388625,-28873.5
680000.0,933282.1406300578,686563.25,-253282.14063005778,-6563.25
2040888.0,1842872.882337481,1.9003064e+06,198015.11766251898,140581.625
995000.0,1501908.6676732139,1.02443525e+06,-506908.6676732139,-29435.25
399000.0,415800.43977023615,401348.12,-16800.439770236146,-2348.125
425000.0,348096.6153207042,437745.44,76903.38467929582,-12745.4375
927000.0,1359319.2631484852,939282.4,-432319.2631484852,-12282.375
625000.0,870591.9423959657,643291.25,-245591.94239596569,-18291.25
789000.0,747628.770609346,779585.4,41371.229390654014,9414.625
1850000.0,1873888.0679599345,1.8703079e+06,-23888.067959934473,-20307.875
1070000.0,1130538.6103626448,1.0543579e+06,-60538.61036264477,15642.125
409000.0,283406.7228780179,403214.16,125593.27712198207,5785.84375
1775000.0,1772413.4669056113,1.7701775e+06,2586.5330943886656,4822.5
900000.0,882552.3895404292,942935.25,17447.610459570773,-42935.25
857000.0,1370467.3291266775,869547.0,-513467.3291266775,-12547.0
980000.0,1568008.9036875484,1.0564465e+06,-588008.9036875484,-76446.5
2575000.0,2727495.5548496945,2.46647e+06,-152495.55484969448,108530.0
1400000.0,1619792.6550904815,1.389322e+06,-219792.6550904815,10678.0
1500000.0,1455088.2818366494,1.5714912e+06,44911.7181633506,-71491.25
4850000.0,4507590.441129906,4.930399e+06,342409.5588700939,-80399.0
1070000.0,1099976.8941367008,1.0573778e+06,-29976.89413670078,12622.25
1350000.0,1303639.4378304707,1.236555e+06,46360.562169529265,113445.0
1900000.0,1970533.8860628472,1.972188e+06,-70533.88606284722,-72188.0
850000.0,839721.4967195363,841081.1,10278.503280463745,8918.875
417000.0,400542.9808433837,405779.84,16457.019156616298,11220.15625
2200000.0,2610237.8982853047,2.1482692e+06,-410237.89828530466,51730.75
858000.0,746349.6123729357,850187.6,111650.38762706425,7812.375
2925000.0,3480497.2832261967,2.9447575e+06,-555497.2832261967,-19757.5
2225000.0,2108470.5236423053,2.258782e+06,116529.47635769472,-33782.0
1580000.0,2172325.225262961,1.5442148e+06,-592325.2252629609,35785.25
770000.0,742266.1937161011,834223.06,27733.806283898884,-64223.0625
550000.0,659770.3504930043,555880.56,-109770.35049300431,-5880.5625
485990.0,505090.8660305467,497958.34,-19100.86603054672,-11968.34375
1895000.0,2258645.135819814,1.8578568e+06,-363645.13581981417,37143.25
720000.0,703076.6281366736,700900.1,16923.371863326407,19099.875
390000.0,391382.72418610903,384124.12,-1382.7241861090297,5875.875
625000.0,520215.40379519854,650183.6,104784.59620480146,-25183.625
2600000.0,3046304.4706060374,2.601189e+06,-446304.4706060374,-1189.0
1615000.0,1670539.8378771911,1.63744e+06,-55539.83787719114,-22440.0
1175000.0,1186390.8187295545,1.1458752e+06,-11390.818729554536,29124.75
685000.0,1028096.6197204653,782776.94,-343096.61972046527,-97776.9375
305000.0,444138.84547883726,304741.97,-139138.84547883726,258.03125
1800000.0,1948332.8444120232,1.861844e+06,-148332.8444120232,-61844.0
1400000.0,1699349.603136042,1.3063414e+06,-299349.6031360419,93658.625
420000.0,779349.3972043224,403329.16,-359349.3972043224,16670.84375
805000.0,1437042.7986281747,802197.1,-632042.7986281747,2802.875
990000.0,1463582.7550715911,1.01445644e+06,-473582.7550715911,-24456.4375
1350000.0,1445428.2111333278,1.368448e+06,-95428.2111333278,-18448.0
1365000.0,1273344.7880065236,1.3075368e+06,91655.21199347638,57463.25
489000.0,627912.8934232254,472222.4,-138912.89342322538,16777.59375
1664400.0,1691506.5086828582,1.7160668e+06,-27106.5086828582,-51666.75
399950.0,353161.87258354784,392904.25,46788.12741645216,7045.75
310000.0,384573.25572214986,291722.84,-74573.25572214986,18277.15625
446000.0,411356.0307370038,448766.97,34643.96926299622,-2766.96875
720000.0,1431654.44818875,730242.94,-711654.4481887501,-10242.9375
1576000.0,1452934.5671210121,1.3952679e+06,123065.43287898786,180732.125
935000.0,917703.9794331981,897303.44,17296.02056680189,37696.5625
539894.0,446191.40327699983,548033.3,93702.59672300017,-8139.3125
455000.0,581486.5291622457,452785.6,-126486.52916224569,2214.40625
531990.0,515989.3282890684,535582.75,16000.67171093158,-3592.75
1270000.0,1219487.3519932558,1.206249e+06,50512.64800674422,63751.0
295000.0,254406.1717288521,290844.2,40593.82827114791,4155.8125
1395000.0,1361630.5283553104,1.3989266e+06,33369.47164468956,-3926.625
711000.0,833603.3536583956,703599.1,-122603.35365839559,7400.875
2000000.0,1885429.173776609,2.097294e+06,114570.82622339111,-97294.0
3000000.0,2677500.7644456583,2.5384525e+06,322499.2355543417,461547.5
1298000.0,1292865.3461970438,1.2444766e+06,5134.653802956222,53523.375
602000.0,638850.4388219966,611144.06,-36850.43882199656,-9144.0625
1445000.0,1353327.0738536732,1.3682079e+06,91672.92614632682,76792.125
1095000.0,1598298.5476955078,1.0742892e+06,-503298.54769550776,20710.75
1220000.0,1990816.97673797,1.1578499e+06,-770816.97673797,62150.125
1405000.0,1851493.8223846746,1.259163e+06,-446493.82238467457,145837.0
690000.0,1299850.172725345,718915.4,-609850.172725345,-28915.375
229900.0,188930.41293444717,229339.75,40969.58706555283,560.25
2618000.0,2504750.579287363,2.645851e+06,113249.42071263678,-27851.0
545990.0,527015.3337097822,553111.25,18974.666290217778,-7121.25
1597000.0,1672509.3419158931,1.6141969e+06,-75509.34191589314,-17196.875
1137500.0,1111213.414611143,1.161061e+06,26286.58538885694,-23561.0
780000.0,804316.4419607848,784850.5,-24316.44196078484,-4850.5
490000.0,605251.974674627,497112.8,-115251.97467462695,-7112.8125
1462450.0,1430155.1919025565,1.4666359e+06,32294.808097443543,-4185.875
1295000.0,1243834.0103294658,1.262773e+06,51165.98967053415,32227.0
1620000.0,1488615.3610774558,1.564114e+06,131384.6389225442,55886.0
655000.0,602624.0338678007,637912.06,52375.966132199275,17087.9375
317600.0,476282.8242751324,303779.78,-158682.82427513239,13820.21875
460000.0,1017690.0152530732,451228.56,-557690.0152530732,8771.4375
948000.0,1579329.1181688693,932681.44,-631329.1181688693,15318.5625
2050000.0,2577177.706341112,2.0120605e+06,-527177.706341112,37939.5
500000.0,504712.5010130182,491511.06,-4712.501013018191,8488.9375
731135.0,881236.8461321858,730521.56,-150101.84613218578,613.4375
535000.0,475461.8506499933,528233.06,59538.149350006715,6766.9375
705000.0,555853.747064409,690839.6,149146.25293559104,14160.375
1675000.0,1628659.581170645,1.8188498e+06,46340.41882935492,-143849.75
1235000.0,1319200.7327721487,1.1969099e+06,-84200.73277214868,38090.125
5300000.0,5635216.698022891,5.3447005e+06,-335216.69802289084,-44700.5
1510000.0,1720931.688964012,1.5299125e+06,-210931.68896401208,-19912.5
1069999.0,1221831.687060914,1.0622839e+06,-151832.687060914,7715.125
860000.0,1571625.6554082665,898389.1,-711625.6554082665,-38389.125
300000.0,323765.34151859407,293111.62,-23765.34151859407,6888.375
1085000.0,1446281.5388041711,1.1348088e+06,-361281.53880417114,-49808.75
940000.0,925140.2178696663,895304.06,14859.782130333711,44695.9375
500000.0,795786.2762818261,520105.53,-295786.2762818261,-20105.53125
800000.0,1313859.191943033,775078.1,-513859.1919430329,24921.875
7253200.0,8307485.827127515,7.199836e+06,-1054285.8271275153,53364.0
2200000.0,2116377.2557013375,2.1383658e+06,83622.74429866252,61634.25
1225000.0,1404485.5348366664,1.2472748e+06,-179485.53483666643,-22274.75
900000.0,1784317.2647649292,869270.06,-884317.2647649292,30729.9375
4935000.0,4092243.687377182,4.096517e+06,842756.3126228182,838483.0
70000.0,966388.5111766987,719029.9,-896388.5111766987,-649029.875
390000.0,636968.1036632961,411010.06,-246968.1036632961,-21010.0625
1650000.0,1591580.1727817913,1.6403096e+06,58419.827218208695,9690.375
6500000.0,7142762.042446945,7.8434225e+06,-642762.0424469449,-1343422.5
1600000.0,1385322.9241229538,1.439575e+06,214677.0758770462,160425.0
1075000.0,1122103.2299533263,1.0550158e+06,-47103.229953326285,19984.25
957000.0,1055565.985598891,948285.6,-98565.98559889104,8714.375
515000.0,1305034.5652869623,480346.4,-790034.5652869623,34653.59375
475000.0,817173.544794752,512328.75,-342173.54479475203,-37328.75
600000.0,949376.1473351824,631268.9,-349376.1473351824,-31268.875
690000.0,756432.5120778009,694572.75,-66432.51207780093,-4572.75
690000.0,689360.5560831159,666850.2,639.4439168841345,23149.8125
850000.0,761336.7930263565,782194.1,88663.20697364351,67805.875
680000.0,626248.335844154,671979.1,53751.664155845996,8020.875
699999.0,702003.0567505773,686900.5,-2004.0567505772924,13098.5
505000.0,476352.78205447865,497576.7,28647.217945521348,7423.3125
1100000.0,1644223.3400004096,1.1490322e+06,-544223.3400004096,-49032.25
1920000.0,2272492.9540230166,1.8646675e+06,-352492.9540230166,55332.5
849900.0,1023135.8681662992,865223.2,-173235.8681662992,-15323.1875
625000.0,730371.7179336178,628777.25,-105371.71793361777,-3777.25
1800000.0,1806341.9937608517,1.8437961e+06,-6341.9937608516775,-43796.125
2200000.0,2633058.0878224284,2.2439372e+06,-433058.08782242844,-43937.25
1415000.0,1386253.0485573413,1.3828831e+06,28746.95144265867,32116.875
1950651.0,2139968.6072083004,1.9198336e+06,-189317.60720830038,30817.375
1938888.0,1803946.382985607,1.8680885e+06,134941.61701439298,70799.5
460000.0,574557.826201998,450150.2,-114557.82620199805,9849.8125
1100000.0,1107060.5947688576,1.1530115e+06,-7060.594768857583,-53011.5
915000.0,1422079.3957860973,900714.0,-507079.3957860973,14286.0
940000.0,903149.2945865311,887447.7,36850.70541346888,52552.3125
2000000.0,2686780.921256133,2.0649184e+06,-686780.9212561329,-64918.375
870000.0,1369135.6618630998,828652.0,-499135.6618630998,41348.0
500000.0,577082.1918863743,506126.25,-77082.19188637426,-6126.25
910000.0,859523.6116254838,900106.06,50476.38837451616,9893.9375
1790000.0,1672923.486947251,1.681492e+06,117076.51305274898,108508.0
1099000.0,1137809.3554245124,1.1446804e+06,-38809.35542451241,-45680.375
830000.0,885723.3580533788,854934.25,-55723.35805337876,-24934.25
825000.0,1537336.9882181957,828365.2,-712336.9882181957,-3365.1875
920000.0,1628687.4717405776,895331.4,-708687.4717405776,24668.625
1128000.0,1615422.0184753246,1.1353381e+06,-487422.0184753246,-7338.125
385000.0,361844.15017251193,390959.5,23155.84982748807,-5959.5
1200000.0,1105551.078668295,1.1205732e+06,94448.92133170506,79426.75
7480000.0,6852179.820566813,7.4242045e+06,627820.1794331865,55795.5
1299000.0,1232728.1366911228,1.3062181e+06,66271.86330887722,-7218.125
900000.0,1479899.8525644178,929179.94,-579899.8525644178,-29179.9375
640000.0,693471.8703581478,638791.75,-53471.870358147775,1208.25
228000.0,710877.4238939745,227429.17,-482877.4238939745,570.828125
740000.0,880480.4907026633,802932.6,-140480.49070266332,-62932.625
515000.0,457830.6359032749,502122.9,57169.36409672513,12877.09375
970000.0,1052504.9115017066,982292.6,-82504.91150170658,-12292.625
1355000.0,1388471.9589451835,1.2769175e+06,-33471.95894518355,78082.5
1175155.0,1257562.642700621,1.1508846e+06,-82407.64270062093,24270.375
651000.0,636713.362353022,637076.7,14286.637646978023,13923.3125
1120000.0,1195594.6574823149,1.1242415e+06,-75594.65748231485,-4241.5
1650000.0,1866561.2111475663,1.604087e+06,-216561.21114756633,45913.0
1500000.0,1567893.7166133712,1.5433372e+06,-67893.71661337116,-43337.25
765000.0,1286557.9435677682,775240.06,-521557.9435677682,-10240.0625
1125000.0,1111059.6554607695,1.0967489e+06,13940.344539230457,28251.125
1565000.0,1491514.8430631356,1.4842299e+06,73485.15693686437,80770.125
834000.0,1533355.0131634083,875114.2,-699355.0131634083,-41114.1875
465000.0,630565.3570193527,463555.38,-165565.35701935273,1444.625
1141000.0,1159557.7290611963,1.1389299e+06,-18557.729061196325,2070.125
1600000.0,1724908.401859233,1.774425e+06,-124908.40185923292,-174425.0
620000.0,704827.7165968816,608785.8,-84827.71659688163,11214.1875
550000.0,617507.0095018249,585550.1,-67507.00950182485,-35550.125
3800000.0,4033607.34822633,3.9978375e+06,-233607.34822632978,-197837.5
425000.0,503020.9176596368,421938.28,-78020.91765963682,3061.71875
355000.0,549896.1124186398,346774.06,-194896.11241863982,8225.9375
1749900.0,1744564.5375796473,1.7148348e+06,5335.462420352735,35065.25
860000.0,880628.552066524,827218.94,-20628.552066524047,32781.0625
1325000.0,1350991.084664505,1.2800791e+06,-25991.084664504975,44920.875
860000.0,1141501.727724283,868240.25,-281501.727724283,-8240.25
1580000.0,1816470.8021759926,1.5781038e+06,-236470.80217599263,1896.25
1400000.0,1481872.4840323832,1.3577339e+06,-81872.48403238319,42266.125
1175000.0,1207885.3437176573,1.0960776e+06,-32885.34371765726,78922.375
385000.0,441897.43026217155,379055.25,-56897.43026217155,5944.75
1530000.0,1727081.0356479231,1.5187942e+06,-197081.03564792313,11205.75
1525000.0,1650039.154390968,1.486597e+06,-125039.15439096792,38403.0
2183000.0,2073953.439320312,2.2959132e+06,109046.56067968789,-112913.25
439000.0,400544.2389081485,423330.44,38455.76109185151,15669.5625
1088000.0,1205741.1434785079,1.1060362e+06,-117741.14347850787,-18036.25
4965000.0,4698648.411278408,4.8191865e+06,266351.588721592,145813.5
1300000.0,1470849.1753154714,1.380327e+06,-170849.17531547137,-80327.0
720000.0,911912.4415533927,703600.44,-191912.44155339268,16399.5625
859500.0,810164.5619578788,825411.2,49335.43804212124,34088.8125
3334475.0,3733498.3740928774,3.796142e+06,-399023.3740928774,-461667.0
1075000.0,1159490.455699051,1.0824084e+06,-84490.45569905103,-7408.375
740000.0,592291.1605265659,722328.2,147708.83947343414,17671.8125
2004000.0,1975214.293390521,2.1613678e+06,28785.70660947892,-157367.75
2750000.0,3342504.3125118194,2.763849e+06,-592504.3125118194,-13849.0
2650000.0,2408491.8997231345,2.583106e+06,241508.10027686553,66894.0
1625000.0,1665566.0701583757,1.5635756e+06,-40566.07015837566,61424.375
1625000.0,2024186.099016625,1.8580675e+06,-399186.09901662497,-233067.5
790000.0,810419.0109097215,779975.06,-20419.010909721488,10024.9375
1515000.0,1385327.1416419847,1.4712729e+06,129672.8583580153,43727.125
708000.0,779363.165688874,703492.4,-71363.16568887397,4507.625
350000.0,387815.2562413827,380731.25,-37815.25624138268,-30731.25
420000.0,1176375.9189887051,421623.3,-756375.9189887051,-1623.3125
635990.0,616123.7167349872,641036.3,19866.283265012782,-5046.3125
615000.0,597156.572170115,582330.75,17843.42782988504,32669.25
2950000.0,2984690.847805077,2.9195655e+06,-34690.84780507721,30434.5
782400.0,946240.4863291786,802666.25,-163840.48632917856,-20266.25
825000.0,995061.5445653843,827365.7,-170061.54456538428,-2365.6875
840000.0,1476670.062309863,825708.0,-636670.062309863,14292.0
525000.0,723562.2365622077,509006.84,-198562.2365622077,15993.15625
1340000.0,1564833.090636411,1.351538e+06,-224833.09063641098,-11538.0
460000.0,434573.09856937965,462201.06,25426.901430620346,-2201.0625
945000.0,1371416.8727463218,881777.6,-426416.87274632184,63222.375
2051282.0,1899284.1481032623,1.8688992e+06,151997.8518967377,182382.75
574900.0,577175.5871081126,575199.0,-2275.587108112639,-299.0
465000.0,390849.02413214033,486923.47,74150.97586785967,-21923.46875
760000.0,755990.7786771539,737293.9,4009.2213228461333,22706.125
1050000.0,1182523.931058089,1.0062125e+06,-132523.93105808902,43787.5
1132142.0,1683387.3761199182,1.156423e+06,-551245.3761199182,-24281.0
670000.0,569622.6100573806,661976.94,100377.38994261937,8023.0625
2250000.0,2182296.3066865965,2.186007e+06,67703.69331340352,63993.0
1415000.0,1613670.5204244317,1.4511245e+06,-198670.52042443166,-36124.5
560000.0,552488.1836161447,548363.75,7511.816383855301,11636.25
1100000.0,1092956.2923427604,1.1311071e+06,7043.707657239633,-31107.125
240000.0,219194.83472524327,250305.61,20805.165274756728,-10305.609375
1825000.0,1744043.0242430633,1.7759995e+06,80956.9757569367,49000.5
1630000.0,1622025.207648375,1.5936452e+06,7974.792351624928,36354.75
445000.0,633920.565384162,534184.0,-188920.565384162,-89184.0
3200000.0,3694906.2635198366,3.146872e+06,-494906.2635198366,53128.0
510000.0,594251.6196847648,497515.0,-84251.61968476477,12485.0
500000.0,430516.24005510553,485919.16,69483.75994489447,14080.84375
1025000.0,1127672.3704842087,1.0109757e+06,-102672.37048420869,14024.3125
720000.0,767067.4206613242,737265.75,-47067.42066132417,-17265.75
570000.0,630679.2318120426,568628.4,-60679.23181204265,1371.625
360000.0,431857.6314715034,362302.88,-71857.63147150341,-2302.875
2838888.0,3131771.120725109,2.8357075e+06,-292883.1207251088,3180.5
2830000.0,2860274.402539415,2.910833e+06,-30274.40253941482,-80833.0
810000.0,780408.6948764368,752220.1,29591.305123563157,57779.875
639000.0,1091455.8192732066,626794.3,-452455.81927320664,12205.6875
465000.0,504406.87717309233,484526.28,-39406.87717309233,-19526.28125
870000.0,726925.7294620456,897044.2,143074.2705379544,-27044.1875
1295000.0,1904947.7269151434,1.2989411e+06,-609947.7269151434,-3941.125
1120000.0,1712300.4079046263,1.1138375e+06,-592300.4079046263,6162.5
180000.0,424425.9171585067,294534.53,-244425.9171585067,-114534.53125
1300000.0,1645231.9336541693,1.2517075e+06,-345231.9336541693,48292.5
1515000.0,1774450.1101071835,1.5388091e+06,-259450.11010718346,-23809.125
1110000.0,1083554.8100360092,1.0637995e+06,26445.189963990822,46200.5
772500.0,736170.0152727148,792420.4,36329.98472728522,-19920.375
1999995.0,2605041.7996038147,1.97699e+06,-605046.7996038147,23005.0
1771500.0,1856215.7817233093,1.8373506e+06,-84715.78172330931,-65850.625
1110000.0,1217410.1499225488,1.1180519e+06,-107410.1499225488,-8051.875
1320000.0,1304566.3971517878,1.3480765e+06,15433.602848212235,-28076.5
970000.0,1174395.195050752,945533.1,-204395.19505075202,24466.875
615000.0,563262.4434401749,614849.8,51737.55655982508,150.1875
2290000.0,2210367.9070964423,2.235835e+06,79632.0929035577,54165.0
4685000.0,4332928.564399751,4.3400585e+06,352071.4356002491,344941.5
795000.0,738730.7934407943,802510.06,56269.20655920566,-7510.0625
680000.0,857843.9118868398,683512.94,-177843.91188683978,-3512.9375
1200000.0,1122567.6703253817,1.2393329e+06,77432.32967461832,-39332.875
915000.0,1500243.7964019286,908251.2,-585243.7964019286,6748.8125
1437000.0,1570338.7182861415,1.3861128e+06,-133338.71828614152,50887.25
530000.0,554577.5501442988,533142.25,-24577.550144298817,-3142.25
504490.0,660423.6529466405,497333.78,-155933.6529466405,7156.21875
1750000.0,1928207.2733494858,1.9613392e+06,-178207.27334948583,-211339.25
1650000.0,1773287.1540471753,1.6942455e+06,-123287.15404717531,-44245.5
750000.0,777678.9839241279,747183.1,-27678.983924127882,2816.875
490000.0,498966.7671427382,484554.47,-8966.767142738216,5445.53125
617490.0,599570.7648240167,626835.0,17919.23517598328,-9345.0
1100000.0,1223598.0033377535,1.0929316e+06,-123598.00333775347,7068.375
1580000.0,1609428.1825669673,1.5624562e+06,-29428.182566967327,17543.75
291500.0,863669.5038233584,286176.44,-572169.5038233584,5323.5625
1360000.0,1259318.6037074116,1.3154828e+06,100681.39629258844,44517.25
441000.0,524024.67437894305,478013.97,-83024.67437894305,-37013.96875
864000.0,1016775.621067382,899658.94,-152775.62106738205,-35658.9375
582500.0,576175.9601212549,564240.44,6324.039878745098,18259.5625
4000000.0,3963915.7071420816,4.0238515e+06,36084.29285791842,-23851.5
185000.0,1033625.3195886312,199927.9,-848625.3195886312,-14927.90625
2100000.0,2416305.3255554843,2.2377358e+06,-316305.3255554843,-137735.75
950000.0,1083608.2981922587,985153.06,-133608.2981922587,-35153.0625
700000.0,587705.4391323363,705806.8,112294.5608676637,-5806.8125
249999.0,318262.17976504867,230118.83,-68263.17976504867,19880.171875
800000.0,1858250.9816841446,865921.56,-1058250.9816841446,-65921.5625
565000.0,809232.0550311466,573693.0,-244232.05503114662,-8693.0
450000.0,377819.9015079641,485353.2,72180.09849203588,-35353.1875
799000.0,829732.3555157059,781128.9,-30732.355515705887,17871.125
2100000.0,3108576.2621663073,2.2502805e+06,-1008576.2621663073,-150280.5
355000.0,446365.08246740233,345868.44,-91365.08246740233,9131.5625
702000.0,682852.2656578512,708932.9,19147.73434214876,-6932.875
649990.0,613525.255677632,661761.06,36464.744322367944,-11771.0625
857000.0,814682.2736282042,850552.56,42317.726371795754,6447.4375
665230.0,614100.0369689042,649530.44,51129.9630310958,15699.5625
610000.0,726645.348933693,628830.0,-116645.34893369302,-18830.0
738039.0,872250.6848799759,697496.06,-134211.68487997586,40542.9375
880000.0,832015.8712909666,873529.94,47984.128709033364,6470.0625
760000.0,927719.3425396633,729030.1,-167719.3425396633,30969.875
1550000.0,1572072.7658677371,1.5025062e+06,-22072.765867737122,47493.75
2340000.0,2274449.1279723253,2.4400328e+06,65550.87202767469,-100032.75
435000.0,310703.0446226422,431214.12,124296.95537735778,3785.875
450000.0,508276.95104984683,436149.88,-58276.95104984683,13850.125
745000.0,764310.0711061859,755867.44,-19310.071106185904,-10867.4375
1255000.0,1267620.2534748379,1.267829e+06,-12620.253474837868,-12829.0
280000.0,305858.41218685394,296528.84,-25858.412186853937,-16528.84375
1140000.0,1209308.745417685,1.0704592e+06,-69308.74541768502,69540.75
311000.0,319851.4875342831,296309.47,-8851.487534283078,14690.53125
1230000.0,1224469.123873503,1.2231456e+06,5530.876126497053,6854.375
715000.0,679215.870694033,689894.1,35784.12930596701,25105.875
1828000.0,1853214.438736642,1.8218895e+06,-25214.438736642012,6110.5
1150000.0,1271562.2730636443,1.173068e+06,-121562.2730636443,-23068.0
998000.0,1023704.5441834333,941565.75,-25704.54418343329,56434.25
399000.0,387509.3802541153,390141.22,11490.619745884673,8858.78125
1094000.0,1051900.0863982593,1.1079259e+06,42099.91360174073,-13925.875
1140000.0,1404619.5563507613,1.1272014e+06,-264619.5563507613,12798.625
540000.0,550031.2908560918,549545.9,-10031.290856091771,-9545.875
695990.0,853098.0132050578,703555.5,-157108.01320505782,-7565.5
1915000.0,1961364.0069989942,1.9412288e+06,-46364.006998994155,-26228.75
370000.0,1602991.2978424355,374320.56,-1232991.2978424355,-4320.5625
1042000.0,1067714.1322406232,1.03568294e+06,-25714.132240623236,6317.0625
861000.0,912743.0863805853,828768.2,-51743.08638058533,32231.8125
474479.0,430207.14784183225,464002.1,44271.85215816775,10476.90625
810000.0,918329.9078354202,789090.1,-108329.90783542022,20909.875
950000.0,845287.6935430024,927390.75,104712.30645699764,22609.25
1655000.0,1578134.6284704113,1.6387132e+06,76865.37152958871,16286.75
750000.0,718229.2891695867,724413.0,31770.71083041327,25587.0
1879000.0,2052695.1077679335,1.8134164e+06,-173695.1077679335,65583.625
1400000.0,1299847.7922112104,1.3314386e+06,100152.20778878964,68561.375
1285000.0,1447155.7451692976,1.2812442e+06,-162155.74516929756,3755.75
925000.0,1491989.8324244453,922109.9,-566989.8324244453,2890.125
1363750.0,1234664.0167078257,1.2331915e+06,129085.9832921743,130558.5
1800000.0,1716617.3429166237,1.7352888e+06,83382.65708337631,64711.25
935000.0,932024.4192276746,892716.44,2975.5807723253965,42283.5625
947500.0,908235.5601477644,910471.3,39264.439852235606,37028.6875
517090.0,520717.13809405046,525234.6,-3627.1380940504605,-8144.625
1265000.0,1287231.8548316217,1.3359602e+06,-22231.85483162175,-70960.25
1585000.0,1491588.2118495735,1.51397e+06,93411.78815042647,71030.0
1200000.0,1226653.196018626,1.1974956e+06,-26653.196018625982,2504.375
540000.0,520519.34435680974,549157.1,19480.655643190257,-9157.125
612000.0,837486.8343979702,608644.75,-225486.83439797023,3355.25
1800000.0,2047539.6879324974,1.9997829e+06,-247539.68793249736,-199782.875
925000.0,1070001.559946474,941451.75,-145001.55994647392,-16451.75
645000.0,666758.171130942,632790.25,-21758.171130941948,12209.75
1050000.0,1093777.3898980613,1.0887838e+06,-43777.38989806129,-38783.75
745000.0,886585.2502864213,720395.75,-141585.25028642127,24604.25
1125000.0,1100700.8189529672,1.1201202e+06,24299.18104703282,4879.75
885000.0,830381.541785749,882579.4,54618.458214250975,2420.625
850000.0,954895.4344710296,881950.9,-104895.43447102956,-31950.875
760000.0,1083162.1316818604,730990.56,-323162.1316818604,29009.4375
880000.0,938472.0464502207,880327.4,-58472.04645022075,-327.375
1425000.0,1294290.1051726625,1.417758e+06,130709.89482733747,7242.0
1315000.0,1317673.3926429928,1.2954364e+06,-2673.3926429927815,19563.625
676300.0,584891.1955779645,662640.1,91408.80442203546,13659.875
1500000.0,2062285.9994356416,1.5896395e+06,-562285.9994356416,-89639.5
1025000.0,1067537.4640253852,1.077359e+06,-42537.46402538521,-52359.0
980000.0,907230.1054034886,959705.3,72769.89459651138,20294.6875
675000.0,730805.3910192393,658396.4,-55805.39101923932,16603.625
4925000.0,4794598.629732439,4.83028e+06,130401.3702675607,94720.0
1404000.0,1348687.7918312717,1.388861e+06,55312.20816872828,15139.0
710000.0,1260749.165652612,654061.9,-550749.165652612,55938.125
1825000.0,2372629.9510214636,1.8589662e+06,-547629.9510214636,-33966.25
819000.0,863771.2283744651,807294.6,-44771.228374465136,11705.375
449000.0,393715.3883857151,450682.38,55284.61161428492,-1682.375
915000.0,882496.5726388122,882350.5,32503.427361187758,32649.5
5000000.0,5334647.04674858,5.1844275e+06,-334647.0467485804,-184427.5
790000.0,888252.6797936694,805538.9,-98252.67979366938,-15538.875
1075000.0,917543.3212802184,1.061905e+06,157456.67871978157,13095.0
311000.0,304335.5463212816,323761.7,6664.453678718419,-12761.6875
1850000.0,1860614.4812719538,1.8401335e+06,-10614.481271953788,9866.5
365000.0,321714.1245101206,368112.94,43285.8754898794,-3112.9375
1225000.0,1170811.8375720405,1.2635415e+06,54188.1624279595,-38541.5
432607.0,332049.42712574324,431241.7,100557.57287425676,1365.3125
633000.0,618583.6333216655,639167.1,14416.36667833454,-6167.125
875000.0,1463162.8017695756,871522.06,-588162.8017695756,3477.9375
650000.0,634103.0910050487,666792.94,15896.908994951285,-16792.9375
1865000.0,1835628.4239752835,1.824602e+06,29371.576024716487,40398.0
753000.0,879627.5767780019,750423.06,-126627.57677800185,2576.9375
508946.0,444506.298649259,514104.94,64439.70135074097,-5158.9375
2735000.0,2438994.842209261,2.5491532e+06,296005.1577907391,185846.75
1313000.0,1422128.1446287297,1.3222381e+06,-109128.14462872967,-9238.125
1074990.0,1084523.7634916971,1.0234841e+06,-9533.763491697144,51505.875
1687500.0,1718022.7239165446,1.7987621e+06,-30522.72391654458,-111262.125
900000.0,883537.7501794833,928937.1,16462.249820516678,-28937.125
285000.0,1009713.2926604165,279944.9,-724713.2926604165,5055.09375
958000.0,747845.2270082668,924473.25,210154.77299173316,33526.75
989000.0,986523.2846623556,972933.1,2476.7153376444476,16066.875
685000.0,706799.0181508177,669229.75,-21799.01815081772,15770.25
683500.0,539663.9514311687,666962.75,143836.0485688313,16537.25
255000.0,368618.16468694457,253610.7,-113618.16468694457,1389.296875
1200000.0,1227937.0357714435,1.2283428e+06,-27937.03577144351,-28342.75
1260000.0,2015814.6003856994,1.2572119e+06,-755814.6003856994,2788.125
520000.0,421916.4116773576,535321.8,98083.58832264238,-15321.8125
1155000.0,1143465.613423144,1.1517938e+06,11534.38657685602,3206.25
370000.0,373098.15629218647,443380.9,-3098.156292186468,-73380.90625
1306000.0,1298584.7199783833,1.355987e+06,7415.280021616723,-49987.0
1399990.0,1439198.9391401308,1.342013e+06,-39208.939140130766,57977.0
390000.0,430916.58084119204,398271.12,-40916.580841192044,-8271.125
519000.0,491150.28721537476,530477.5,27849.71278462524,-11477.5
1300000.0,1266459.5728611527,1.1400611e+06,33540.4271388473,159938.875
2299000.0,2054314.5387451635,2.2533172e+06,244685.46125483653,45682.75
709559.0,566971.1316421726,689145.9,142587.86835782742,20413.125
3500000.0,3363197.7475766237,3.6929935e+06,136802.2524233763,-192993.5
365000.0,972232.3186463332,362078.03,-607232.3186463332,2921.96875
775000.0,762796.5076589631,786787.0,12203.492341036908,-11787.0
2300000.0,2451355.062611984,2.4665875e+06,-151355.0626119841,-166587.5
925000.0,1115173.9750934076,918930.25,-190173.97509340756,6069.75
640000.0,803395.7838619414,660046.6,-163395.78386194143,-20046.625
1355000.0,1348221.4809993561,1.3392642e+06,6778.519000643864,15735.75
686000.0,677260.5363958018,700182.6,8739.463604198187,-14182.625
588000.0,780950.7718966535,589478.3,-192950.77189665346,-1478.3125
710000.0,846243.5884142325,769210.0,-136243.58841423248,-59210.0
2585000.0,2444378.5180755192,2.6200708e+06,140621.48192448076,-35070.75
2050000.0,2099828.192206752,2.0579392e+06,-49828.19220675202,-7939.25
530000.0,404919.6278499259,533738.94,125080.37215007411,-3738.9375
600000.0,774202.8281811366,608853.1,-174202.82818113663,-8853.125
375000.0,379998.0961971405,385628.28,-4998.0961971405195,-10628.28125
507000.0,623792.0308801155,502942.4,-116792.03088011546,4057.59375
2400000.0,2307301.2615704285,2.5069078e+06,92698.7384295715,-106907.75
690000.0,619792.3094474259,704622.44,70207.69055257412,-14622.4375
3000000.0,2926979.2242208095,3.0227922e+06,73020.77577919047,-22792.25
720000.0,691737.9654079162,704466.56,28262.03459208377,15533.4375
425000.0,366037.45790502103,403099.2,58962.54209497897,21900.8125
1225000.0,1719647.3294258653,1.1586884e+06,-494647.3294258653,66311.625
1499000.0,1606866.9857534687,1.4782954e+06,-107866.9857534687,20704.625
630000.0,826788.1403611402,617196.8,-196788.14036114025,12803.1875
610000.0,526415.6549996897,602138.1,83584.34500031034,7861.875
930000.0,931061.7772078542,869513.8,-1061.7772078542039,60486.1875
2170000.0,2392422.149939934,1.8443782e+06,-222422.1499399338,325621.75
1485000.0,1369272.541511272,1.4600391e+06,115727.45848872792,24960.875
1800000.0,1606124.2101027619,1.7271162e+06,193875.78989723814,72883.75
660000.0,1174669.6409422406,651031.2,-514669.6409422406,8968.8125
395000.0,512427.0026278751,366933.2,-117427.00262787507,28066.8125
2200000.0,2213573.77396128,2.1066195e+06,-13573.773961280007,93380.5
420000.0,326839.9138373679,418542.56,93160.0861626321,1457.4375
1375000.0,1817461.691783782,1.4124205e+06,-442461.6917837821,-37420.5
390000.0,337945.48764765984,390254.34,52054.512352340156,-254.34375
3050000.0,3438240.138056631,3.02602e+06,-388240.1380566312,23980.0
465000.0,905055.7767979361,428119.2,-440055.77679793607,36880.8125
730000.0,627805.9710215804,700470.44,102194.0289784196,29529.5625
765000.0,780528.7568679124,805094.2,-15528.756867912365,-40094.1875
603400.0,579041.9911379383,599406.9,24358.00886206166,3993.125
470000.0,384293.15986344696,438742.25,85706.84013655304,31257.75
2350000.0,2551176.027681035,2.4476398e+06,-201176.027681035,-97639.75
5810000.0,5597879.771914912,5.9980495e+06,212120.2280850876,-188049.5
1415000.0,1438458.7546559507,1.4485582e+06,-23458.754655950703,-33558.25
467333.0,377762.14102183934,457563.56,89570.85897816066,9769.4375
9500000.0,9252882.626566373,8.0174105e+06,247117.3734336272,1482589.5
550000.0,768484.8562742772,589273.2,-218484.8562742772,-39273.1875
870000.0,928969.3427222695,926774.5,-58969.34272226947,-56774.5
509000.0,1042506.092838334,489167.34,-533506.092838334,19832.65625
8650000.0,8059475.318382969,8.583243e+06,590524.6816170309,66757.0
1715000.0,1617770.8348329724,1.6941098e+06,97229.16516702762,20890.25
735000.0,662006.3594164542,763323.0,72993.64058354578,-28323.0
710000.0,807531.9567304042,724026.9,-97531.95673040417,-14026.875
820000.0,857403.5009433219,776523.1,-37403.50094332185,43476.875
494000.0,397236.0995291519,485212.97,96763.90047084808,8787.03125
650000.0,677641.7998233006,647981.8,-27641.799823300564,2018.1875
693000.0,859680.7243304524,801881.25,-166680.7243304524,-108881.25
1575000.0,1535684.6830592123,1.4782714e+06,39315.316940787714,96728.625
699950.0,818936.7066369371,687458.9,-118986.7066369371,12491.125
835000.0,735520.2758914367,848569.2,99479.72410856327,-13569.1875
329000.0,344272.3210459162,303437.8,-15272.321045916178,25562.1875
330000.0,475320.80071030103,328312.44,-145320.80071030103,1687.5625
850000.0,946302.8006569351,913216.7,-96302.80065693508,-63216.6875
1848000.0,1811889.2325919499,1.8056042e+06,36110.76740805013,42395.75
367500.0,352152.5631517571,364865.66,15347.436848242884,2634.34375
835000.0,898605.8288657495,862585.94,-63605.82886574953,-27585.9375
1485000.0,2075865.098609406,1.5830888e+06,-590865.098609406,-98088.75
690000.0,1035761.5669773284,736647.94,-345761.5669773284,-46647.9375
1090000.0,1251305.9794718588,1.081487e+06,-161305.97947185882,8513.0
1190000.0,1120683.5015383083,1.1750565e+06,69316.49846169166,14943.5
1400000.0,1388821.6625368185,1.4310772e+06,11178.337463181466,-31077.25
400000.0,628242.1253683874,390070.9,-228242.12536838744,9929.09375
353000.0,555573.0093642938,339210.4,-202573.00936429377,13789.59375
876500.0,1123261.9556979507,872034.2,-246761.95569795067,4465.8125
3675000.0,3447230.376599368,3.6367065e+06,227769.62340063183,38293.5
1495000.0,1527418.9858286234,1.5210425e+06,-32418.98582862341,-26042.5
825000.0,701540.8690806795,843861.9,123459.13091932051,-18861.875
800000.0,1363670.995151427,810575.6,-563670.9951514271,-10575.625
2100000.0,1980185.0822735867,1.8869391e+06,119814.91772641335,213060.875
408000.0,340282.37474548887,404499.4,67717.62525451113,3500.59375
2000000.0,2027279.5064066914,2.0933256e+06,-27279.50640669139,-93325.625
1000000.0,1209415.1877175018,1.0684286e+06,-209415.18771750177,-68428.625
663000.0,711627.9535618682,640311.7,-48627.95356186817,22688.3125
1600000.0,1557841.2754005468,1.6227462e+06,42158.724599453155,-22746.25
2000000.0,2028755.1485263244,1.972331e+06,-28755.148526324425,27669.0
2467000.0,2808410.657385512,2.404163e+06,-341410.6573855118,62837.0
1700000.0,1856633.3478787458,1.6700415e+06,-156633.34787874576,29958.5
2550000.0,2729172.886354415,2.4052385e+06,-179172.8863544152,144761.5
3915000.0,4166252.1021130057,4.141605e+06,-251252.1021130057,-226605.0
831000.0,808326.4833006787,846893.25,22673.516699321335,-15893.25
2750000.0,2717853.362368462,2.8163648e+06,32146.63763153786,-66364.75
1800000.0,1806310.5536405423,1.8695019e+06,-6310.553640542319,-69501.875
680000.0,949854.6890254586,690094.2,-269854.68902545865,-10094.1875
925000.0,1405087.6118542913,908620.25,-480087.6118542913,16379.75
960000.0,1136678.4400253478,1.0373921e+06,-176678.44002534775,-77392.125
500000.0,666956.8275023809,515886.3,-166956.82750238094,-15886.3125
850000.0,847716.4324697889,885914.56,2283.5675302110612,-35914.5625
737500.0,771181.3053933651,755044.6,-33681.305393365095,-17544.625
756000.0,852774.4401700514,773994.56,-96774.44017005141,-17994.5625
715000.0,751854.2543330281,691000.4,-36854.254333028104,23999.625
485000.0,483290.82367258135,491880.12,1709.1763274186524,-6880.125
1200000.0,1195330.8551683729,1.1828504e+06,4669.144831627142,17149.625
570000.0,645796.2868322318,578950.1,-75796.2868322318,-8950.125
2800000.0,2754715.0036986033,2.8828972e+06,45284.99630139675,-82897.25
465000.0,415722.38418468484,450972.2,49277.61581531516,14027.8125
4100000.0,4364647.624088997,4.1923518e+06,-264647.624088997,-92351.75
1663000.0,1820182.3229805322,1.671662e+06,-157182.3229805322,-8662.0
699900.0,577162.0445389233,682756.56,122737.9554610767,17143.4375
530000.0,586368.3413169605,524226.28,-56368.34131696052,5773.71875
1995000.0,1807086.1423340612,1.9452076e+06,187913.8576659388,49792.375
509900.0,485294.839827309,511379.8,24605.160172690987,-1479.8125
7164000.0,6830265.733741475,7.461754e+06,333734.26625852473,-297754.0
749000.0,694521.5630075231,760307.9,54478.43699247693,-11307.875
1200000.0,1172792.6036909954,1.1934892e+06,27207.39630900463,6510.75
1520000.0,2129112.6486704685,1.4904895e+06,-609112.6486704685,29510.5
585000.0,727202.1171228569,566677.4,-142202.1171228569,18322.625
2450000.0,2183425.1954535902,2.416009e+06,266574.80454640975,33991.0
810000.0,946852.1544210159,808865.2,-136852.15442101588,1134.8125
1400000.0,1450374.5535654603,1.4279662e+06,-50374.55356546026,-27966.25
890000.0,971012.1334297825,830315.6,-81012.13342978247,59684.375
1018000.0,1078286.8405087697,1.0585411e+06,-60286.84050876973,-40541.125
1000000.0,914001.920393439,1.1001891e+06,85998.07960656099,-100189.125
1062500.0,1044260.8700245129,1.0942968e+06,18239.12997548713,-31796.75
945000.0,993846.8819388528,963343.9,-48846.881938852835,-18343.875
440000.0,413805.7485732682,449042.25,26194.25142673182,-9042.25
2345000.0,2205320.7704220773,2.3668538e+06,139679.22957792273,-21853.75
575000.0,697728.943346054,562590.3,-122728.94334605394,12409.6875
2010000.0,2343491.532360536,2.0376758e+06,-333491.53236053605,-27675.75
780000.0,828060.1930149073,828456.9,-48060.1930149073,-48456.875
725000.0,1081005.0364987392,715454.56,-356005.03649873915,9545.4375
575000.0,462691.84218866413,575189.7,112308.15781133587,-189.6875
1130000.0,1646568.3466412793,1.1500574e+06,-516568.3466412793,-20057.375
1727500.0,2174826.3867470613,1.7176712e+06,-447326.3867470613,9828.75
539000.0,522836.0052713911,524546.3,16163.994728608872,14453.6875
610000.0,607707.387714658,617697.3,2292.612285341951,-7697.3125
1150000.0,1514055.8393335417,1.1401535e+06,-364055.8393335417,9846.5
1988000.0,1896840.8228090652,1.9964406e+06,91159.17719093477,-8440.625
1855000.0,2423421.106863749,2.0033258e+06,-568421.1068637492,-148325.75
2870000.0,2691950.617785856,2.7431358e+06,178049.38221414387,126864.25
978000.0,1003659.4254285139,1.0015501e+06,-25659.425428513903,-23550.125
258500.0,438153.90517419076,255632.47,-179653.90517419076,2867.53125
657990.0,589353.5895006886,655663.2,68636.4104993114,2326.8125
345000.0,360636.2877822147,357415.25,-15636.287782214698,-12415.25
876000.0,901179.7821673767,879595.6,-25179.782167376718,-3595.625
549000.0,532433.8367575308,549220.0,16566.163242469192,-220.0
849000.0,941513.7514623054,865777.9,-92513.75146230543,-16777.875
745000.0,876699.2036955612,761232.94,-131699.20369556115,-16232.9375
385000.0,514992.30773928436,406448.72,-129992.30773928436,-21448.71875
645500.0,799142.4659535442,633425.44,-153642.46595354425,12074.5625
1275000.0,1306258.1496837123,1.1934596e+06,-31258.149683712283,81540.375
1342000.0,1309962.2818423393,1.3158265e+06,32037.71815766068,26173.5
1380000.0,1443351.5314354273,1.4001892e+06,-63351.531435427256,-20189.25
400000.0,475652.1086314003,393087.2,-75652.10863140028,6912.8125
325000.0,365225.80963804515,341789.38,-40225.809638045146,-16789.375
1100000.0,1226098.038479046,1.1737035e+06,-126098.03847904596,-73703.5
533000.0,507967.1485884121,541556.6,25032.851411587908,-8556.625
910000.0,872471.4112031714,904052.2,37528.58879682864,5947.8125
1584000.0,2299431.076310956,1.6242714e+06,-715431.0763109559,-40271.375
772500.0,833488.5008596459,776229.1,-60988.500859645894,-3729.125
279000.0,451351.9680550959,276740.72,-172351.96805509587,2259.28125
1600000.0,1977674.8305322574,1.6939288e+06,-377674.83053225745,-93928.75
656000.0,739137.1842740676,650189.25,-83137.18427406764,5810.75
380000.0,552065.7382894085,383296.0,-172065.7382894085,-3296.0
590000.0,437995.1476353621,591475.75,152004.8523646379,-1475.75
10950000.0,10291105.081970751,1.1768636e+07,658894.9180292487,-818636.0
869500.0,1668684.9448289636,864151.2,-799184.9448289636,5348.8125
325000.0,439637.5502900317,307564.72,-114637.55029003171,17435.28125
1450000.0,2058994.6167937592,1.519965e+06,-608994.6167937592,-69965.0
689000.0,814781.4859988901,683393.0,-125781.48599889013,5607.0
494190.0,554114.482924071,516677.03,-59924.482924071024,-22487.03125
2963000.0,3062564.9329846785,2.796143e+06,-99564.93298467854,166857.0
1565000.0,1819238.9259752356,1.6927128e+06,-254238.92597523564,-127712.75
2350000.0,2266079.672614259,2.3706038e+06,83920.32738574082,-20603.75
644000.0,685453.8626326122,630463.3,-41453.86263261223,13536.6875
2200000.0,2184459.72630892,2.1196742e+06,15540.273691080045,80325.75
225000.0,355331.9484544479,201258.78,-130331.9484544479,23741.21875
725000.0,649023.6053908368,714470.6,75976.39460916317,10529.375
1700000.0,1716915.3627789728,1.7661929e+06,-16915.362778972834,-66192.875
1975000.0,1983969.2689252058,1.9673471e+06,-8969.268925205804,7652.875
1520000.0,1740251.6406234393,1.7041986e+06,-220251.64062343934,-184198.625
533000.0,633546.9100622132,503860.8,-100546.9100622132,29139.1875
675000.0,1025589.9530460831,764466.0,-350589.9530460831,-89466.0
370000.0,387390.2764249564,422898.28,-17390.27642495639,-52898.28125
575000.0,732615.0040602044,573043.94,-157615.00406020437,1956.0625
4600000.0,4963764.081852798,4.395064e+06,-363764.08185279835,204936.0
320000.0,447288.30863886303,331876.62,-127288.30863886303,-11876.625
850000.0,1358197.602548479,844281.25,-508197.6025484791,5718.75
700000.0,655353.0525780665,732517.5,44646.947421933524,-32517.5
2000000.0,2389481.107307354,2.1364252e+06,-389481.107307354,-136425.25
620000.0,959713.1541219513,621037.0,-339713.1541219513,-1037.0
1015000.0,1114843.438020519,1.02137894e+06,-99843.43802051898,-6378.9375
630000.0,893297.4212395902,626892.4,-263297.42123959016,3107.625
800000.0,753232.6673071331,783628.44,46767.33269286691,16371.5625
1399000.0,1998098.5560319799,1.4494979e+06,-599098.5560319799,-50497.875
1050000.0,977687.6649130592,1.02434144e+06,72312.33508694079,25658.5625
965000.0,1010873.7230101479,952618.3,-45873.72301014792,12381.6875
1310000.0,1760983.7660165112,1.279137e+06,-450983.76601651125,30863.0
4484000.0,4574689.036996412,4.4990365e+06,-90689.03699641209,-15036.5
684990.0,523930.4301529578,682793.0,161059.5698470422,2197.0
1685000.0,2164835.3764629937,1.6290276e+06,-479835.3764629937,55972.375
8000000.0,8619300.750488754,7.5721285e+06,-619300.7504887544,427871.5
925000.0,951532.2370832661,904437.7,-26532.23708326614,20562.3125
910000.0,910699.6372338885,910805.7,-699.6372338884976,-805.6875
3000000.0,3308809.4491213495,3.0506695e+06,-308809.4491213495,-50669.5
1020000.0,1107532.9216148814,1.0979388e+06,-87532.92161488137,-77938.75
1380000.0,1399215.4792453817,1.337138e+06,-19215.479245381663,42862.0
1095000.0,1160374.3746082152,1.1091354e+06,-65374.37460821518,-14135.375
513000.0,593037.3197708529,498147.88,-80037.31977085292,14852.125
600000.0,623605.4017111085,604283.9,-23605.401711108512,-4283.875
545000.0,528205.9144551298,539021.5,16794.085544870235,5978.5
1150000.0,1226928.011281405,1.186924e+06,-76928.01128140511,-36924.0
935000.0,903903.0048900852,949911.25,31096.995109914802,-14911.25
645000.0,812096.3973183414,644761.0,-167096.39731834142,239.0
1476500.0,1601139.169187051,1.4815302e+06,-124639.16918705101,-5030.25
1250000.0,1351060.9635425075,1.2899872e+06,-101060.9635425075,-39987.25
1025000.0,1299896.6146004428,1.027293e+06,-274896.6146004428,-2293.0
449000.0,499930.4194859008,433036.88,-50930.419485900784,15963.125
2100000.0,2262120.684342467,1.9782329e+06,-162120.68434246723,121767.125
2700000.0,3006444.686228978,3.097901e+06,-306444.686228978,-397901.0
6725000.0,6712101.684165935,6.218294e+06,12898.315834064968,506706.0
720000.0,745648.7257813854,731116.06,-25648.725781385438,-11116.0625
1300000.0,1289055.2754455649,1.2960308e+06,10944.724554435117,3969.25
2215000.0,2516659.2462537214,2.3611792e+06,-301659.2462537214,-146179.25
3416000.0,3354438.219737366,3.4879568e+06,61561.78026263416,-71956.75
630000.0,601962.6951600937,632329.4,28037.304839906283,-2329.375
355000.0,382756.6774105447,352240.0,-27756.67741054471,2760.0
668000.0,697432.590726773,721793.1,-29432.59072677302,-53793.125
670000.0,877339.4058273239,677657.8,-207339.4058273239,-7657.8125
790000.0,948826.603925833,783402.75,-158826.603925833,6597.25
560000.0,573556.0412936662,542467.9,-13556.041293666232,17532.125
500000.0,516483.26322677697,499832.94,-16483.263226776966,167.0625
500000.0,504269.76937549247,449635.75,-4269.769375492469,50364.25
479000.0,460209.55231499276,478503.84,18790.44768500724,496.15625
700000.0,683730.2049903336,686160.0,16269.795009666355,13840.0
550000.0,558936.5127895653,553217.25,-8936.512789565255,-3217.25
1600000.0,1603795.9968608478,1.6181658e+06,-3795.9968608478084,-18165.75
300000.0,433470.0272242824,298656.25,-133470.02722428238,1343.75
1200000.0,1353523.9559536027,1.2027512e+06,-153523.95595360268,-2751.25
840000.0,915818.6736610493,851008.56,-75818.67366104934,-11008.5625
2600000.0,3265207.6415290916,3.0736288e+06,-665207.6415290916,-473628.75
1415000.0,1461188.9019132573,1.3954382e+06,-46188.901913257316,19561.75
1040000.0,1866003.4626668403,1.103736e+06,-826003.4626668403,-63736.0
6700000.0,6132250.080943439,6.250984e+06,567749.9190565608,449016.0
2610000.0,2592395.6143561886,2.605576e+06,17604.38564381143,4424.0
785000.0,997592.991403841,776406.9,-212592.99140384095,8593.125
1550000.0,1796717.431303507,1.603937e+06,-246717.43130350695,-53937.0
728000.0,740889.3696124085,714350.06,-12889.369612408453,13649.9375
2512000.0,2266931.234028372,2.3575632e+06,245068.76597162802,154436.75
834000.0,796036.067011653,803736.3,37963.93298834702,30263.6875
1215000.0,1304513.342004058,1.2153644e+06,-89513.34200405795,-364.375
837000.0,808847.2598751308,833067.9,28152.74012486916,3932.125
655000.0,702529.6902056898,642279.75,-47529.69020568975,12720.25
635000.0,596906.8380271182,602269.06,38093.16197288176,32730.9375
400000.0,294899.0989140987,438736.8,105100.9010859013,-38736.8125
1224000.0,1805886.5874412437,1.2047441e+06,-581886.5874412437,19255.875
1152000.0,1171006.4799584514,1.1247026e+06,-19006.479958451353,27297.375
310000.0,962234.7448940907,324822.2,-652234.7448940907,-14822.1875
529000.0,1160604.812623776,526245.44,-631604.812623776,2754.5625
535000.0,483781.5757983549,577599.56,51218.42420164507,-42599.5625
440000.0,460939.8137549807,448142.12,-20939.813754980685,-8142.125
5000000.0,5253937.0250761,4.769259e+06,-253937.02507609967,230741.0
1750000.0,1597728.5911863004,1.7430858e+06,152271.4088136996,6914.25
350550.0,335482.50324064237,353791.34,15067.49675935763,-3241.34375
780000.0,841519.0082025687,788456.75,-61519.008202568744,-8456.75
835000.0,857905.5001808279,845633.4,-22905.50018082792,-10633.375
1520000.0,1628008.983162203,1.4637672e+06,-108008.9831622031,56232.75
1801174.0,1789198.518762213,1.7201531e+06,11975.481237787055,81020.875
750000.0,901452.1817171772,713015.4,-151452.18171717715,36984.625
575000.0,1200607.650637558,577022.0,-625607.650637558,-2022.0
490000.0,411658.7415942495,503713.3,78341.2584057505,-13713.3125
683000.0,564085.2174293943,664471.5,118914.78257060575,18528.5
1025000.0,970978.0341931395,995424.44,54021.96580686048,29575.5625
702000.0,825204.2231958427,702482.06,-123204.2231958427,-482.0625
1060000.0,1206878.407186037,1.0198391e+06,-146878.40718603693,40160.875
940000.0,1067654.9985512798,950942.7,-127654.99855127977,-10942.6875
1640000.0,2093711.8812850101,1.5673738e+06,-453711.88128501014,72626.25
819990.0,784335.4758467426,818092.4,35654.52415325737,1897.625
2250000.0,2274604.3600370167,2.3318085e+06,-24604.360037016682,-81808.5
885000.0,1435155.8516240409,888352.9,-550155.8516240409,-3352.875
1597000.0,1652440.0451410883,1.6239244e+06,-55440.04514108831,-26924.375
760000.0,793449.9850215652,796012.06,-33449.985021565226,-36012.0625
595000.0,420520.06800922565,609354.44,174479.93199077435,-14354.4375
755000.0,741692.8348222681,739474.0,13307.165177731891,15526.0
565000.0,411305.47969436436,562784.56,153694.52030563564,2215.4375
425000.0,315145.0844706787,454637.1,109854.9155293213,-29637.09375
4800000.0,4449865.363073782,4.5840505e+06,350134.63692621794,215949.5
900000.0,1088796.146113077,883181.4,-188796.14611307695,16818.625
1249999.0,1280750.6813237944,1.297125e+06,-30751.681323794415,-47126.0
1425000.0,1698918.7077415236,1.5623891e+06,-273918.7077415236,-137389.125
1300000.0,1067044.32825383,1.1315494e+06,232955.67174616992,168450.625
1213000.0,1204056.4942401985,1.2415794e+06,8943.505759801483,-28579.375
2299950.0,2373640.766325606,2.3067685e+06,-73690.76632560603,-6818.5
415000.0,905999.9578172173,396567.1,-490999.95781721734,18432.90625
835000.0,820085.4071077525,838384.75,14914.592892247485,-3384.75
680000.0,807496.4834083368,707021.44,-127496.48340833676,-27021.4375
563000.0,547330.2788015106,535310.56,15669.721198489424,27689.4375
1885000.0,1879143.0382013647,1.8414028e+06,5856.961798635311,43597.25
850000.0,1308988.4392462932,834089.44,-458988.43924629316,15910.5625
1625000.0,1542944.0726706965,1.5582688e+06,82055.92732930346,66731.25
5700000.0,5750983.935074711,4.9511595e+06,-50983.93507471122,748840.5
970000.0,1091019.4288273072,966518.7,-121019.42882730719,3481.3125
610000.0,692007.1829325218,594637.3,-82007.1829325218,15362.6875
725000.0,781565.547063012,688761.5,-56565.547063012025,36238.5
1800000.0,2472813.3306953344,1.7373088e+06,-672813.3306953344,62691.25
85000.0,236310.62566853839,101460.66,-151310.62566853839,-16460.65625
1825000.0,1768175.4414140875,1.7762975e+06,56824.558585912455,48702.5
2150000.0,2067707.4668286275,2.1403122e+06,82292.53317137249,9687.75
640000.0,692045.6627447057,646817.4,-52045.66274470568,-6817.375
905000.0,1135749.9055581728,911335.7,-230749.90555817285,-6335.6875
795000.0,694979.680739601,796034.06,100020.31926039897,-1034.0625
377000.0,317911.13794376736,379851.0,59088.86205623264,-2851.0
660000.0,881396.4430433218,656346.4,-221396.44304332184,3653.625
1010000.0,1119668.7727004644,1.1508594e+06,-109668.77270046435,-140859.375
622000.0,627771.840176805,588247.9,-5771.840176805039,33752.125
859000.0,900030.0483460329,833004.4,-41030.048346032854,25995.625
565000.0,609636.1930642765,546469.7,-44636.19306427648,18530.3125
1700000.0,1765655.276527476,1.6284358e+06,-65655.27652747603,71564.25
1699000.0,1764918.3525432018,1.7073268e+06,-65918.35254320176,-8326.75
550000.0,776378.1826378235,528333.8,-226378.1826378235,21666.1875
532000.0,476165.257772536,544301.9,55834.74222746398,-12301.875
1420000.0,1482181.1577116933,1.4014905e+06,-62181.15771169332,18509.5
3580000.0,3505782.655045322,3.6362628e+06,74217.34495467786,-56262.75
1649900.0,1558644.2085243417,1.6080954e+06,91255.7914756583,41804.625
1150000.0,1343595.8795963086,1.1305452e+06,-193595.87959630857,19454.75
20000000.0,22219212.664369278,2.2987264e+07,-2219212.6643692777,-2987264.0
470000.0,511754.73909449147,474783.25,-41754.739094491466,-4783.25
1810000.0,1884668.0567193176,1.8409059e+06,-74668.05671931757,-30905.875
575000.0,673822.6671225036,588621.6,-98822.66712250363,-13621.625
875000.0,970515.0062801619,900319.8,-95515.0062801619,-25319.8125
635000.0,524479.107432424,625833.9,110520.89256757603,9166.125
9850000.0,12007956.699674945,1.188186e+07,-2157956.6996749453,-2031860.0
817000.0,986376.3220081411,816928.4,-169376.32200814108,71.625
620000.0,939575.2202693777,653893.5,-319575.2202693777,-33893.5
1185000.0,1026617.5955691435,1.0422581e+06,158382.40443085646,142741.875
780000.0,927674.7584347832,751617.0,-147674.7584347832,28383.0
330000.0,363000.59710841347,345776.1,-33000.597108413465,-15776.09375
1775000.0,1781139.7704124483,1.8553831e+06,-6139.770412448328,-80383.125
232000.0,279739.7487690217,230941.3,-47739.74876902171,1058.703125
750000.0,927123.3397757784,747484.6,-177123.33977577835,2515.375
620000.0,568433.1812064075,614560.8,51566.81879359251,5439.1875
2100000.0,2108128.2126252316,2.135478e+06,-8128.212625231594,-35478.0
650000.0,600888.0487138473,643155.6,49111.951286152704,6844.375
609000.0,593729.5655968525,603330.25,15270.434403147548,5669.75
520000.0,479378.0191294815,507467.97,40621.980870518484,12532.03125
859990.0,750155.7168342092,841650.06,109834.28316579084,18339.9375
425000.0,704928.3313041112,408875.06,-279928.33130411117,16124.9375
2100000.0,1918482.0301952898,2.0186799e+06,181517.96980471024,81320.125
535000.0,632370.1210908908,543567.3,-97370.12109089084,-8567.3125
880000.0,1542194.5329054855,956898.7,-662194.5329054855,-76898.6875
496000.0,476138.5242004966,488577.56,19861.475799503387,7422.4375
510000.0,949871.0484757498,498843.38,-439871.0484757498,11156.625
1000000.0,1102820.5304906804,1.0965826e+06,-102820.53049068036,-96582.625
550000.0,516477.2491814813,540300.94,33522.75081851869,9699.0625
4430000.0,4199303.279745407,4.0678138e+06,230696.7202545926,362186.25
601741.0,525641.6952376509,594242.2,76099.30476234911,7498.8125
900000.0,1061039.7117993892,838432.75,-161039.71179938922,61567.25
724000.0,828292.0138219027,703945.4,-104292.01382190268,20054.625
1097000.0,1032599.6572030988,1.0775944e+06,64400.34279690124,19405.625
1750000.0,1724457.5828979413,1.6191861e+06,25542.41710205865,130813.875
4317375.0,4015367.7831342737,4.4302615e+06,302007.2168657263,-112886.5
925000.0,1705611.9582845562,939358.5,-780611.9582845562,-14358.5
1630000.0,1891902.0149702993,1.7222658e+06,-261902.01497029932,-92265.75
7900000.0,7553379.5692716325,7.916233e+06,346620.43072836753,-16233.0
759000.0,849116.9453150285,780548.0,-90116.94531502854,-21548.0
4700000.0,5172864.630693449,5.1906465e+06,-472864.6306934487,-490646.5
1600000.0,1524508.7595037115,1.570405e+06,75491.24049628852,29595.0
2050000.0,1998880.7224131103,2.0577312e+06,51119.277586889686,-7731.25
664665.0,538257.2691430565,708387.5,126407.73085694353,-43722.5
865000.0,985996.8797325104,846933.6,-120996.87973251042,18066.375
1175000.0,1366990.957766297,1.1713095e+06,-191990.95776629704,3690.5
1300000.0,1462645.304706303,1.3050078e+06,-162645.30470630294,-5007.75
1495000.0,1736253.0687620253,1.512335e+06,-241253.06876202533,-17335.0
2660000.0,2648071.492423477,2.5586812e+06,11928.507576522883,101318.75
720000.0,648902.1407166029,703630.6,71097.85928339709,16369.375
988000.0,1543743.1188980495,990416.1,-555743.1188980495,-2416.125
725000.0,690531.688695989,722334.4,34468.31130401103,2665.625
681000.0,657153.2454761863,663971.7,23846.754523813725,17028.3125
691000.0,686089.2128228608,690150.8,4910.787177139195,849.1875
1000000.0,1864141.0126719337,1.0901085e+06,-864141.0126719337,-90108.5
350000.0,639919.6048282619,418782.1,-289919.6048282619,-68782.09375
780000.0,803503.1545023394,809847.75,-23503.15450233943,-29847.75
382000.0,943211.5670504667,410936.75,-561211.5670504667,-28936.75
1350000.0,1574862.060483879,1.349386e+06,-224862.06048387894,614.0
560000.0,789530.1118342995,562013.9,-229530.11183429952,-2013.875
558800.0,553771.2504838811,560761.6,5028.7495161189,-1961.625
1159000.0,1256416.5439639508,1.1715654e+06,-97416.54396395083,-12565.375
1770000.0,1876319.650318509,1.8558575e+06,-106319.65031850897,-85857.5
458582.0,1032323.0416178702,489058.2,-573741.0416178702,-30476.1875
550000.0,635725.4494884416,545445.06,-85725.44948844158,4554.9375
575000.0,643793.9474343113,571159.44,-68793.94743431127,3840.5625
1375000.0,1424292.0444675745,1.4909372e+06,-49292.04446757445,-115937.25
785000.0,1004332.4523379633,782704.5,-219332.45233796327,2295.5
670000.0,730773.8242422058,646580.56,-60773.824242205825,23419.4375
799000.0,1032194.4014447385,784358.9,-233194.4014447385,14641.125
645000.0,1124388.080074546,615996.06,-479388.0800745459,29003.9375
465000.0,421864.63365045784,460065.1,43135.366349542164,4934.90625
1950000.0,2010402.9541980964,2.0384901e+06,-60402.95419809641,-88490.125
970000.0,883044.3478740072,1.00233175e+06,86955.65212599281,-32331.75
435000.0,724856.9813491323,472308.44,-289856.98134913226,-37308.4375
750000.0,1046785.0300001663,763562.5,-296785.03000016627,-13562.5
673000.0,539707.5359611128,656856.7,133292.46403888718,16143.3125
1310000.0,1333517.9707770387,1.2489852e+06,-23517.970777038718,61014.75
640000.0,594079.5717997716,617185.6,45920.42820022837,22814.375
807000.0,730823.521699743,898090.2,76176.478300257,-91090.1875
215000.0,372664.7613027224,202588.67,-157664.76130272239,12411.328125
1355000.0,1389749.3262580903,1.282704e+06,-34749.326258090325,72296.0
630000.0,649510.4787139253,632163.56,-19510.478713925346,-2163.5625
1485000.0,1832138.1468767265,1.5320002e+06,-347138.14687672653,-47000.25
1738000.0,1780790.3314304329,1.7615955e+06,-42790.33143043285,-23595.5
875000.0,1217604.0530042236,904680.06,-342604.0530042236,-29680.0625
1130000.0,1043594.2117721795,1.0912776e+06,86405.78822782054,38722.375
1350000.0,1917053.0848635947,1.3551816e+06,-567053.0848635947,-5181.625
550000.0,759475.6861528018,734467.0,-209475.68615280185,-184467.0
461000.0,499449.387681289,481607.8,-38449.387681288994,-20607.8125
520000.0,489506.9871849922,522572.6,30493.012815007824,-2572.59375
545000.0,567327.3161395285,526353.3,-22327.316139528528,18646.6875
2910000.0,2685879.505302375,2.9394518e+06,224120.49469762482,-29451.75
1215000.0,1297497.2972408475,1.254303e+06,-82497.29724084749,-39303.0
450000.0,1121563.90478968,449649.47,-671563.9047896799,350.53125
480000.0,385396.7088662024,492055.6,94603.29113379761,-12055.59375
2300000.0,2602581.692873478,2.473362e+06,-302581.69287347794,-173362.0
525000.0,758868.1682985508,517691.12,-233868.16829855077,7308.875
652500.0,701465.6982253653,657013.3,-48965.69822536525,-4513.3125
327000.0,384968.7614487823,310115.38,-57968.76144878229,16884.625
1630000.0,1752066.0253260557,1.7395669e+06,-122066.02532605571,-109566.875
1150000.0,1181579.7939820194,1.0909478e+06,-31579.793982019415,59052.25
635000.0,587326.3754335794,623448.6,47673.62456642056,11551.375
770000.0,687816.4456225932,719422.25,82183.55437740684,50577.75
432000.0,468916.95516190305,397827.0,-36916.95516190305,34173.0
740000.0,895570.286913331,750941.4,-155570.28691333102,-10941.375
420000.0,355271.7826176005,424815.1,64728.21738239948,-4815.09375
1340000.0,1364094.5619708411,1.3797058e+06,-24094.56197084114,-39705.75
1575000.0,1522591.3559198808,1.5351315e+06,52408.64408011921,39868.5
2825000.0,2669790.6334870066,2.9208772e+06,155209.36651299335,-95877.25
740000.0,672480.1103376012,704465.9,67519.88966239884,35534.125
975000.0,886673.3917415272,989214.5,88326.60825847276,-14214.5
557000.0,512844.4464376775,542828.06,44155.553562322515,14171.9375
1543500.0,2353410.0847832593,1.5576802e+06,-809910.0847832593,-14180.25
793000.0,914336.8047075159,773091.6,-121336.80470751587,19908.375
1300000.0,1355018.7618323728,1.3780344e+06,-55018.76183237275,-78034.375
395000.0,297308.41587841394,376187.94,97691.58412158606,18812.0625
1680000.0,1773053.7933597115,1.669438e+06,-93053.79335971153,10562.0
485000.0,313089.23932125187,496033.06,171910.76067874813,-11033.0625
2550500.0,2885812.6777177895,2.6203108e+06,-335312.67771778954,-69810.75
1220000.0,1260388.0903502437,1.264149e+06,-40388.09035024373,-44149.0
660000.0,701701.3017232215,661306.2,-41701.30172322155,-1306.1875
220000.0,209687.4610356564,227018.31,10312.538964343606,-7018.3125
1850000.0,1877754.808032378,1.9224444e+06,-27754.80803237809,-72444.375
815000.0,1354272.6858630893,828201.7,-539272.6858630893,-13201.6875
1200000.0,1463571.5827201484,1.1923686e+06,-263571.5827201484,7631.375
685000.0,738005.3071643339,641742.2,-53005.30716433388,43257.8125
558000.0,724666.1717736027,549992.56,-166666.17177360272,8007.4375
860000.0,1516270.9065507709,923915.3,-656270.9065507709,-63915.3125
595000.0,773778.5275176922,596617.5,-178778.5275176922,-1617.5
1655088.0,1693122.8208729024,1.6584126e+06,-38034.820872902405,-3324.625
2730000.0,2693981.624734668,2.726072e+06,36018.37526533194,3928.0
929000.0,914499.9351213323,909276.5,14500.064878667705,19723.5
2450000.0,2651336.215806299,2.3578892e+06,-201336.2158062989,92110.75
980000.0,958209.2084505935,977283.3,21790.79154940648,2716.6875
695000.0,789505.2328026021,707122.6,-94505.23280260211,-12122.625
850000.0,1218009.248712698,1.1447918e+06,-368009.248712698,-294791.75
1200000.0,1378069.457124036,1.1709811e+06,-178069.45712403604,29018.875
315000.0,254900.62136652565,309436.78,60099.37863347435,5563.21875
650000.0,602608.1982044715,661277.8,47391.8017955285,-11277.8125
695000.0,510928.20451972156,654426.9,184071.79548027844,40573.125
1975000.0,2128780.977434982,2.0131219e+06,-153780.97743498208,-38121.875
605800.0,567521.661752068,610051.06,38278.33824793203,-4251.0625
2025000.0,2331991.8954336233,1.9308781e+06,-306991.89543362334,94121.875
1850000.0,2155476.245869099,1.7954784e+06,-305476.24586909916,54521.625
590000.0,722779.8024874479,599967.94,-132779.80248744786,-9967.9375
465000.0,517350.63109134615,544421.75,-52350.63109134615,-79421.75
870000.0,848224.7237209196,862334.25,21775.276279080426,7665.75
627590.0,588264.6750300427,616031.9,39325.32496995735,11558.125
613055.0,601995.9393535161,603690.56,11059.060646483907,9364.4375
1250000.0,1254490.2018153288,1.3154564e+06,-4490.201815328794,-65456.375
865000.0,969176.1272753167,898992.5,-104176.12727531674,-33992.5
629000.0,651109.7653660363,629111.94,-22109.76536603633,-111.9375
745000.0,773539.8166283832,657289.06,-28539.81662838324,87710.9375
2753932.0,2953630.4165627826,2.9328182e+06,-199698.4165627826,-178886.25
480000.0,439944.049502713,480960.66,40055.950497286976,-960.65625
989000.0,1540350.799887789,1.03296444e+06,-551350.799887789,-43964.4375
1250000.0,1371210.7129348821,1.3128834e+06,-121210.71293488215,-62883.375
1395000.0,1293599.0691754161,1.4335579e+06,101400.93082458386,-38557.875
650000.0,693790.8845344987,647784.1,-43790.88453449868,2215.875
1300000.0,1366282.449581378,1.3206641e+06,-66282.4495813779,-20664.125
1080000.0,1089775.267430629,1.0936854e+06,-9775.267430629116,-13685.375
367000.0,707730.5200371282,399995.44,-340730.52003712824,-32995.4375
899000.0,1454214.741659529,904171.2,-555214.741659529,-5171.1875
855000.0,853985.816115293,863413.9,1014.1838847070467,-8413.875
1364000.0,1771324.4179554526,1.3317891e+06,-407324.4179554526,32210.875
560000.0,1027428.3366229329,542381.5,-467428.3366229329,17618.5
395000.0,1087234.775884156,388959.1,-692234.7758841561,6040.90625
2335000.0,2151284.4636219665,2.342277e+06,183715.53637803346,-7277.0
594900.0,649158.0536315311,575784.06,-54258.053631531075,19115.9375
534900.0,511324.85438407876,510698.94,23575.14561592124,24201.0625
850000.0,876654.4935097131,866603.94,-26654.493509713095,-16603.9375
1574000.0,1392279.3017525089,1.5208902e+06,181720.69824749115,53109.75
980000.0,1002258.0509211835,956431.56,-22258.050921183545,23568.4375
755000.0,742937.8039118235,728244.9,12062.196088176453,26755.125
515010.0,489000.2186309508,536040.56,26009.78136904922,-21030.5625
637000.0,679634.5962506761,647053.7,-42634.596250676084,-10053.6875
560000.0,584386.1980964193,663895.75,-24386.198096419335,-103895.75
715000.0,757540.4025411771,719326.2,-42540.402541177114,-4326.1875
1750000.0,1747840.185741451,1.823687e+06,2159.8142585488968,-73687.0
4650000.0,5494723.703118999,5.229292e+06,-844723.7031189986,-579292.0
1880000.0,1836486.0086525404,1.9638342e+06,43513.99134745961,-83834.25
995500.0,1048529.5060958785,979475.06,-53029.50609587855,16024.9375
465000.0,688729.1024593464,467266.4,-223729.1024593464,-2266.40625
1525000.0,1262471.350700563,1.3727668e+06,262528.64929943695,152233.25
1185000.0,1174228.3154268533,1.1297131e+06,10771.684573146747,55286.875
1220000.0,1262043.5060120118,1.2074944e+06,-42043.506012011785,12505.625
2541000.0,2437596.370277168,2.4743058e+06,103403.62972283177,66694.25
1965000.0,1991912.177378147,2.0172385e+06,-26912.17737814691,-52238.5
895000.0,875210.513682261,920077.25,19789.486317739007,-25077.25
2550000.0,2489281.5456131957,2.481492e+06,60718.45438680425,68508.0
650000.0,645011.1014299016,645078.94,4988.8985700984485,4921.0625
969000.0,969315.1615979581,923506.56,-315.16159795806743,45493.4375
709990.0,693683.4257016261,722211.1,16306.57429837389,-12221.125
234990.0,837900.9391310654,227782.55,-602910.9391310654,7207.453125
12000000.0,11668647.55145419,1.2020017e+07,331352.44854580984,-20017.0
1905000.0,1609964.8441867796,1.7262879e+06,295035.1558132204,178712.125
520000.0,422545.2860161831,537545.6,97454.71398381691,-17545.625
875000.0,995823.9656264988,874296.7,-120823.9656264988,703.3125
1645000.0,1524702.617514958,1.576374e+06,120297.3824850421,68626.0
722000.0,861439.973032302,741519.8,-139439.973032302,-19519.8125
1235000.0,1840090.8326871865,1.2336102e+06,-605090.8326871865,1389.75
960000.0,1377355.277424113,927044.1,-417355.2774241129,32955.875
1050000.0,1477192.3002402135,1.0219041e+06,-427192.3002402135,28095.875
2050000.0,2007299.4292035615,2.0023496e+06,42700.57079643849,47650.375
735000.0,849782.0563683631,636159.3,-114782.05636836309,98840.6875
574000.0,582963.382057676,556458.75,-8963.382057675975,17541.25
1500000.0,1580385.4744654738,1.55118e+06,-80385.47446547379,-51180.0
410000.0,368250.68485501234,416441.5,41749.31514498766,-6441.5
590000.0,585605.1158748397,589748.25,4394.884125160286,251.75
235000.0,318156.14066823456,224465.7,-83156.14066823456,10534.296875
5850000.0,6388290.305879924,6.387284e+06,-538290.3058799244,-537284.0
590000.0,698918.6499956873,594047.25,-108918.6499956873,-4047.25
1225000.0,1766875.3190060959,1.2028729e+06,-541875.3190060959,22127.125
825000.0,882829.2253088017,895674.75,-57829.225308801746,-70674.75
730000.0,992689.291274677,724775.06,-262689.29127467703,5224.9375
829999.0,1002496.0452385929,846651.0,-172497.0452385929,-16652.0
1521250.0,1487171.0907621728,1.4756909e+06,34078.909237827174,45559.125
905000.0,1643654.2891782436,940415.25,-738654.2891782436,-35415.25
46000.0,652546.8856877642,443985.56,-606546.8856877642,-397985.5625
1850000.0,1960452.9279083519,1.8388651e+06,-110452.92790835188,11134.875
715000.0,1147481.9782018126,687955.3,-432481.9782018126,27044.6875
2500000.0,2383856.712052103,2.4142885e+06,116143.28794789687,85711.5
593777.0,637019.486306882,593265.44,-43242.486306882,511.5625
350000.0,257707.9599683755,374573.75,92292.04003162449,-24573.75
800000.0,784288.6963531169,786516.2,15711.303646883112,13483.8125
465000.0,497239.6390746512,453649.6,-32239.639074651175,11350.40625
860000.0,975259.9075169289,857107.44,-115259.90751692886,2892.5625
1480000.0,1647767.2074580034,1.5357392e+06,-167767.20745800342,-55739.25
1350000.0,1546643.1296293067,1.320591e+06,-196643.12962930673,29409.0
3050000.0,3268878.151077425,3.1784598e+06,-218878.1510774251,-128459.75
635000.0,596023.0571777847,666705.9,38976.942822215264,-31705.875
119500.0,142365.42572137574,84532.64,-22865.425721375737,34967.359375
1290000.0,1707863.2200386547,1.3611319e+06,-417863.22003865475,-71131.875
1399000.0,1310783.6943794412,1.3320064e+06,88216.3056205588,66993.625
1650000.0,1699157.606520747,1.6931261e+06,-49157.60652074707,-43126.125
640000.0,611707.6481210965,629144.3,28292.351878903457,10855.6875
735000.0,634069.2508245849,732175.94,100930.74917541514,2824.0625
790000.0,815427.2941218701,788425.2,-25427.294121870073,1574.8125
2350000.0,2172602.3509531794,2.2230525e+06,177397.6490468206,126947.5
985000.0,980081.697418286,959669.6,4918.302581714001,25330.375
665999.0,696670.0648904034,730432.4,-30671.064890403417,-64433.375
715000.0,825198.0465235158,719740.6,-110198.04652351583,-4740.625
1160000.0,1116064.3325166106,1.1383912e+06,43935.66748338938,21608.75
400000.0,345511.9687875892,408086.6,54488.03121241077,-8086.59375
597500.0,684496.5763267771,619716.5,-86996.57632677711,-22216.5
5225000.0,4911176.583274558,4.951556e+06,313823.4167254418,273444.0
695000.0,984596.8951634946,733783.75,-289596.8951634946,-38783.75
515000.0,719583.7344666325,529042.2,-204583.73446663248,-14042.1875
675000.0,725685.3790454683,695756.8,-50685.37904546829,-20756.8125
1530000.0,1497974.1298961518,1.5447789e+06,32025.870103848167,-14778.875
425000.0,531129.7146467927,417232.2,-106129.71464679274,7767.8125
2080000.0,2531384.1963874004,1.9574395e+06,-451384.1963874004,122560.5
2200000.0,2099225.61252051,2.2339595e+06,100774.38747949013,-33959.5
2215000.0,2314150.943500965,2.2192355e+06,-99150.9435009649,-4235.5
6315000.0,5824087.451296576,6.184784e+06,490912.5487034237,130216.0
1160000.0,1118602.5834291067,1.1817229e+06,41397.416570893256,-21722.875
329000.0,391835.38700383983,340117.75,-62835.38700383983,-11117.75
420000.0,410227.1360482323,407567.0,9772.863951767678,12433.0
1105000.0,1077966.015108915,1.0984844e+06,27033.984891084954,6515.625
849000.0,809030.1418188815,874357.56,39969.8581811185,-25357.5625
647000.0,534226.887599138,644867.4,112773.11240086204,2132.625
2933000.0,2863040.239168629,2.914319e+06,69959.76083137095,18681.0
680000.0,601376.5083936156,675104.06,78623.4916063844,4895.9375
975000.0,1038843.6091715451,998269.75,-63843.60917154513,-23269.75
670000.0,1145654.674292901,652007.3,-475654.67429290107,17992.6875
970000.0,895686.9061847447,1.0288804e+06,74313.09381525533,-58880.375
510000.0,488953.4913959681,523751.03,21046.50860403187,-13751.03125
829000.0,966732.0838851205,841715.9,-137732.08388512046,-12715.875
4200000.0,3947622.5856869817,4.3490455e+06,252377.41431301832,-149045.5
3425000.0,3223786.299684331,3.4039138e+06,201213.70031566918,21086.25
660000.0,996282.2914017141,653305.7,-336282.2914017141,6694.3125
915000.0,912827.788282962,886005.0,2172.2117170379497,28995.0
432000.0,481355.23302005895,415159.5,-49355.23302005895,16840.5
427500.0,425863.2433339101,408873.9,1636.7566660898738,18626.09375
605000.0,819342.9450031756,587067.6,-214342.94500317564,17932.375
1040000.0,1072977.6146403085,1.0499219e+06,-32977.614640308544,-9921.875
1340000.0,1370072.5986741409,1.3171862e+06,-30072.59867414087,22813.75
888000.0,936794.435325254,889937.7,-48794.43532525399,-1937.6875
745000.0,819723.7683905037,754039.4,-74723.76839050371,-9039.375
1200000.0,1227322.487305598,1.2854778e+06,-27322.4873055981,-85477.75
345000.0,585920.5177628157,358659.84,-240920.5177628157,-13659.84375
709000.0,601818.9825276526,701437.06,107181.01747234736,7562.9375
653000.0,935399.694535925,654745.25,-282399.69453592505,-1745.25
615000.0,616189.6863081907,641676.06,-1189.6863081906922,-26676.0625
950000.0,1211015.294499379,939495.56,-261015.29449937888,10504.4375
890000.0,978331.9937246651,888032.7,-88331.99372466514,1967.3125
794000.0,1481385.8823695346,747434.0,-687385.8823695346,46566.0
605000.0,624833.6874420237,602508.6,-19833.687442023656,2491.375
1040000.0,1709267.7267435412,1.03229375e+06,-669267.7267435412,7706.25
166000.0,137989.82093416364,139151.88,28010.17906583636,26848.125
599000.0,574117.8884577309,593214.5,24882.111542269122,5785.5
600000.0,539865.6783427929,599104.0,60134.321657207096,896.0
497950.0,456965.7637916397,504295.88,40984.23620836029,-6345.875
685000.0,712773.1853802694,681248.25,-27773.185380269424,3751.75
1050000.0,1026978.5835020873,985244.2,23021.416497912724,64755.8125
630000.0,782294.4971415251,636109.56,-152294.49714152515,-6109.5625
581000.0,738890.3343244221,578925.3,-157890.33432442206,2074.6875
390000.0,841161.6175485679,394355.2,-451161.61754856794,-4355.1875
2425000.0,2478291.3266784726,2.4259832e+06,-53291.32667847257,-983.25
1965000.0,2068366.270026074,1.9940678e+06,-103366.27002607402,-29067.75
1825000.0,1692595.1618860979,1.753687e+06,132404.83811390214,71313.0
537000.0,497218.3362944614,526427.6,39781.66370553861,10572.375
1225000.0,1569841.7937149664,1.2670325e+06,-344841.7937149664,-42032.5
730000.0,713304.8957239288,711240.1,16695.104276071186,18759.875
650000.0,1455506.0418627542,689731.7,-805506.0418627542,-39731.6875
800000.0,799855.9848248638,789273.06,144.01517513615545,10726.9375
3144150.0,3323820.6720470656,3.4583982e+06,-179670.67204706557,-314248.25
2165000.0,2284964.2446446503,2.2166485e+06,-119964.24464465026,-51648.5
655000.0,788482.2267950107,731180.25,-133482.22679501073,-76180.25
577500.0,1054916.9168785089,579798.8,-477416.91687850887,-2298.8125
603900.0,692055.1323604862,592107.8,-88155.1323604862,11792.1875
419000.0,311655.44233684964,425865.7,107344.55766315036,-6865.6875
930000.0,882487.5494446205,940082.6,47512.4505553795,-10082.625
529000.0,584259.2987554743,530000.2,-55259.29875547427,-1000.1875
1375000.0,1586375.1804841224,1.4109302e+06,-211375.18048412236,-35930.25
525000.0,519496.4136865804,520246.4,5503.586313419626,4753.59375
1600000.0,1571223.6257877792,1.6042798e+06,28776.374212220777,-4279.75
2350000.0,2183844.4952176725,2.348101e+06,166155.50478232745,1899.0
925000.0,931959.093693689,951381.75,-6959.0936936889775,-26381.75
405000.0,476500.9050652834,384445.2,-71500.90506528341,20554.8125
715000.0,1322556.3155797569,701843.94,-607556.3155797569,13156.0625
649900.0,613351.3353450741,645132.5,36548.66465492593,4767.5
1350000.0,1302554.2643768576,1.3212625e+06,47445.73562314245,28737.5
820000.0,728756.5876373779,817948.9,91243.4123626221,2051.125
1900000.0,1960059.7554623976,1.967499e+06,-60059.75546239759,-67499.0
2090000.0,2122540.6596250595,2.143374e+06,-32540.65962505946,-53374.0
850000.0,868902.7742106831,836435.3,-18902.77421068307,13564.6875
1200000.0,1209493.5445653498,1.2483148e+06,-9493.544565349817,-48314.75
785000.0,881863.1873139797,783529.0,-96863.18731397972,1471.0
739000.0,1387692.8507980595,748858.9,-648692.8507980595,-9858.875
518492.0,476935.6341705411,499678.06,41556.365829458926,18813.9375
728625.0,764144.1273927607,723445.0,-35519.12739276071,5180.0
948000.0,976180.4324056269,931112.8,-28180.432405626867,16887.1875
829000.0,1376350.3398436522,806299.0,-547350.3398436522,22701.0
1300000.0,1453276.2176710726,1.3061582e+06,-153276.21767107258,-6158.25
1700000.0,1496989.1955513498,1.6427486e+06,203010.80444865022,57251.375
1245000.0,1324603.7660001847,1.2038024e+06,-79603.7660001847,41197.625
1750000.0,1682767.0520216785,1.6775998e+06,67232.94797832146,72400.25
699000.0,667469.1251674489,690799.44,31530.87483255111,8200.5625
595000.0,627881.3367690819,588373.0,-32881.336769081885,6627.0
975000.0,1205521.2868217947,956850.3,-230521.2868217947,18149.6875
365000.0,743425.361951305,355434.25,-378425.36195130495,9565.75
1579000.0,1575886.9488927308,1.5337648e+06,3113.051107269246,45235.25
735000.0,639357.5568559935,728322.7,95642.44314400654,6677.3125
1888000.0,2154785.4425228867,2.0222948e+06,-266785.4425228867,-134294.75
325000.0,953747.629278749,324986.4,-628747.629278749,13.59375
425000.0,552142.1047010696,389916.94,-127142.10470106965,35083.0625
950000.0,1118261.896552327,984698.44,-168261.8965523271,-34698.4375
855000.0,948039.781637172,838178.5,-93039.78163717198,16821.5
1270000.0,1216240.841521419,1.2840785e+06,53759.158478581114,-14078.5
815000.0,1036173.5538359082,791818.25,-221173.55383590818,23181.75
1175000.0,1107939.6608228697,1.1707421e+06,67060.33917713026,4257.875
1225000.0,1183768.0634678619,1.1980725e+06,41231.93653213815,26927.5
650000.0,656884.5869486728,680873.5,-6884.586948672775,-30873.5
810000.0,1009535.5694923417,786648.94,-199535.56949234172,23351.0625
530000.0,595861.7568672588,554903.4,-65861.75686725881,-24903.375
689900.0,838943.6515000546,678344.5,-149043.65150005464,11555.5
879900.0,825436.1606016106,879859.9,54463.83939838945,40.125
654000.0,799963.5961322165,666022.06,-145963.5961322165,-12022.0625
818000.0,1218909.624331257,942984.7,-400909.6243312571,-124984.6875
1545000.0,1468996.2811940317,1.5247474e+06,76003.7188059683,20252.625
2150000.0,2212946.6428112523,2.1974298e+06,-62946.64281125227,-47429.75
1200000.0,1424508.6147249145,1.2079908e+06,-224508.61472491454,-7990.75
441000.0,444041.5885751848,423648.28,-3041.588575184811,17351.71875
1808888.0,1837849.5291850504,1.8470714e+06,-28961.5291850504,-38183.375
875000.0,823817.1901842501,898738.75,51182.809815749875,-23738.75
3175000.0,2898749.6786643444,3.1183685e+06,276250.32133565564,56631.5
1100000.0,1116472.8271770966,979833.9,-16472.827177096624,120166.125
655000.0,813307.1587644465,654117.4,-158307.1587644465,882.625
663000.0,641787.1260825157,651454.1,21212.873917484307,11545.875
1250000.0,1234811.151268359,1.242591e+06,15188.84873164096,7409.0
180000.0,890910.7530019885,329438.4,-710910.7530019885,-149438.40625
595000.0,781727.4516750153,611772.06,-186727.45167501527,-16772.0625
698000.0,694323.8211200908,681969.1,3676.1788799092174,16030.875
1880000.0,1744341.218297732,1.8692505e+06,135658.78170226794,10749.5
1470000.0,1500885.8016414263,1.3802098e+06,-30885.801641426282,89790.25
660991.0,1368478.6866675927,668741.6,-707487.6866675927,-7750.625
980000.0,899478.0040769029,972634.4,80521.99592309713,7365.625
630000.0,809414.4017224952,641082.1,-179414.4017224952,-11082.125
785000.0,937444.8968888284,784609.5,-152444.89688882837,390.5
618500.0,1196897.0527550946,601798.8,-578397.0527550946,16701.1875
795000.0,1385975.360566881,817814.7,-590975.360566881,-22814.6875
1105500.0,1143386.9403225048,1.1178024e+06,-37886.940322504845,-12302.375
720000.0,862267.8893872723,761922.2,-142267.8893872723,-41922.1875
1199900.0,1628548.566286934,1.1450232e+06,-428648.5662869341,54876.75
920000.0,892718.4181338525,912029.5,27281.581866147462,7970.5
1705000.0,1707311.2502854925,1.6807802e+06,-2311.2502854925115,24219.75
220000.0,464768.52325181954,276289.78,-244768.52325181954,-56289.78125
1280000.0,1497143.2289692268,1.2652972e+06,-217143.22896922682,14702.75
655000.0,909440.2000363742,651543.6,-254440.20003637415,3456.375
739000.0,873882.643246385,722372.3,-134882.64324638504,16627.6875
1285000.0,1225721.819490837,1.283229e+06,59278.18050916307,1771.0
789000.0,1157366.702076898,774258.1,-368366.70207689796,14741.875
950000.0,930923.3776588038,903440.25,19076.62234119617,46559.75
2625000.0,2640134.088557785,2.5957298e+06,-15134.088557784911,29270.25
4185000.0,3925382.1508241105,3.9901168e+06,259617.8491758895,194883.25
1150000.0,1190925.9122717932,1.1721298e+06,-40925.91227179323,-22129.75
1130000.0,1028013.0185907821,1.1274454e+06,101986.98140921793,2554.625
449000.0,901461.5203659589,443183.9,-452461.5203659589,5816.09375
1428000.0,1981279.9034953022,1.410142e+06,-553279.9034953022,17858.0
930000.0,931177.0832236647,921711.6,-1177.0832236646675,8288.375
525000.0,535787.2225136845,522139.2,-10787.222513684537,2860.8125
2750000.0,2647580.95259766,2.6679965e+06,102419.04740233999,82003.5
649900.0,514593.32509571477,647174.0,135306.67490428523,2726.0
1000000.0,1185018.7875240976,1.046096e+06,-185018.7875240976,-46096.0
2980000.0,2823611.234200598,2.895547e+06,156388.7657994018,84453.0
762324.0,726563.2980997069,730721.5,35760.70190029312,31602.5
2200000.0,2146546.8257320747,2.3345878e+06,53453.17426792532,-134587.75
700000.0,744911.8856557535,711804.0,-44911.88565575355,-11804.0
955000.0,1131812.6391491008,959888.4,-176812.63914910075,-4888.375
365000.0,387413.6495396574,358092.84,-22413.649539657403,6907.15625
807500.0,819698.9411440913,807371.6,-12198.94114409131,128.375
960000.0,922126.0468804312,978608.6,37873.95311956876,-18608.625
1115000.0,1065191.4349376776,1.1417019e+06,49808.56506232242,-26701.875
1950000.0,2043797.6750875541,2.1187242e+06,-93797.67508755415,-168724.25
1429000.0,1402732.2152039972,1.3320889e+06,26267.784796002787,96911.125
8400000.0,8671432.540470352,7.1848075e+06,-271432.5404703524,1215192.5
1475000.0,1557429.1423593876,1.510647e+06,-82429.1423593876,-35647.0
874900.0,809074.766376145,835588.6,65825.23362385505,39311.375
960000.0,1193295.2111490376,966717.8,-233295.21114903758,-6717.8125
425000.0,572454.6896002055,426831.38,-147454.68960020551,-1831.375
1100000.0,1146570.3375980714,1.0354963e+06,-46570.33759807143,64503.6875
1060000.0,941722.0693330341,982974.9,118277.9306669659,77025.125
1420000.0,1468322.3159999773,1.3861762e+06,-48322.31599997729,33823.75
520000.0,572697.7789125134,510053.06,-52697.7789125134,9946.9375
649900.0,701329.2395370859,647019.75,-51429.23953708587,2880.25
963000.0,949002.7413813164,932747.25,13997.258618683554,30252.75
385000.0,576625.5296517436,395503.16,-191625.5296517436,-10503.15625
950000.0,1939946.9367895632,927348.3,-989946.9367895632,22651.6875
5750000.0,5390060.037307655,5.4064025e+06,359939.96269234456,343597.5
1825000.0,1660174.999240152,1.9114772e+06,164825.00075984793,-86477.25
1050000.0,1575557.2215387353,1.0429094e+06,-525557.2215387353,7090.625
1690000.0,1558397.5292977702,1.5520589e+06,131602.47070222977,137941.125
625000.0,821928.5624070738,674182.1,-196928.5624070738,-49182.125
4450000.0,4289127.068206096,4.38658e+06,160872.93179390393,63420.0
420000.0,494536.0080770663,407791.7,-74536.00807706628,12208.3125
1365000.0,1377620.9857104213,1.3457695e+06,-12620.985710421344,19230.5
619000.0,692909.467350975,602136.4,-73909.46735097503,16863.625
1315000.0,1370001.0581674646,1.334263e+06,-55001.058167464565,-19263.0
605000.0,456070.87016470334,605294.4,148929.12983529666,-294.375
415000.0,416616.25029712217,436456.53,-1616.2502971221693,-21456.53125
500000.0,728672.1604245878,498525.7,-228672.16042458778,1474.3125
520000.0,795501.432204609,489538.34,-275501.43220460904,30461.65625
2075000.0,1977806.7310304698,2.0268804e+06,97193.26896953024,48119.625
615000.0,595147.791591201,608839.25,19852.208408799022,6160.75
980000.0,1045338.1936210915,1.00859225e+06,-65338.193621091545,-28592.25
133000.0,30145.658107477473,76826.664,102854.34189252253,56173.3359375
530000.0,608673.2756927022,555666.44,-78673.27569270215,-25666.4375
650000.0,778015.3512097802,652072.6,-128015.3512097802,-2072.625
1850000.0,2259382.7393790525,1.6838045e+06,-409382.73937905254,166195.5
65000.0,603624.9094276265,100456.92,-538624.9094276265,-35456.921875
2350000.0,2187013.9283952946,2.2443802e+06,162986.07160470542,105619.75
875000.0,824886.9103799975,912233.94,50113.089620002545,-37233.9375
775000.0,799876.6422188913,741073.75,-24876.6422188913,33926.25
280000.0,312050.12348035513,256087.55,-32050.123480355134,23912.453125
35000.0,595589.9453708059,100456.92,-560589.9453708059,-65456.921875
240000.0,397969.8955784115,275340.22,-157969.89557841152,-35340.21875
870000.0,1062987.6788940467,850010.06,-192987.6788940467,19989.9375
4880000.0,4613155.43168976,4.839751e+06,266844.5683102403,40249.0
225000.0,50827.29252362531,246267.31,174172.7074763747,-21267.3125
1396000.0,1289135.212024297,1.3591745e+06,106864.7879757029,36825.5
1600000.0,2268294.76932262,1.5555605e+06,-668294.7693226198,44439.5
829990.0,980899.3780082257,818464.6,-150909.3780082257,11525.375
885000.0,906452.5357434358,897228.1,-21452.535743435845,-12228.125
592500.0,668517.8030638848,635515.94,-76017.80306388484,-43015.9375
1108700.0,1606554.9581552546,1.1012672e+06,-497854.9581552546,7432.75
1580000.0,1742298.1610625559,1.547576e+06,-162298.16106255585,32424.0
259000.0,933050.8105554641,253073.61,-674050.8105554641,5926.390625
595000.0,900663.2130422904,607996.1,-305663.2130422904,-12996.125
525000.0,473264.98174705135,516435.16,51735.01825294865,8564.84375
1575000.0,1979027.9114313426,1.5342008e+06,-404027.9114313426,40799.25
1220000.0,1351208.129202171,1.2607828e+06,-131208.129202171,-40782.75
925000.0,884942.3712668391,935935.44,40057.628733160906,-10935.4375
730000.0,752622.0072323538,741724.25,-22622.00723235379,-11724.25
425000.0,906530.9943239939,421134.66,-481530.9943239939,3865.34375
905000.0,1105686.0804249148,894850.8,-200686.08042491484,10149.1875
775000.0,1403900.5741717261,785627.8,-628900.5741717261,-10627.8125
1180000.0,1174032.3451635782,1.1298048e+06,5967.654836421832,50195.25
200000.0,230524.4652266783,259919.25,-30524.465226678294,-59919.25
560000.0,483950.26916756807,606160.9,76049.73083243193,-46160.875
645000.0,758610.5242091587,606897.75,-113610.52420915873,38102.25
950000.0,1478165.4428016003,905837.75,-528165.4428016003,44162.25
560000.0,750428.5641950006,554005.0,-190428.56419500057,5995.0
290000.0,362143.79700437235,282546.06,-72143.79700437235,7453.9375
1820000.0,1748792.3885131567,1.8434796e+06,71207.61148684332,-23479.625
1140000.0,1159922.8008826026,1.0868262e+06,-19922.800882602576,53173.75
2100000.0,2290271.0933161676,2.210885e+06,-190271.0933161676,-110885.0
1400000.0,1648764.9559833668,1.7244944e+06,-248764.95598336682,-324494.375
470000.0,546624.8003502941,453477.0,-76624.8003502941,16523.0
1250000.0,1196872.5816294306,1.2022834e+06,53127.41837056936,47716.625
1450000.0,1686067.9139051167,1.6168545e+06,-236067.91390511673,-166854.5
830000.0,1479554.43080536,810521.5,-649554.43080536,19478.5
1800000.0,1708395.3047205552,1.789794e+06,91604.6952794448,10206.0
650000.0,684787.7778484893,633324.56,-34787.77784848935,16675.4375
1750000.0,2152590.5759025454,1.6501128e+06,-402590.57590254536,99887.25
462000.0,537608.599541167,474459.62,-75608.59954116703,-12459.625
710000.0,1440726.8786224148,742439.0,-730726.8786224148,-32439.0
875000.0,1398229.6167199053,852401.56,-523229.6167199053,22598.4375
270000.0,444700.20729235106,313651.56,-174700.20729235106,-43651.5625
325000.0,427270.706666476,345954.53,-102270.70666647598,-20954.53125
1500000.0,1471275.627851368,1.4936982e+06,28724.372148632072,6301.75
560000.0,494207.5208862688,553344.44,65792.47911373118,6655.5625
1100000.0,962898.0992073996,1.0690911e+06,137101.90079260035,30908.875
865000.0,1482125.595378548,840104.75,-617125.5953785479,24895.25
1350000.0,1461580.2911570193,1.3762115e+06,-111580.29115701932,-26211.5
675000.0,650328.7941574269,685211.8,24671.20584257308,-10211.8125
650000.0,627977.2807890926,643483.25,22022.71921090735,6516.75
445000.0,427037.1513431086,434585.0,17962.84865689138,10415.0
450000.0,467351.90924269625,468881.0,-17351.909242696245,-18881.0
4450000.0,4244724.380552142,4.3385065e+06,205275.61944785807,111493.5
370000.0,341254.4981588189,380221.06,28745.501841181074,-10221.0625
1630000.0,1629718.5149216708,1.5902611e+06,281.4850783292204,39738.875
1390000.0,1336591.9042172271,1.3461084e+06,53408.09578277287,43891.625
1360000.0,1408818.116613212,1.3954142e+06,-48818.11661321204,-35414.25
990000.0,1115317.7361444202,972280.1,-125317.73614442023,17719.875
415000.0,307487.96153705916,406288.25,107512.03846294084,8711.75
640000.0,619404.1097478552,656055.4,20595.890252144774,-16055.375
1450000.0,1985074.8414529166,1.4538769e+06,-535074.8414529166,-3876.875
489690.0,471831.71561689675,483450.38,17858.28438310325,6239.625
473000.0,692313.0412392505,469834.44,-219313.04123925045,3165.5625
454000.0,1019256.1989383454,486802.75,-565256.1989383454,-32802.75
600000.0,533117.6486918579,598559.2,66882.35130814207,1440.8125
410000.0,531334.2699004856,410091.5,-121334.26990048564,-91.5
1004000.0,1144500.157710799,975590.44,-140500.15771079902,28409.5625
350000.0,463445.24803344626,353852.06,-113445.24803344626,-3852.0625
1275000.0,1312932.1115838587,1.2826306e+06,-37932.11158385873,-7630.625
262900.0,250725.12139460735,257221.3,12174.878605392645,5678.703125
480000.0,654759.102777593,500674.03,-174759.10277759295,-20674.03125
839000.0,1456930.5895956652,838562.25,-617930.5895956652,437.75
675000.0,730118.269118638,669544.44,-55118.26911863801,5455.5625
530000.0,496188.52589335386,519583.0,33811.47410664614,10417.0
720000.0,665161.3501916593,711665.5,54838.649808340706,8334.5
919000.0,1477622.3747505704,887293.6,-558622.3747505704,31706.375
3350000.0,4472509.253155235,3.5522218e+06,-1122509.2531552352,-202221.75
535000.0,826310.3812060802,517793.8,-291310.3812060802,17206.1875
676000.0,653835.1954225854,641941.75,22164.804577414645,34058.25
530000.0,566763.7842149131,514741.25,-36763.78421491315,15258.75
693000.0,923409.499310415,714088.5,-230409.499310415,-21088.5
300000.0,274984.0731990619,286480.62,25015.92680093809,13519.375
796800.0,756378.0070945057,794327.06,40421.99290549429,2472.9375
355000.0,412119.405461165,359436.8,-57119.405461165006,-4436.8125
370000.0,457070.169857753,388205.3,-87070.16985775298,-18205.3125
700000.0,690183.1203496077,685519.0,9816.879650392337,14481.0
3600000.0,4275448.284575174,3.6928035e+06,-675448.2845751736,-92803.5
825000.0,1082348.1603101753,793464.7,-257348.16031017527,31535.3125
689990.0,609194.3180848683,681100.8,80795.68191513175,8889.1875
520000.0,487999.236432043,507873.7,32000.76356795698,12126.3125
1650000.0,1643160.3114185457,1.62577e+06,6839.688581454335,24230.0
450000.0,1033818.8663733747,465119.9,-583818.8663733747,-15119.90625
849000.0,884872.1739024788,817661.9,-35872.17390247877,31338.125
1125000.0,1067147.4805705093,1.096294e+06,57852.51942949067,28706.0
780000.0,997089.042226307,758833.75,-217089.04222630698,21166.25
679000.0,801400.0630243804,656554.2,-122400.06302438036,22445.8125
590000.0,701845.9521376617,593887.56,-111845.95213766175,-3887.5625
2250000.0,2142616.6814091783,2.1684595e+06,107383.3185908217,81540.5
499000.0,629890.9794393524,481040.0,-130890.9794393524,17960.0
650000.0,706286.5156187712,638915.44,-56286.5156187712,11084.5625
580000.0,628788.3492493752,618420.56,-48788.34924937517,-38420.5625
790000.0,902074.239752799,780946.4,-112074.23975279904,9053.625
1738000.0,1907409.4731999892,1.7428996e+06,-169409.47319998918,-4899.625
1270000.0,1506422.8435066235,1.2646192e+06,-236422.84350662353,5380.75
349500.0,442775.90080981725,377568.8,-93275.90080981725,-28068.8125
1032500.0,1503556.2650994933,1.0291011e+06,-471056.2650994933,3398.875
584500.0,545052.980675101,580333.2,39447.01932489895,4166.8125
800000.0,790134.8039330067,782553.75,9865.196066993289,17446.25
515000.0,510078.10134666634,518951.1,4921.898653333657,-3951.09375
622500.0,625825.7873290296,613173.94,-3325.787329029641,9326.0625
469990.0,1131803.0523787725,472564.8,-661813.0523787725,-2574.8125
669055.0,579070.7109639974,670661.5,89984.28903600259,-1606.5
1000000.0,984936.139296451,986832.5,15063.860703548999,13167.5
490000.0,1152339.6365541802,476572.4,-662339.6365541802,13427.59375
560000.0,557856.8369586001,587214.9,2143.1630413999083,-27214.875
2350000.0,2287558.9147239723,2.333072e+06,62441.085276027676,16928.0
707000.0,669628.8575253286,734717.1,37371.14247467136,-27717.125
375000.0,403786.9713664757,411311.6,-28786.971366475685,-36311.59375
305000.0,325078.9428339462,291813.0,-20078.942833946203,13187.0
820000.0,968036.5458057345,837341.2,-148036.54580573447,-17341.1875
900000.0,1206586.7456415775,910352.4,-306586.7456415775,-10352.375
390000.0,486455.1846286267,371862.62,-96455.18462862668,18137.375
1025000.0,1177750.9202661458,1.1186502e+06,-152750.92026614584,-93650.25
1100000.0,1139079.152701291,1.0769902e+06,-39079.15270129102,23009.75
1650000.0,1567681.0500831848,1.69123e+06,82318.94991681515,-41230.0
480000.0,496840.30989228166,495285.28,-16840.309892281657,-15285.28125
645000.0,717693.2581871857,651626.9,-72693.25818718574,-6626.875
1900000.0,2194849.753323275,1.9158921e+06,-294849.75332327513,-15892.125
4195000.0,4549290.469632851,4.2605205e+06,-354290.46963285096,-65520.5
251500.0,1096048.779161276,193690.1,-844548.7791612761,57809.90625
680000.0,683303.482742067,673348.06,-3303.482742066961,6651.9375
562000.0,436997.7768916864,540405.06,125002.22310831363,21594.9375
4575000.0,4964510.883990347,4.8365625e+06,-389510.8839903474,-261562.5
1070000.0,1391894.040222182,1.1301582e+06,-321894.04022218194,-60158.25
520000.0,578956.2712123317,521779.78,-58956.27121233172,-1779.78125
1862500.0,1819317.9331351714,1.8487138e+06,43182.06686482858,13786.25
545000.0,683336.430844523,533224.6,-138336.430844523,11775.375
375000.0,425098.3017787979,386809.16,-50098.301778797875,-11809.15625
350000.0,577612.3744522909,353624.38,-227612.37445229094,-3624.375
482990.0,448197.8242126644,477563.78,34792.17578733561,5426.21875
475000.0,534216.5052525589,489238.72,-59216.505252558854,-14238.71875
885000.0,848497.6410520787,879335.6,36502.35894792131,5664.375
465000.0,456871.5208953249,455849.7,8128.47910467512,9150.3125
849950.0,915478.7994663224,801466.06,-65528.79946632241,48483.9375
615000.0,793479.0655468127,618456.56,-178479.06554681272,-3456.5625
435000.0,511240.93726675934,436686.38,-76240.93726675934,-1686.375
905000.0,913417.9914188993,928072.94,-8417.99141889927,-23072.9375
557000.0,1115709.928836071,541516.3,-558709.9288360709,15483.6875
900000.0,1024393.8884781352,1.0370469e+06,-124393.88847813522,-137046.875
190000.0,1296249.11203663,209020.75,-1106249.11203663,-19020.75
1230000.0,1528818.7460675268,1.1821039e+06,-298818.74606752675,47896.125
1095000.0,1079984.5395685565,1.04658194e+06,15015.460431443527,48418.0625
1601000.0,1748039.3685538652,1.7245651e+06,-147039.36855386524,-123565.125
615000.0,606079.703956252,595459.6,8920.296043748036,19540.375
455000.0,577796.3272636537,447713.25,-122796.32726365374,7286.75
1050000.0,1091477.9736756575,1.0997129e+06,-41477.97367565753,-49712.875
1125000.0,1388571.8767291857,1.0910779e+06,-263571.8767291857,33922.125
999990.0,931548.8551130281,990149.8,68441.14488697192,9840.1875
625000.0,607425.6950398829,644413.06,17574.304960117093,-19413.0625
1650000.0,1604068.4020819506,1.6674092e+06,45931.59791804943,-17409.25
825000.0,543371.6429062384,799283.8,281628.35709376156,25716.1875
370000.0,419203.34910631145,374615.53,-49203.34910631145,-4615.53125
1125000.0,1671821.796049091,1.1182108e+06,-546821.796049091,6789.25
1059000.0,1598103.5565728955,1.01601044e+06,-539103.5565728955,42989.5625
2325000.0,2286897.216457366,2.2339232e+06,38102.78354263399,91076.75
549900.0,703485.9496917692,538104.7,-153585.9496917692,11795.3125
2100000.0,2074249.630279533,2.0347474e+06,25750.3697204669,65252.625
1250000.0,1271694.3651278191,1.2545745e+06,-21694.365127819125,-4574.5
1500000.0,1565166.217183478,1.5537605e+06,-65166.217183477944,-53760.5
590000.0,745060.5413570988,637902.94,-155060.54135709885,-47902.9375
375000.0,377815.85950413847,407244.12,-2815.8595041384688,-32244.125
435000.0,610931.7191127572,444375.7,-175931.71911275724,-9375.6875
192500.0,-43357.77962277108,181275.98,235857.77962277108,11224.015625
387500.0,365766.7476022731,418112.88,21733.252397726872,-30612.875
1885000.0,2584317.0890156333,1.83225e+06,-699317.0890156333,52750.0
460000.0,550528.0894522308,467619.94,-90528.08945223084,-7619.9375
934900.0,922300.0120581521,943397.56,12599.987941847881,-8497.5625
735000.0,775955.6597349871,740240.94,-40955.65973498707,-5240.9375
3980000.0,3864641.0938408617,3.8092845e+06,115358.9061591383,170715.5
1395000.0,1409074.702481159,1.3597048e+06,-14074.702481159009,35295.25
1225000.0,1839357.9069313458,1.1702945e+06,-614357.9069313458,54705.5
795000.0,731699.9749064791,767396.56,63300.025093520875,27603.4375
410000.0,340844.40312072553,411430.06,69155.59687927447,-1430.0625
393990.0,364324.0620479324,389102.7,29665.937952067587,4887.3125
334000.0,326242.7422516543,328590.6,7757.257748345728,5409.40625
655000.0,648334.8053331501,646728.56,6665.194666849915,8271.4375
389000.0,334933.9154666489,386774.84,54066.084533351124,2225.15625
702000.0,708708.7323240482,687373.0,-6708.732324048178,14627.0
1550000.0,1437058.5237743366,1.4488635e+06,112941.47622566344,101136.5
750000.0,1416251.5393311183,801382.75,-666251.5393311183,-51382.75
625000.0,859461.7040884546,600437.9,-234461.7040884546,24562.125
675500.0,578444.5019923209,667021.94,97055.49800767913,8478.0625
495000.0,750650.3685293703,482122.5,-255650.3685293703,12877.5
875000.0,1015080.2104571586,873423.3,-140080.21045715862,1576.6875
509990.0,470914.83594362065,504104.03,39075.16405637935,5885.96875
509990.0,470914.83594362065,504104.03,39075.16405637935,5885.96875
700000.0,661069.0295648362,714117.1,38930.97043516382,-14117.125
1400000.0,1878355.3062085174,1.2566796e+06,-478355.3062085174,143320.375
745000.0,744793.2520499874,753088.6,206.7479500125628,-8088.625
425000.0,545115.3058697407,446654.75,-120115.30586974067,-21654.75
2700000.0,2862831.254960145,2.9201252e+06,-162831.25496014487,-220125.25
780000.0,956370.47907682,840154.4,-176370.47907681996,-60154.375
2390000.0,2380219.9054787336,2.4732112e+06,9780.094521266408,-83211.25
200000.0,795996.520898814,240274.53,-595996.520898814,-40274.53125
1963000.0,2102533.708620354,2.0274855e+06,-139533.70862035407,-64485.5
803900.0,727695.9139533575,820234.5,76204.08604664251,-16334.5
714000.0,702581.1183757902,689920.5,11418.881624209811,24079.5
1220000.0,1191182.1646167235,1.1392916e+06,28817.835383276455,80708.375
1075000.0,1067200.79556558,999914.3,7799.204434419982,75085.6875
1100000.0,1277011.9326292875,1.1596611e+06,-177011.93262928748,-59661.125
507000.0,549433.7278414578,508839.4,-42433.72784145782,-1839.40625
630000.0,886597.9089467727,617021.44,-256597.9089467727,12978.5625
850000.0,936184.2217729236,902023.2,-86184.2217729236,-52023.1875
1065000.0,1092669.34373053,1.0146142e+06,-27669.343730530003,50385.8125
485000.0,607132.4141737167,493710.16,-122132.41417371668,-8710.15625
765000.0,1481776.8392480654,777168.4,-716776.8392480654,-12168.375
1005000.0,1312539.0230023435,1.03787894e+06,-307539.0230023435,-32878.9375
2400000.0,2839122.991257026,2.2443098e+06,-439122.99125702586,155690.25
300000.0,1073937.118096658,296351.56,-773937.118096658,3648.4375
270000.0,476505.65454657713,272690.44,-206505.65454657713,-2690.4375
910000.0,1137667.0256977517,978921.3,-227667.02569775167,-68921.3125
430000.0,1184723.0699713975,418484.28,-754723.0699713975,11515.71875
1700000.0,1873863.148776156,1.7118381e+06,-173863.1487761559,-11838.125
358000.0,390798.2802039583,385500.3,-32798.280203958275,-27500.3125
385000.0,476471.4084539572,369926.06,-91471.40845395718,15073.9375
1625250.0,1643979.8364110333,1.6067862e+06,-18729.83641103329,18463.75
405000.0,545597.4395236691,399148.34,-140597.43952366908,5851.65625
352000.0,310386.84982488444,340146.28,41613.15017511556,11853.71875
2200000.0,2210268.536696169,2.2153912e+06,-10268.53669616906,-15391.25
1895000.0,2346133.568212713,1.8596435e+06,-451133.5682127131,35356.5
784125.0,942850.7976472813,763260.4,-158725.79764728132,20864.625
520000.0,366922.4507589156,522300.03,153077.54924108437,-2300.03125
765000.0,809604.792752389,732601.3,-44604.79275238898,32398.6875
1140000.0,1488283.4496475125,1.101512e+06,-348283.4496475125,38488.0
700000.0,723569.7209016627,717163.06,-23569.720901662717,-17163.0625
750000.0,868460.1601328853,764284.5,-118460.16013288533,-14284.5
2399000.0,2448689.0002062432,2.300505e+06,-49689.00020624325,98495.0
455000.0,584695.3346389929,471953.62,-129695.3346389929,-16953.625
445000.0,576565.9937274029,533152.4,-131565.99372740288,-88152.375
1499500.0,1534835.8117752622,1.4920838e+06,-35335.811775262235,7416.25
1185000.0,1163548.4733830232,1.1877019e+06,21451.52661697683,-2701.875
823000.0,1667287.315976672,824300.44,-844287.3159766721,-1300.4375
564490.0,517384.3167602242,583185.5,47105.683239775826,-18695.5
1850000.0,1895658.7062285724,1.8810298e+06,-45658.70622857241,-31029.75
635000.0,1096693.33845997,647621.6,-461693.33845996996,-12621.625
640000.0,577131.9008287305,654224.06,62868.09917126945,-14224.0625
965000.0,936243.772628705,912081.7,28756.227371294983,52918.3125
1200000.0,1274873.02420317,1.2107728e+06,-74873.02420317009,-10772.75
650000.0,1347659.3962815374,647002.44,-697659.3962815374,2997.5625
1660000.0,1764698.8489938274,1.7805801e+06,-104698.84899382736,-120580.125
530000.0,512196.1354890006,540851.06,17803.86451099941,-10851.0625
1537500.0,1691161.3559111916,1.5405932e+06,-153661.35591119155,-3093.25
1130000.0,1293359.223494167,1.0877625e+06,-163359.22349416697,42237.5
600000.0,643632.4530844446,606927.9,-43632.45308444463,-6927.875
960000.0,907757.9500212242,918494.75,52242.04997877579,41505.25
640000.0,881216.8454342503,627421.7,-241216.8454342503,12578.3125
765000.0,648521.8277079723,754593.3,116478.17229202774,10406.6875
2397000.0,2386534.1202775137,2.4353575e+06,10465.87972248625,-38357.5
1060000.0,1060278.4311502534,1.0732909e+06,-278.4311502533965,-13290.875
1275000.0,1403942.2190706288,1.364662e+06,-128942.21907062875,-89662.0
2290000.0,2788699.0910205767,2.410858e+06,-498699.09102057666,-120858.0
1295000.0,1244024.3841381497,1.260035e+06,50975.615861850325,34965.0
460000.0,539387.9653774346,475829.44,-79387.96537743462,-15829.4375
1120000.0,1664910.131330633,1.099414e+06,-544910.1313306331,20586.0
710000.0,1256160.3571722242,697909.25,-546160.3571722242,12090.75
3900000.0,5114198.603105801,4.1030192e+06,-1214198.6031058012,-203019.25
415000.0,374330.77756770013,425801.12,40669.222432299866,-10801.125
710000.0,741655.1077184703,782971.06,-31655.107718470274,-72971.0625
1835000.0,1784357.6585307666,1.8337288e+06,50642.34146923339,1271.25
2650000.0,2408567.1803134754,2.5726502e+06,241432.81968652457,77349.75
702000.0,1050884.9358579542,703891.7,-348884.9358579542,-1891.6875
800000.0,835209.8603785704,800067.8,-35209.86037857039,-67.8125
537000.0,655033.1556081752,543379.2,-118033.1556081752,-6379.1875
725000.0,795456.2226062171,716765.75,-70456.22260621714,8234.25
1100000.0,1075892.8684389126,1.1002122e+06,24107.131561087444,-212.25
540000.0,652734.839025472,545547.0,-112734.83902547206,-5547.0
400000.0,580775.6916115241,386490.56,-180775.6916115241,13509.4375
1175000.0,1143961.8908797405,1.1809702e+06,31038.109120259527,-5970.25
705000.0,762735.3716839858,750715.1,-57735.37168398581,-45715.125
185000.0,1606136.455343442,191647.78,-1421136.455343442,-6647.78125
612500.0,624939.990873985,609747.44,-12439.990873984993,2752.5625
2885000.0,2921182.438494757,3.010505e+06,-36182.43849475682,-125505.0
412000.0,447566.91422321124,407923.2,-35566.914223211235,4076.8125
820000.0,849897.6376791219,786288.94,-29897.637679121923,33711.0625
424000.0,508979.287401931,413754.75,-84979.28740193101,10245.25
1225000.0,1319914.2529487656,1.2576448e+06,-94914.25294876564,-32644.75
729995.0,802163.2870508116,722292.4,-72168.28705081157,7702.625
2325000.0,2252590.420875101,2.3536028e+06,72409.57912489912,-28602.75
783000.0,811159.8307484419,766757.9,-28159.830748441862,16242.125
1740000.0,1807085.57082275,1.7305422e+06,-67085.57082274999,9457.75
1725000.0,1714699.247349103,1.7328858e+06,10300.752650897019,-7885.75
865000.0,835989.385421295,817149.7,29010.61457870505,47850.3125
1060000.0,1533676.9424746588,1.02639694e+06,-473676.94247465883,33603.0625
1045000.0,1098783.8385932455,1.0286194e+06,-53783.838593245484,16380.625
550000.0,502026.7328185997,539609.94,47973.267181400326,10390.0625
744000.0,855073.2625622768,759182.6,-111073.2625622768,-15182.625
239900.0,442408.95143934817,232515.66,-202508.95143934817,7384.34375
3475000.0,3230999.53310153,3.48226e+06,244000.4668984702,-7260.0
820000.0,782899.120352383,827886.6,37100.879647616995,-7886.625
4315000.0,4969532.734360151,4.079659e+06,-654532.734360151,235341.0
1075000.0,1001463.8945068625,1.0663684e+06,73536.1054931375,8631.625
920000.0,967809.6480904794,936782.0,-47809.64809047943,-16782.0
575000.0,546845.0094505359,590923.2,28154.990549464128,-15923.1875
1700000.0,2221511.6165779154,1.6844211e+06,-521511.6165779154,15578.875
754000.0,752648.3782357709,700792.5,1351.621764229145,53207.5
499950.0,965502.1360545465,503675.84,-465552.13605454646,-3725.84375
529900.0,641878.0952804436,528181.7,-111978.09528044355,1718.3125
740000.0,777667.5376396833,712140.06,-37667.537639683345,27859.9375
1060000.0,1090279.7969108843,1.0833565e+06,-30279.796910884324,-23356.5
850000.0,972905.6650097274,828799.0,-122905.66500972735,21201.0
1100000.0,1016659.6348347655,1.0974458e+06,83340.36516523454,2554.25
459000.0,513793.41534459754,461664.5,-54793.41534459754,-2664.5
2300000.0,2242827.666512478,2.2871935e+06,57172.33348752186,12806.5
980000.0,1066189.3342133597,985292.1,-86189.33421335975,-5292.125
1600000.0,1557755.4428700928,1.6594078e+06,42244.55712990719,-59407.75
579990.0,496939.60180293245,568066.9,83050.39819706755,11923.125
2240000.0,2416189.033802846,2.3150285e+06,-176189.03380284598,-75028.5
1045000.0,1005192.8261835688,981574.4,39807.1738164312,63425.625
1325000.0,1527824.3628008796,1.3276576e+06,-202824.36280087964,-2657.625
399500.0,530047.0959252649,392288.75,-130547.09592526488,7211.25
1100000.0,1130848.048831293,989204.1,-30848.048831292894,110795.875
1250000.0,1157831.1835618992,1.1857429e+06,92168.81643810077,64257.125
585000.0,562328.3623017832,557546.6,22671.63769821683,27453.375
400000.0,724758.7160570608,476337.94,-324758.71605706075,-76337.9375
689000.0,615674.3473579229,676289.1,73325.65264207707,12710.875
750000.0,709610.7238738785,755018.75,40389.27612612152,-5018.75
850000.0,832225.0224494262,848164.6,17774.977550573763,1835.375
1850000.0,2238919.5603714297,2.314704e+06,-388919.56037142966,-464704.0
850000.0,1170198.67115931,954330.5,-320198.67115931003,-104330.5
840000.0,819178.4648051299,846293.4,20821.535194870085,-6293.375
9700000.0,9718568.482672356,1.1696846e+07,-18568.48267235607,-1996846.0
382000.0,655874.5852248549,413952.47,-273874.5852248549,-31952.46875
265000.0,579987.8463186851,269169.28,-314987.8463186851,-4169.28125
525000.0,664306.1048079776,516148.6,-139306.10480797756,8851.40625
1038000.0,1299382.328781491,1.0340328e+06,-261382.3287814909,3967.1875
1960000.0,1863309.4551897342,1.9629485e+06,96690.54481026577,-2948.5
445000.0,482204.8821287983,443745.97,-37204.88212879829,1254.03125
3308888.0,3149105.455678127,3.09096e+06,159782.54432187323,217928.0
900000.0,926993.7287517905,989306.94,-26993.728751790477,-89306.9375
1860000.0,1777379.2085439025,1.8904209e+06,82620.7914560975,-30420.875
1150000.0,1121279.2659919697,1.149519e+06,28720.734008030267,481.0
310000.0,396831.9340641048,312826.47,-86831.9340641048,-2826.46875
437000.0,356140.8074798478,434097.88,80859.1925201522,2902.125
1175000.0,1063550.1288846107,1.1621466e+06,111449.87111538928,12853.375
675000.0,959480.6667976406,767807.25,-284480.6667976406,-92807.25
580000.0,577960.3888032747,583080.94,2039.61119672528,-3080.9375
1000000.0,1223060.5521460655,985993.4,-223060.5521460655,14006.625
2450000.0,2346437.5235247407,2.4359475e+06,103562.47647525929,14052.5
723527.0,578999.5823089194,722335.1,144527.4176910806,1191.875
510000.0,707638.890500334,517772.1,-197638.89050033398,-7772.09375
7000000.0,13744004.413541902,1.3169944e+07,-6744004.413541902,-6169944.0
400000.0,1105435.8130268236,401424.28,-705435.8130268236,-1424.28125
415000.0,336598.708890634,416298.94,78401.291109366,-1298.9375
550000.0,597852.4449349769,552296.3,-47852.44493497687,-2296.3125
1090000.0,1186806.3440370483,1.0492152e+06,-96806.34403704829,40784.75
798000.0,629461.7151918125,740829.94,168538.2848081875,57170.0625
715000.0,828799.4375491487,734680.7,-113799.43754914869,-19680.6875
970000.0,1907186.253030889,1.1518849e+06,-937186.253030889,-181884.875
2575000.0,2479165.730636942,2.4108305e+06,95834.2693630578,164169.5
1440000.0,1471716.469019956,1.456122e+06,-31716.469019955955,-16122.0
810000.0,982071.1836328445,785932.8,-172071.18363284448,24067.1875
535000.0,603840.1803630644,565841.94,-68840.1803630644,-30841.9375
520000.0,609024.8726760834,514697.06,-89024.87267608335,5302.9375
1325000.0,1981086.6415122885,1.2641382e+06,-656086.6415122885,60861.75
1065000.0,916542.306165607,1.01994225e+06,148457.69383439305,45057.75
495000.0,470572.70281129994,509871.66,24427.29718870006,-14871.65625
1625000.0,2415951.749371509,1.5821936e+06,-790951.7493715091,42806.375
290000.0,1076196.8576545042,291434.75,-786196.8576545042,-1434.75
330000.0,954411.1843626922,306655.03,-624411.1843626922,23344.96875
550000.0,466571.42903284996,543420.6,83428.57096715004,6579.375
500999.0,518111.6727151298,501365.44,-17112.672715129796,-366.4375
905000.0,1071121.1287373258,889114.8,-166121.12873732578,15885.1875
1256000.0,1230733.8297321575,1.2898322e+06,25266.170267842477,-33832.25
490000.0,475417.4860797556,491605.75,14582.513920244412,-1605.75
750000.0,724395.2973952281,727046.44,25604.70260477194,22953.5625
859000.0,774917.8481550902,862716.75,84082.15184490976,-3716.75
565000.0,610464.0519413726,565833.3,-45464.05194137257,-833.3125
2025000.0,2613750.825638691,1.9915269e+06,-588750.825638691,33473.125
519000.0,531808.0315539861,519356.6,-12808.031553986133,-356.59375
1956500.0,1845888.6650387272,1.9182249e+06,110611.33496127278,38275.125
710000.0,900133.3292587127,700078.44,-190133.3292587127,9921.5625
823000.0,741498.1815397221,794359.6,81501.81846027786,28640.375
610000.0,792880.4281910649,598524.4,-182880.42819106486,11475.625
775000.0,1220625.081861884,772889.6,-445625.0818618841,2110.375
717000.0,766766.7515204619,723165.7,-49766.75152046187,-6165.6875
1439500.0,1876750.6964514821,1.4448208e+06,-437250.69645148213,-5320.75
835000.0,1024960.716121567,801306.4,-189960.71612156695,33693.625
1503920.0,991372.1984937524,1.446093e+06,512547.8015062476,57827.0
1503920.0,991372.1984937524,1.446093e+06,512547.8015062476,57827.0
802763.0,652591.0209641601,735795.56,150171.9790358399,66967.4375
752000.0,979610.8962783961,741092.8,-227610.89627839613,10907.1875
1700000.0,1926958.0263524093,1.7526588e+06,-226958.02635240927,-52658.75
1340000.0,1395657.5496517569,1.2936166e+06,-55657.54965175688,46383.375
750000.0,1507913.0701353063,1.0258245e+06,-757913.0701353063,-275824.5
999888.0,1034527.2823961336,1.0203216e+06,-34639.28239613364,-20433.625
430000.0,376629.7833005559,449768.25,53370.21669944411,-19768.25
1500000.0,1705072.4826666012,1.6875501e+06,-205072.4826666012,-187550.125
355000.0,265685.0664202473,345855.25,89314.93357975269,9144.75
485187.0,475119.6180863364,495363.7,10067.381913663587,-10176.6875
650000.0,589159.0271898877,652587.75,60840.97281011229,-2587.75
835000.0,1060161.531661383,818614.5,-225161.5316613831,16385.5
1980000.0,2094777.278015003,2.0607791e+06,-114777.27801500307,-80779.125
1499990.0,1553617.3752603247,1.50882e+06,-53627.37526032468,-8830.0
755000.0,726817.9382887977,705369.4,28182.06171120226,49630.625
385000.0,393199.12466366973,391664.1,-8199.124663669732,-6664.09375
850000.0,943800.4418486765,836628.4,-93800.44184867654,13371.625
10100000.0,10700755.150895711,1.2760122e+07,-600755.150895711,-2660122.0
4100000.0,3825865.459172657,4.184355e+06,274134.5408273428,-84355.0
793000.0,672461.4944381653,795388.3,120538.50556183467,-2388.3125
749000.0,1126173.5085774877,769941.75,-377173.50857748766,-20941.75
425000.0,425734.3342907693,427376.75,-734.3342907693004,-2376.75
995000.0,848765.9998357326,1.01961644e+06,146234.00016426737,-24616.4375
1339000.0,1320297.8674718768,1.2644879e+06,18702.132528123213,74512.125
2820000.0,3139123.2411305816,2.7976768e+06,-319123.2411305816,22323.25
617000.0,609375.8039553025,602350.0,7624.196044697543,14650.0
1580000.0,1671946.3119353456,1.5236064e+06,-91946.31193534564,56393.625
392000.0,514322.95865848835,381875.25,-122322.95865848835,10124.75
620000.0,996401.9975623221,687835.25,-376401.99756232207,-67835.25
4250000.0,4439444.605193153,4.405387e+06,-189444.60519315302,-155387.0
395000.0,510357.5845685182,381137.38,-115357.58456851821,13862.625
829999.0,736217.2463229937,828024.0,93781.75367700635,1975.0
869000.0,833805.995443729,848395.2,35194.004556271015,20604.8125
820000.0,843602.7664730102,786805.75,-23602.766473010182,33194.25
1054005.0,1247635.9845293737,1.0190973e+06,-193630.9845293737,34907.6875
1300000.0,1220428.3152745531,1.2444114e+06,79571.68472544686,55588.625
650000.0,522970.06211173825,635021.6,127029.93788826175,14978.375
649000.0,541840.1241800467,640355.0,107159.87581995327,8645.0
650000.0,608908.530545348,651996.1,41091.46945465205,-1996.125
415000.0,658292.3275986832,464452.8,-243292.3275986832,-49452.8125
815000.0,985287.899935809,812095.25,-170287.89993580896,2904.75
535000.0,710481.4275271873,538695.7,-175481.42752718728,-3695.6875
646900.0,611886.7742038426,617775.7,35013.22579615738,29124.3125
1387000.0,1361875.4023835103,1.3393651e+06,25124.597616489744,47634.875
597000.0,646075.2696609579,580324.94,-49075.269660957856,16675.0625
632260.0,587584.4641370106,618808.2,44675.535862989374,13451.8125
1450000.0,1330018.765696249,1.4250128e+06,119981.23430375103,24987.25
8172000.0,8172855.167373086,8.113434e+06,-855.1673730863258,58566.0
599990.0,592081.4189478059,618679.5,7908.581052194117,-18689.5
1279000.0,1230453.9351705275,1.28614e+06,48546.06482947245,-7140.0
1055000.0,1138770.115730076,1.0593682e+06,-83770.1157300761,-4368.25
643000.0,558060.7070646723,641130.44,84939.29293532774,1869.5625
1105000.0,1748888.5456836792,1.0406025e+06,-643888.5456836792,64397.5
475000.0,598895.3226831877,474593.12,-123895.32268318767,406.875
2575000.0,2503185.310881751,2.4024072e+06,71814.68911824888,172592.75
475000.0,683930.7076650196,481487.5,-208930.70766501955,-6487.5
1240000.0,1257735.0713617501,1.2295652e+06,-17735.07136175013,10434.75
510000.0,521624.4592090453,516762.78,-11624.459209045279,-6762.78125
800000.0,826541.4004384814,819137.0,-26541.40043848136,-19137.0
850000.0,819642.2747981034,798611.75,30357.725201896625,51388.25
1665000.0,1881400.148216979,1.6181426e+06,-216400.1482169791,46857.375
673000.0,661054.7434355825,689421.94,11945.256564417505,-16421.9375
700000.0,732743.1287732867,757100.4,-32743.128773286706,-57100.375
1500000.0,1483375.7555057206,1.5073818e+06,16624.24449427938,-7381.75
1529000.0,1394220.7968093115,1.5316745e+06,134779.2031906885,-2674.5
930000.0,744700.4949724752,917433.75,185299.50502752478,12566.25
2975000.0,2845999.909403056,3.0054792e+06,129000.0905969441,-30479.25
2299000.0,2268031.4340642574,2.3058182e+06,30968.565935742576,-6818.25
870000.0,898325.7719187526,906913.94,-28325.77191875258,-36913.9375
555000.0,745002.0329734781,591408.06,-190002.03297347808,-36408.0625
790000.0,925978.97587855,839135.9,-135978.97587854997,-49135.875
800000.0,1419151.8683529422,883921.25,-619151.8683529422,-83921.25
775000.0,1315386.847569922,789033.0,-540386.847569922,-14033.0
860000.0,869630.1072213643,886733.6,-9630.107221364276,-26733.625
290000.0,304784.14934063784,276514.62,-14784.149340637843,13485.375
790000.0,1018547.976757128,762871.0,-228547.97675712802,27129.0
820000.0,1086290.3161686053,806608.1,-266290.31616860535,13391.875
749900.0,746286.1470032546,741399.6,3613.8529967453796,8500.375
515000.0,625439.9330584802,520253.88,-110439.93305848015,-5253.875
1375000.0,1762041.4679147378,1.3880335e+06,-387041.46791473776,-13033.5
1600000.0,1623626.3110568458,1.5702448e+06,-23626.31105684582,29755.25
1010778.0,1923022.3337691552,1.1317685e+06,-912244.3337691552,-120990.5
3450000.0,3716972.103548405,3.4593285e+06,-266972.1035484052,-9328.5
585000.0,699302.2115078077,571894.75,-114302.21150780772,13105.25
512000.0,498330.84551668866,510556.28,13669.154483311344,1443.71875
420000.0,536714.3165530289,435621.94,-116714.31655302888,-15621.9375
640000.0,597025.6842287729,642096.6,42974.31577122712,-2096.625
1200000.0,1293263.7872183865,1.1481758e+06,-93263.78721838654,51824.25
1445000.0,1390709.744901666,1.3598604e+06,54290.25509833405,85139.625
490141.0,443991.37794075464,481333.25,46149.62205924536,8807.75
422892.0,314652.77828293096,410199.47,108239.22171706904,12692.53125
565000.0,526580.2496311188,556842.0,38419.750368881156,8158.0
669000.0,683188.5648473215,660966.3,-14188.564847321482,8033.6875
755000.0,982280.7688465671,740833.5,-227280.76884656714,14166.5
495000.0,586050.487050954,490710.2,-91050.48705095402,4289.8125
865000.0,900328.4792502671,831654.94,-35328.47925026715,33345.0625
290000.0,275779.2136496396,270519.56,14220.786350360373,19480.4375
723000.0,612090.2098364562,694391.94,110909.79016354377,28608.0625
865000.0,921778.0310127744,892687.5,-56778.031012774445,-27687.5
830000.0,983307.8048835566,820606.1,-153307.80488355656,9393.875
405000.0,377612.0840152602,402995.44,27387.915984739782,2004.5625
774900.0,1306809.4745731326,750393.75,-531909.4745731326,24506.25
1260000.0,1245999.5726697398,1.1705926e+06,14000.427330260165,89407.375
672584.0,708094.4098833404,666794.9,-35510.409883340355,5789.125
685000.0,695069.8163666159,700338.9,-10069.816366615938,-15338.875
425000.0,388628.0599025629,415262.44,36371.940097437124,9737.5625
364000.0,453107.77240675536,356645.06,-89107.77240675536,7354.9375
750000.0,1398960.4101680587,782338.1,-648960.4101680587,-32338.125
560000.0,1105266.065924868,584897.1,-545266.065924868,-24897.125
425000.0,303087.0974050666,411532.88,121912.9025949334,13467.125
665000.0,601270.6123508203,658866.8,63729.38764917967,6133.1875
1450000.0,2023876.5226552912,1.4358742e+06,-573876.5226552912,14125.75
745000.0,981762.1073824967,746943.75,-236762.1073824967,-1943.75
470000.0,466495.7749778627,476671.06,3504.2250221372815,-6671.0625
405000.0,474236.3079662684,398277.6,-69236.30796626839,6722.40625
915000.0,876974.8243262923,913122.6,38025.17567370774,1877.375
850000.0,893150.9560764404,824239.9,-43150.9560764404,25760.125
910000.0,1109446.697520637,919352.75,-199446.69752063695,-9352.75
725000.0,673789.0088186334,709203.4,51210.99118136661,15796.625
640000.0,739012.092958594,657217.0,-99012.09295859397,-17217.0
4250000.0,3939974.773859872,4.6220835e+06,310025.226140128,-372083.5
890000.0,840564.5884633055,881156.4,49435.411536694504,8843.625
685000.0,786952.2175419121,689160.3,-101952.2175419121,-4160.3125
1800000.0,1866135.163264541,1.789386e+06,-66135.16326454096,10614.0
1600000.0,1650897.5571414465,1.7851318e+06,-50897.55714144651,-185131.75
1075000.0,1094321.0570220023,1.0576249e+06,-19321.057022002293,17375.125
480000.0,588326.4862126776,528069.9,-108326.48621267756,-48069.875
492681.0,675232.3020081096,490853.4,-182551.30200810963,1827.59375
849999.0,1058963.6990434062,854836.44,-208964.69904340617,-4837.4375
347500.0,501840.4366001071,330305.12,-154340.43660010712,17194.875
1599000.0,1559275.1001638735,1.5613614e+06,39724.89983612648,37638.625
875000.0,884725.6840646731,884804.25,-9725.684064673143,-9804.25
155500.0,205647.62559482222,129215.695,-50147.625594822224,26284.3046875
315000.0,281847.48497116694,309205.5,33152.51502883306,5794.5
670000.0,1353980.6538610812,730192.8,-683980.6538610812,-60192.8125
695400.0,756075.1013326182,700316.8,-60675.10133261816,-4916.8125
1465000.0,1438749.7648352848,1.404789e+06,26250.23516471521,60211.0
460000.0,378080.2485814885,448358.44,81919.7514185115,11641.5625
670000.0,618085.6121606312,638162.75,51914.38783936878,31837.25
643230.0,601362.7529152954,630272.1,41867.24708470458,12957.875
590000.0,655270.8206136896,617279.25,-65270.820613689604,-27279.25
980000.0,1061364.3835647106,914653.06,-81364.38356471062,65346.9375
660000.0,623477.6156334083,665823.9,36522.384366591694,-5823.875
600000.0,667138.4063320379,596099.94,-67138.40633203788,3900.0625
2350000.0,2501598.2321635,2.4215985e+06,-151598.23216350004,-71598.5
1409900.0,1860387.8513003862,1.3435062e+06,-450487.85130038625,66393.75
639000.0,734502.2574381407,684564.5,-95502.25743814069,-45564.5
1775000.0,2019578.9065026247,1.8245602e+06,-244578.90650262474,-49560.25
455000.0,428223.52054700535,462619.12,26776.479452994652,-7619.125
760000.0,880956.4473023834,753512.5,-120956.44730238337,6487.5
618432.0,574168.1512709612,596911.75,44263.848729038844,21520.25
670000.0,625055.7890233366,653877.25,44944.210976663395,16122.75
1530000.0,1566820.6872032336,1.5714072e+06,-36820.687203233596,-41407.25
875000.0,1416380.6787163871,830670.44,-541380.6787163871,44329.5625
410000.0,616322.3956162876,405370.25,-206322.3956162876,4629.75
1580000.0,1746424.6462026471,1.6318389e+06,-166424.64620264713,-51838.875
688000.0,1182872.913812392,658915.25,-494872.9138123919,29084.75
1989000.0,1898148.8713050124,1.9445602e+06,90851.12869498762,44439.75
976000.0,1177624.7342723014,1.0373258e+06,-201624.73427230143,-61325.8125
595000.0,703706.1553628189,579143.44,-108706.15536281886,15856.5625
760000.0,933430.6804354046,732853.56,-173430.68043540465,27146.4375
2180500.0,2122110.822580641,2.227267e+06,58389.177419358864,-46767.0
455000.0,404959.81724572135,446995.62,50040.18275427865,8004.375
271000.0,546468.0118550749,250311.33,-275468.0118550749,20688.671875
1395000.0,1382771.1991652162,1.3322338e+06,12228.800834783819,62766.25
1625000.0,2231961.567945,1.5812855e+06,-606961.5679449998,43714.5
2500000.0,2351563.578820936,2.4741382e+06,148436.42117906408,25861.75
1525000.0,1424115.2253021803,1.504835e+06,100884.77469781972,20165.0
901500.0,953329.1009685809,885059.1,-51829.100968580926,16440.875
850000.0,1659063.123582623,810872.5,-809063.123582623,39127.5
2000000.0,2512903.186433341,2.059618e+06,-512903.1864333409,-59618.0
2400000.0,2391167.823777872,2.4738432e+06,8832.176222127862,-73843.25
1390000.0,1847271.5234755806,1.3444355e+06,-457271.5234755806,45564.5
3060000.0,2960848.8911504485,3.1501298e+06,99151.10884955153,-90129.75
1420000.0,1479707.0433210037,1.3942038e+06,-59707.04332100367,25796.25
475000.0,706942.2119687451,500527.94,-231942.2119687451,-25527.9375
780000.0,967430.0214326009,844596.94,-187430.02143260092,-64596.9375
564000.0,591930.5985535546,557639.7,-27930.59855355462,6360.3125
584830.0,539196.8247688347,591911.94,45633.17523116525,-7081.9375
1650000.0,1653143.0248198994,1.6130458e+06,-3143.0248198993504,36954.25
700000.0,691948.8651923384,686829.1,8051.134807661641,13170.875
505000.0,721937.2338480384,510885.03,-216937.23384803836,-5885.03125
330000.0,515947.3809193425,330480.62,-185947.3809193425,-480.625
215000.0,1161877.9033362535,205167.81,-946877.9033362535,9832.1875
1035000.0,1053928.314937597,1.0323351e+06,-18928.314937596908,2664.875
2435000.0,2824916.4992624843,2.371549e+06,-389916.49926248426,63451.0
675000.0,1123030.45927671,663590.6,-448030.45927670994,11409.375
650000.0,620725.7699164982,657734.25,29274.23008350178,-7734.25
1000000.0,1062343.7229435588,979431.2,-62343.72294355882,20568.8125
4000000.0,5092512.227491376,3.9648992e+06,-1092512.227491376,35100.75
4850000.0,5594496.605228785,4.3260295e+06,-744496.6052287854,523970.5
219000.0,550322.787343423,205278.0,-331322.787343423,13722.0
4330000.0,4237429.172752982,4.3360745e+06,92570.827247018,-6074.5
1567000.0,1461105.3127139083,1.5173002e+06,105894.68728609174,49699.75
7000000.0,7007487.57336502,6.04443e+06,-7487.573365019634,955570.0
444888.0,610399.7715001933,449066.66,-165511.77150019328,-4178.65625
690000.0,928827.2011232667,693555.4,-238827.2011232667,-3555.375
500000.0,515662.2119957601,546050.9,-15662.211995760095,-46050.875
4900000.0,5518848.62475246,5.022912e+06,-618848.62475246,-122912.0
325000.0,358248.916277281,312053.25,-33248.91627728101,12946.75
1685000.0,2287712.922522813,1.6573311e+06,-602712.9225228131,27668.875
981243.0,1432641.7191720752,892567.5,-451398.71917207516,88675.5
699900.0,534368.2159486421,686656.9,165531.78405135788,13243.125
1850000.0,2142769.4534910517,2.1933305e+06,-292769.4534910517,-343330.5
6550000.0,6759645.408746779,6.161759e+06,-209645.40874677896,388241.0
830000.0,1405738.5571543777,820858.94,-575738.5571543777,9141.0625
520000.0,644001.670036199,515291.8,-124001.67003619904,4708.1875
8175000.0,7808956.277476277,7.9294405e+06,366043.7225237228,245559.5
600000.0,598940.5586467879,593524.6,1059.4413532121107,6475.375
829999.0,830151.143658815,786250.7,-152.14365881495178,43748.3125
739990.0,896419.2989901791,714547.0,-156429.2989901791,25443.0
717000.0,773572.6987212981,676304.6,-56572.69872129813,40695.375
660000.0,625927.494972193,672087.4,34072.50502780697,-12087.375
985000.0,972369.707296243,947511.8,12630.292703756946,37488.1875
2350000.0,2586195.9233739264,2.4585392e+06,-236195.92337392643,-108539.25
955000.0,1459577.600794608,931426.3,-504577.600794608,23573.6875
620000.0,755921.5341637796,612993.8,-135921.53416377958,7006.1875
1060000.0,1202450.9016743589,1.1606569e+06,-142450.90167435887,-100656.875
1888000.0,1960229.6060198504,1.7580375e+06,-72229.60601985035,129962.5
830000.0,1567053.5759666178,869161.5,-737053.5759666178,-39161.5
717000.0,705773.2838207306,706458.7,11226.716179269366,10541.3125
730000.0,820338.1630969148,706071.4,-90338.16309691477,23928.625
2300000.0,2458584.9866082375,2.3337485e+06,-158584.9866082375,-33748.5
1450000.0,1751248.5693791283,1.6144048e+06,-301248.5693791283,-164404.75
448999.0,698376.0605155991,435084.7,-249377.0605155991,13914.3125
525000.0,682173.0747445825,523265.75,-157173.07474458253,1734.25
1210000.0,1238103.577656775,1.178022e+06,-28103.577656775014,31978.0
799000.0,955909.102869596,776772.75,-156909.10286959598,22227.25
775000.0,834829.8765282484,779154.25,-59829.876528248424,-4154.25
4000000.0,3751232.0048791934,3.9636518e+06,248767.99512080662,36348.25
3345000.0,2945765.670921189,3.2541202e+06,399234.3290788112,90879.75
510000.0,380682.70327757753,497155.0,129317.29672242247,12845.0
2760000.0,2691728.7971672295,2.788035e+06,68271.20283277053,-28035.0
799000.0,878809.2176605796,780788.5,-79809.2176605796,18211.5
851000.0,957067.0630241631,838463.1,-106067.06302416313,12536.875
545000.0,627512.9273912794,592460.3,-82512.92739127937,-47460.3125
1450000.0,1443747.2145292885,1.4837416e+06,6252.785470711533,-33741.625
585000.0,825743.544060956,528065.3,-240743.544060956,56934.6875
485000.0,529160.8029382962,470098.4,-44160.80293829623,14901.59375
1850000.0,1884352.7281456743,1.8823919e+06,-34352.72814567434,-32391.875
235000.0,565220.315389625,244977.1,-330220.31538962503,-9977.09375
570000.0,654115.5166213328,588095.9,-84115.51662133285,-18095.875
320000.0,432832.96824461967,320015.38,-112832.96824461967,-15.375
1230000.0,1346525.496088983,1.1935359e+06,-116525.49608898303,36464.125
545000.0,635537.5044885279,546291.0,-90537.50448852789,-1291.0
739900.0,738637.0563541122,724225.75,1262.9436458877753,15674.25
310000.0,318504.06045693916,294784.34,-8504.060456939158,15215.65625
430000.0,258534.9447076656,421568.62,171465.0552923344,8431.375
870000.0,844353.2958182239,856598.4,25646.70418177615,13401.625
1362500.0,1379153.9642940862,1.3523761e+06,-16653.96429408621,10123.875
385000.0,317521.4886379726,400886.0,67478.51136202738,-15886.0
972000.0,1746854.3176905888,1.0151523e+06,-774854.3176905888,-43152.3125
389900.0,687848.0053291883,390108.12,-297948.0053291883,-208.125
2400000.0,2543013.9102091254,2.3329762e+06,-143013.91020912537,67023.75
1800000.0,1662890.2154871123,1.745959e+06,137109.7845128877,54041.0
2600000.0,2373049.178895206,2.4832675e+06,226950.8211047938,116732.5
2389000.0,2404277.8937394572,2.3479712e+06,-15277.893739457242,41028.75
6900000.0,7487083.426663601,7.295182e+06,-587083.4266636008,-395182.0
950000.0,1013817.3920356501,1.01039544e+06,-63817.39203565009,-60395.4375
775000.0,759695.5048384978,761557.5,15304.495161502156,13442.5
2049500.0,2455670.481850656,2.009993e+06,-406170.4818506562,39507.0
5770000.0,5610551.835673692,5.83506e+06,159448.1643263083,-65060.0
855000.0,776450.289950286,843464.4,78549.71004971396,11535.625
1175000.0,1184677.5763892997,1.113316e+06,-9677.576389299706,61684.0
97972500.0,1531810.9659999488,967512.8,96440689.03400005,97004987.1875
715000.0,585603.5870184817,707728.44,129396.41298151831,7271.5625
465000.0,630527.2738697139,446199.62,-165527.27386971388,18800.375
385000.0,610960.2541999312,374182.78,-225960.25419993117,10817.21875
1410000.0,1521994.29813153,1.4789624e+06,-111994.29813152994,-68962.375
477400.0,673765.475293828,484689.44,-196365.47529382806,-7289.4375
1625000.0,1620652.3166988215,1.6363114e+06,4347.683301178506,-11311.375
618000.0,614614.6343151672,628295.9,3385.3656848327955,-10295.875
435000.0,372611.17086528207,424653.47,62388.82913471793,10346.53125
860000.0,1482102.8803983866,888197.0,-622102.8803983866,-28197.0
1625000.0,2195650.5819005356,1.6415725e+06,-570650.5819005356,-16572.5
689000.0,625480.0010013625,671081.9,63519.998998637544,17918.125
735000.0,1052352.2181060198,737071.0,-317352.2181060198,-2071.0
460000.0,397325.07170427067,446838.8,62674.92829572933,13161.1875
862500.0,852098.6222590823,864702.7,10401.377740917727,-2202.6875
5300000.0,5401915.026953736,5.1089255e+06,-101915.02695373632,191074.5
1450000.0,1841514.8066430506,1.5194984e+06,-391514.80664305063,-69498.375
1100000.0,1133660.3711625298,1.1756382e+06,-33660.3711625298,-75638.25
299000.0,228441.95921677898,323804.3,70558.04078322102,-24804.3125
197500.0,182671.68642274407,186361.58,14828.313577255933,11138.421875
295000.0,326094.9131186879,287735.22,-31094.913118687924,7264.78125
2100000.0,2260478.2038186635,1.8546312e+06,-160478.2038186635,245368.75
631000.0,774719.3098071094,602960.4,-143719.3098071094,28039.625
529000.0,544286.9277124135,514748.6,-15286.927712413482,14251.40625
699000.0,575251.4151297065,689165.56,123748.5848702935,9834.4375
639000.0,574919.3267783051,625376.25,64080.67322169489,13623.75
1310000.0,1718632.1291975568,1.3998408e+06,-408632.12919755676,-89840.75
719990.0,885704.0233752502,696356.25,-165714.02337525017,23633.75
659000.0,750904.6250702067,640061.94,-91904.6250702067,18938.0625
700000.0,934501.2655943122,687107.5,-234501.26559431222,12892.5
620000.0,711528.0830407374,627703.0,-91528.08304073743,-7703.0
300000.0,413978.89733570477,289876.1,-113978.89733570477,10123.90625
430000.0,524150.2568910901,418129.22,-94150.25689109007,11870.78125
850000.0,875578.5906017685,824155.8,-25578.59060176846,25844.1875
460000.0,679358.5806488983,494240.6,-219358.58064889826,-34240.59375
799000.0,1447957.2559677765,796132.0,-648957.2559677765,2868.0
600000.0,575594.0771689978,621036.44,24405.922831002157,-21036.4375
948000.0,1134663.7203822844,948716.2,-186663.72038228437,-716.1875
1385000.0,1679256.203316034,1.331652e+06,-294256.20331603405,53348.0
905000.0,749957.4637287688,791713.3,155042.53627123125,113286.6875
4525000.0,4820566.333132999,4.681427e+06,-295566.333132999,-156427.0
1580000.0,2088118.488878989,1.5718345e+06,-508118.4888789889,8165.5
2865000.0,2762633.9694726737,2.8795202e+06,102366.03052732628,-14520.25
2750000.0,2558379.4772677505,2.7267768e+06,191620.52273224946,23223.25
390000.0,513187.8955096835,391547.2,-123187.89550968353,-1547.1875
490000.0,602690.2028219325,480347.34,-112690.2028219325,9652.65625
700000.0,917605.4565555542,704751.5,-217605.45655555418,-4751.5
365000.0,450944.8509232529,353494.88,-85944.85092325287,11505.125
1800000.0,1744329.0357102011,1.8690758e+06,55670.96428979887,-69075.75
269000.0,324713.20225820714,255379.78,-55713.20225820714,13620.21875
399900.0,444318.69186062634,389810.6,-44418.691860626335,10089.40625
620000.0,898832.2910121805,583720.75,-278832.2910121805,36279.25
899000.0,1569496.6548953298,867692.25,-670496.6548953298,31307.75
1080000.0,1160739.445106278,1.1449304e+06,-80739.44510627794,-64930.375
1060000.0,1130269.8285405084,1.0904006e+06,-70269.8285405084,-30400.625
515000.0,642303.9187244491,502428.97,-127303.91872444912,12571.03125
700000.0,603445.7170781723,682723.4,96554.28292182775,17276.625
1325000.0,1330130.7037450064,1.211245e+06,-5130.703745006351,113755.0
2175000.0,2243322.09954439,2.2064658e+06,-68322.0995443901,-31465.75
2118000.0,2352733.0111915884,2.1028158e+06,-234733.01119158836,15184.25
2925000.0,2912751.181300651,2.8982075e+06,12248.818699349184,26792.5
1325000.0,1903365.2785155657,1.2918302e+06,-578365.2785155657,33169.75
678800.0,556955.3472135442,663333.75,121844.65278645582,15466.25
1580000.0,1389699.8387725474,1.5397355e+06,190300.16122745257,40264.5
1080000.0,1686463.0578037072,1.1109191e+06,-606463.0578037072,-30919.125
820000.0,1745707.8050160012,809916.5,-925707.8050160012,10083.5
660000.0,647108.0808052173,637383.0,12891.919194782735,22617.0
3750000.0,4398476.555081973,4.3947075e+06,-648476.5550819729,-644707.5
1937000.0,1907200.522781887,2.0785946e+06,29799.47721811291,-141594.625
374000.0,231486.81791702448,361358.1,142513.18208297552,12641.90625
1995000.0,1850170.4930580477,2.0017884e+06,144829.50694195228,-6788.375
1289950.0,1270670.8830169984,1.2396048e+06,19279.116983001586,50345.25
275000.0,197845.1853681202,274969.94,77154.8146318798,30.0625
333000.0,485991.8049983969,327709.03,-152991.8049983969,5290.96875
540000.0,506853.72932962,551764.06,33146.27067037998,-11764.0625
1715000.0,1867041.0208979165,1.7450202e+06,-152041.02089791652,-30020.25
2800000.0,3093958.632861619,2.9424725e+06,-293958.6328616189,-142472.5
4500000.0,4838604.776211054,4.18792e+06,-338604.77621105406,312080.0
3275000.0,3199810.215012487,3.2206808e+06,75189.78498751298,54319.25
499000.0,977496.714064541,492942.8,-478496.71406454104,6057.1875
285000.0,446497.80135947384,268916.53,-161497.80135947384,16083.46875
2800000.0,3322495.292201571,2.982571e+06,-522495.29220157117,-182571.0
575000.0,691467.2120913701,566695.2,-116467.21209137014,8304.8125
1780000.0,1799473.485107955,1.7512504e+06,-19473.485107955057,28749.625
769000.0,753007.9827770686,751139.75,15992.017222931376,17860.25
2075000.0,2080981.0137920491,2.0056159e+06,-5981.01379204914,69384.125
429000.0,370137.8191272487,416166.75,58862.18087275128,12833.25
295000.0,333786.3689108745,268852.94,-38786.36891087447,26147.0625
1040000.0,1810211.75416692,1.1190429e+06,-770211.75416692,-79042.875
799000.0,768336.310448938,779224.9,30663.68955106195,19775.125
399000.0,350062.2858433132,394038.62,48937.714156686794,4961.375
769444.0,760661.1584146968,728042.1,8782.841585303191,41401.875
1535000.0,1485000.7383659058,1.4906858e+06,49999.261634094175,44314.25
870000.0,1068846.1905653686,857920.3,-198846.19056536863,12079.6875
585000.0,580210.008228349,611467.6,4789.991771650966,-26467.625
820000.0,980506.6935505157,793720.5,-160506.6935505157,26279.5
1025000.0,1072247.3354246342,1.0296656e+06,-47247.33542463416,-4665.625
1483020.0,1515543.4667569897,1.4458792e+06,-32523.466756989714,37140.75
383000.0,329677.472218574,362230.34,53322.527781425975,20769.65625
499700.0,534952.3052169803,486286.3,-35252.30521698028,13413.6875
1020000.0,1295042.6320702003,1.0568666e+06,-275042.6320702003,-36866.625
2625000.0,2731963.685668827,2.54293e+06,-106963.68566882703,82070.0
1390000.0,1430566.0764878313,1.3351272e+06,-40566.076487831306,54872.75
570000.0,664873.5568510538,553988.06,-94873.55685105384,16011.9375
985000.0,991623.1186748674,994714.56,-6623.118674867437,-9714.5625
298000.0,401820.5705946137,298289.62,-103820.57059461367,-289.625
1200000.0,1278754.252723092,1.1643665e+06,-78754.25272309198,35633.5
1160000.0,1140934.8436572286,1.1777602e+06,19065.15634277137,-17760.25
842000.0,1420702.10041313,828437.1,-578702.1004131299,13562.875
1785000.0,1644813.4944516583,1.7826615e+06,140186.50554834167,2338.5
1260000.0,1249081.2298525,1.222679e+06,10918.770147500094,37321.0
5155000.0,5538093.437938555,5.248983e+06,-383093.43793855514,-93983.0
4050000.0,4584740.625332262,4.0532225e+06,-534740.6253322624,-3222.5
1350000.0,1549994.9566302905,1.4584846e+06,-199994.9566302905,-108484.625
690000.0,705800.1079630579,685759.0,-15800.107963057933,4241.0
475000.0,413527.4573102519,458817.22,61472.54268974811,16182.78125
1600000.0,1706501.3743668364,1.6689651e+06,-106501.37436683639,-68965.125
324900.0,386900.7833900504,326435.75,-62000.783390050405,-1535.75
535000.0,540478.9342761369,532120.2,-5478.934276136919,2879.8125
978000.0,1506960.7150949466,995792.8,-528960.7150949466,-17792.8125
865000.0,816014.0554615924,858386.0,48985.94453840761,6614.0
325000.0,519580.51065293746,498699.25,-194580.51065293746,-173699.25
480000.0,566612.4131158335,563718.2,-86612.41311583354,-83718.1875
810000.0,856673.3276331329,844176.6,-46673.327633132925,-34176.625
2775000.0,3347663.897054438,2.7219235e+06,-572663.897054438,53076.5
765000.0,921452.9858013002,748231.4,-156452.98580130015,16768.625
1600000.0,1848572.6973535977,1.6663394e+06,-248572.69735359773,-66339.375
2500000.0,3165750.463220325,2.5649628e+06,-665750.4632203248,-64962.75
625000.0,2029552.4518103278,644275.4,-1404552.4518103278,-19275.375
610990.0,489622.9934496975,595580.0,121367.0065503025,15410.0
1075000.0,1108416.6470158729,1.025222e+06,-33416.64701587288,49778.0
705000.0,640848.7706430741,693181.1,64151.229356925935,11818.875
980000.0,1045414.9429942804,968434.1,-65414.94299428037,11565.875
1460000.0,1557622.1884896,1.4876579e+06,-97622.18848960008,-27657.875
450000.0,437341.9811898008,478007.12,12658.018810199224,-28007.125
5000000.0,6631202.774787449,5.318398e+06,-1631202.7747874493,-318398.0
580000.0,678435.9340326239,582246.3,-98435.93403262389,-2246.3125
1010000.0,1509395.1016543363,1.0403276e+06,-499395.1016543363,-30327.625
950000.0,1144971.4021636595,991303.5,-194971.40216365946,-41303.5
575000.0,546595.645095067,594680.44,28404.354904933018,-19680.4375
605000.0,676050.9891906583,599585.25,-71050.98919065832,5414.75
810000.0,743641.9415923455,823677.25,66358.05840765452,-13677.25
245000.0,284038.88084087556,234231.61,-39038.88084087556,10768.390625
365000.0,374014.6687945555,380034.38,-9014.668794555473,-15034.375
795000.0,1497695.6277612376,784136.75,-702695.6277612376,10863.25
364900.0,412879.5951152721,359290.44,-47979.595115272095,5609.5625
707500.0,773854.7471648108,703008.9,-66354.74716481077,4491.125
310000.0,840609.1084054679,307416.34,-530609.1084054679,2583.65625
650000.0,1342668.679362969,787811.1,-692668.679362969,-137811.125
599000.0,477559.446956365,588453.8,121440.55304363498,10546.1875
750000.0,1204518.7658016323,717816.5,-454518.7658016323,32183.5
1430000.0,1491323.0875413006,1.3958122e+06,-61323.08754130057,34187.75
980000.0,1065790.0030712876,1.00011175e+06,-85790.00307128765,-20111.75
615000.0,1022243.7955070222,592772.8,-407243.7955070222,22227.1875
465000.0,973044.7434345243,466994.22,-508044.7434345243,-1994.21875
479000.0,1214846.1645684075,472754.56,-735846.1645684075,6245.4375
875000.0,823263.6142004086,849102.6,51736.38579959143,25897.375
775000.0,780635.1226117763,779521.44,-5635.122611776344,-4521.4375
650000.0,717534.901947232,715651.06,-67534.90194723196,-65651.0625
4800000.0,4523584.595369911,4.7893595e+06,276415.4046300892,10640.5
750000.0,821921.257671484,720080.5,-71921.25767148403,29919.5
6900000.0,6867108.948559234,6.15514e+06,32891.05144076608,744860.0
1340000.0,1301642.8602054506,1.294083e+06,38357.13979454944,45917.0
1843000.0,1791108.8505709202,1.8372385e+06,51891.149429079844,5761.5
450000.0,408581.9885673673,483828.12,41418.01143263269,-33828.125
1170000.0,1219326.708861299,1.2218958e+06,-49326.70886129909,-51895.75
310000.0,559808.1607255616,354366.75,-249808.16072556155,-44366.75
4300000.0,4011061.061859809,4.239056e+06,288938.93814019114,60944.0
1275000.0,1834979.8624277073,1.2779116e+06,-559979.8624277073,-2911.625
1000000.0,1260186.495676148,1.0863661e+06,-260186.49567614798,-86366.125
420000.0,471626.13957411575,417311.38,-51626.13957411575,2688.625
1448000.0,1473690.3912595692,1.4634712e+06,-25690.39125956921,-15471.25
960000.0,995704.7192097643,994570.4,-35704.71920976427,-34570.375
300000.0,109339.09228453413,273851.2,190660.90771546587,26148.8125
655000.0,715248.3969476966,634446.5,-60248.39694769657,20553.5
555000.0,566931.4717145746,540616.4,-11931.47171457461,14383.625
750000.0,1293115.570991447,780945.6,-543115.570991447,-30945.625
789000.0,882684.6884944842,769013.44,-93684.68849448417,19986.5625
510000.0,488672.29966916726,523181.44,21327.70033083274,-13181.4375
365000.0,465945.19412758795,405371.0,-100945.19412758795,-40371.0
1450000.0,1541483.4717765548,1.409682e+06,-91483.47177655483,40318.0
460000.0,708069.8110530734,472800.56,-248069.81105307338,-12800.5625
2225000.0,2184153.9583516475,2.155316e+06,40846.04164835252,69684.0
1000000.0,932638.8627403029,996793.3,67361.13725969708,3206.6875
3200000.0,3637797.652176054,3.2175892e+06,-437797.6521760542,-17589.25
596610.0,495811.3142717085,597342.25,100798.68572829152,-732.25
425000.0,463507.3544861744,432645.12,-38507.354486174416,-7645.125
565000.0,759734.1194380244,560405.0,-194734.11943802435,4595.0
1525000.0,1443793.3795263083,1.4587976e+06,81206.62047369173,66202.375
275000.0,262697.55403514556,322173.9,12302.445964854443,-47173.90625
4350000.0,4726945.271358749,4.8902855e+06,-376945.2713587489,-540285.5
1900000.0,2198558.639759433,2.0956526e+06,-298558.639759433,-195652.625
400000.0,414703.6612904852,417194.38,-14703.661290485179,-17194.375
2900000.0,2832234.087542972,2.8986195e+06,67765.91245702794,1380.5
590000.0,578297.9485946577,586790.0,11702.051405342296,3210.0
1525000.0,1457307.5712284932,1.484993e+06,67692.42877150676,40007.0
1159500.0,1154684.4345734904,1.1342851e+06,4815.5654265095945,25214.875
785000.0,805717.665502466,797245.9,-20717.66550246603,-12245.875
860000.0,894467.74121288,840954.44,-34467.741212880006,19045.5625
1228000.0,1196433.1814536492,1.234214e+06,31566.818546350813,-6214.0
1620000.0,1617560.764840371,1.629113e+06,2439.2351596290246,-9113.0
800000.0,942111.1741293787,785340.94,-142111.17412937875,14659.0625
850000.0,845762.64770795,848240.7,4237.352292050025,1759.3125
799000.0,795592.0001346561,785783.7,3407.9998653439106,13216.3125
875000.0,1418255.2882283055,751997.0,-543255.2882283055,123003.0
424000.0,559975.3689118183,404278.8,-135975.36891181825,19721.1875
1075000.0,1202233.9598762686,1.00431525e+06,-127233.95987626864,70684.75
3230000.0,3156654.4062735913,3.144577e+06,73345.59372640867,85423.0
450000.0,672173.3336437396,605653.5,-222173.33364373958,-155653.5
3625000.0,3420942.9006539974,3.6772525e+06,204057.09934600256,-52252.5
350000.0,946030.6704048851,360444.97,-596030.6704048851,-10444.96875
450000.0,597100.1204227904,466508.56,-147100.1204227904,-16508.5625
360000.0,1562012.9391907093,383224.0,-1202012.9391907093,-23224.0
467500.0,405576.37593418406,465991.88,61923.62406581594,1508.125
1387443.0,1812180.6736972455,1.285441e+06,-424737.67369724554,102002.0
4500000.0,4330232.19581437,4.2308535e+06,169767.80418562982,269146.5
1680640.0,1697620.4478723477,1.6575445e+06,-16980.447872347664,23095.5
849999.0,845001.4997255142,853654.4,4997.500274485792,-3655.375
519000.0,446545.63085812714,517520.3,72454.36914187286,1479.6875
5885000.0,5609615.913426939,6.1746885e+06,275384.0865730606,-289688.5
1745000.0,1703153.539489188,1.717198e+06,41846.460510812,27802.0
920000.0,815676.8767023182,911773.0,104323.1232976818,8227.0
261000.0,350039.4949822546,255865.16,-89039.49498225458,5134.84375
1279900.0,1247606.239277824,1.2962014e+06,32293.76072217594,-16301.375
1677000.0,3066329.7767607397,3.1730475e+06,-1389329.7767607397,-1496047.5
950000.0,972675.2871933284,886122.44,-22675.287193328375,63877.5625
435000.0,770289.9171645738,402174.56,-335289.9171645738,32825.4375
853610.0,981312.2941407532,804112.0,-127702.29414075322,49498.0
540000.0,809620.9892303911,540692.2,-269620.9892303911,-692.1875
2771404.0,2908707.3889648,2.803689e+06,-137303.38896480016,-32285.0
725000.0,961353.6724037769,713965.94,-236353.6724037769,11034.0625
2580000.0,2441231.57951253,2.5776822e+06,138768.42048747,2317.75
575000.0,721779.3225996536,559119.56,-146779.32259965362,15880.4375
505000.0,475062.2273553449,507569.6,29937.77264465508,-2569.59375
500000.0,536250.9917444789,487168.25,-36250.99174447893,12831.75
703000.0,1118863.2692519934,708590.2,-415863.2692519934,-5590.1875
1400000.0,1752890.7709024788,1.2587102e+06,-352890.77090247883,141289.75
2025000.0,2118041.590415646,2.0260725e+06,-93041.59041564586,-1072.5
4000000.0,4417109.356929663,4.0655642e+06,-417109.35692966264,-65564.25
1525000.0,1379181.2359229194,1.5110894e+06,145818.76407708065,13910.625
2800000.0,2633957.5934030088,2.7574278e+06,166042.40659699123,42572.25
869000.0,962954.5387464545,921223.0,-93954.53874645452,-52223.0
1825000.0,1811420.0623447234,1.8304738e+06,13579.937655276619,-5473.75
2500000.0,2492950.7767935805,2.4635432e+06,7049.223206419498,36456.75
1275000.0,1303899.663040767,1.2134186e+06,-28899.663040766958,61581.375
2150000.0,2200601.488000951,2.1269802e+06,-50601.488000950776,23019.75
765000.0,758884.8287138363,751763.25,6115.171286163735,13236.75
775000.0,714379.8282724713,777496.06,60620.17172752868,-2496.0625
820000.0,800227.4914573001,950613.56,19772.508542699856,-130613.5625
1199000.0,1197136.802997154,1.2371389e+06,1863.1970028460491,-38138.875
660000.0,612100.0474231833,650382.1,47899.952576816664,9617.875
500000.0,1276459.0476640873,560398.06,-776459.0476640873,-60398.0625
17000000.0,18706055.85860902,1.3001894e+07,-1706055.8586090207,3998106.0
550000.0,669644.9463757955,539143.9,-119644.94637579552,10856.125
1800000.0,2348761.4363937937,1.7813002e+06,-548761.4363937937,18699.75
1300000.0,1294578.458705302,1.2463758e+06,5421.541294697905,53624.25
1267500.0,1245022.1568536237,1.2174165e+06,22477.84314637631,50083.5
580000.0,622149.5143101419,581060.9,-42149.51431014191,-1060.875
490000.0,583206.362503455,475686.97,-93206.36250345502,14313.03125
2050000.0,3043630.7322681593,2.0085386e+06,-993630.7322681593,41461.375
660000.0,704186.0028978183,640215.2,-44186.00289781834,19784.8125
1060000.0,1610400.6412268593,1.03980094e+06,-550400.6412268593,20199.0625
3300000.0,3189479.176575195,3.194761e+06,110520.82342480496,105239.0
435000.0,419515.29491200973,473439.0,15484.705087990267,-38439.0
230000.0,990744.3286577341,232991.11,-760744.3286577341,-2991.109375
590000.0,551916.1537897433,588707.56,38083.846210256685,1292.4375
1298500.0,1718524.5076797758,1.2815791e+06,-420024.5076797758,16920.875
770000.0,763282.3979401123,808988.6,6717.602059887722,-38988.625
2700000.0,2697254.8209018493,2.9916355e+06,2745.179098150693,-291635.5
1495000.0,1400488.1738101328,1.4662121e+06,94511.82618986722,28787.875
1163900.0,1676614.6961687987,1.133566e+06,-512714.6961687987,30334.0
465000.0,455800.41206241853,452507.16,9199.58793758147,12492.84375
975000.0,1000115.2899038823,936762.4,-25115.28990388231,38237.625
495000.0,462902.5319675527,509086.47,32097.468032447272,-14086.46875
765000.0,862348.3146203791,743211.9,-97348.31462037913,21788.125
740000.0,831821.6263514252,707218.4,-91821.62635142519,32781.625
1275000.0,1783600.7180847,1.2384302e+06,-508600.71808469994,36569.75
432500.0,347396.5328264622,425611.94,85103.46717353782,6888.0625
975000.0,937990.326156008,915696.0,37009.67384399194,59304.0
741900.0,868380.3663646781,720383.4,-126480.36636467814,21516.625
529000.0,411711.728604179,511228.16,117288.27139582101,17771.84375
535000.0,515651.1515466068,519359.06,19348.848453393206,15640.9375
525000.0,569636.988510251,554757.9,-44636.988510251045,-29757.875
2160000.0,2193186.428754455,2.2467745e+06,-33186.428754454944,-86774.5
745000.0,1517023.6131980012,749343.9,-772023.6131980012,-4343.875
850000.0,972316.3454395393,882817.6,-122316.34543953929,-32817.625
421000.0,482882.15171193646,393526.38,-61882.15171193646,27473.625
710000.0,1061299.981610558,842483.6,-351299.981610558,-132483.625
585000.0,829411.3329039647,588184.5,-244411.33290396468,-3184.5
710000.0,583314.8049702892,701791.06,126685.19502971077,8208.9375
569000.0,439221.273122558,564968.94,129778.72687744198,4031.0625
2650000.0,2808027.2749589304,2.4818375e+06,-158027.27495893044,168162.5
3850000.0,3971530.5958260642,3.9871688e+06,-121530.59582606424,-137168.75
930000.0,1201193.4584460997,1.0768454e+06,-271193.45844609966,-146845.375
875000.0,839292.4712720347,809440.1,35707.52872796531,65559.875
525000.0,569022.155764474,513417.03,-44022.15576447395,11582.96875
2900000.0,2886372.406121842,3.0850495e+06,13627.593878157903,-185049.5
379900.0,994083.3619864,391440.4,-614183.3619864,-11540.40625
1255000.0,1222024.729624012,1.1773885e+06,32975.27037598798,77611.5
800000.0,832648.6516603883,811883.9,-32648.651660388336,-11883.875
620000.0,1034576.497675132,628827.0,-414576.497675132,-8827.0
797613.0,921646.6055368234,772796.0,-124033.6055368234,24817.0
815000.0,1011720.2155852795,767922.94,-196720.2155852795,47077.0625
595000.0,585145.5327977329,592938.5,9854.467202267144,2061.5
1329000.0,1536703.8605976768,1.3253855e+06,-207703.86059767683,3614.5
369000.0,1053279.1749346713,359439.88,-684279.1749346713,9560.125
1750000.0,1714425.7724344512,1.7043709e+06,35574.22756554885,45629.125
310000.0,280795.18143498583,303432.3,29204.818565014168,6567.6875
1400000.0,1313206.3841208362,1.3746545e+06,86793.61587916384,25345.5
3125000.0,2868061.628892379,2.9273105e+06,256938.37110762112,197689.5
613000.0,463455.2331912465,597969.25,149544.76680875348,15030.75
305000.0,481734.7898653855,324551.22,-176734.7898653855,-19551.21875
5800000.0,5420573.626725564,6.251455e+06,379426.3732744362,-451455.0
248700.0,430508.3889210223,234274.72,-181808.3889210223,14425.28125
2250000.0,1996373.764194585,2.0832166e+06,253626.23580541508,166783.375
1475000.0,1607337.4944864602,1.5074148e+06,-132337.49448646023,-32414.75
660000.0,1311841.413954103,656450.25,-651841.4139541029,3549.75
450924.0,600356.255768012,430505.75,-149432.25576801202,20418.25
2175000.0,2166349.4802908823,2.137373e+06,8650.51970911771,37627.0
1050000.0,1245047.7178719605,1.0850262e+06,-195047.71787196049,-35026.25
840000.0,884075.6258997468,847803.94,-44075.62589974678,-7803.9375
2600000.0,2865763.1018251935,2.6858695e+06,-265763.1018251935,-85869.5
915000.0,1482634.1904972114,924353.3,-567634.1904972114,-9353.3125
290000.0,280116.3131525171,280785.8,9883.686847482924,9214.1875
2200000.0,2190507.9035263234,2.3069995e+06,9492.096473676618,-106999.5
1025000.0,1168153.2559806006,1.0225807e+06,-143153.2559806006,2419.3125
4300000.0,4424589.619579644,4.0240165e+06,-124589.61957964394,275983.5
1075000.0,1236536.6717446202,1.1203445e+06,-161536.6717446202,-45344.5
1671000.0,1806947.5939529617,1.670975e+06,-135947.59395296173,25.0
1100000.0,2269471.7945026187,1.30772e+06,-1169471.7945026187,-207720.0
490000.0,471568.92504918587,569705.3,18431.07495081413,-79705.3125
450000.0,1055613.9242666997,470427.6,-605613.9242666997,-20427.59375
2411000.0,2914018.072472915,2.3878822e+06,-503018.07247291505,23117.75
770000.0,917692.4873689482,730559.9,-147692.48736894818,39440.125
2900000.0,3250668.5284612486,2.886716e+06,-350668.5284612486,13284.0
1450000.0,1652161.4183383968,1.3693866e+06,-202161.41833839682,80613.375
990000.0,1748712.223268091,985864.56,-758712.223268091,4135.4375
515000.0,498569.2621164116,508924.34,16430.737883588416,6075.65625
1750000.0,1989700.242823631,1.5534138e+06,-239700.24282363104,196586.25
1650000.0,2176487.9672194216,1.5407666e+06,-526487.9672194216,109233.375
680000.0,1413398.1781626015,670226.1,-733398.1781626015,9773.875
1735000.0,1740061.0901816697,1.7659285e+06,-5061.090181669686,-30928.5
1737000.0,1686188.3543100166,1.6995226e+06,50811.64568998339,37477.375
1150000.0,1231225.4743573314,1.1810108e+06,-81225.4743573314,-31010.75
1600000.0,1760363.1178301957,1.5956009e+06,-160363.1178301957,4399.125
2499000.0,2360580.30017501,2.4973248e+06,138419.69982498977,1675.25
488000.0,581632.4912986837,472374.2,-93632.49129868369,15625.8125
580000.0,552391.5051883269,573568.8,27608.494811673067,6431.1875
580000.0,794609.9149601846,569067.3,-214609.9149601846,10932.6875
2720000.0,2595664.231155251,2.7741188e+06,124335.76884474885,-54118.75
365000.0,322882.90465180355,361126.94,42117.09534819645,3873.0625
855000.0,801237.1609519518,813701.56,53762.83904804825,41298.4375
700000.0,727096.5919381417,712520.5,-27096.591938141733,-12520.5
450000.0,415015.06270873663,486671.84,34984.93729126337,-36671.84375
690000.0,743232.2469727197,701923.56,-53232.24697271967,-11923.5625
5750000.0,5342823.437605698,5.200199e+06,407176.56239430234,549801.0
3695000.0,3663775.9595809346,3.6383648e+06,31224.040419065394,56635.25
589000.0,1043381.220630835,569821.6,-454381.22063083504,19178.375
518000.0,425988.7788363171,528364.56,92011.22116368287,-10364.5625
795000.0,705818.5866317003,779998.9,89181.41336829972,15001.125
553036.0,375272.6263613887,528466.3,177763.3736386113,24569.6875
5867505.0,5478411.720197703,5.882345e+06,389093.27980229724,-14840.0
930000.0,1119543.783733664,900088.0,-189543.78373366408,29912.0
774000.0,798247.2462669829,783096.5,-24247.246266982867,-9096.5
1590000.0,1617343.5948426723,1.570814e+06,-27343.594842672348,19186.0
1400000.0,1516111.772656348,1.4722709e+06,-116111.77265634807,-72270.875
2775000.0,2966859.1160894716,2.8946278e+06,-191859.11608947162,-119627.75
465000.0,526098.1234077049,468380.9,-61098.12340770487,-3380.90625
950000.0,1149958.5041242708,952611.06,-199958.50412427075,-2611.0625
442000.0,509315.3096285098,442939.7,-67315.3096285098,-939.6875
475000.0,497899.2341179622,479845.06,-22899.234117962187,-4845.0625
500000.0,480934.65602472983,488916.88,19065.343975270167,11083.125
580000.0,607404.9810891844,572196.94,-27404.98108918441,7803.0625
855000.0,1499612.7537998694,855638.2,-644612.7537998694,-638.1875
280000.0,244982.0336457768,269116.12,35017.9663542232,10883.875
608000.0,747690.9778288743,592006.75,-139690.97782887425,15993.25
560000.0,777131.0630812452,550074.4,-217131.06308124517,9925.625
424000.0,677522.5351846527,425597.3,-253522.53518465266,-1597.3125
192000.0,214399.02359572158,195270.11,-22399.023595721577,-3270.109375
465000.0,1105263.8864523962,466026.12,-640263.8864523962,-1026.125
2025000.0,2077408.0917869867,2.0523495e+06,-52408.09178698668,-27349.5
18500000.0,18613007.352526523,1.795386e+07,-113007.35252652317,546140.0
1181065.0,1073541.9496753602,1.1069236e+06,107523.05032463977,74141.375
1315000.0,1341865.3136221054,1.3036619e+06,-26865.3136221054,11338.125
960000.0,993874.660321983,998802.1,-33874.66032198304,-38802.125
22500000.0,23781214.67327633,1.813119e+07,-1281214.6732763313,4368810.0
580000.0,654055.23803771,636237.0,-74055.23803770996,-56237.0
625000.0,750517.3236479751,620106.7,-125517.3236479751,4893.3125
717500.0,686296.7000413418,699355.06,31203.29995865817,18144.9375
420000.0,566935.6058395968,420908.2,-146935.60583959683,-908.1875
1998000.0,2063425.678117222,2.0173135e+06,-65425.67811722192,-19313.5
3058000.0,2866095.372279559,3.0449492e+06,191904.6277204412,13050.75
986515.0,899637.3149348423,1.0844221e+06,86877.68506515771,-97907.125
1190000.0,1233527.8384849066,1.1647785e+06,-43527.83848490659,25221.5
838600.0,981494.7407903019,860999.75,-142894.74079030193,-22399.75
1800000.0,1823086.1777431369,1.7501618e+06,-23086.177743136883,49838.25
5850000.0,6102803.747013192,6.149161e+06,-252803.7470131917,-299161.0
935000.0,1534013.6941197417,900181.6,-599013.6941197417,34818.375
935000.0,966762.6889953234,915680.3,-31762.688995323377,19319.6875
585000.0,815969.5480047006,595897.6,-230969.54800470057,-10897.625
1125000.0,2043634.3443740667,1.078425e+06,-918634.3443740667,46575.0
582000.0,711968.8629289255,566871.4,-129968.86292892555,15128.625
1299000.0,1282439.8793566409,1.2140738e+06,16560.120643359143,84926.25
615000.0,642585.1828182247,619076.75,-27585.182818224654,-4076.75
1135000.0,1387886.847223206,1.2052579e+06,-252886.84722320596,-70257.875
635000.0,624821.4893299877,683932.2,10178.510670012329,-48932.1875
642005.0,582171.6040796442,615647.8,59833.395920355804,26357.1875
345000.0,304233.3429115269,333634.38,40766.65708847309,11365.625
1225000.0,1323301.8986218192,1.2589769e+06,-98301.89862181921,-33976.875
5295000.0,6883039.365700169,6.0600945e+06,-1588039.3657001685,-765094.5
745000.0,822932.0210812802,727313.44,-77932.0210812802,17686.5625
2160000.0,2237464.6494802604,2.1555608e+06,-77464.64948026044,4439.25
450000.0,475903.627718491,448947.62,-25903.627718491014,1052.375
1733000.0,1653973.8939830149,1.6426875e+06,79026.10601698514,90312.5
883975.0,777042.0552051571,868256.75,106932.94479484286,15718.25
1135000.0,1135842.199059377,1.135048e+06,-842.1990593769588,-48.0
2300000.0,2434732.4183105566,2.2794632e+06,-134732.41831055656,20536.75
737500.0,729439.8459977503,766938.56,8060.1540022497065,-29438.5625
442500.0,685383.4164669617,439708.2,-242883.41646696173,2791.8125
919900.0,859873.6509051214,898089.3,60026.34909487865,21810.6875
585000.0,661838.86113403,593607.8,-76838.86113403004,-8607.8125
859900.0,1391337.0568772773,819017.44,-531437.0568772773,40882.5625
759000.0,765581.3674816084,731331.56,-6581.367481608409,27668.4375
3800000.0,4892039.027082573,4.1157718e+06,-1092039.0270825727,-315771.75
735000.0,847382.5743965844,735268.06,-112382.57439658442,-268.0625
1874000.0,2346316.5334730977,1.8385355e+06,-472316.5334730977,35464.5
995000.0,1167413.0939641465,995211.8,-172413.09396414645,-211.8125
745000.0,650973.8876797218,745879.56,94026.11232027819,-879.5625
565000.0,498479.3270448558,557914.7,66520.6729551442,7085.3125
395000.0,356228.0919644992,393416.44,38771.90803550079,1583.5625
860000.0,948549.9710450813,819426.9,-88549.97104508127,40573.125
788000.0,813614.3738951935,766291.5,-25614.37389519345,21708.5
304000.0,223981.27499085572,292075.53,80018.72500914428,11924.46875
1130000.0,1140097.864343096,1.118933e+06,-10097.864343096036,11067.0
533129.0,496708.8092400873,517972.6,36420.190759912715,15156.40625
8500000.0,8124666.033474187,7.7760265e+06,375333.96652581263,723973.5
779000.0,905757.6332017224,748940.25,-126757.6332017224,30059.75
1050000.0,1035304.2235591181,1.02518e+06,14695.776440881891,24820.0
1249000.0,1204983.6338267438,1.2195465e+06,44016.36617325619,29453.5
1450000.0,2048503.647662662,1.4683292e+06,-598503.647662662,-18329.25
1019276.0,980174.4670503415,983894.94,39101.53294965846,35381.0625
134000.0,834220.7068867836,143065.4,-700220.7068867836,-9065.40625
460000.0,403878.32871225034,470266.56,56121.67128774966,-10266.5625
543000.0,752582.1857135948,569269.2,-209582.18571359478,-26269.1875
1625000.0,1529908.7686216743,1.5385802e+06,95091.23137832573,86419.75
620000.0,749787.9187978827,614400.8,-129787.91879788274,5599.1875
400000.0,712382.0789147165,374056.5,-312382.0789147165,25943.5
2145000.0,2746526.830809165,2.1174638e+06,-601526.8308091648,27536.25
925000.0,849258.4549619912,923013.5,75741.54503800883,1986.5
825000.0,1134507.9500223426,815159.44,-309507.9500223426,9840.5625
120000.0,301800.68107770674,121901.7,-181800.68107770674,-1901.703125
1455000.0,1691783.4368670103,1.4546452e+06,-236783.4368670103,354.75
1202460.0,1099847.4739745934,1.1590242e+06,102612.52602540655,43435.75
1265000.0,1276176.4414385431,1.2702919e+06,-11176.441438543145,-5291.875
2200000.0,2045930.1440677058,2.1712925e+06,154069.85593229416,28707.5
1450000.0,1678966.9670963658,1.6607455e+06,-228966.96709636576,-210745.5
900000.0,988845.2381148704,888925.75,-88845.23811487039,11074.25
1000000.0,1099989.2052966931,1.0156394e+06,-99989.20529669314,-15639.375
4015000.0,4537151.402492386,4.063568e+06,-522151.4024923863,-48568.0
960000.0,1141674.622252697,1.0504106e+06,-181674.6222526969,-90410.625
470000.0,500066.21701629204,483313.47,-30066.217016292037,-13313.46875
415000.0,679994.9475717588,487022.84,-264994.94757175876,-72022.84375
460000.0,1018429.3223902343,444527.44,-558429.3223902343,15472.5625
1445000.0,1366407.3593949343,1.480077e+06,78592.64060506574,-35077.0
2400000.0,2589938.7227774593,2.4965318e+06,-189938.7227774593,-96531.75
695000.0,1427886.8777751504,719427.0,-732886.8777751504,-24427.0
1258600.0,1421886.7778963195,1.2622938e+06,-163286.77789631952,-3693.75
810000.0,818119.2816019913,796484.4,-8119.281601991272,13515.625
505000.0,598895.1619591438,518959.03,-93895.16195914382,-13959.03125
2850000.0,3014842.210890442,2.8314405e+06,-164842.21089044213,18559.5
575000.0,774308.4919460148,618911.44,-199308.4919460148,-43911.4375
1655000.0,1699547.1128945162,1.6936219e+06,-44547.112894516205,-38621.875
1090000.0,1113383.4209128204,1.1302789e+06,-23383.42091282038,-40278.875
2319000.0,2300614.4139727456,2.3061195e+06,18385.58602725435,12880.5
1445000.0,1662589.6605073137,1.5083668e+06,-217589.66050731367,-63366.75
365000.0,333645.72856762004,356997.28,31354.27143237996,8002.71875
4225000.0,4154012.0768219614,4.3670455e+06,70987.92317803856,-142045.5
250000.0,931944.6637320727,255407.8,-681944.6637320727,-5407.796875
1765000.0,1702435.32921254,1.718897e+06,62564.67078745994,46103.0
1557000.0,1618592.1890047009,1.5364922e+06,-61592.189004700864,20507.75
897000.0,1805659.0702838523,918387.06,-908659.0702838523,-21387.0625
325000.0,369529.6057753812,308480.66,-44529.605775381206,16519.34375
1505000.0,1551275.5415279977,1.5105606e+06,-46275.5415279977,-5560.625
322000.0,381204.70880330924,321897.5,-59204.708803309244,102.5
720000.0,834387.5174146225,720576.5,-114387.51741462247,-576.5
1600000.0,1691096.0307168765,1.8292696e+06,-91096.0307168765,-229269.625
500000.0,552125.6204172383,503388.7,-52125.62041723833,-3388.6875
540000.0,557842.3313987615,542793.4,-17842.331398761482,-2793.375
650000.0,926322.4611844871,639510.4,-276322.4611844871,10489.625
2400000.0,2518758.235377841,2.5287585e+06,-118758.23537784116,-128758.5
787500.0,728698.027662225,790149.7,58801.97233777505,-2649.6875
1974000.0,1962937.1398924675,1.9583506e+06,11062.86010753247,15649.375
6275000.0,7474944.08884226,6.130348e+06,-1199944.0888422597,144652.0
2670000.0,2900179.954586572,2.6564345e+06,-230179.954586572,13565.5
1310000.0,1281972.843195046,1.2926362e+06,28027.156804953935,17363.75
775000.0,1339987.2769968237,705938.75,-564987.2769968237,69061.25
520990.0,486798.9406963644,577521.3,34191.059303635615,-56531.3125
935000.0,911704.1502590837,925412.6,23295.84974091628,9587.375
1190000.0,1867282.908312564,1.1675822e+06,-677282.908312564,22417.75
474000.0,413301.6748254596,469916.88,60698.3251745404,4083.125
685000.0,725603.557011653,632161.75,-40603.55701165297,52838.25
520000.0,471576.7848734722,513671.72,48423.21512652782,6328.28125
1225000.0,1153319.7658467707,1.2599101e+06,71680.23415322928,-34910.125
638000.0,694257.6069143869,662396.25,-56257.60691438685,-24396.25
850888.0,904618.2792570266,819082.25,-53730.27925702662,31805.75
710000.0,714068.6672415843,724827.6,-4068.667241584277,-14827.625
2225000.0,2409064.549114316,2.2531668e+06,-184064.54911431577,-28166.75
510000.0,565364.8863299177,501325.75,-55364.8863299177,8674.25
715000.0,984498.1331784636,789488.4,-269498.13317846355,-74488.375
925000.0,1168038.7857068751,898917.06,-243038.78570687515,26082.9375
1370000.0,1436942.9327115957,1.3256448e+06,-66942.93271159567,44355.25
529900.0,512193.10033812805,524412.3,17706.899661871954,5487.6875
2925000.0,2896188.5436200295,2.968448e+06,28811.456379970536,-43448.0
821000.0,747866.5944587598,819459.6,73133.40554124024,1540.375
329000.0,357546.1603673529,329899.3,-28546.160367352888,-899.3125
570000.0,667448.8815356195,580695.8,-97448.8815356195,-10695.8125
280000.0,284431.7068737842,268729.66,-4431.706873784191,11270.34375
450000.0,590593.9850785232,474493.56,-140593.98507852317,-24493.5625
975000.0,1020819.0154906504,952126.94,-45819.01549065043,22873.0625
1995000.0,1859129.725268127,1.9453134e+06,135870.27473187307,49686.625
1047000.0,1054902.7646040516,948155.4,-7902.764604051597,98844.625
1450000.0,1599060.1974922826,1.3769086e+06,-149060.1974922826,73091.375
1410000.0,1286798.3435560758,1.3477668e+06,123201.65644392418,62233.25
800000.0,984810.2428720628,837699.8,-184810.24287206284,-37699.8125
464000.0,549606.5355055443,474724.38,-85606.53550554428,-10724.375
4800000.0,3506584.3627556283,3.971412e+06,1293415.6372443717,828588.0
1825000.0,2096183.1998115988,1.8823685e+06,-271183.19981159875,-57368.5
355000.0,375643.87093746185,335940.5,-20643.87093746185,19059.5
555000.0,661762.4095323903,568487.44,-106762.4095323903,-13487.4375
1934000.0,1955430.168976065,1.9638885e+06,-21430.168976065004,-29888.5
780000.0,910874.0070893317,717161.0,-130874.00708933175,62839.0
1200000.0,1610578.8177524176,1.212032e+06,-410578.81775241764,-12032.0
460000.0,537345.1947619476,456466.56,-77345.19476194761,3533.4375
1810000.0,1703374.019790871,1.7287591e+06,106625.98020912893,81240.875
26800.0,371627.5816384435,103518.76,-344827.5816384435,-76718.7578125
305000.0,376941.026960024,291575.4,-71941.02696002403,13424.59375
888000.0,1171813.3817532505,831099.94,-283813.3817532505,56900.0625
355000.0,477389.3331452294,354361.0,-122389.33314522938,639.0
680000.0,779384.2271045125,721079.7,-99384.22710451251,-41079.6875
452772.0,470313.7081735345,443373.3,-17541.708173534484,9398.6875
900000.0,914052.6150857611,947040.25,-14052.615085761063,-47040.25
537900.0,434669.27630771464,518154.9,103230.72369228536,19745.09375
1285000.0,1621465.5825480279,1.2230721e+06,-336465.58254802786,61927.875
695500.0,696500.4332300057,716953.75,-1000.4332300056703,-21453.75
425000.0,262294.8610003034,400400.75,162705.1389996966,24599.25
339000.0,323023.15160827,322753.28,15976.848391729989,16246.71875
404507.0,436475.9827908694,410399.44,-31968.982790869428,-5892.4375
455122.0,319346.7432118668,430350.56,135775.25678813318,24771.4375
360000.0,450074.1856080557,363685.88,-90074.18560805568,-3685.875
438046.0,375340.0423431196,425581.5,62705.957656880375,12464.5
1200000.0,1050695.843651863,1.062371e+06,149304.15634813695,137629.0
3180000.0,3601282.340938645,3.3364848e+06,-421282.34093864495,-156484.75
985000.0,1141284.9726290938,1.0006842e+06,-156284.9726290938,-15684.1875
730000.0,718554.1458290811,723890.2,11445.85417091893,6109.8125
612090.0,573437.7060928795,619659.75,38652.293907120475,-7569.75
643000.0,633685.4040220925,649116.75,9314.595977907535,-6116.75
851000.0,841379.1057101721,841642.8,9620.894289827906,9357.1875
570000.0,1253170.366890324,569149.75,-683170.366890324,850.25
915000.0,893877.8705301522,873668.25,21122.129469847772,41331.75
420000.0,474402.7324965254,406475.47,-54402.732496525394,13524.53125
329000.0,242164.39990021382,314455.44,86835.60009978618,14544.5625
450000.0,515818.0379674984,499194.6,-65818.03796749841,-49194.59375
885000.0,791774.2516336184,856412.1,93225.74836638162,28587.875
6555000.0,6165977.23539729,6.4758395e+06,389022.76460270956,79160.5
100000.0,461436.18952438806,107078.98,-361436.18952438806,-7078.9765625
1149000.0,1171072.1869077347,1.1249548e+06,-22072.186907734722,24045.25
190000.0,1131832.1397021497,199313.56,-941832.1397021497,-9313.5625
656000.0,687301.0239315678,678407.25,-31301.02393156779,-22407.25
700000.0,537792.0918347959,696873.75,162207.9081652041,3126.25
799000.0,696521.9174542085,788350.0,102478.08254579152,10650.0
1775000.0,1666979.5854831883,1.6994172e+06,108020.41451681172,75582.75
1960000.0,1994716.6396619757,1.8624602e+06,-34716.63966197567,97539.75
565000.0,540862.5786037345,546198.8,24137.421396265505,18801.1875
765000.0,718160.9232627058,774519.5,46839.07673729421,-9519.5
3850000.0,3644414.8195663467,3.897236e+06,205585.1804336533,-47236.0
1270250.0,1455221.732245849,1.4465206e+06,-184971.73224584898,-176270.625
1200000.0,1207097.5112328397,1.190998e+06,-7097.511232839664,9002.0
615000.0,424078.4020473497,596549.8,190921.59795265028,18450.1875
477750.0,507501.3404415832,484660.78,-29751.34044158319,-6910.78125
740000.0,1097540.9667788893,772924.25,-357540.9667788893,-32924.25
1050000.0,1064506.7628436945,1.0874492e+06,-14506.762843694538,-37449.25
5995000.0,5604456.011680827,5.855971e+06,390543.98831917346,139029.0
529645.0,530558.7618569442,523238.8,-913.7618569441838,6406.1875
529645.0,530558.7618569442,523238.8,-913.7618569441838,6406.1875
975000.0,1019606.8427847242,1.0140705e+06,-44606.8427847242,-39070.5
494990.0,449660.9061703492,486584.12,45329.09382965078,8405.875
445000.0,325953.2325743814,448966.44,119046.7674256186,-3966.4375
1260000.0,1263017.5858785175,1.2013664e+06,-3017.5858785174787,58633.625
725000.0,760052.0509023755,722780.25,-35052.050902375486,2219.75
300000.0,225984.21001241042,293285.53,74015.78998758958,6714.46875
430000.0,461880.31565551984,418086.16,-31880.315655519837,11913.84375
660000.0,671983.9751696642,657325.44,-11983.975169664249,2674.5625
1260000.0,1391816.981109601,1.295534e+06,-131816.98110960098,-35534.0
418000.0,281683.0154990498,414716.7,136316.9845009502,3283.3125
475000.0,478329.55020984553,479650.16,-3329.5502098455327,-4650.15625
650000.0,633205.6518726433,645531.9,16794.34812735673,4468.125
1299000.0,1435955.5299005688,1.2489745e+06,-136955.52990056877,50025.5
980000.0,908339.5591301679,934970.2,71660.44086983206,45029.8125
2599000.0,2711832.7224412337,2.6272545e+06,-112832.7224412337,-28254.5
480000.0,479139.75338885,474071.56,860.2466111499816,5928.4375
1050000.0,1162974.0003418056,1.1646475e+06,-112974.00034180563,-114647.5
182000.0,230810.22865243594,189424.94,-48810.22865243594,-7424.9375
555000.0,562162.1462398447,545950.4,-7162.146239844733,9049.625
885000.0,1015425.6334620463,867736.94,-130425.63346204627,17263.0625
589000.0,600439.7107873337,570703.75,-11439.710787333664,18296.25
615000.0,541250.7146076589,610229.7,73749.28539234109,4770.3125
725000.0,898640.3673764211,781388.1,-173640.3673764211,-56388.125
850000.0,1017786.2507148465,886006.7,-167786.25071484654,-36006.6875
489150.0,502792.63772712636,487812.62,-13642.637727126363,1337.375
502224.0,421948.0613148293,465943.0,80275.93868517072,36281.0
850000.0,1042344.2565804556,811911.75,-192344.25658045558,38088.25
2467500.0,2350771.902405477,2.5762592e+06,116728.09759452287,-108759.25
441000.0,456227.0217124609,366133.03,-15227.021712460904,74866.96875
587339.0,473152.2491458083,572309.94,114186.75085419172,15029.0625
562029.0,434188.17579978413,543281.25,127840.82420021587,18747.75
3455000.0,4094988.857920261,3.4556552e+06,-639988.8579202611,-655.25
1300000.0,1923811.7882480798,1.3085534e+06,-623811.7882480798,-8553.375
699990.0,690227.0522776947,683103.06,9762.94772230531,16886.9375
5250000.0,5050005.816227628,4.7829145e+06,199994.18377237208,467085.5
900000.0,891997.4090850735,856646.56,8002.590914926492,43353.4375
335000.0,503569.6874111496,357093.97,-168569.6874111496,-22093.96875
615000.0,1193632.3218388434,593612.94,-578632.3218388434,21387.0625
780000.0,979770.2262147794,780125.4,-199770.22621477942,-125.375
350000.0,319079.7317910403,349424.2,30920.268208959722,575.8125
10019375.0,10045232.291966952,1.1655378e+07,-25857.291966952384,-1636003.0
830000.0,836502.947798992,822036.4,-6502.9477989920415,7963.625
332000.0,331188.5607274459,339459.6,811.4392725541256,-7459.59375
500000.0,462302.3509240509,443148.4,37697.6490759491,56851.59375
755000.0,619685.0584575266,751526.75,135314.9415424734,3473.25
1650000.0,1308352.7722697572,1.5941832e+06,341647.22773024277,55816.75
775000.0,790734.8044420906,759733.9,-15734.804442090564,15266.125
325000.0,392548.28341391427,317935.88,-67548.28341391427,7064.125
500000.0,361140.9552164016,503702.75,138859.0447835984,-3702.75
639990.0,585129.5014848651,630482.56,54860.49851513491,9507.4375
904960.0,824019.1814687371,881198.44,80940.81853126292,23761.5625
405000.0,468537.4365123317,404932.84,-63537.43651233171,67.15625
500000.0,521411.63191685604,513295.12,-21411.631916856044,-13295.125
455000.0,553716.8825435224,446366.03,-98716.8825435224,8633.96875
539000.0,654761.8525550342,545879.06,-115761.85255503422,-6879.0625
789453.0,678398.8955944184,784983.0,111054.1044055816,4470.0
770000.0,935943.638908477,810343.0,-165943.63890847703,-40343.0
1500000.0,1444291.4354697189,1.457125e+06,55708.56453028112,42875.0
880000.0,746479.6636465334,910168.4,133520.3363534666,-30168.375
960000.0,1005341.4221433487,951912.7,-45341.422143348726,8087.3125
5550000.0,5360177.320993433,5.19717e+06,189822.67900656722,352830.0
225000.0,180718.39717706456,231718.3,44281.60282293544,-6718.296875
580000.0,633980.7036339305,572690.5,-53980.703633930534,7309.5
520000.0,690006.8775941555,509600.88,-170006.8775941555,10399.125
1860000.0,1818567.751277445,1.8931072e+06,41432.248722555116,-33107.25
855000.0,835626.7768772116,819225.25,19373.22312278836,35774.75
1200000.0,1219602.3697285985,1.1808228e+06,-19602.36972859851,19177.25
995000.0,1117063.879094665,995612.4,-122063.87909466494,-612.375
810000.0,823647.94827903,818777.7,-13647.948279030039,-8777.6875
815000.0,1066128.1301299345,791348.75,-251128.13012993452,23651.25
440000.0,406771.28860253503,443241.8,33228.71139746497,-3241.8125
785000.0,1337571.2166202846,806618.94,-552571.2166202846,-21618.9375
5800000.0,5950310.161837358,5.356549e+06,-150310.16183735803,443451.0
415000.0,521817.87197344215,417645.0,-106817.87197344215,-2645.0
1475000.0,1909894.4418727765,1.4536578e+06,-434894.4418727765,21342.25
4550000.0,4581117.194630012,4.6516715e+06,-31117.194630011916,-101671.5
1325000.0,1981681.2859484125,1.2892174e+06,-656681.2859484125,35782.625
925000.0,925966.0410476914,903929.75,-966.0410476913676,21070.25
915000.0,850159.0964904458,868927.75,64840.90350955422,46072.25
220000.0,344470.08378828084,271811.53,-124470.08378828084,-51811.53125
850000.0,1153221.1757284736,973749.94,-303221.1757284736,-123749.9375
700000.0,675370.3584966543,700129.9,24629.641503345687,-129.875
475000.0,585073.8887557578,472639.16,-110073.88875575783,2360.84375
85000.0,543536.5730609237,80031.63,-458536.5730609237,4968.3671875
400000.0,550930.2750739674,398752.28,-150930.2750739674,1247.71875
11150000.0,11595409.12210108,1.0615865e+07,-445409.1221010797,534135.0
725000.0,692911.6426347017,702776.94,32088.357365298318,22223.0625
1715000.0,1833116.5264924958,1.7602369e+06,-118116.52649249579,-45236.875
646500.0,1025438.9030927911,728765.94,-378938.9030927911,-82265.9375
360000.0,317538.148776756,374881.44,42461.85122324398,-14881.4375
541900.0,590418.5007781722,537486.7,-48518.500778172165,4413.3125
278000.0,268078.541582844,273424.78,9921.458417156013,4575.21875
527777.0,745318.7507014765,487292.3,-217541.75070147647,40484.6875
930000.0,1454872.9099108204,960705.25,-524872.9099108204,-30705.25
684000.0,607869.545682459,696454.5,76130.45431754098,-12454.5
605000.0,635516.8401347034,594226.9,-30516.840134703438,10773.125
479000.0,668566.9700742483,481603.7,-189566.97007424827,-2603.6875
880000.0,989834.8931165208,872825.44,-109834.89311652083,7174.5625
1275000.0,1794606.3152597905,1.2141282e+06,-519606.3152597905,60871.75
655000.0,964312.7896261711,608008.9,-309312.7896261711,46991.125
1110100.0,1211886.5130688397,1.0860719e+06,-101786.51306883967,24028.125
899900.0,911027.6336878989,900791.3,-11127.633687898866,-891.3125
925000.0,1071976.0922965442,861825.4,-146976.09229654423,63174.625
485000.0,1304912.759347411,1.1199365e+06,-819912.7593474111,-634936.5
1495000.0,1535871.2286172928,1.4087924e+06,-40871.22861729283,86207.625
3975000.0,3750627.3631359953,4.1126445e+06,224372.63686400466,-137644.5
1330000.0,1577740.4429542464,1.4109665e+06,-247740.44295424642,-80966.5
385000.0,507151.8773204157,375679.2,-122151.87732041569,9320.8125
740000.0,915362.7122911037,777476.0,-175362.71229110367,-37476.0
1993000.0,1822257.8878480121,1.9379918e+06,170742.11215198785,55008.25
2100000.0,2023278.908844919,2.1038828e+06,76721.09115508106,-3882.75
406000.0,675842.2216942337,389572.38,-269842.2216942337,16427.625
3650000.0,3675231.923393434,3.8083655e+06,-25231.923393433914,-158365.5
630000.0,564390.3664117241,648127.7,65609.63358827587,-18127.6875
1250000.0,1069399.389007397,1.1911355e+06,180600.610992603,58864.5
649000.0,705714.2207814746,633697.3,-56714.22078147461,15302.6875
1439000.0,1575011.927444285,1.4210744e+06,-136011.92744428501,17925.625
765000.0,796698.0311249634,772071.9,-31698.031124963425,-7071.875
1750000.0,2110038.3338010064,2.0907639e+06,-360038.33380100643,-340763.875
439000.0,452497.8082176914,438153.5,-13497.808217691374,846.5
652000.0,890779.5427664517,652136.7,-238779.54276645172,-136.6875
680000.0,629433.4147235157,669158.9,50566.58527648426,10841.125
4790000.0,4395651.579358375,4.3850075e+06,394348.4206416253,404992.5
615000.0,715470.462727506,633844.8,-100470.46272750595,-18844.8125
550000.0,985078.9347092719,581598.1,-435078.9347092719,-31598.125
729000.0,824265.4639898753,706828.6,-95265.46398987528,22171.375
900000.0,1474945.6444406407,902957.9,-574945.6444406407,-2957.875
4750000.0,4879898.659671004,4.7975105e+06,-129898.65967100393,-47510.5
1600000.0,1456278.9278554968,1.5861868e+06,143721.07214450324,13813.25
567000.0,896127.5790363449,557774.8,-329127.5790363449,9225.1875
1375000.0,1259253.4678030845,1.3481472e+06,115746.53219691548,26852.75
13000000.0,14493215.023777355,1.281632e+07,-1493215.0237773545,183680.0
1125000.0,1164732.1752668216,1.1004336e+06,-39732.175266821636,24566.375
690000.0,808696.1689134347,691800.2,-118696.16891343473,-1800.1875
955000.0,1091130.4334709847,967566.4,-136130.4334709847,-12566.375
451034.0,429375.4119370006,440022.8,21658.58806299942,11011.1875
1105175.0,1007142.105598097,921266.94,98032.89440190303,183908.0625
590000.0,555429.2097495748,559020.4,34570.79025042523,30979.625
770000.0,738683.0125890976,753130.25,31316.987410902395,16869.75
3208000.0,3189370.7273140624,3.1039752e+06,18629.272685937583,104024.75
555000.0,589608.1199179813,598650.5,-34608.11991798133,-43650.5
631000.0,550481.871586048,636513.75,80518.12841395196,-5513.75
621039.0,574971.0057601347,601050.9,46067.99423986534,19988.125
935000.0,1492838.9756017805,1.0267269e+06,-557838.9756017805,-91726.875
1000000.0,983558.5700649454,1.0308171e+06,16441.42993505462,-30817.125
500000.0,531214.522151828,507849.94,-31214.522151828045,-7849.9375
630000.0,699232.6895178952,621320.75,-69232.68951789523,8679.25
2454000.0,2418703.806309317,2.5578665e+06,35296.19369068323,-103866.5
163000.0,421211.31720593025,134709.02,-258211.31720593025,28290.984375
1650000.0,2257911.8094597072,1.7984122e+06,-607911.8094597072,-148412.25
2995000.0,3080478.5384011725,3.0432305e+06,-85478.5384011725,-48230.5
701000.0,756787.3122933116,727076.25,-55787.31229331158,-26076.25
520000.0,564945.2474776601,519212.97,-44945.24747766007,787.03125
950000.0,1272392.7752656215,911019.4,-322392.7752656215,38980.625
6150000.0,6000146.442374909,6.021812e+06,149853.5576250907,128188.0
750000.0,866472.1174345249,725532.3,-116472.11743452493,24467.6875
1475000.0,1301796.1111083766,1.4070738e+06,173203.88889162336,67926.25
2279000.0,2291834.2470233673,2.2969668e+06,-12834.247023367323,-17966.75
355000.0,1134147.5565942493,357211.5,-779147.5565942493,-2211.5
1500000.0,1433667.9698752314,1.4393924e+06,66332.03012476861,60607.625
382000.0,653579.3865228799,401092.5,-271579.38652287994,-19092.5
950000.0,1289429.0643764131,1.0838484e+06,-339429.0643764131,-133848.375
800000.0,1368581.2509503728,774586.0,-568581.2509503728,25414.0
600000.0,555618.0164741301,668651.75,44381.9835258699,-68651.75
482000.0,624376.5400320184,369129.25,-142376.54003201844,112870.75
850000.0,830416.6671798283,811045.75,19583.332820171723,38954.25
770000.0,737192.5839268864,775315.5,32807.41607311356,-5315.5
1297500.0,1431750.3833923782,1.337647e+06,-134250.38339237822,-40147.0
400000.0,529894.8214413696,408308.5,-129894.8214413696,-8308.5
375000.0,458647.28663025063,381838.47,-83647.28663025063,-6838.46875
610000.0,1420355.988355176,579993.5,-810355.988355176,30006.5
845000.0,1118474.6756021762,819952.1,-273474.6756021762,25047.875
4150000.0,4022318.13196851,4.0041255e+06,127681.86803149013,145874.5
870000.0,1404343.1451004501,933124.5,-534343.1451004501,-63124.5
2575000.0,2487864.368871617,2.4788735e+06,87135.63112838287,96126.5
1800000.0,2007766.7883615138,1.9008738e+06,-207766.78836151375,-100873.75
786785.0,997807.1599115159,766462.56,-211022.1599115159,20322.4375
785000.0,957781.6089282307,765702.0,-172781.6089282307,19298.0
392000.0,504258.5570129368,378738.0,-112258.5570129368,13262.0
6600000.0,6334839.939551495,6.086111e+06,265160.060448505,513889.0
496500.0,633619.9826530389,496865.4,-137119.98265303893,-365.40625
700000.0,675517.6269968092,687289.06,24482.37300319085,12710.9375
507992.0,455141.40961139323,484695.9,52850.59038860677,23296.09375
517000.0,641591.5882826005,515402.9,-124591.58828260051,1597.09375
500000.0,375320.94289627695,495284.8,124679.05710372305,4715.1875
1565000.0,1477125.3726570685,1.5441529e+06,87874.62734293146,20847.125
617000.0,728924.3072039769,615363.1,-111924.3072039769,1636.875
4530000.0,4690305.364060244,4.9263895e+06,-160305.3640602436,-396389.5
1735000.0,1682472.6745549291,1.7082519e+06,52527.32544507086,26748.125
499999.0,358198.5027595592,497278.3,141800.4972404408,2720.6875
1450000.0,1506608.5647471906,1.4509681e+06,-56608.56474719057,-968.125
750000.0,839121.7969565266,736793.4,-89121.79695652658,13206.625
900000.0,883758.9927876248,871452.25,16241.007212375174,28547.75
3500000.0,3393671.932628945,3.4486592e+06,106328.06737105502,51340.75
535000.0,467990.45332071197,532252.7,67009.54667928803,2747.3125
660000.0,625503.4182116789,592015.25,34496.58178832114,67984.75
419000.0,437683.0728735776,406612.72,-18683.072873577592,12387.28125
1050000.0,1582554.6089408388,1.0985724e+06,-532554.6089408388,-48572.375
1700000.0,1572722.5386874876,1.5267118e+06,127277.4613125124,173288.25
835000.0,971457.3227597119,823338.8,-136457.32275971188,11661.1875
920000.0,1042203.9255250327,954917.75,-122203.92552503268,-34917.75
4600000.0,4605497.770793961,4.772681e+06,-5497.770793961361,-172681.0
635000.0,576327.6753356564,610687.25,58672.324664343614,24312.75
925000.0,1435217.8199427011,904297.06,-510217.81994270114,20702.9375
550000.0,750933.0585733732,563518.75,-200933.05857337324,-13518.75
625000.0,654626.9708217336,614639.4,-29626.970821733586,10360.625
750000.0,714304.7213971717,737703.9,35695.27860282827,12296.125
240000.0,910251.0598146447,231745.7,-670251.0598146447,8254.296875
669000.0,644457.0309049815,667520.8,24542.96909501846,1479.1875
520000.0,392044.5358581358,545620.4,127955.46414186421,-25620.375
630000.0,756693.5695148567,612499.5,-126693.56951485667,17500.5
497900.0,582338.4711332076,502725.2,-84438.47113320755,-4825.1875
2730000.0,2698306.793652231,2.709603e+06,31693.206347769126,20397.0
618000.0,1099070.6226318872,626520.0,-481070.6226318872,-8520.0
740000.0,585553.7546796605,743619.5,154446.24532033945,-3619.5
1264000.0,1559081.4047143208,1.241107e+06,-295081.4047143208,22893.0
555000.0,566213.6658265963,539321.8,-11213.66582659632,15678.1875
650000.0,679271.8986628635,626612.6,-29271.898662863532,23387.375
820000.0,803637.448582802,805167.1,16362.551417198032,14832.875
940000.0,984906.1889337241,950798.5,-44906.18893372407,-10798.5
830000.0,762542.4222868779,800440.25,67457.57771312213,29559.75
770000.0,910789.1161420925,770418.44,-140789.1161420925,-418.4375
807500.0,1416734.7061520016,838215.25,-609234.7061520016,-30715.25
817000.0,997754.4590482234,832504.8,-180754.45904822345,-15504.8125
4900000.0,5002553.965394635,4.896889e+06,-102553.96539463475,3111.0
735000.0,728339.3195364046,738113.44,6660.680463595432,-3113.4375
748800.0,708379.4654628806,720374.5,40420.53453711944,28425.5
740000.0,797301.5886011467,726541.9,-57301.58860114671,13458.125
495000.0,347764.1161721087,494371.66,147235.88382789132,628.34375
750000.0,895140.5534331984,701574.9,-145140.55343319837,48425.125
1775000.0,1840840.0975262763,1.7949835e+06,-65840.09752627625,-19983.5
690000.0,822729.6191613444,718415.06,-132729.61916134437,-28415.0625
667000.0,708209.2940362853,515193.56,-41209.29403628525,151806.4375
450000.0,531215.1586952393,451641.44,-81215.15869523934,-1641.4375
530000.0,752631.6828060118,601206.8,-222631.68280601176,-71206.8125
1925000.0,1841096.4424948355,1.8865308e+06,83903.55750516453,38469.25
545000.0,606069.8480687633,567344.6,-61069.84806876327,-22344.625
639000.0,594153.485196665,632697.3,44846.514803334954,6302.6875
610000.0,602102.3232957862,618605.75,7897.676704213838,-8605.75
417000.0,550607.4495005371,418422.4,-133607.44950053713,-1422.40625
342500.0,1087818.9857902394,336274.2,-745318.9857902394,6225.8125
697694.0,581743.7397042701,670247.9,115950.26029572985,27446.125
615000.0,1036426.7635981675,597018.2,-421426.76359816745,17981.8125
1260000.0,1278065.2400737668,1.2383901e+06,-18065.240073766792,21609.875
800000.0,913736.6956719166,787178.0,-113736.69567191659,12822.0
1295000.0,1251089.7709371569,1.3232182e+06,43910.22906284314,-28218.25
1215000.0,1285132.5368232667,1.2101644e+06,-70132.53682326665,4835.625
470000.0,570320.9756806393,463902.12,-100320.97568063927,6097.875
850000.0,818714.4299855796,811531.6,31285.57001442043,38468.375
340000.0,405861.9472334139,331911.12,-65861.94723341393,8088.875
5000000.0,5123736.4179691505,4.94569e+06,-123736.41796915047,54310.0
1307415.0,704594.5938141198,1.3273651e+06,602820.4061858802,-19950.125
600000.0,602412.7007753495,595053.75,-2412.7007753495127,4946.25
950000.0,1107900.642389588,962722.1,-157900.64238958806,-12722.125
374000.0,454794.1140790669,360668.8,-80794.1140790669,13331.1875
1288000.0,1308498.031808606,1.3080518e+06,-20498.031808606116,-20051.75
420000.0,450548.4541481198,409524.8,-30548.45414811978,10475.1875
790000.0,927356.3860605,775842.1,-137356.38606050005,14157.875
373000.0,1069714.8106192886,360717.3,-696714.8106192886,12282.6875
660000.0,857277.0259407493,706992.5,-197277.02594074933,-46992.5
890000.0,963107.7662265378,881933.25,-73107.76622653776,8066.75
600000.0,968926.4143896787,598309.2,-368926.41438967874,1690.8125
299000.0,234251.81839087093,291535.1,64748.18160912907,7464.90625
607000.0,717457.0340600994,598677.4,-110457.0340600994,8322.625
409500.0,507306.97920327133,490660.1,-97806.97920327133,-81160.09375
387000.0,394467.81498203764,405647.5,-7467.814982037642,-18647.5
125000.0,284799.81480063626,110340.125,-159799.81480063626,14659.875
912150.0,1110329.028624372,907413.1,-198179.0286243721,4736.875
649990.0,799413.4710255251,624515.6,-149423.47102552513,25474.375
770000.0,1295322.6220039288,746663.9,-525322.6220039288,23336.125
75000.0,207959.08943218528,70148.055,-132959.08943218528,4851.9453125
520000.0,576124.282084899,570177.1,-56124.28208489902,-50177.125
680000.0,862352.7184821004,738302.1,-182352.7184821004,-58302.125
1710000.0,1605781.5478953433,1.7693555e+06,104218.45210465672,-59355.5
1125000.0,1178821.4091967198,1.03261675e+06,-53821.40919671976,92383.25
415000.0,392872.1867804988,422236.16,22127.81321950117,-7236.15625
3288000.0,3361893.1386485766,3.1507095e+06,-73893.13864857657,137290.5
530000.0,497471.18861194537,535214.06,32528.81138805463,-5214.0625
450000.0,652292.68297369,469584.47,-202292.68297368998,-19584.46875
410000.0,708492.9637537207,402188.38,-298492.96375372075,7811.625
880000.0,812871.3696686191,902314.9,67128.63033138087,-22314.875
487500.0,683106.2486190568,524126.28,-195606.24861905677,-36626.28125
640000.0,790244.6216202165,654804.56,-150244.62162021652,-14804.5625
415000.0,317171.85689698905,393076.7,97828.14310301095,21923.3125
465000.0,530035.2878352219,469848.3,-65035.287835221854,-4848.3125
480000.0,455455.09423869755,470104.25,24544.90576130245,9895.75
2300000.0,2469542.0702014673,2.3580692e+06,-169542.07020146726,-58069.25
550000.0,572106.2770786748,530063.9,-22106.277078674757,19936.125
580000.0,577445.1183684543,562111.44,2554.8816315457225,17888.5625
928000.0,906407.3349352526,936955.3,21592.665064747445,-8955.3125
550500.0,457068.35062481056,518599.84,93431.64937518944,31900.15625
325000.0,583830.3153019341,313444.03,-258830.31530193414,11555.96875
946000.0,817355.6162149904,924381.5,128644.38378500962,21618.5
715000.0,726423.9323224807,694326.4,-11423.932322480716,20673.625
1150000.0,1430336.3788952397,1.1309366e+06,-280336.3788952397,19063.375
900000.0,1709041.5423981603,856921.1,-809041.5423981603,43078.875
1115000.0,996056.7121896695,1.0959355e+06,118943.28781033051,19064.5
415000.0,442007.70318891155,393689.7,-27007.703188911546,21310.3125
629990.0,577855.8618187868,614405.5,52134.13818121317,15584.5
1350000.0,1305598.1826154143,1.3328908e+06,44401.81738458574,17109.25
1685000.0,1580902.8425617544,1.7177466e+06,104097.1574382456,-32746.625
410000.0,642631.4317945944,392157.44,-232631.4317945944,17842.5625
355000.0,306479.14501368045,365222.12,48520.85498631955,-10222.125
1245000.0,1243859.7367155517,1.194538e+06,1140.2632844483014,50462.0
1595000.0,1639585.3942166753,1.6057062e+06,-44585.39421667531,-10706.25
835000.0,814248.7580769497,791344.2,20751.241923050256,43655.8125
649900.0,494503.71419228846,646547.9,155396.28580771154,3352.125
499000.0,604513.7997972842,492922.6,-105513.79979728418,6077.40625
17750000.0,20864780.995680343,1.7216336e+07,-3114780.9956803434,533664.0
735000.0,780901.8079028877,739513.5,-45901.8079028877,-4513.5
600000.0,562820.7376718061,599534.4,37179.26232819387,465.625
538790.0,491556.0887192504,533671.25,47233.9112807496,5118.75
584900.0,880527.9792305315,577880.0,-295627.9792305315,7020.0
1215000.0,1150752.8048540896,1.169692e+06,64247.19514591037,45308.0
649988.0,636912.6274992198,642303.6,13075.372500780155,7684.375
626000.0,605304.503780668,599274.25,20695.49621933198,26725.75
265000.0,564998.6089815544,263752.94,-299998.6089815544,1247.0625
1600000.0,1581341.8210776364,1.6339599e+06,18658.178922363557,-33959.875
700000.0,833209.2860236038,738977.0,-133209.28602360375,-38977.0
709900.0,716150.8668376992,682998.2,-6250.866837699199,26901.8125
1745000.0,2272802.426544661,1.7006884e+06,-527802.4265446612,44311.625
185000.0,424059.8109455864,197694.97,-239059.81094558642,-12694.96875
845000.0,912464.5848445009,859607.44,-67464.58484450087,-14607.4375
635000.0,642260.2106174155,637337.4,-7260.210617415491,-2337.375
732574.0,731358.2308792699,730303.5,1215.7691207301104,2270.5
550000.0,749678.38943761,575711.56,-199678.38943761005,-25711.5625
239750.0,1066124.391871002,228168.47,-826374.391871002,11581.53125
1145000.0,1428056.3493659059,1.1582011e+06,-283056.34936590586,-13201.125
1900000.0,2583408.1145877456,2.2551768e+06,-683408.1145877456,-355176.75
1414304.0,1842298.9916130258,1.37369e+06,-427994.9916130258,40614.0
353000.0,1032969.2889563851,354196.8,-679969.2889563851,-1196.8125
2500000.0,4562239.377438157,3.797956e+06,-2062239.3774381569,-1297956.0
354000.0,263356.13258276833,339516.9,90643.86741723167,14483.09375
947000.0,1298887.860940714,1.0548538e+06,-351887.8609407139,-107853.75
10700000.0,11065061.17481066,1.2246248e+07,-365061.17481065914,-1546248.0
1600000.0,1543439.850517972,1.4656822e+06,56560.14948202809,134317.75
480000.0,1039714.3871361442,496884.84,-559714.3871361442,-16884.84375
1675000.0,1578941.2463721116,1.706928e+06,96058.75362788839,-31928.0
700000.0,929424.3340170479,788528.2,-229424.3340170479,-88528.1875
485000.0,689666.0435329895,480497.16,-204666.04353298945,4502.84375
589650.0,493924.7506838527,543858.2,95725.2493161473,45791.8125
918083.0,795862.429543871,874141.6,122220.57045612903,43941.375
445000.0,857895.7353349698,439273.53,-412895.7353349698,5726.46875
703990.0,618520.985027749,708515.2,85469.01497225103,-4525.1875
404500.0,475148.7302658317,388250.12,-70648.73026583169,16249.875
330000.0,291763.52865500434,334571.44,38236.47134499566,-4571.4375
760000.0,869272.6227713147,824669.2,-109272.6227713147,-64669.1875
560000.0,594610.2705583666,558667.56,-34610.27055836655,1332.4375
428000.0,548480.7169417738,489774.62,-120480.71694177378,-61774.625
754000.0,733539.3448341144,761815.4,20460.655165885575,-7815.375
510000.0,433722.5959177697,543284.4,76277.40408223029,-33284.375
910000.0,1377557.5424714282,908670.5,-467557.54247142817,1329.5
607000.0,532232.6490930944,588187.9,74767.3509069056,18812.125
452000.0,652936.6366227402,457985.72,-200936.6366227402,-5985.71875
725000.0,915018.8101055048,708159.2,-190018.81010550482,16840.8125
295000.0,305607.14190696925,315673.53,-10607.14190696925,-20673.53125
650000.0,652133.6622967984,638721.7,-2133.6622967984295,11278.3125
5250000.0,5442488.904703465,5.25059e+06,-192488.9047034653,-590.0
2725000.0,3101525.1060683327,2.741279e+06,-376525.1060683327,-16279.0
299500.0,340725.51874028053,287699.28,-41225.51874028053,11800.71875
445000.0,532413.6297255798,451093.03,-87413.62972557975,-6093.03125
654000.0,575366.0605544792,615976.06,78633.93944552075,38023.9375
6600000.0,6362702.717768602,6.3047655e+06,237297.28223139793,295234.5
1390000.0,1512223.889771481,1.4382712e+06,-122223.88977148104,-48271.25
840000.0,987565.1950672874,922478.44,-147565.19506728742,-82478.4375
420000.0,522994.09697331814,426901.78,-102994.09697331814,-6901.78125
530000.0,533832.6282134611,528604.44,-3832.6282134611392,1395.5625
999000.0,1481477.8230177602,1.0818295e+06,-482477.8230177602,-82829.5
1170000.0,1430776.6634458282,1.3529411e+06,-260776.66344582825,-182941.125
379999.0,219709.56747912942,355209.94,160289.43252087058,24789.0625
635000.0,634802.4453035995,645796.7,197.55469640053343,-10796.6875
755000.0,755257.3935431866,730679.0,-257.3935431865975,24321.0
1019764.0,1392498.5923086123,862595.8,-372734.5923086123,157168.1875
1700000.0,1929431.0713428827,1.9173708e+06,-229431.0713428827,-217370.75
725000.0,933482.8072764315,694165.5,-208482.80727643147,30834.5
810000.0,878004.4970215536,794259.6,-68004.49702155357,15740.375
680000.0,1041115.1565995541,674413.6,-361115.1565995541,5586.375
935000.0,1073115.041667636,909879.4,-138115.04166763602,25120.625
985000.0,986242.4916105228,952121.5,-1242.4916105228476,32878.5
1000000.0,1093448.4401570433,1.0356958e+06,-93448.44015704328,-35695.8125
460000.0,473101.59237696754,472470.62,-13101.592376967543,-12470.625
1150000.0,1388273.6178170636,1.1612016e+06,-238273.61781706358,-11201.625
275000.0,471028.9723873023,279366.97,-196028.97238730232,-4366.96875
477835.0,434083.63598442345,468324.2,43751.364015576546,9510.8125
425000.0,759949.5350796368,429016.3,-334949.53507963684,-4016.3125
2050000.0,2057529.5921608312,2.1556162e+06,-7529.592160831206,-105616.25
215000.0,507161.7040466028,222368.28,-292161.7040466028,-7368.28125
650000.0,604052.9989552877,649433.2,45947.00104471226,566.8125
850000.0,817204.8537948087,828580.9,32795.14620519127,21419.125
375000.0,229733.3279515045,359460.78,145266.6720484955,15539.21875
62700.0,267138.6648935473,96448.07,-204438.6648935473,-33748.0703125
1400000.0,1459543.7467854614,1.49943e+06,-59543.74678546144,-99430.0
332500.0,790173.7421726607,343131.38,-457673.74217266066,-10631.375
760000.0,782730.0866292783,744978.1,-22730.08662927826,15021.875
785000.0,973617.625698085,753595.1,-188617.62569808494,31404.875
384070.0,358925.00945038314,380574.75,25144.990549616865,3495.25
545000.0,707000.1811828959,545918.06,-162000.1811828959,-918.0625
480000.0,605116.7015999235,469361.94,-125116.70159992354,10638.0625
535000.0,435957.6996634642,548584.5,99042.30033653579,-13584.5
319000.0,863527.2940807329,308823.0,-544527.2940807329,10177.0
820000.0,763726.5432000842,815233.3,56273.45679991576,4766.6875
1280000.0,1425191.9402495092,1.290605e+06,-145191.94024950918,-10605.0
593000.0,664434.4797724423,652780.7,-71434.47977244225,-59780.6875
990000.0,1011265.4456124387,1.00474156e+06,-21265.44561243872,-14741.5625
4459500.0,4843794.241892353,4.618118e+06,-384294.2418923527,-158618.0
778735.0,727378.4040246021,778623.2,51356.59597539785,111.8125
890000.0,801798.2560221121,851302.4,88201.7439778879,38697.625
545000.0,630765.644510269,534945.7,-85765.64451026905,10054.3125
1359000.0,1321108.5235541845,1.3628244e+06,37891.476445815526,-3824.375
424900.0,337828.3998022574,434052.34,87071.60019774258,-9152.34375
825000.0,1366538.644281897,811705.8,-541538.644281897,13294.1875
520000.0,631064.3361192807,499662.8,-111064.33611928066,20337.1875
560000.0,532825.7960172376,579720.9,27174.20398276241,-19720.875
385000.0,347925.4862522561,398462.6,37074.51374774391,-13462.59375
443000.0,1227382.4357751398,462894.5,-784382.4357751398,-19894.5
2800000.0,2851139.357597152,2.874894e+06,-51139.35759715177,-74894.0
440000.0,353911.3510957097,446692.22,86088.64890429028,-6692.21875
1749000.0,1784635.7674535061,1.6099045e+06,-35635.76745350612,139095.5
254000.0,321822.65359696303,250648.16,-67822.65359696303,3351.84375
290000.0,285688.1984630447,363939.84,4311.801536955289,-73939.84375
718000.0,742370.3289789602,694937.8,-24370.32897896017,23062.1875
365000.0,298579.22836007876,396230.28,66420.77163992124,-31230.28125
815000.0,815054.8830887383,877503.5,-54.88308873830829,-62503.5
285000.0,322531.0495273217,266981.88,-37531.04952732171,18018.125
632900.0,637070.9661684923,627169.25,-4170.966168492334,5730.75
1102000.0,1043211.5193263609,1.0841481e+06,58788.480673639104,17851.875
2470000.0,2419845.787457872,2.4108948e+06,50154.21254212782,59105.25
130000.0,298710.11182320316,121124.586,-168710.11182320316,8875.4140625
800000.0,773979.2640143697,801631.2,26020.73598563031,-1631.1875
2050000.0,2357079.973280258,2.0785075e+06,-307079.973280258,-28507.5
345000.0,340243.1597987133,341199.9,4756.8402012867155,3800.09375
490000.0,726617.705631017,486165.28,-236617.705631017,3834.71875
1285000.0,1236784.4973959809,1.2561178e+06,48215.50260401913,28882.25
315000.0,119314.18916518171,302920.56,195685.8108348183,12079.4375
2050000.0,1981076.819663153,2.0718954e+06,68923.18033684697,-21895.375
340000.0,395247.89471324894,296554.0,-55247.89471324894,43446.0
401700.0,549948.6185393702,399195.16,-148248.61853937025,2504.84375
1050000.0,1103062.0882606395,1.0554938e+06,-53062.08826063946,-5493.75
523000.0,669531.914669314,526478.8,-146531.91466931405,-3478.8125
1175000.0,1416691.993338215,1.224726e+06,-241691.99333821493,-49726.0
430000.0,666564.4614754796,426980.38,-236564.46147547965,3019.625
2290000.0,2181911.986133735,2.233644e+06,108088.01386626484,56356.0
675000.0,887357.1677897561,658812.2,-212357.1677897561,16187.8125
645000.0,682690.1059093709,657488.44,-37690.105909370934,-12488.4375
865000.0,834047.4926106572,868649.4,30952.50738934276,-3649.375
610000.0,792453.0551495603,610990.75,-182453.05514956033,-990.75
545000.0,627394.5582616724,560089.25,-82394.55826167238,-15089.25
549000.0,530903.0598703095,531679.4,18096.940129690454,17320.625
611000.0,675535.5111875178,550797.75,-64535.51118751778,60202.25
1410250.0,1624851.104961015,1.4787451e+06,-214601.10496101505,-68495.125
665000.0,693699.971431396,643642.9,-28699.97143139597,21357.125
400000.0,631461.7965457347,394835.72,-231461.79654573475,5164.28125
990000.0,979636.0068995137,1.0016934e+06,10363.993100486347,-11693.375
525000.0,542868.6775108991,523136.03,-17868.677510899142,1863.96875
530000.0,579505.961083763,569664.56,-49505.961083763046,-39664.5625
1500000.0,1710758.576256642,1.5616548e+06,-210758.57625664189,-61654.75
763000.0,762838.912642324,745504.75,161.08735767600592,17495.25
630000.0,833130.1189964644,614438.3,-203130.1189964644,15561.6875
2100000.0,2051980.1789301627,2.030599e+06,48019.821069837315,69401.0
4850000.0,4406915.557207653,4.4143535e+06,443084.4427923467,435646.5
5299000.0,6386616.355831276,5.684946e+06,-1087616.3558312757,-385946.0
775000.0,814035.1820858791,760757.56,-39035.18208587915,14242.4375
1260000.0,1301235.9095264622,1.2785126e+06,-41235.9095264622,-18512.625
4450000.0,4924432.965417753,4.360179e+06,-474432.965417753,89821.0
225000.0,262951.66699973354,240537.05,-37951.66699973354,-15537.046875
562000.0,473407.2272462166,555025.6,88592.77275378339,6974.375
750000.0,1488627.080489922,779705.1,-738627.0804899221,-29705.125
530000.0,549864.4137613764,537074.75,-19864.413761376403,-7074.75
390000.0,472273.4378958292,404303.1,-82273.4378958292,-14303.09375
960000.0,1027078.7956157925,933577.56,-67078.79561579251,26422.4375
360000.0,547484.902328216,344918.44,-187484.902328216,15081.5625
455000.0,399042.8085578992,432957.6,55957.1914421008,22042.40625
695000.0,871089.7135897249,679929.4,-176089.71358972485,15070.625
650000.0,595761.7944711914,630397.75,54238.20552880864,19602.25
399999.0,617353.2127856789,391797.44,-217354.21278567892,8201.5625
260000.0,209409.0250911651,266488.38,50590.974908834905,-6488.375
380000.0,324897.3406850791,378863.72,55102.65931492089,1136.28125
585000.0,537366.2792562762,581813.94,47633.720743723796,3186.0625
150000.0,520063.7859022415,268480.4,-370063.7859022415,-118480.40625
573800.0,515486.02397555613,571665.7,58313.976024443866,2134.3125
670000.0,608210.0052770345,702318.0,61789.99472296552,-32318.0
3300000.0,3298909.455503773,3.253754e+06,1090.5444962270558,46246.0
2690000.0,3072085.47946095,2.488272e+06,-382085.47946095,201728.0
360000.0,531498.1832173582,370290.3,-171498.1832173582,-10290.3125
1885000.0,2645554.8959826725,1.8212502e+06,-760554.8959826725,63749.75
250000.0,445598.38763992756,228729.03,-195598.38763992756,21270.96875
522242.0,494842.1509434647,515297.22,27399.849056535284,6944.78125
775000.0,716459.3270764498,767091.44,58540.67292355024,7908.5625
204800.0,355710.8341656403,204236.8,-150910.8341656403,563.203125
600000.0,553886.8840845405,590703.44,46113.115915459464,9296.5625
185000.0,339937.38482419366,193473.34,-154937.38482419366,-8473.34375
525000.0,538495.1810094826,523289.72,-13495.181009482592,1710.28125
835000.0,921086.7524422535,836062.9,-86086.75244225352,-1062.875
1825000.0,2078138.4268584752,1.8100696e+06,-253138.4268584752,14930.375
590362.0,521225.3433705728,578257.06,69136.65662942722,12104.9375
765000.0,951516.6121896014,734677.9,-186516.6121896014,30322.125
584000.0,496241.7981321616,577776.4,87758.20186783839,6223.625
622000.0,653883.1631464282,636123.56,-31883.16314642818,-14123.5625
485000.0,855203.6804055048,474451.03,-370203.68040550477,10548.96875
3268000.0,2993763.7986752186,3.179718e+06,274236.2013247814,88282.0
450000.0,396032.42845647305,448908.66,53967.57154352695,1091.34375
880000.0,863354.2324211369,860591.75,16645.767578863073,19408.25
310000.0,421253.56864819827,317340.3,-111253.56864819827,-7340.3125
337000.0,343472.79219732294,331272.0,-6472.792197322939,5728.0
1078325.0,1001606.8225020363,1.1240271e+06,76718.17749796365,-45702.125
825000.0,935168.6258239403,847664.9,-110168.62582394027,-22664.875
665000.0,661285.711707048,652047.75,3714.2882929519983,12952.25
887500.0,1456621.0764112803,852166.6,-569121.0764112803,35333.375
458000.0,691400.4727880784,489209.3,-233400.47278807836,-31209.3125
3825000.0,3982601.914625691,4.022286e+06,-157601.91462569078,-197286.0
342000.0,576383.0102949146,325415.0,-234383.0102949146,16585.0
320000.0,342294.97104838665,327492.8,-22294.97104838665,-7492.8125
315000.0,316862.68749965343,334144.47,-1862.6874996534316,-19144.46875
6500000.0,6548362.774130441,6.2747855e+06,-48362.77413044125,225214.5
1120000.0,1243379.199862916,1.0822071e+06,-123379.19986291602,37792.875
1255000.0,1198589.7692836088,1.1588916e+06,56410.230716391234,96108.375
495000.0,539763.2160560355,502150.66,-44763.21605603548,-7150.65625
290000.0,377113.0740748773,303869.3,-87113.07407487731,-13869.3125
735000.0,692916.7992257468,718863.25,42083.20077425323,16136.75
1050000.0,1217297.5276088922,1.1297304e+06,-167297.52760889218,-79730.375
865000.0,1461706.203579165,867223.2,-596706.203579165,-2223.1875
885000.0,1058609.1119129187,879751.6,-173609.11191291874,5248.375
570000.0,627241.792899863,589317.56,-57241.79289986298,-19317.5625
830000.0,979159.1478060306,779320.0,-149159.14780603058,50680.0
450000.0,618646.6570201879,480299.7,-168646.65702018794,-30299.6875
495000.0,473521.1991569557,540504.0,21478.8008430443,-45504.0
1210000.0,1189405.5224941608,1.186443e+06,20594.477505839197,23557.0
445000.0,364085.6771667567,461294.38,80914.32283324329,-16294.375
1300000.0,1182256.0414768842,1.2218375e+06,117743.95852311584,78162.5
1225000.0,1182260.5106504343,1.1785265e+06,42739.4893495657,46473.5
640000.0,1171430.5006983085,625496.1,-531430.5006983085,14503.875
495000.0,517449.03063584166,484496.72,-22449.030635841656,10503.28125
345000.0,470986.97403807775,352734.8,-125986.97403807775,-7734.8125
325000.0,939933.1125852222,316103.12,-614933.1125852222,8896.875
2625000.0,2519640.9616728937,2.4812742e+06,105359.03832710627,143725.75
1735000.0,1894595.9712223571,1.7058522e+06,-159595.97122235713,29147.75
610000.0,705470.3481139588,644280.94,-95470.34811395884,-34280.9375
2550000.0,2545509.585661782,2.5432502e+06,4490.414338218048,6749.75
715000.0,711020.6300974019,696448.5,3979.3699025980895,18551.5
900000.0,1042645.173583536,862040.75,-142645.17358353594,37959.25
1600000.0,1757633.2224707329,1.5585332e+06,-157633.22247073287,41466.75
1410205.0,1812095.5693274285,1.3606062e+06,-401890.5693274285,49598.75
690000.0,776733.0738160062,660760.25,-86733.07381600619,29239.75
554000.0,490904.08379710966,535866.3,63095.91620289034,18133.6875
615000.0,545193.4954162341,609992.3,69806.50458376587,5007.6875
615000.0,654505.3556616354,616425.06,-39505.3556616354,-1425.0625
1874500.0,1807124.0199121651,1.8036491e+06,67375.98008783488,70850.875
700000.0,1357448.4591353992,712833.8,-657448.4591353992,-12833.8125
335000.0,965850.1723896959,342764.06,-630850.1723896959,-7764.0625
2575000.0,2522646.6779371556,2.384271e+06,52353.32206284441,190729.0
2390000.0,2881447.712934995,2.3256722e+06,-491447.71293499507,64327.75
835000.0,775014.1161173793,803965.5,59985.88388262072,31034.5
830000.0,834850.3167594492,821726.0,-4850.316759449197,8274.0
4200000.0,4186558.471124429,4.36927e+06,13441.52887557121,-169270.0
439900.0,391045.2964764553,446492.47,48854.70352354471,-6592.46875
725000.0,913393.7261539595,734028.0,-188393.72615395952,-9028.0
410000.0,488127.33139351266,400974.72,-78127.33139351266,9025.28125
899000.0,1060282.1977154866,845118.25,-161282.19771548663,53881.75
2950000.0,2632287.6984964637,2.9204762e+06,317712.3015035363,29523.75
799900.0,757009.0389885628,828241.2,42890.96101143723,-28341.1875
1195000.0,1161844.687279468,1.121775e+06,33155.31272053206,73225.0
380000.0,404591.8111928302,382611.25,-24591.81119283021,-2611.25
1154974.0,870182.5704628526,1.0490921e+06,284791.4295371474,105881.875
1750000.0,1648425.1572664196,1.6891361e+06,101574.84273358039,60863.875
1112000.0,1254368.732924321,1.0837595e+06,-142368.73292432097,28240.5
545000.0,899400.365613052,534597.9,-354400.36561305204,10402.125
1210000.0,1301641.496365677,1.3182494e+06,-91641.4963656771,-108249.375
428000.0,1103140.1862945254,439626.84,-675140.1862945254,-11626.84375
600000.0,485155.7974318025,598106.7,114844.2025681975,1893.3125
430000.0,598910.2392949294,424384.66,-168910.23929492943,5615.34375
1063500.0,1254177.293159701,1.0475825e+06,-190677.29315970093,15917.5
452500.0,352236.0005803703,450723.22,100263.99941962969,1776.78125
1500000.0,1771839.2149062906,1.4579631e+06,-271839.21490629064,42036.875
640000.0,817326.9422890808,631050.4,-177326.94228908082,8949.625
1965000.0,1921181.017888562,1.9452261e+06,43818.982111437945,19773.875
420000.0,748660.301947787,427572.44,-328660.30194778705,-7572.4375
309000.0,472534.7116485244,308750.84,-163534.7116485244,249.15625
3435000.0,3228994.83049394,3.3339848e+06,206005.16950605996,101015.25
790000.0,974223.6169379314,766685.5,-184223.6169379314,23314.5
505000.0,797561.5053956436,534217.1,-292561.50539564365,-29217.125
2205100.0,2173707.1613682006,2.1622335e+06,31392.838631799445,42866.5
575000.0,587866.2912978614,559817.94,-12866.291297861375,15182.0625
2554000.0,2332878.9539365917,2.3512808e+06,221121.04606340826,202719.25
875000.0,798883.4381022177,866222.2,76116.56189778226,8777.8125
550000.0,452035.1444346219,492364.94,97964.8555653781,57635.0625
637000.0,761756.0617542542,620485.9,-124756.06175425416,16514.125
1270000.0,1504499.720803703,1.3354584e+06,-234499.72080370295,-65458.375
1700000.0,1987916.0082905244,2.0073878e+06,-287916.00829052436,-307387.75
1240000.0,1280493.0572885533,1.2564209e+06,-40493.05728855333,-16420.875
399000.0,391649.1644161908,391268.0,7350.835583809181,7732.0
875000.0,983295.4381828636,852752.0,-108295.43818286364,22248.0
1280000.0,1217678.3493595547,1.3063664e+06,62321.650640445296,-26366.375
1950000.0,2036281.7865362037,1.9843075e+06,-86281.7865362037,-34307.5
896000.0,1021563.1295289912,890413.1,-125563.12952899118,5586.875
497000.0,712797.5233103903,480710.75,-215797.5233103903,16289.25
599900.0,577686.6120989136,600281.0,22213.38790108636,-381.0
600000.0,634306.8956535341,595768.6,-34306.8956535341,4231.375
314000.0,435400.33911495993,289660.84,-121400.33911495993,24339.15625
1700000.0,2093773.9756773137,1.7659858e+06,-393773.97567731375,-65985.75
270000.0,520063.05362070317,275325.5,-250063.05362070317,-5325.5
4100000.0,4735138.624440595,4.3258725e+06,-635138.6244405946,-225872.5
1660000.0,1518854.9584619384,1.6422912e+06,141145.04153806157,17708.75
520000.0,516544.9756088733,517410.75,3455.0243911267025,2589.25
265000.0,245850.9820387041,252039.38,19149.017961295904,12960.625
350000.0,277850.5070304724,330907.94,72149.49296952761,19092.0625
340000.0,415824.6329568132,328939.25,-75824.6329568132,11060.75
895000.0,1252791.2202603426,882761.25,-357791.2202603426,12238.75
747290.0,1342604.895537478,748120.0,-595314.8955374779,-830.0
340000.0,389593.4402606129,323323.84,-49593.44026061287,16676.15625
615000.0,640592.9978064667,624432.9,-25592.99780646665,-9432.875
1030000.0,982876.4238742259,985340.06,47123.57612577407,44659.9375
835000.0,1465348.412534575,828272.75,-630348.412534575,6727.25
850000.0,1058359.1516397996,831969.06,-208359.1516397996,18030.9375
862000.0,958402.3665612608,848002.06,-96402.36656126077,13997.9375
395000.0,334832.3134283074,394148.0,60167.68657169258,852.0
614500.0,633800.8505008192,620628.5,-19300.850500819157,-6128.5
794990.0,1432221.808032681,743191.3,-637231.808032681,51798.6875
448000.0,478477.23175838205,429851.78,-30477.231758382055,18148.21875
593000.0,649168.0557320059,588635.7,-56168.05573200586,4364.3125
970000.0,978253.2486584767,966742.7,-8253.248658476747,3257.3125
2999000.0,3108313.33510167,2.8769565e+06,-109313.33510167012,122043.5
269000.0,386587.5660387069,251804.16,-117587.56603870692,17195.84375
682491.0,951369.8388482924,806060.6,-268878.83884829236,-123569.625
705000.0,805173.8871636214,672349.6,-100173.88716362137,32650.375
669000.0,632929.76385834,698761.75,36070.23614166002,-29761.75
170000.0,394610.2381121714,195882.06,-224610.2381121714,-25882.0625
190000.0,678725.8965161468,202438.61,-488725.89651614684,-12438.609375
765000.0,752502.4544492228,777032.75,12497.545550777228,-12032.75
1722708.0,1622432.5629714935,1.5949406e+06,100275.43702850654,127767.375
820095.0,750858.8114218151,791284.56,69236.18857818493,28810.4375
1848570.0,1744607.440771521,1.7884596e+06,103962.55922847893,60110.375
2120000.0,2381610.8382930737,2.1879195e+06,-261610.8382930737,-67919.5
790000.0,727850.1773830601,791258.2,62149.8226169399,-1258.1875
588000.0,658369.964383975,584416.5,-70369.96438397502,3583.5
750000.0,689099.9942001493,721537.8,60900.00579985068,28462.1875
3300000.0,3686567.284113139,3.6472165e+06,-386567.2841131389,-347216.5
750000.0,620428.5145322789,732462.3,129571.48546772113,17537.6875
835888.0,833273.2481717956,816733.6,2614.7518282043748,19154.375
1630000.0,1592954.342385523,1.55168e+06,37045.65761447698,78320.0
410000.0,364182.517364008,400986.56,45817.482635992,9013.4375
10287500.0,10844538.927505381,1.2869844e+07,-557038.9275053814,-2582344.0
506000.0,477598.9185705177,502917.47,28401.08142948232,3082.53125
810000.0,724706.6726785989,803612.1,85293.3273214011,6387.875
495000.0,679016.7512801235,482938.4,-184016.75128012348,12061.59375
550000.0,624959.6973076813,581718.5,-74959.69730768132,-31718.5
580000.0,565003.61280566,595343.2,14996.38719434,-15343.1875
2250000.0,2204533.3215422314,2.2242168e+06,45466.678457768634,25783.25
712500.0,1222914.95657017,720929.75,-510414.9565701699,-8429.75
375000.0,320348.4897373639,357732.75,54651.51026263612,17267.25
580000.0,552893.256905162,574421.7,27106.74309483799,5578.3125
541000.0,455041.09643938136,579201.4,85958.90356061864,-38201.375
470000.0,360886.07472099527,465725.3,109113.92527900473,4274.6875
650000.0,1673359.7362601338,722427.4,-1023359.7362601338,-72427.375
940000.0,1197795.5489038376,910927.3,-257795.54890383757,29072.6875
1272000.0,1539242.3941792594,1.2353962e+06,-267242.3941792594,36603.75
1075000.0,1686087.2122031255,1.0628341e+06,-611087.2122031255,12165.875
2750000.0,2603617.5065796888,2.6737735e+06,146382.49342031125,76226.5
1375000.0,1392413.8477761133,1.3317714e+06,-17413.84777611331,43228.625
655000.0,528576.7067849536,664898.75,126423.2932150464,-9898.75
5350000.0,5278122.091466442,4.9179635e+06,71877.90853355825,432036.5
698000.0,663640.0891240804,684283.2,34359.910875919624,13716.8125
210000.0,302087.418207014,220015.4,-92087.41820701398,-10015.40625
525000.0,719573.5644674965,525194.06,-194573.56446749647,-194.0625
950000.0,1081165.5655160053,939198.1,-131165.56551600527,10801.875
2460000.0,2325756.936888163,2.3976442e+06,134243.06311183702,62355.75
797500.0,764064.7701167534,774502.56,33435.22988324659,22997.4375
828196.0,1269485.1753638373,787806.6,-441289.1753638373,40389.375
145000.0,465892.45015851315,131888.48,-320892.45015851315,13111.515625
1435000.0,1378987.013393267,1.3770386e+06,56012.98660673294,57961.375
580000.0,510366.8399894985,613554.75,69633.16001050151,-33554.75
5750000.0,5851171.098186198,5.903532e+06,-101171.09818619769,-153532.0
3662000.0,4219727.595268712,3.781865e+06,-557727.5952687124,-119865.0
900000.0,1141425.9863727724,924222.9,-241425.98637277237,-24222.875
690000.0,675955.6549815902,657547.4,14044.345018409775,32452.625
302500.0,369184.30205414747,311498.44,-66684.30205414747,-8998.4375
799999.0,779228.8426036418,773832.9,20770.157396358205,26166.125
1080000.0,1288344.114816141,1.02826825e+06,-208344.11481614108,51731.75
1085310.0,989070.5108750677,991567.25,96239.48912493233,93742.75
369000.0,481367.20863767224,362693.2,-112367.20863767224,6306.8125
877000.0,1871276.6710163048,1.0681281e+06,-994276.6710163048,-191128.125
630000.0,1132361.200876196,616047.75,-502361.2008761959,13952.25
715000.0,725558.59193876,701211.7,-10558.591938760015,13788.3125
725000.0,958041.6778599988,765875.1,-233041.67785999877,-40875.125
400000.0,381910.71679857245,396300.56,18089.28320142755,3699.4375
326500.0,467373.2000850979,306852.22,-140873.20008509792,19647.78125
755000.0,966499.0758687877,732469.25,-211499.0758687877,22530.75
1975000.0,2002538.4538209527,2.0329435e+06,-27538.45382095268,-57943.5
1259000.0,1277133.1060073818,1.2708578e+06,-18133.106007381808,-11857.75
715000.0,938004.8034472151,728778.44,-223004.80344721512,-13778.4375
1530000.0,1425021.5354169114,1.5095554e+06,104978.46458308864,20444.625
520000.0,480512.8130770145,529652.06,39487.18692298548,-9652.0625
730000.0,661039.6112559332,718083.5,68960.38874406682,11916.5
2100000.0,2171134.718871384,2.0056369e+06,-71134.71887138393,94363.125
1360000.0,1445747.8162998802,1.4479948e+06,-85747.81629988016,-87994.75
1450000.0,1300883.1414078213,1.3779082e+06,149116.85859217867,72091.75
459000.0,412360.78145275183,454838.75,46639.218547248165,4161.25
3800000.0,3590473.7353765233,3.7548112e+06,209526.26462347666,45188.75
6900000.0,6769137.268797413,7.4738255e+06,130862.73120258655,-573825.5
2360000.0,2369435.2764827693,2.4766405e+06,-9435.276482769288,-116640.5
1775000.0,1697193.009186978,1.722982e+06,77806.99081302201,52018.0
2600000.0,2665393.548341112,2.276639e+06,-65393.54834111221,323361.0
775000.0,842125.1221250503,741605.4,-67125.12212505029,33394.625
375000.0,424866.61621007323,388775.53,-49866.61621007323,-13775.53125
1350000.0,1314607.072182991,1.3465835e+06,35392.927817008924,3416.5
505000.0,438798.30061942956,493728.53,66201.69938057044,11271.46875
487000.0,537832.3746752414,481638.16,-50832.374675241415,5361.84375
1125000.0,1061644.4925898344,1.114102e+06,63355.50741016562,10898.0
425000.0,322335.9399943041,443364.0,102664.06000569591,-18364.0
10900000.0,10613901.571429424,1.1612995e+07,286098.428570576,-712995.0
832500.0,777471.7267091117,827174.0,55028.27329088829,5326.0
725000.0,1404937.5641083242,695430.44,-679937.5641083242,29569.5625
300000.0,401626.415504814,284553.9,-101626.41550481401,15446.09375
650000.0,1276832.8478843267,588725.5,-626832.8478843267,61274.5
355000.0,482007.7084804593,360157.72,-127007.70848045929,-5157.71875
325000.0,352807.80886738794,355947.12,-27807.80886738794,-30947.125
367000.0,417865.4686347267,380324.78,-50865.46863472671,-13324.78125
785000.0,778671.9358507378,750524.0,6328.064149262151,34476.0
3525000.0,3633158.8800452934,3.5429315e+06,-108158.88004529336,-17931.5
119800.0,115848.51241289778,90618.0,3951.487587102223,29182.0
800000.0,1060910.8718971545,827439.06,-260910.8718971545,-27439.0625
825000.0,852723.4409820612,836528.6,-27723.440982061205,-11528.625
1008000.0,1451883.51870297,1.1681101e+06,-443883.5187029699,-160110.125
470000.0,472229.44868372125,440386.34,-2229.448683721246,29613.65625
475000.0,540549.958295036,469833.53,-65549.95829503599,5166.46875
1449015.0,1951527.7344534977,1.435272e+06,-502512.7344534977,13743.0
410000.0,399806.7638038116,436195.62,10193.236196188373,-26195.625
305000.0,147004.81193735334,300749.56,157995.18806264666,4250.4375
1300000.0,1388928.0804290376,1.3924818e+06,-88928.08042903757,-92481.75
303000.0,415042.1131368916,304827.72,-112042.11313689162,-1827.71875
550000.0,587297.5216345667,550465.9,-37297.521634566714,-465.875
837750.0,753891.0506563252,882209.1,83858.94934367482,-44459.125
1701410.0,1546072.5760689678,1.5739195e+06,155337.4239310322,127490.5
510000.0,518914.3351392334,501165.12,-8914.335139233386,8834.875
650000.0,704717.0262236745,670708.9,-54717.02622367453,-20708.875
1333000.0,1430588.618997691,1.3780002e+06,-97588.61899769097,-45000.25
322000.0,441797.569760271,328170.3,-119797.569760271,-6170.3125
338000.0,1059761.5229682862,330338.8,-721761.5229682862,7661.1875
905000.0,950039.0477969581,936493.5,-45039.047796958126,-31493.5
865000.0,1082821.8239383968,876351.9,-217821.82393839676,-11351.875
2300000.0,2538610.910754494,2.2555832e+06,-238610.9107544939,44416.75
1880000.0,2084174.7694786359,1.7611319e+06,-204174.76947863586,118868.125
1800000.0,1773948.0368522767,1.8576725e+06,26051.96314772335,-57672.5
990000.0,1185822.8422970579,986129.7,-195822.84229705785,3870.3125
735000.0,686869.1049788764,744537.06,48130.89502112358,-9537.0625
1048500.0,1296162.4848329467,1.01361606e+06,-247662.48483294668,34883.9375
225000.0,465385.8112280414,255422.89,-240385.81122804142,-30422.890625
373000.0,452693.84463108354,382218.1,-79693.84463108354,-9218.09375
7980000.0,7556403.5846452415,7.6246865e+06,423596.4153547585,355313.5
349000.0,462184.5088801115,335273.5,-113184.5088801115,13726.5
1450000.0,1527986.1115504035,1.3837722e+06,-77986.11155040353,66227.75
215000.0,124267.5961249657,198452.66,90732.4038750343,16547.34375
550000.0,621913.1629074006,607602.56,-71913.16290740063,-57602.5625
1750000.0,2302003.494213851,2.0470229e+06,-552003.4942138512,-297022.875
405000.0,520445.9244369023,399810.88,-115445.92443690228,5189.125
380000.0,458532.0901537215,391136.28,-78532.09015372151,-11136.28125
1399000.0,1355140.3785895666,1.2930862e+06,43859.621410433436,105913.75
655000.0,686056.1748966885,660763.4,-31056.17489668855,-5763.375
2000000.0,1934415.7114337147,1.9824595e+06,65584.28856628528,17540.5
1700000.0,1797756.3265390436,1.7409444e+06,-97756.32653904357,-40944.375
635000.0,705236.4064141591,631997.2,-70236.40641415911,3002.8125
615000.0,536017.6917961347,598967.44,78982.30820386531,16032.5625
560000.0,516808.2452618476,562303.4,43191.75473815238,-2303.375
479000.0,512412.04612969165,480871.22,-33412.04612969165,-1871.21875
359000.0,391855.5932365268,352502.12,-32855.59323652682,6497.875
845000.0,991419.0490737379,849738.56,-146419.04907373793,-4738.5625
4100000.0,4816690.012418332,4.2688255e+06,-716690.0124183316,-168825.5
680000.0,691791.6769879644,634044.9,-11791.676987964427,45955.125
735000.0,671990.8516293506,743004.25,63009.14837064943,-8004.25
600000.0,756239.0729299253,611649.56,-156239.07292992529,-11649.5625
840000.0,848347.550921085,903183.56,-8347.550921085058,-63183.5625
1979990.0,1906817.1031449577,1.9898561e+06,73172.89685504232,-9866.125
500000.0,781154.2799685255,502001.28,-281154.2799685255,-2001.28125
880000.0,1113714.9475269185,860709.1,-233714.9475269185,19290.875
2900000.0,3094577.890034844,3.0124435e+06,-194577.89003484417,-112443.5
660000.0,1336502.9917888336,649146.5,-676502.9917888336,10853.5
853128.0,948332.5894748345,829637.25,-95204.5894748345,23490.75
1299990.0,640456.5780862129,1.2311269e+06,659533.4219137871,68863.125
1299990.0,640456.5780862129,1.2311269e+06,659533.4219137871,68863.125
765000.0,820746.8133189208,752615.5,-55746.81331892079,12384.5
405000.0,373972.03359965177,408998.3,31027.966400348232,-3998.3125
540000.0,1347507.4686462062,536208.3,-807507.4686462062,3791.6875
585000.0,547802.3920261883,600723.1,37197.60797381168,-15723.125
4200000.0,5040164.384072392,4.287651e+06,-840164.3840723922,-87651.0
1377889.0,753800.9911357851,1.2880106e+06,624088.0088642149,89878.375
1377889.0,753800.9911357851,1.2880106e+06,624088.0088642149,89878.375
450000.0,526769.3170378533,449819.75,-76769.3170378533,180.25
1638800.0,1696956.6511649918,1.5721658e+06,-58156.65116499178,66634.25
699000.0,672213.2461235862,688996.0,26786.7538764138,10004.0
691318.0,551489.7514659226,692520.4,139828.24853407743,-1202.375
970000.0,1079023.7765347443,935683.75,-109023.7765347443,34316.25
1185000.0,1303767.281154076,1.2634885e+06,-118767.2811540761,-78488.5
925000.0,1065259.4013725857,892331.75,-140259.40137258568,32668.25
268000.0,309428.5362374543,247093.53,-41428.536237454275,20906.46875
268000.0,403128.5642191033,289977.3,-135128.5642191033,-21977.3125
635000.0,840246.8551152495,637531.94,-205246.85511524952,-2531.9375
1750000.0,1727806.6044991887,1.7773024e+06,22193.395500811283,-27302.375
335000.0,262897.1975250057,345223.84,72102.80247499433,-10223.84375
789999.0,906732.5085489287,759812.8,-116733.50854892866,30186.1875
645000.0,673737.1123120402,628723.25,-28737.112312040175,16276.75
1220000.0,1175130.935720669,1.163727e+06,44869.064279330894,56273.0
1768500.0,1982890.2298340555,1.7492106e+06,-214390.22983405553,19289.375
3560000.0,3517108.075437956,3.6320932e+06,42891.924562043976,-72093.25
3371000.0,3711814.1999111706,3.4630252e+06,-340814.19991117064,-92025.25
748990.0,766113.5118773021,712456.6,-17123.51187730208,36533.375
323000.0,317699.82677588915,320971.12,5300.173224110855,2028.875
290000.0,629611.4418138536,305102.56,-339611.44181385357,-15102.5625
750000.0,962347.3853468952,741408.8,-212347.3853468952,8591.1875
839000.0,876510.4767784372,830075.75,-37510.47677843715,8924.25
790000.0,960535.9602962844,780045.0,-170535.9602962844,9955.0
780000.0,844046.0875214704,796312.75,-64046.087521470385,-16312.75
4050000.0,4242302.776479259,4.573793e+06,-192302.77647925913,-523793.0
780000.0,861722.2122967085,772126.4,-81722.21229670849,7873.625
405000.0,458825.9644633974,395649.9,-53825.964463397395,9350.09375
580000.0,750989.6197382237,574824.5,-170989.61973822373,5175.5
1337000.0,1533932.20759492,1.3860452e+06,-196932.20759491995,-49045.25
610000.0,520501.7553925965,609003.56,89498.24460740353,996.4375
525000.0,489948.2101011829,552404.3,35051.78989881708,-27404.3125
5000000.0,5318957.954177123,5.061636e+06,-318957.95417712256,-61636.0
410000.0,538271.1625074208,388371.22,-128271.16250742075,21628.78125
675000.0,883622.1380776324,676900.8,-208622.1380776324,-1900.8125
485000.0,485309.8401783854,479239.56,-309.84017838537693,5760.4375
3500000.0,3716377.1893094657,3.6211122e+06,-216377.1893094657,-121112.25
375000.0,389352.5807199731,361924.75,-14352.580719973077,13075.25
2210000.0,2392361.3325631553,2.2682282e+06,-182361.33256315533,-58228.25
2825000.0,3232265.7757667154,2.7039782e+06,-407265.7757667154,121021.75
1380000.0,1841934.665285352,1.335093e+06,-461934.6652853519,44907.0
650000.0,757912.9540664402,643428.06,-107912.95406644023,6571.9375
1900000.0,1778047.9445471456,1.6363286e+06,121952.05545285437,263671.375
517500.0,447611.2236982216,540545.25,69888.77630177839,-23045.25
319800.0,291217.1637072783,299203.03,28582.83629272168,20596.96875
125000.0,-57667.45046737511,122318.375,182667.4504673751,2681.625
3275000.0,3114360.2641386073,3.282559e+06,160639.7358613927,-7559.0
900000.0,1583212.7000681632,926832.9,-683212.7000681632,-26832.875
372000.0,1435325.6917143099,985620.1,-1063325.6917143099,-613620.125
410000.0,454529.73625762016,405567.06,-44529.736257620156,4432.9375
1425000.0,1756084.721860491,1.5047978e+06,-331084.721860491,-79797.75
1165000.0,1471663.1748537128,1.212935e+06,-306663.1748537128,-47935.0
1023085.0,1060293.64884475,1.0587066e+06,-37208.6488447499,-35621.625
1150000.0,1645994.8025064336,1.243849e+06,-495994.80250643357,-93849.0
2999500.0,2635207.626540346,2.929925e+06,364292.3734596539,69575.0
1200000.0,1203706.677702829,1.2261552e+06,-3706.677702829009,-26155.25
1365000.0,1533166.885018407,1.4620456e+06,-168166.8850184069,-97045.625
1480000.0,1601209.1826217382,1.5652346e+06,-121209.18262173817,-85234.625
590000.0,663697.7417168706,571642.25,-73697.74171687057,18357.75
550000.0,609642.8134721203,555710.44,-59642.813472120324,-5710.4375
1068000.0,1364649.1375913515,1.1461999e+06,-296649.1375913515,-78199.875
500000.0,548540.4007705189,471181.9,-48540.40077051893,28818.09375
2500000.0,2818411.8151782113,2.7161435e+06,-318411.8151782113,-216143.5
692990.0,869478.9149657448,680610.56,-176488.91496574483,12379.4375
1059000.0,1042342.5053436316,1.0257159e+06,16657.49465636839,33284.125
1075000.0,1469173.0575034528,1.0402225e+06,-394173.05750345276,34777.5
400000.0,449812.50610189966,401070.3,-49812.506101899664,-1070.3125
1074650.0,1147048.6169569131,835725.7,-72398.61695691315,238924.3125
769500.0,725100.338737,833648.06,44399.66126299999,-64148.0625
721305.0,640900.6548197729,801937.8,80404.34518022707,-80632.8125
585000.0,728699.6623968286,609390.5,-143699.66239682864,-24390.5
1979990.0,1905031.8639617197,1.9737159e+06,74958.13603828033,6274.125
580000.0,979069.6313574195,593928.3,-399069.63135741954,-13928.3125
327000.0,1051879.1744401203,327578.72,-724879.1744401203,-578.71875
1300000.0,1416026.463272372,1.35148e+06,-116026.46327237203,-51480.0
405000.0,512494.8993897819,399421.75,-107494.89938978187,5578.25
1072000.0,1168830.5646379106,1.0897198e+06,-96830.56463791057,-17719.75
855000.0,907641.4166807623,851308.9,-52641.41668076231,3691.125
645000.0,784389.5472536902,649860.06,-139389.5472536902,-4860.0625
470000.0,439796.88157357124,478801.47,30203.11842642876,-8801.46875
775000.0,946369.0488067407,800841.9,-171369.04880674067,-25841.875
750000.0,1079394.5189028583,793761.4,-329394.51890285825,-43761.375
769900.0,844118.3757323974,757176.9,-74218.37573239743,12723.125
2600000.0,2711702.5164351217,2.4247782e+06,-111702.51643512165,175221.75
950000.0,829744.1110065286,937031.3,120255.8889934714,12968.6875
580000.0,416972.1742430596,610324.0,163027.8257569404,-30324.0
575000.0,1260812.7508838382,621734.5,-685812.7508838382,-46734.5
890000.0,700803.4171415665,852630.0,189196.58285843348,37370.0
625000.0,729143.3964288568,638398.94,-104143.39642885677,-13398.9375
755000.0,898040.6095186379,736135.25,-143040.60951863788,18864.75
657500.0,946545.2311097896,634723.1,-289045.2311097896,22776.875
1125000.0,1663438.2175282675,1.1150278e+06,-538438.2175282675,9972.25
530000.0,520419.32919000764,505338.66,9580.670809992356,24661.34375
840000.0,927172.6563816047,852130.9,-87172.65638160473,-12130.875
650000.0,903993.9650175878,687072.1,-253993.96501758776,-37072.125
720000.0,669725.6493192832,730797.5,50274.3506807168,-10797.5
713000.0,1085939.213129299,810344.5,-372939.213129299,-97344.5
2995000.0,2847799.524761625,2.8990038e+06,147200.4752383749,95996.25
201000.0,287750.39724983496,183551.05,-86750.39724983496,17448.953125
2665000.0,2678156.012327715,2.652617e+06,-13156.012327714823,12383.0
1600000.0,1621242.0821741242,1.4972424e+06,-21242.082174124196,102757.625
2100000.0,2157828.306774888,2.1185342e+06,-57828.30677488819,-18534.25
225000.0,455519.85122294666,225908.86,-230519.85122294666,-908.859375
925349.0,1622313.7625856984,876812.5,-696964.7625856984,48536.5
1850000.0,1875330.4918164827,1.9040905e+06,-25330.49181648274,-54090.5
1075000.0,1163516.242991451,1.0240445e+06,-88516.24299145094,50955.5
710000.0,728132.2769095208,672395.75,-18132.27690952085,37604.25
1188000.0,1512768.7896637444,1.311403e+06,-324768.7896637444,-123403.0
1050000.0,1540574.848652136,1.1572395e+06,-490574.84865213605,-107239.5
379000.0,415351.61348288006,363485.44,-36351.61348288006,15514.5625
500856.0,365415.90309322404,479840.03,135440.09690677596,21015.96875
900000.0,949171.1295470351,884841.4,-49171.12954703509,15158.625
665000.0,889488.5143988461,653443.4,-224488.51439884608,11556.625
1500000.0,1477746.974959755,1.4286022e+06,22253.025040244916,71397.75
1822500.0,2004112.1581768151,1.8205869e+06,-181612.15817681514,1913.125
600000.0,550263.5541998658,591760.1,49736.445800134214,8239.875
4000000.0,3857615.8310194444,4.2676655e+06,142384.1689805556,-267665.5
534718.0,373984.3277170139,531876.2,160733.6722829861,2841.8125
296500.0,234768.871504794,277991.34,61731.12849520601,18508.65625
665990.0,643764.4231035394,655715.7,22225.57689646061,10274.3125
300000.0,460509.89250608743,312947.3,-160509.89250608743,-12947.3125
700000.0,777117.0871513574,742687.56,-77117.08715135744,-42687.5625
1000000.0,1541356.5525207142,989497.56,-541356.5525207142,10502.4375
1122500.0,1045786.0228397795,1.1317934e+06,76713.9771602205,-9293.375
1500000.0,1481853.8968267643,1.5333568e+06,18146.103173235664,-33356.75
583888.0,603895.486515983,574193.9,-20007.486515983008,9694.125
550000.0,679924.0174614796,569030.94,-129924.01746147964,-19030.9375
700000.0,977756.2401244207,846278.0,-277756.2401244207,-146278.0
695000.0,640973.9518438039,649604.75,54026.048156196135,45395.25
494900.0,469041.8623578928,495094.94,25858.137642107205,-194.9375
525000.0,1127913.4024174649,524297.75,-602913.4024174649,702.25
377000.0,515601.8376448902,383493.47,-138601.83764489018,-6493.46875
1245000.0,1327430.321305046,1.2128969e+06,-82430.32130504609,32103.125
850000.0,1223420.6396608832,904340.2,-373420.63966088323,-54340.1875
320000.0,303065.5784784196,368886.1,16934.42152158043,-48886.09375
875000.0,876661.9820065416,850645.9,-1661.9820065415697,24354.125
1300000.0,1335471.3377089635,1.2627008e+06,-35471.33770896355,37299.25
740000.0,1707430.2582501716,688429.9,-967430.2582501716,51570.125
1199990.0,615247.8619163265,1.1313886e+06,584742.1380836735,68601.375
1199990.0,615247.8619163265,1.1313886e+06,584742.1380836735,68601.375
629000.0,758321.4569016083,609464.9,-129321.45690160827,19535.125
560000.0,555108.1797717432,557927.5,4891.820228256751,2072.5
1364900.0,1484757.3043087863,1.3517959e+06,-119857.30430878629,13104.125
2953850.0,2876048.7807665467,2.854007e+06,77801.21923345327,99843.0
2983648.0,2762888.0592083656,2.875807e+06,220759.94079163438,107841.0
450000.0,575652.4689800033,492241.44,-125652.46898000326,-42241.4375
412500.0,1139445.2116502658,416119.12,-726945.2116502658,-3619.125
1045000.0,1294881.612614764,1.222615e+06,-249881.6126147639,-177615.0
1365000.0,1541589.886894986,1.4220655e+06,-176589.88689498603,-57065.5
155000.0,424266.82431983284,295122.75,-269266.82431983284,-140122.75
6300000.0,5933963.097369616,5.8863295e+06,366036.9026303841,413670.5
500000.0,648037.1562797867,504543.12,-148037.15627978672,-4543.125
791000.0,1091425.0261237437,798403.9,-300425.02612374374,-7403.875
470000.0,691993.8820566041,457884.84,-221993.88205660414,12115.15625
680000.0,866899.5120556513,664578.6,-186899.51205565128,15421.375
265000.0,438124.2755881251,255932.52,-173124.2755881251,9067.484375
2700000.0,2815858.4749067277,2.6803935e+06,-115858.47490672767,19606.5
1340000.0,1316832.2329301648,1.2746339e+06,23167.767069835216,65366.125
1720000.0,1492890.8109363473,1.5685954e+06,227109.18906365265,151404.625
639000.0,574480.0290776544,630524.6,64519.970922345645,8475.375
419880.0,322284.8396502085,414137.28,97595.16034979152,5742.71875
425000.0,736274.4673800976,430406.38,-311274.4673800976,-5406.375
856077.0,844301.0691525373,744596.0,11775.930847462732,111481.0
432950.0,382082.89867334266,422801.88,50867.10132665734,10148.125
527750.0,490533.42637938156,537719.44,37216.57362061844,-9969.4375
695000.0,726544.6062363414,676763.4,-31544.60623634141,18236.625
3070000.0,3188046.8837864576,3.0839465e+06,-118046.88378645759,-13946.5
408000.0,600736.3247323039,396241.62,-192736.32473230385,11758.375
325000.0,960965.9024539129,331972.22,-635965.9024539129,-6972.21875
710000.0,732589.328710635,666670.9,-22589.32871063496,43329.125
1225000.0,1316216.8201138077,1.2641358e+06,-91216.82011380768,-39135.75
400000.0,443252.4901384539,389997.62,-43252.4901384539,10002.375
260000.0,239423.6720730333,245016.36,20576.32792696671,14983.640625
963800.0,966248.4337538972,884499.7,-2448.433753897203,79300.3125
710000.0,932588.0296661023,809870.94,-222588.02966610226,-99870.9375
1100000.0,1053046.9833541429,1.1820982e+06,46953.01664585713,-82098.25
730000.0,719156.0629275333,741065.25,10843.93707246671,-11065.25
621316.0,519338.57992533536,613839.75,101977.42007466464,7476.25
199000.0,445552.5322843647,197506.53,-246552.5322843647,1493.46875
6380000.0,7172202.827674545,7.263741e+06,-792202.8276745453,-883741.0
700000.0,742873.6316331713,680584.6,-42873.631633171346,19415.375
585000.0,484022.0086386148,566843.3,100977.99136138521,18156.6875
11213000.0,12337610.746102102,1.4475614e+07,-1124610.746102102,-3262614.0
245000.0,256420.2313517274,225664.25,-11420.231351727387,19335.75
720000.0,874311.3223040155,734277.94,-154311.3223040155,-14277.9375
2575200.0,2661951.3455017647,2.6030055e+06,-86751.34550176468,-27805.5
325000.0,292292.2658915266,327525.62,32707.734108473407,-2525.625
6395000.0,5898768.332801316,6.131272e+06,496231.66719868407,263728.0
635339.0,478934.21838739526,593766.94,156404.78161260474,41572.0625
715000.0,659628.2830063208,688253.25,55371.716993679176,26746.75
14000000.0,14451505.668669738,1.4561931e+07,-451505.6686697379,-561931.0
235000.0,74368.99364514998,338410.06,160631.00635485002,-103410.0625
320000.0,241628.74671988236,327700.9,78371.25328011764,-7700.90625
750000.0,1019023.2869314584,780638.9,-269023.2869314584,-30638.875
992000.0,1542372.828863027,969617.0,-550372.828863027,22383.0
875000.0,1436015.7540043117,866588.25,-561015.7540043117,8411.75
299000.0,259342.62269722112,282654.97,39657.377302778885,16345.03125
505000.0,505804.0149342873,499317.44,-804.0149342872901,5682.5625
375000.0,514853.84478904784,360322.97,-139853.84478904784,14677.03125
585000.0,567677.6039705136,577079.75,17322.396029486437,7920.25
144000.0,1120877.5221738091,135532.95,-976877.5221738091,8467.046875
1590000.0,1576144.4432792175,1.5287792e+06,13855.556720782537,61220.75
255000.0,292296.1747365169,257585.6,-37296.1747365169,-2585.59375
980000.0,1245474.624648692,962525.7,-265474.6246486921,17474.3125
625000.0,847372.6257556129,633711.2,-222372.62575561285,-8711.1875
400000.0,571630.7209643609,388357.5,-171630.72096436087,11642.5
1147000.0,1185165.730401269,1.109822e+06,-38165.73040126893,37178.0
760000.0,669180.144303882,763826.9,90819.85569611797,-3826.875
849990.0,804126.8975281578,845836.6,45863.1024718422,4153.375
1000000.0,980610.9764549679,1.0124461e+06,19389.023545032134,-12446.125
274999.0,385192.6893614258,253414.62,-110193.68936142582,21584.375
1400000.0,1396978.4890633256,1.4339695e+06,3021.510936674429,-33969.5
800000.0,800402.1748469057,821448.6,-402.1748469057493,-21448.625
360000.0,608505.5602928654,347461.28,-248505.56029286538,12538.71875
712249.0,554982.8256454706,682626.4,157266.17435452936,29622.625
685000.0,829337.5469918686,686613.0,-144337.54699186864,-1613.0
1310000.0,1454014.5131749967,1.3484739e+06,-144014.5131749967,-38473.875
575000.0,611122.1735148848,736134.56,-36122.17351488478,-161134.5625
460000.0,562373.2699789644,485388.84,-102373.26997896435,-25388.84375
1020000.0,1213052.1306539963,993770.2,-193052.13065399625,26229.8125
525000.0,1030277.4815782373,517007.28,-505277.48157823726,7992.71875
670000.0,965508.7536356656,668491.06,-295508.75363566563,1508.9375
2600000.0,2751642.9622897916,2.6140882e+06,-151642.96228979155,-14088.25
480000.0,540245.0836662397,466623.38,-60245.08366623975,13376.625
1005000.0,989255.8791679194,1.0763782e+06,15744.120832080604,-71378.25
525000.0,484169.8689852742,537566.7,40830.131014725775,-12566.6875
300000.0,181713.0245875814,314988.78,118286.9754124186,-14988.78125
510000.0,613490.7481236673,519433.38,-103490.74812366732,-9433.375
598000.0,582048.1688497198,588315.75,15951.831150280195,9684.25
635000.0,704058.3323916899,585646.1,-69058.33239168988,49353.875
2950000.0,3081281.9461168908,3.0272812e+06,-131281.94611689076,-77281.25
560000.0,711427.2014482087,554347.44,-151427.20144820865,5652.5625
465000.0,659283.9982237204,440762.0,-194283.99822372035,24238.0
585000.0,574551.7806804818,567823.7,10448.21931951819,17176.3125
16250000.0,17128608.48674777,1.69777e+07,-878608.4867477715,-727700.0
13500000.0,15909748.283420008,1.4779573e+07,-2409748.2834200077,-1279573.0
830000.0,1117964.8969268638,887113.44,-287964.8969268638,-57113.4375
250000.0,140731.10113661992,241848.86,109268.89886338008,8151.140625
442500.0,375830.4645765143,450661.75,66669.53542348568,-8161.75
460000.0,515263.4648738181,489701.3,-55263.4648738181,-29701.3125
1150000.0,1335525.1397301615,1.1243251e+06,-185525.13973016152,25674.875
665000.0,972907.179652974,788897.5,-307907.179652974,-123897.5
500000.0,519430.4443242033,507132.2,-19430.4443242033,-7132.1875
1670000.0,2246794.7075085104,1.630557e+06,-576794.7075085104,39443.0
602608.0,563076.3560216592,572617.9,39531.643978340784,29990.125
999000.0,1885861.7364295493,984725.7,-886861.7364295493,14274.3125
495000.0,388133.9734326111,468227.25,106866.02656738891,26772.75
888000.0,860711.6225350585,867964.5,27288.37746494147,20035.5
1435000.0,1410212.224182864,1.4780755e+06,24787.775817136047,-43075.5
510000.0,465688.7927374613,512361.5,44311.20726253872,-2361.5
3350000.0,3690217.347712925,3.3958275e+06,-340217.34771292517,-45827.5
622000.0,942344.1908654952,691614.2,-320344.19086549524,-69614.1875
510000.0,823868.4914187678,513612.44,-313868.49141876784,-3612.4375
385900.0,402331.8932971646,391956.66,-16431.893297164585,-6056.65625
949000.0,804880.2108698919,997459.94,144119.78913010808,-48459.9375
730000.0,1034756.5947774523,748248.5,-304756.5947774523,-18248.5
3300000.0,3394313.8797124648,2.889371e+06,-94313.87971246475,410629.0
1643000.0,2047707.247488041,1.6697118e+06,-404707.24748804094,-26711.75
625000.0,749819.6858739816,610042.9,-124819.68587398157,14957.125
915000.0,1381017.2292557033,1.03375675e+06,-466017.2292557033,-118756.75
640000.0,722182.4870238511,635585.7,-82182.48702385114,4414.3125
1200000.0,1370452.4433516706,1.1514686e+06,-170452.44335167063,48531.375
570000.0,564529.8728210687,573281.75,5470.12717893126,-3281.75
5500000.0,5450091.9136204915,5.348892e+06,49908.08637950849,151108.0
1000000.0,1346900.05712138,1.0207606e+06,-346900.05712138,-20760.625
205000.0,448616.2321846435,200973.58,-243616.2321846435,4026.421875
625000.0,689914.3849299415,575962.56,-64914.3849299415,49037.4375
890000.0,1605015.9846922318,785655.56,-715015.9846922318,104344.4375
600000.0,703343.1772537642,586658.5,-103343.17725376424,13341.5
390000.0,517899.17375511816,415764.9,-127899.17375511816,-25764.90625
699000.0,949730.3451577536,705339.8,-250730.34515775356,-6339.8125
2675000.0,2704595.6916419133,2.7521708e+06,-29595.69164191326,-77170.75
274000.0,1055980.526011352,261268.72,-781980.526011352,12731.28125
950000.0,1231222.2878473972,926994.6,-281222.28784739715,23005.375
500000.0,667877.0941875536,492425.97,-167877.09418755362,7574.03125
1200000.0,1578334.0704584902,1.1619428e+06,-378334.07045849017,38057.25
400000.0,339912.61284179403,403492.66,60087.387158205966,-3492.65625
422000.0,392164.87597655796,425590.0,29835.12402344204,-3590.0
320000.0,354259.71074340155,309420.25,-34259.71074340155,10579.75
1585000.0,1490994.5800064642,1.5422235e+06,94005.41999353585,42776.5
760000.0,719438.5977059721,741833.1,40561.40229402785,18166.875
1975000.0,2132688.478436067,1.9487225e+06,-157688.47843606677,26277.5
620000.0,744753.5042471151,593414.8,-124753.50424711511,26585.1875
960000.0,953483.7531719988,938427.25,6516.246828001225,21572.75
765000.0,1118427.621668769,773534.8,-353427.62166876905,-8534.8125
456000.0,1026828.5648015583,484463.9,-570828.5648015583,-28463.90625
599000.0,608410.4938254318,586239.06,-9410.493825431797,12760.9375
580000.0,603668.2200731351,676736.25,-23668.220073135104,-96736.25
368000.0,604586.7940311695,354956.97,-236586.7940311695,13043.03125
220000.0,395430.5674128288,202192.4,-175430.5674128288,17807.59375
410000.0,877898.3176219859,409804.56,-467898.3176219859,195.4375
725000.0,928103.5049127412,747580.1,-203103.50491274125,-22580.125
465000.0,397332.4668454513,460710.5,67667.53315454873,4289.5
520900.0,438971.9318452877,510586.94,81928.06815471232,10313.0625
1321797.0,886863.2796208082,1.0720479e+06,434933.7203791918,249749.125
5298000.0,5752275.3267663205,5.0314985e+06,-454275.3267663205,266501.5
340000.0,320345.78273809876,345927.8,19654.21726190124,-5927.8125
465000.0,415783.3860135636,475783.16,49216.613986436394,-10783.15625
1200000.0,1244754.4521157937,1.2697456e+06,-44754.45211579371,-69745.625
525000.0,701338.3160267638,578162.75,-176338.31602676376,-53162.75
875000.0,1057535.2329371506,848026.3,-182535.23293715063,26973.6875
440000.0,524678.8933057506,474099.12,-84678.89330575056,-34099.125
1080000.0,1106755.3603804512,1.0758518e+06,-26755.360380451195,4148.25
900000.0,1925411.065398738,840898.25,-1025411.065398738,59101.75
249000.0,121562.25294093182,230930.28,127437.74705906818,18069.71875
585000.0,604393.1609435809,588885.56,-19393.160943580908,-3885.5625
349999.0,636235.0432396277,343462.38,-286236.04323962773,6536.625
900000.0,1185023.1026577218,872473.4,-285023.10265772184,27526.625
700000.0,877218.942393515,685541.9,-177218.94239351503,14458.125
860000.0,820044.1097583647,824895.75,39955.890241635265,35104.25
564000.0,500699.8515356034,545704.1,63300.148464396596,18295.875
2100000.0,3354169.628586462,2.4769902e+06,-1254169.6285864618,-376990.25
1350000.0,1275955.5715414074,1.3218864e+06,74044.42845859262,28113.625
855000.0,1152519.0300498977,837397.9,-297519.03004989773,17602.125
1450000.0,1527115.3321586754,1.4595129e+06,-77115.33215867542,-9512.875
461000.0,331591.5446789677,480578.25,129408.45532103232,-19578.25
527957.0,359358.71178186324,507794.75,168598.28821813676,20162.25
282300.0,551244.5216054611,358407.5,-268944.52160546114,-76107.5
2550000.0,2424073.9384863516,2.4935265e+06,125926.06151364837,56473.5
2085000.0,2202462.332438007,2.1516728e+06,-117462.332438007,-66672.75
729750.0,968556.1484667723,689481.75,-238806.14846677228,40268.25
1250000.0,1317008.4994057564,1.306233e+06,-67008.49940575636,-56233.0
1500000.0,1395792.9805882317,1.4819272e+06,104207.0194117683,18072.75
1050000.0,1175654.6714766808,1.079596e+06,-125654.67147668079,-29596.0
560000.0,797562.9851056379,558301.6,-237562.98510563793,1698.375
270000.0,223908.1683603687,268997.84,46091.8316396313,1002.15625
1300000.0,1603811.2146993899,1.5350042e+06,-303811.2146993899,-235004.25
499000.0,463437.443775426,492767.03,35562.556224573986,6232.96875
180000.0,265268.53774949885,217550.88,-85268.53774949885,-37550.875
2600000.0,2743846.682013175,2.769329e+06,-143846.68201317498,-169329.0
1950000.0,1942874.8737353608,1.9389216e+06,7125.126264639199,11078.375
760000.0,846998.2922871194,766096.44,-86998.29228711943,-6096.4375
435000.0,504916.8557865551,447945.56,-69916.8557865551,-12945.5625
300000.0,147855.18079718947,291629.38,152144.81920281053,8370.625
1400000.0,2066322.6665078402,1.4987181e+06,-666322.6665078402,-98718.125
820000.0,1343920.861544439,797020.06,-523920.8615444391,22979.9375
260000.0,454909.137026599,244681.97,-194909.13702659903,15318.03125
625000.0,609321.4119933303,628038.3,15678.588006669655,-3038.3125
645000.0,603155.7941193429,634931.4,41844.20588065707,10068.625
477000.0,498433.7878975767,446145.16,-21433.787897576694,30854.84375
2250000.0,2393808.1174369524,2.2810682e+06,-143808.11743695242,-31068.25
221500.0,404630.32279734185,199456.56,-183130.32279734185,22043.4375
419900.0,464600.39963912196,401461.06,-44700.399639121955,18438.9375
1150000.0,1094682.1101011715,1.1612082e+06,55317.88989882846,-11208.25
1200000.0,1282487.6473393338,1.2151175e+06,-82487.64733933378,-15117.5
650000.0,612333.1999364615,636457.9,37666.80006353848,13542.125
1145000.0,1405514.09278077,1.1675155e+06,-260514.09278077004,-22515.5
540000.0,844188.4050279076,574201.5,-304188.4050279076,-34201.5
6350000.0,7206150.968486069,6.187834e+06,-856150.9684860688,162166.0
590000.0,1198374.8973049382,590566.56,-608374.8973049382,-566.5625
367000.0,356664.21523103805,365648.72,10335.784768961952,1351.28125
630000.0,822842.7548945686,613888.3,-192842.75489456858,16111.6875
440000.0,299384.07227227464,436393.28,140615.92772772536,3606.71875
2763000.0,2792909.203718566,2.7419875e+06,-29909.20371856587,21012.5
435000.0,358758.8638101758,416577.34,76241.1361898242,18422.65625
2150000.0,2507925.4587308737,2.3482018e+06,-357925.45873087365,-198201.75
17000000.0,16785048.230515607,2.0088778e+07,214951.7694843933,-3088778.0
2900000.0,3254261.044142689,2.907698e+06,-354261.0441426891,-7698.0
8750000.0,9598646.805156179,8.1548345e+06,-848646.8051561788,595165.5
395000.0,427103.94529299426,387347.0,-32103.945292994264,7653.0
5750000.0,6172433.93325394,5.7608405e+06,-422433.9332539402,-10840.5
440000.0,299688.3862646662,436393.28,140311.61373533378,3606.71875
610000.0,637487.6055514092,631305.6,-27487.605551409186,-21305.625
534900.0,435101.8714457088,513053.84,99798.12855429121,21846.15625
424000.0,480218.0485409135,454680.44,-56218.0485409135,-30680.4375
600000.0,585155.0191852842,598241.9,14844.980814715847,1758.125
2125000.0,2132553.5552475015,2.114193e+06,-7553.55524750147,10807.0
570000.0,524100.2997357099,580331.56,45899.70026429009,-10331.5625
7425000.0,6952329.153471872,7.6937125e+06,472670.8465281278,-268712.5
567230.0,611148.7750277306,564940.94,-43918.77502773062,2289.0625
430000.0,438104.59587690386,474515.72,-8104.595876903855,-44515.71875
600742.0,420070.0761732352,565632.6,180671.9238267648,35109.375
1000000.0,959044.9049885396,995596.25,40955.09501146036,4403.75
580000.0,668701.9254171641,585888.06,-88701.92541716411,-5888.0625
399900.0,724358.6395325853,382745.2,-324458.6395325853,17154.8125
275000.0,1037701.1858546911,310753.06,-762701.1858546911,-35753.0625
955000.0,1134656.2460868803,951725.7,-179656.24608688033,3274.3125
340000.0,588379.048804852,382467.88,-248379.04880485195,-42467.875
1160000.0,1142651.657493882,1.1245075e+06,17348.342506117886,35492.5
871000.0,955095.037727091,853237.6,-84095.037727091,17762.375
875000.0,1394167.6499538654,828882.8,-519167.64995386545,46117.1875
729000.0,688200.1400217942,745633.5,40799.85997820576,-16633.5
320000.0,397178.21903954865,323655.5,-77178.21903954865,-3655.5
1150000.0,1153190.1091413754,1.227804e+06,-3190.109141375404,-77804.0
1425000.0,1459024.9636788482,1.4274052e+06,-34024.96367884823,-2405.25
3200000.0,3114037.215098587,2.978316e+06,85962.78490141314,221684.0
1695773.0,2274895.967881852,1.6547079e+06,-579122.9678818518,41065.125
1170000.0,1450265.7825912014,1.1962742e+06,-280265.78259120136,-26274.25
307500.0,536467.267490797,284600.03,-228967.26749079698,22899.96875
849900.0,857314.9230278396,804019.2,-7414.923027839628,45880.8125
327000.0,277611.41050988063,327730.9,49388.58949011937,-730.90625
319000.0,1050059.5852126963,313805.62,-731059.5852126963,5194.375
1720000.0,1999656.8947778975,1.7259999e+06,-279656.8947778975,-5999.875
2490000.0,3014874.844633745,2.3979118e+06,-524874.844633745,92088.25
600000.0,908324.0758594993,785980.06,-308324.0758594993,-185980.0625
451500.0,518765.08275751094,474437.9,-67265.08275751094,-22937.90625
345000.0,1114941.0907824698,336304.66,-769941.0907824698,8695.34375
585900.0,643252.8168336342,572685.0,-57352.81683363416,13215.0
549000.0,592397.8928564141,522410.62,-43397.89285641408,26589.375
760000.0,710275.274283114,791974.6,49724.725716885994,-31974.625
1600000.0,1485030.4537092757,1.5275638e+06,114969.5462907243,72436.25
525990.0,499746.6807333339,521749.44,26243.319266666076,4240.5625
400000.0,560248.8413670539,409723.66,-160248.84136705392,-9723.65625
820000.0,1084574.9942957796,819890.4,-264574.9942957796,109.625
999000.0,886666.0787760078,965969.5,112333.92122399225,33030.5
730000.0,848231.6911742961,713082.0,-118231.69117429608,16918.0
755000.0,763621.8829016099,727654.1,-8621.882901609875,27345.875
305000.0,303904.79498319817,287971.84,1095.2050168018322,17028.15625
1200000.0,1248542.1516770388,1.2347861e+06,-48542.15167703875,-34786.125
283000.0,399305.2382760423,274532.62,-116305.23827604228,8467.375
1630000.0,1504977.218548779,1.5280212e+06,125022.78145122109,101978.75
1570000.0,1399579.3132757465,1.5095021e+06,170420.68672425346,60497.875
330000.0,242188.7371335656,324932.78,87811.26286643441,5067.21875
26000.0,658324.5449358175,126550.97,-632324.5449358175,-100550.96875
4658800.0,5781517.015012064,4.7719435e+06,-1122717.015012064,-113143.5
390000.0,296853.23002935527,387071.5,93146.76997064473,2928.5
355000.0,373315.2946589602,330300.7,-18315.294658960192,24699.3125
315000.0,218535.85737575486,306990.38,96464.14262424514,8009.625
1399000.0,1242183.35406157,1.3422729e+06,156816.64593842998,56727.125
2160000.0,2173278.8437652863,2.2034148e+06,-13278.843765286263,-43414.75
575000.0,680238.1527288033,565518.25,-105238.15272880334,9481.75
2200000.0,2324157.2436868357,2.1519908e+06,-124157.24368683575,48009.25
2960000.0,3523087.905399056,2.7813082e+06,-563087.9053990562,178691.75
386000.0,522989.7253293083,345869.1,-136989.7253293083,40130.90625
510000.0,847569.6140519083,687481.8,-337569.61405190825,-177481.8125
1880000.0,1933794.7110062945,1.9135658e+06,-53794.71100629447,-33565.75
527000.0,681155.7616984744,503954.03,-154155.7616984744,23045.96875
380000.0,441762.46462858643,381907.3,-61762.46462858643,-1907.3125
508900.0,501981.471855434,501727.5,6918.528144565993,7172.5
1150000.0,2101388.415486062,2.0617345e+06,-951388.415486062,-911734.5
150000.0,1585637.5120342402,1.2839855e+06,-1435637.5120342402,-1133985.5
449000.0,436418.3320027054,429319.2,12581.667997294571,19680.8125
812000.0,895219.3023792304,781566.25,-83219.30237923039,30433.75
370000.0,483677.5760546577,372988.88,-113677.5760546577,-2988.875
775000.0,883921.7533020191,754896.4,-108921.75330201909,20103.625
755000.0,812289.6833415844,721210.4,-57289.6833415844,33789.625
1075000.0,1475162.785491782,1.254681e+06,-400162.785491782,-179681.0
770000.0,774348.009959578,775479.6,-4348.009959578048,-5479.625
337500.0,439227.2909176481,339213.62,-101727.29091764812,-1713.625
490000.0,568436.0546456692,462919.22,-78436.05464566918,27080.78125
339000.0,324877.8078008954,312305.72,14122.192199104582,26694.28125
523000.0,505346.1324062466,515138.03,17653.867593753384,7861.96875
1310000.0,1307088.2531111082,1.3263402e+06,2911.746888891794,-16340.25
285000.0,964298.1718031248,266712.62,-679298.1718031248,18287.375
10380000.0,15142191.247482736,1.3581784e+07,-4762191.247482736,-3201784.0
2200000.0,2257522.133353939,2.1459798e+06,-57522.133353938814,54020.25
440000.0,681404.3629945738,433554.62,-241404.36299457378,6445.375
1800000.0,2695887.7186483513,2.1846272e+06,-895887.7186483513,-384627.25
950000.0,866376.9325830939,994689.94,83623.06741690612,-44689.9375
645000.0,662561.0082616553,637350.75,-17561.00826165534,7649.25
965000.0,1235186.463338504,961170.8,-270186.4633385041,3829.1875
629000.0,785525.8210873539,742723.0,-156525.82108735386,-113723.0
725000.0,787805.6800343595,868931.06,-62805.68003435945,-143931.0625
540000.0,493573.8771957224,517358.94,46426.12280427758,22641.0625
1265000.0,1315135.2064703743,1.2212958e+06,-50135.20647037425,43704.25
445000.0,435093.5265801739,441918.6,9906.473419826129,3081.40625
455000.0,920273.9227117784,789360.4,-465273.92271177843,-334360.375
1850000.0,1826640.717497907,1.7993609e+06,23359.282502092887,50639.125
655000.0,856952.1366398414,646941.4,-201952.13663984137,8058.625
21500000.0,23040032.808954608,1.5481623e+07,-1540032.8089546077,6018377.0
410000.0,368367.8258844202,377655.97,41632.17411557981,32344.03125
